# Exported from 3D Builder
mtllib button.mtl

o Object.1
v -10.082150 -9.016181 0.999997
v -10.891728 -9.620820 0.999997
v -10.696539 -9.816010 0.999997
v -9.155783 -9.942548 0.999997
v -10.601124 -9.911424 0.999997
v -10.392257 -10.120291 0.999997
v -9.511192 -9.587138 0.999997
v -10.305452 -8.792880 0.096015
v -9.682935 -9.415396 0.999997
v -10.958876 -9.553673 0.999997
v -9.961617 -9.136715 0.999997
v -10.367797 -10.144751 0.999997
v -10.020653 -10.491894 0.999997
v -10.236468 -10.276078 0.999997
v -10.526798 -9.985748 0.999997
v -9.825234 -9.273096 0.999997
v -10.958471 -9.554077 0.999997
v -9.675022 -9.423309 0.999997
v -10.216993 -10.295554 0.999997
v -10.492035 -10.020513 0.999997
v -9.794557 -9.303774 0.999997
v -10.695880 -9.816668 0.999997
v -9.640204 -10.872341 0.999997
v -9.310214 -9.788116 0.999997
v -10.573653 -9.938894 0.999997
v -10.832923 -9.679626 0.999997
v -8.999143 -10.099187 0.999997
v -10.221850 -10.290696 0.999997
v -9.639878 -10.872667 0.999997
v -9.537858 -9.560473 0.999997
v -9.873705 -10.638842 0.999997
v -10.020700 -10.491847 0.999997
v -9.878649 -10.633899 0.999997
v -10.025311 -10.487234 0.999997
v -11.012550 -9.499998 0.617039
v -10.139306 -8.959026 0.999997
v -10.958565 -9.553983 0.999997
v -9.305451 -11.207093 0.406946
v -8.745728 -10.352601 0.999997
v -9.878479 -10.634068 0.999997
v -10.958928 -9.553619 0.999997
v -10.172550 -10.339997 0.999997
v -8.598330 -10.499999 0.413867
v -10.025254 -10.487291 0.991090
v -10.958730 -9.553819 0.999997
v -10.573811 -9.938737 0.999997
v -8.598330 -10.499999 0.440770
v -9.723528 -10.789018 0.999997
v -10.355762 -10.156786 0.999997
v -10.020430 -10.492117 0.999997
v -9.862443 -9.235889 0.999997
v -10.848235 -9.664312 0.999997
v -9.311610 -9.786720 0.999997
v -10.020700 -10.491847 0.999997
v -10.696314 -9.816235 0.999997
v -11.012550 -9.499998 0.999997
v -9.598332 -9.499998 0.999997
v -10.561335 -9.951213 0.999997
v -9.856236 -9.242096 0.999997
v -10.487721 -10.024827 0.999997
v -9.789743 -9.308588 0.999997
v -10.505438 -10.007110 0.999997
v -9.808944 -9.289388 0.999997
v -9.779833 -10.732714 0.999997
v -11.012550 -9.499998 0.072986
v -10.571712 -9.940836 0.999997
v -9.866656 -9.231675 0.999997
v -10.121265 -10.391281 0.999997
v -10.165674 -10.346872 0.999997
v -8.598330 -10.499999 0.999997
v -9.528522 -10.984023 0.999997
v -10.573491 -9.939056 0.999997
v -10.745610 -9.766938 0.999997
v -10.686452 -9.826097 0.999997
v -10.492543 -10.020004 0.999997
v -9.794553 -9.303779 0.999997
v -10.347313 -10.165235 0.999997
v -10.389412 -10.123135 0.999997
v -10.317453 -10.195093 0.999997
v -9.305451 -9.792879 0.999997
v -10.571507 -9.941040 0.999997
v -9.866428 -9.231903 0.999997
v -8.674092 -10.424237 0.999997
v -10.571686 -9.940862 0.999997
v -9.866628 -9.231704 0.999997
v -10.025535 -10.487012 0.999997
v -10.241356 -10.271192 0.999997
v -9.455452 -9.642879 0.999997
v -9.776617 -10.735929 0.999997
v -10.264076 -10.248470 0.999997
v -10.677185 -9.835362 0.999997
v -10.241790 -8.856542 0.999997
v -10.073647 -10.438900 0.999997
v -9.311925 -9.786406 0.999997
v -9.674604 -9.423727 0.999997
v -9.867769 -10.644777 0.999997
v -9.707070 -9.391260 0.999997
v -10.073397 -10.439151 0.999997
v -10.560001 -9.952546 0.999997
v -9.855906 -9.242425 0.999997
v -10.675005 -9.837543 0.999997
v -10.892550 -9.619998 0.999997
v -9.440194 -11.072351 0.999997
v -10.676909 -9.835637 0.999997
v -10.397957 -10.114590 0.999997
v -11.012550 -9.499998 0.985975
v -9.482476 -11.030068 0.999997
v -10.458713 -10.053835 0.999997
v -9.765490 -9.332841 0.999997
v -10.465508 -10.047040 0.999997
v -9.766113 -9.332218 0.999997
v -10.261312 -10.251236 0.999997
v -10.746064 -9.766483 0.999997
v -10.424983 -10.087564 0.999997
v -9.735373 -9.362960 0.999997
v -10.430223 -10.082325 0.999997
v -9.740061 -9.358272 0.999997
v -10.426102 -10.086446 0.999997
v -9.735462 -9.362869 0.999997
v -9.709540 -9.388790 0.999997
v -10.590839 -9.921709 0.999997
v -10.241705 -10.270843 0.999997
v -8.598330 -10.499999 0.982062
v -10.839077 -9.673471 0.999997
v -9.431804 -11.080742 0.999997
v -9.734511 -9.363820 0.999997
v -9.573395 -10.939150 0.999997
v -10.321568 -10.190979 0.999997
v -10.891716 -9.620831 0.999997
v -9.868120 -10.644426 0.999997
v -10.344323 -10.168223 0.999997
v -8.828156 -10.270173 0.999997
v -10.958866 -9.553681 0.999997
v -10.549619 -9.962929 0.999997
v -9.849542 -9.248790 0.999997
v -10.686148 -9.826401 0.999997
v -9.305451 -11.207093 0.896868
v -9.269490 -9.828840 0.999997
v -10.787449 -9.725100 0.999997
v -9.143562 -9.954768 0.999997
v -10.796636 -9.715913 0.999997
v -9.078016 -10.020313 0.999997
v -9.616674 -9.481656 0.999997
v -9.488331 -9.610000 0.999997
v -9.064359 -10.033972 0.999997
v -10.699048 -9.813498 0.999997
v -10.367497 -10.145050 0.999997
v -9.713511 -10.799034 0.999997
v -10.958410 -9.554138 0.999997
v -10.909375 -9.603172 0.999997
v -9.527899 -9.570433 0.999997
v -10.573739 -9.938809 0.999997
v -11.012550 -9.499998 0.553048
v -10.901703 -9.610845 0.999997
v -10.638155 -9.874393 0.999997
v -10.610528 -9.902020 0.999997
v -10.292964 -10.219583 0.999997
v -10.958598 -9.553950 0.999997
v -9.868459 -10.644088 0.999997
v -10.958902 -9.553646 0.999997
v -10.369006 -10.143541 0.999997
v -10.569000 -9.943547 0.999997
v -9.036249 -10.062081 0.999997
v -10.600473 -9.912075 0.999997
v -10.420362 -10.092186 0.999997
v -9.313488 -9.784842 0.999997
v -10.436049 -10.076498 0.999997
v -9.740198 -9.358133 0.999997
v -10.281835 -10.230712 0.999997
v -10.291607 -10.220940 0.999997
v -10.466640 -10.045907 0.999997
v -9.766217 -9.332113 0.999997
v -10.393073 -10.119473 0.999997
v -10.317930 -10.194617 0.999997
v -10.946341 -9.566208 0.999997
v -9.313345 -9.784986 0.999997
v -9.625452 -9.472878 0.999997
v -10.263740 -10.248807 0.999997
v -10.278775 -10.233771 0.999997
v -10.353457 -10.159090 0.999997
v -10.352160 -10.160388 0.999997
v -10.344992 -10.167557 0.999997
v -10.342472 -10.170074 0.999997
v -10.424822 -10.087725 0.999997
v -9.633132 -9.465199 0.999997
v -10.173089 -10.339458 0.999997
v -8.756104 -10.342225 0.999997
v -9.721052 -9.377278 0.999997
v -9.686892 -9.411439 0.999997
v -9.689750 -9.408582 0.999997
v -10.521562 -9.990986 0.999997
v -9.824029 -9.274302 0.999997
v -10.528109 -9.984439 0.999997
v -9.825536 -9.272795 0.999997
v -10.432518 -10.080029 0.999997
v -9.739736 -9.358596 0.999997
v -10.429588 -10.082959 0.999997
v -9.739353 -9.358978 0.999997
v -9.861893 -9.236439 0.999997
v -10.708560 -9.803988 0.999997
v -10.571533 -9.941014 0.999997
v -9.866456 -9.231874 0.999997
v -9.305451 -11.207093 0.914865
v -9.571824 -10.940721 0.999997
v -8.989931 -10.108399 0.999997
v -10.958395 -9.554153 0.999997
v -8.983539 -10.114792 0.999997
v -10.180079 -10.332468 0.999997
v -10.202462 -10.310084 0.999997
v -10.171263 -10.341284 0.999997
v -10.875439 -9.637110 0.999997
v -9.843312 -10.669234 0.999997
v -9.311235 -9.787095 0.999997
v -9.510906 -9.587424 0.999997
v -9.503180 -9.595151 0.999997
v -9.921800 -10.590746 0.999997
v -9.921601 -10.590944 0.999997
v -9.416316 -9.682014 0.999997
v -9.649910 -10.862637 0.999997
v -10.194602 -8.903729 0.999997
v -9.305451 -10.499999 -0.000000
v -9.193260 -9.905070 0.999997
v -10.958920 -9.553628 0.999997
v -10.305452 -8.792880 0.015042
v -10.305452 -9.499859 0.000000
v -9.868834 -10.643713 0.999997
v -9.313454 -11.199091 0.999997
v -9.315235 -9.783095 0.999997
v -9.861892 -9.236440 0.999997
v -10.902549 -9.610000 0.999997
v -9.305451 -11.207093 0.341938
v -10.170506 -10.342041 0.999997
v -9.975039 -10.537508 0.999997
v -9.974847 -10.537700 0.999997
v -9.779484 -10.733063 0.999997
v -8.836933 -10.261396 0.999997
v -8.909396 -10.188933 0.999997
v -9.421252 -9.677078 0.999997
v -10.232745 -8.865587 0.999997
v -9.712670 -10.799876 0.999997
v -8.608535 -10.489795 0.999997
v -8.662099 -10.436231 0.999997
v -9.017642 -10.080688 0.999997
v -8.918571 -10.179758 0.999997
v -9.068758 -10.029572 0.999997
v -9.146479 -9.951852 0.999997
v -9.867958 -10.644588 0.999997
v -9.868716 -10.643830 0.999997
v -9.864000 -10.648546 0.999997
v -9.867727 -10.644818 0.999997
v -9.864000 -10.648546 0.999997
v -9.878663 -10.633883 0.999997
v -9.231159 -9.867171 0.999997
v -11.012550 -9.499998 0.441922
v -10.958938 -9.553611 0.999997
v -10.958893 -9.553656 0.999997
v -10.958849 -9.553699 0.999997
v -10.958832 -9.553717 0.999997
v -10.958815 -9.553734 0.999997
v -10.958797 -9.553751 0.999997
v -10.958771 -9.553777 0.999997
v -10.958755 -9.553794 0.999997
v -10.958704 -9.553844 0.999997
v -10.958678 -9.553868 0.999997
v -10.958654 -9.553894 0.999997
v -10.958622 -9.553926 0.999997
v -10.958533 -9.554015 0.999997
v -10.958503 -9.554046 0.999997
v -10.958440 -9.554108 0.999997
v -10.958403 -9.554146 0.999997
v -9.854725 -10.657822 0.999997
v -9.844261 -10.668284 0.999997
v -10.782451 -9.730097 0.999997
v -9.365774 -11.146771 0.999997
v -9.374736 -9.723595 0.999997
v -9.369659 -11.142886 0.999997
v -9.375023 -9.723308 0.999997
v -9.511360 -11.001186 0.999997
v -10.745892 -9.766656 0.999997
v -10.882549 -9.629999 0.999997
v -10.686399 -9.826150 0.999997
v -10.121621 -10.390925 0.999997
v -9.499543 -11.013002 0.999997
v -9.502811 -11.009734 0.999997
v -10.600405 -9.912143 0.999997
v -8.598330 -10.499999 0.431802
v -10.949290 -9.563258 0.999997
v -10.947293 -9.565254 0.999997
v -10.947351 -9.565196 0.999997
v -10.251006 -8.847325 0.999997
v -10.305452 -8.792880 0.999997
v -10.230947 -8.867385 0.999997
v -10.022957 -9.075375 0.999997
v -9.898447 -9.199884 0.999997
v -10.570506 -9.942041 0.999997
v -9.615452 -9.482879 0.999997
v -10.562668 -9.949880 0.999997
v -9.856565 -9.241768 0.999997
v -10.571334 -9.941214 0.999997
v -9.866236 -9.232097 0.999997
v -9.696733 -9.401599 0.999997
v -10.581597 -9.930950 0.999997
v -10.581297 -9.931251 0.999997
v -8.598331 -10.499999 0.349738
v -9.478333 -9.619998 0.999997
v -9.476424 -9.621906 0.999997
v -9.461160 -9.637172 0.999997
v -9.862022 -9.236309 0.999997
v -9.866893 -9.231439 0.999997
v -11.012550 -9.499998 0.554050
v -10.423675 -10.088872 0.999997
v -9.733913 -9.364418 0.999997
v -8.835455 -10.499999 -0.000000
v -9.307220 -9.791111 0.999997
v -9.311996 -9.786336 0.999997
v -9.305451 -11.207093 0.350937
v -9.311774 -9.786556 0.999997
v -10.491916 -10.020632 0.999997
v -9.794424 -9.303906 0.999997
v -9.597909 -9.500422 0.999997
v -9.598064 -9.500266 0.999997
v -9.704548 -9.393783 0.999997
v -10.508675 -10.003874 0.999997
v -9.809647 -9.288684 0.999997
v -10.555653 -9.956895 0.999997
v -9.851053 -9.247278 0.999997
v -9.317449 -11.195096 0.999997
v -9.315670 -9.782660 0.999997
v -9.377771 -11.134774 0.999997
v -9.384932 -9.713399 0.999997
v -9.493634 -9.604696 0.999997
v -9.452712 -9.645618 0.999997
v -9.419895 -9.678435 0.999997
v -9.428348 -11.084198 0.999997
v -9.638531 -10.874015 0.999997
v -9.582115 -10.930430 0.999997
v -9.485064 -9.613267 0.999997
v -9.528333 -9.569998 0.999997
v -9.305451 -11.207093 0.999997
v -9.313116 -9.785214 0.999997
v -9.312833 -9.785498 0.999997
v -9.312472 -9.785858 0.999997
v -9.312420 -9.785911 0.999997
v -9.311337 -9.786994 0.999997
v -9.310368 -9.787963 0.999997
v -9.309491 -9.788839 0.999997
v -9.308537 -9.789793 0.999997
v -10.568822 -9.943727 0.999997
v -10.567294 -9.945254 0.999997
v -9.861726 -9.236606 0.999997
v -10.571484 -9.941064 0.999997
v -9.866401 -9.231930 0.999997
v -10.305452 -8.792880 0.060027
v -11.012550 -9.499998 0.045991
v -11.012550 -9.499998 0.913988
v -10.305452 -8.792880 0.510117
v -8.598330 -10.499999 0.763607
v -11.012550 -9.499998 0.455944
v -9.305451 -11.207093 0.434943
v -8.598330 -10.499999 0.394576
v -11.012550 -9.499998 0.526053
v -10.305452 -8.792880 0.564099
v -8.598330 -10.499999 0.404899
v -8.598330 -10.499999 0.422835
v -8.598330 -10.499999 0.494576
v -8.598331 -10.499999 0.340770
v -8.598330 -10.499999 0.839997
v -8.598330 -10.499999 0.893803
v -8.598330 -10.499999 0.910320
v -10.305452 -9.499998 0.000000
v -10.305452 -8.792880 0.087018
v -10.305452 -8.792880 0.168231
v -10.305452 -8.792880 0.555102
v -10.305452 -8.792880 0.528111
v -10.305452 -8.792880 0.618081
v -10.305452 -8.792880 0.928021
v -10.305452 -8.792880 0.631120
v -9.305451 -11.207093 0.435944
v -9.305451 -11.207093 0.415944
v -9.305451 -11.207093 0.416946
v -9.305451 -11.207093 0.498933
v -9.305451 -11.207093 0.500937
v -9.305451 -11.207093 0.824881
v -9.305451 -11.207093 0.770890
v -9.305451 -11.207093 0.444943
v -9.305451 -11.207093 0.425944
v -9.305451 -11.207093 0.361954
v -11.012550 -9.499998 0.423925
v -11.012550 -9.499998 0.044989
v -11.012550 -9.499998 0.081985
v -11.012550 -9.499998 0.563048
v -10.025038 -10.487509 0.999997
v -9.305451 -10.634493 -0.000000
v -10.320592 -9.499998 0.000000
v -8.598331 -10.499999 0.326498
v -10.305452 -8.792880 0.407672
v -9.305451 -11.207093 0.105469
v -11.012550 -9.499998 0.109041
v -9.069651 -10.499999 -0.000000
v -10.305452 -9.186052 0.000000
v -8.598330 -10.499999 0.991654
v -10.305452 -8.792880 0.988738
v -9.305451 -10.588258 -0.000000
v -10.305452 -9.478058 0.000000
v -9.170897 -10.499999 -0.000000
v -10.305452 -9.274587 0.000000
v -8.598330 -10.499999 0.439643
v -10.305452 -8.792880 0.560355
v -9.069651 -10.499999 -0.000000
v -10.305452 -9.186052 0.000000
v -9.305451 -10.961313 -0.000000
v -10.696562 -9.499998 0.000000
v -8.626130 -10.499999 -0.000000
v -10.305452 -8.813928 0.000000
v -8.598330 -10.499999 0.055292
v -10.305452 -8.792880 0.041697
v -8.739251 -10.499999 -0.000000
v -10.305452 -8.905445 0.000000
v -9.305451 -11.207093 0.059013
v -11.012550 -9.499998 0.046301
v -8.844530 -10.499999 -0.000000
v -10.305452 -8.989266 0.000000
v -9.069651 -10.499999 -0.000000
v -10.305452 -9.186052 0.000000
v -8.627632 -10.499999 -0.000000
v -10.305452 -8.815955 0.000000
v -8.598330 -10.499999 0.058275
v -10.305452 -8.792880 0.045722
v -8.960684 -10.499999 -0.000000
v -10.305452 -9.090797 0.000000
v -9.305451 -11.207093 0.055651
v -11.012550 -9.499998 0.041760
v -8.739251 -10.499999 -0.000000
v -10.305452 -8.905445 0.000000
v -9.176931 -10.499999 -0.000000
v -10.305452 -9.282593 0.000000
v -8.598330 -10.499999 0.836966
v -10.305452 -8.792880 0.872087
v -8.598330 -10.499999 0.816630
v -10.305452 -8.792880 0.844644
v -8.598330 -10.499999 -0.000000
v -10.305452 -8.792880 0.000000
v -9.305451 -11.041192 -0.000000
v -10.795877 -9.499998 0.000000
v -8.733459 -10.499999 -0.000000
v -10.305452 -8.897651 0.000000
v -8.739251 -10.499999 -0.000000
v -10.305452 -8.905445 0.000000
v -8.850413 -10.499999 -0.000000
v -10.305452 -8.997157 0.000000
v -9.305451 -10.637309 -0.000000
v -10.323639 -9.499998 0.000000
v -9.176931 -10.499999 -0.000000
v -10.305452 -9.282593 0.000000
v -9.176931 -10.499999 -0.000000
v -10.305452 -9.282593 0.000000
v -9.305451 -10.719362 -0.000000
v -10.413815 -9.499998 0.000000
v -9.305451 -10.586200 -0.000000
v -10.305452 -9.475579 0.000000
v -9.305451 -10.588258 -0.000000
v -10.305452 -9.478058 0.000000
v -9.305451 -10.880832 -0.000000
v -10.599587 -9.499998 0.000000
v -9.305451 -10.588258 -0.000000
v -10.305452 -9.478058 0.000000
v -9.305451 -10.719362 -0.000000
v -10.413815 -9.499998 0.000000
v -9.305451 -10.639059 -0.000000
v -10.325533 -9.499998 0.000000
v -9.305451 -10.639059 -0.000000
v -10.325533 -9.499998 0.000000
v -9.305451 -10.800072 -0.000000
v -10.505253 -9.499998 0.000000
v -9.305451 -10.800072 -0.000000
v -10.505253 -9.499998 0.000000
v -9.305451 -10.800072 -0.000000
v -10.505253 -9.499998 0.000000
v -9.305451 -11.120152 -0.000000
v -10.897193 -9.499998 0.000000
v -9.305451 -10.961313 -0.000000
v -10.696562 -9.499998 0.000000
v -9.282141 -10.499999 -0.000000
v -10.305452 -9.380050 0.000000
v -8.960684 -10.499999 -0.000000
v -10.305452 -9.090797 0.000000
v -8.960684 -10.499999 -0.000000
v -10.305452 -9.090797 0.000000
v -9.305451 -11.207093 0.636314
v -11.012550 -9.499998 0.707934
v -9.063646 -10.499999 -0.000000
v -10.305452 -9.178055 0.000000
v -9.305451 -11.207093 0.979955
v -11.012550 -9.499998 0.972930
v -9.305451 -11.197891 -0.000000
v -11.000147 -9.499998 0.000000
v -8.954730 -10.499999 -0.000000
v -10.305452 -9.082840 0.000000
v -8.850413 -10.499999 -0.000000
v -10.305452 -8.997157 0.000000
v -8.960684 -10.499999 -0.000000
v -10.305452 -9.090797 0.000000
v -9.282141 -10.499999 -0.000000
v -10.305452 -9.380050 0.000000
v -9.305451 -10.548078 -0.000000
v -10.305452 -9.441895 0.000000
v -9.305451 -11.207093 0.648196
v -11.012550 -9.499998 0.723980
v -9.305451 -11.207093 0.439644
v -11.012550 -9.499998 0.560354
v -9.305451 -11.207093 -0.000000
v -11.012550 -9.499998 0.000000
v -9.305451 -11.197891 -0.000000
v -11.000147 -9.499998 0.000000
v -9.305451 -11.197891 -0.000000
v -11.000147 -9.499998 0.000000
v -9.305451 -11.120152 -0.000000
v -10.897193 -9.499998 0.000000
v -9.305451 -10.961313 -0.000000
v -10.696562 -9.499998 0.000000
v -9.276098 -10.499999 -0.000000
v -10.305452 -9.372062 0.000000
v -9.305451 -10.552618 -0.000000
v -10.305452 -9.447356 0.000000
v -9.282141 -10.499999 -0.000000
v -10.305452 -9.380050 0.000000
v -8.960684 -10.499999 -0.000000
v -10.305452 -9.090797 0.000000
v -8.850413 -10.499999 -0.000000
v -10.305452 -8.997157 0.000000
v -11.655452 -20.009998 0.999997
v -11.655452 -20.009998 7.989996
v -11.655452 -19.979998 0.999997
v -19.935452 -11.849998 0.999997
v -19.815451 -12.509998 0.999997
v -19.915451 -11.849998 0.999997
v -19.835451 -16.039999 0.999997
v -19.625452 -17.149998 0.999997
v -19.755451 -15.929998 0.999997
v -19.905451 -16.139997 0.999997
v -19.655451 -17.479998 0.999997
v -19.655451 -17.609999 0.999997
v -19.655451 -17.599998 0.999997
v -20.095451 -16.489998 0.999997
v -19.575453 -19.269999 0.999997
v -20.035452 -16.369999 0.999997
v -19.635452 -17.229998 0.999997
v -19.645451 -17.239998 0.999997
v -19.655451 -17.499998 0.999997
v -19.655451 -17.519999 0.999997
v -19.655451 -17.419998 0.999997
v -10.205452 -22.469997 0.999997
v -10.075452 -22.489998 0.999997
v -10.195452 -21.809998 0.999997
v -19.625452 -17.129999 0.999997
v -15.315452 -17.639999 0.999997
v -15.525451 -16.489998 0.999997
v -15.325451 -17.769999 0.999997
v -15.395452 -16.859999 0.999997
v -15.315452 -17.369999 0.999997
v -15.325451 -17.239998 0.999997
v -15.365453 -16.990000 0.999997
v -15.345452 -17.109999 0.999997
v -2.315453 -0.669999 0.999997
v -2.375452 -0.010000 0.999997
v -2.325452 -0.660001 0.999997
v -15.475451 -16.609999 0.999997
v -15.315452 -17.499998 0.999997
v -15.435452 -16.729998 0.999997
v -15.345452 -17.900000 0.999997
v -15.615453 -16.399998 0.999997
v -15.365453 -18.019999 0.999997
v -15.895452 -16.679998 0.999997
v -15.585452 -18.639999 0.999997
v -15.875451 -16.660000 0.999997
v -8.535453 -18.669998 0.999997
v -8.675453 -17.779999 0.999997
v -8.575453 -18.629997 0.999997
v -0.125453 -3.279999 0.999997
v -0.565454 -0.930000 0.999997
v -0.175453 -3.400000 0.999997
v -0.935453 -0.560001 0.999997
v -0.335454 -3.759999 0.999997
v -0.835453 -0.649998 0.999997
v -0.405453 -3.870001 0.999997
v -0.655451 -2.529999 0.999997
v -0.655451 -2.519998 0.999997
v -0.275453 -3.640000 0.999997
v -0.735454 -0.740000 0.999997
v -0.485452 -3.969999 0.999997
v -2.235451 -4.330000 0.999997
v -2.295452 -4.340000 0.999997
v -2.245454 -4.989999 0.999997
v -2.635453 -4.999999 0.999997
v -2.505452 -5.009999 0.999997
v -2.625453 -4.349999 0.999997
v -16.095451 -16.819998 0.999997
v -2.635453 -0.010000 0.999997
v -2.765453 -0.019999 0.999997
v -2.645452 -0.660001 0.999997
v -2.365453 -4.349999 0.999997
v -2.395452 -4.349999 0.999997
v -2.375452 -4.999999 0.999997
v -9.295452 -18.229998 0.999997
v -9.415453 -17.539999 0.999997
v -9.305451 -18.219997 0.999997
v -2.895452 -4.969998 0.999997
v -2.765453 -4.989999 0.999997
v -2.895452 -4.309999 0.999997
v -3.155453 -4.919999 0.999997
v -3.285452 -4.179998 0.999997
v -3.275453 -4.880000 0.999997
v -3.025453 -4.949999 0.999997
v -3.025453 -4.279998 0.999997
v -9.175452 -18.269999 0.999997
v -9.295452 -17.559999 0.999997
v -9.225452 -18.249998 0.999997
v -3.245452 -4.199999 0.999997
v -3.165453 -4.229999 0.999997
v -3.265453 -4.190000 0.999997
v -9.155452 -18.269999 0.999997
v -9.165453 -17.590000 0.999997
v -3.155453 -0.089999 0.999997
v -3.275453 -0.130001 0.999997
v -3.155453 -0.769999 0.999997
v -2.215453 -4.330000 0.999997
v -2.115453 -4.969998 0.999997
v -2.205454 -4.330000 0.999997
v -3.065451 -4.269999 0.999997
v -3.005453 -4.289999 0.999997
v -2.895452 -0.040000 0.999997
v -2.775453 -0.679999 0.999997
v -2.805453 -0.679999 0.999997
v -2.885453 -0.700000 0.999997
v -2.885453 -4.309999 0.999997
v -2.795452 -4.330000 0.999997
v -2.785453 -4.330000 0.999997
v -3.515453 -4.059999 0.999997
v -3.425452 -4.109999 0.999997
v -3.505453 -4.059999 0.999997
v -3.405453 -4.839999 0.999997
v -3.825452 -3.800000 0.999997
v -3.755451 -4.669999 0.999997
v -3.815453 -3.809999 0.999997
v -3.345452 -4.150000 0.999997
v -3.335452 -4.159999 0.999997
v -3.395453 -0.890000 0.999997
v -3.525452 -0.219999 0.999997
v -3.415453 -0.890000 0.999997
v -3.275453 -0.830000 0.999997
v -3.405453 -0.170001 0.999997
v -3.295452 -0.830000 0.999997
v -3.395453 -4.119999 0.999997
v -3.345452 -0.860001 0.999997
v -3.355453 -0.860001 0.999997
v -3.255453 -0.809999 0.999997
v -3.265453 -0.819999 0.999997
v -0.805453 -1.759999 0.999997
v -1.035453 -0.479999 0.999997
v -0.815453 -1.749999 0.999997
v -3.065451 -0.740000 0.999997
v -3.075453 -0.749998 0.999997
v -0.775452 -1.840001 0.999997
v -0.785452 -1.820000 0.999997
v -0.855451 -3.339999 0.999997
v -0.735454 -4.269999 0.999997
v -0.855451 -3.329999 0.999997
v -0.855451 -1.669999 0.999997
v -0.895453 -1.590000 0.999997
v -0.975452 -1.459999 0.999997
v -1.145452 -0.409999 0.999997
v -1.005453 -1.430000 0.999997
v -0.775452 -3.159998 0.999997
v -0.645453 -4.179998 0.999997
v -0.745453 -3.079999 0.999997
v -1.485453 -0.219999 0.999997
v -1.325454 -1.079999 0.999997
v -1.365452 -0.279999 0.999997
v -0.815453 -3.259998 0.999997
v -0.655451 -2.410000 0.999997
v -0.665454 -2.310000 0.999997
v -0.655451 -2.400000 0.999997
v -0.845452 -1.689999 0.999997
v -0.905453 -1.580000 0.999997
v -0.935453 -1.530000 0.999997
v -0.955454 -1.499999 0.999997
v -1.485453 -4.789999 0.999997
v -1.615454 -4.119999 0.999997
v -1.605453 -4.839999 0.999997
v -0.955454 -3.510000 0.999997
v -0.835453 -4.359999 0.999997
v -0.905453 -3.429999 0.999997
v -1.255454 -0.340000 0.999997
v -1.065452 -1.339998 0.999997
v -1.075452 -1.330000 0.999997
v -1.105453 -1.299999 0.999997
v -1.195453 -1.199999 0.999997
v -1.195453 -1.190000 0.999997
v -0.875452 -3.379999 0.999997
v -0.805453 -3.250000 0.999997
v -0.795453 -3.219999 0.999997
v 0.764547 -7.629998 0.999997
v 0.914546 -8.399999 0.999997
v 0.894548 -7.669999 0.999997
v -1.275452 -1.120000 0.999997
v -1.605453 -0.170001 0.999997
v -1.455454 -0.979999 0.999997
v -1.355454 -1.059999 0.999997
v -1.415454 -1.009999 0.999997
v -0.945452 -3.500000 0.999997
v -9.305451 -9.159998 0.999997
v -4.555452 -3.929999 0.999997
v -9.305451 -9.139998 0.999997
v -1.365452 -4.730000 0.999997
v -1.495453 -4.059999 0.999997
v -2.105454 -4.309999 0.999997
v -2.115453 -4.309999 0.999997
v -1.495453 -0.949998 0.999997
v -1.505453 -0.949998 0.999997
v -1.005453 -3.590000 0.999997
v -0.935453 -4.449999 0.999997
v -0.985452 -3.550000 0.999997
v -0.965452 -3.529999 0.999997
v -1.985453 -4.949999 0.999997
v -2.085453 -4.309999 0.999997
v -1.575452 -4.109999 0.999997
v -1.245451 -11.379998 0.999997
v -1.135453 -12.229999 0.999997
v -1.185453 -11.429999 0.999997
v -1.855452 -4.240000 0.999997
v -1.735451 -4.880000 0.999997
v -1.845454 -4.229999 0.999997
v -1.985453 -0.730000 0.999997
v -1.945454 -0.740000 0.999997
v -1.985453 -0.059998 0.999997
v -2.115453 -0.040000 0.999997
v -2.245454 -0.019999 0.999997
v -2.115453 -0.700000 0.999997
v -1.875453 -0.769999 0.999997
v -1.925453 -0.749998 0.999997
v -2.685452 -4.349999 0.999997
v -1.935451 -4.259999 0.999997
v -1.855452 -4.919999 0.999997
v -1.925453 -4.259999 0.999997
v -2.695452 -4.340000 0.999997
v -2.755453 -4.340000 0.999997
v -2.685452 -0.660001 0.999997
v -2.695452 -0.669999 0.999997
v -2.705453 -0.669999 0.999997
v -2.505452 -4.349999 0.999997
v -2.585453 -4.349999 0.999997
v -2.505452 0.000000 0.999997
v -2.515453 -0.660001 0.999997
v -2.345453 -4.349999 0.999997
v -2.385453 -0.660001 0.999997
v -2.405452 -0.660001 0.999997
v -2.505452 -0.649998 0.999997
v -2.905453 -0.700000 0.999997
v -3.025453 -0.059998 0.999997
v -2.925453 -0.700000 0.999997
v -2.315453 -4.340000 0.999997
v -2.495452 -0.660001 0.999997
v -2.475453 -4.349999 0.999997
v -2.405452 -4.349999 0.999997
v -2.605452 -4.349999 0.999997
v -2.745452 -4.340000 0.999997
v -2.795452 -0.679999 0.999997
v -2.985452 -0.719999 0.999997
v -3.035452 -0.730000 0.999997
v -1.505453 -4.059999 0.999997
v -3.085452 -0.749998 0.999997
v -3.165453 -0.779999 0.999997
v -3.075453 -4.259999 0.999997
v -3.175453 -0.779999 0.999997
v -3.245452 -0.809999 0.999997
v -9.255452 -18.240000 0.999997
v -1.415454 -3.999998 0.999997
v -1.385453 -3.979999 0.999997
v -2.495452 -4.349999 0.999997
v -2.665453 -0.660001 0.999997
v -1.615454 -0.890000 0.999997
v -1.735451 -0.130001 0.999997
v -1.655452 -0.860001 0.999997
v -1.855452 -0.089999 0.999997
v -1.725453 -0.830000 0.999997
v -2.135451 -0.690000 0.999997
v -1.595453 -4.119999 0.999997
v -2.875453 -4.319999 0.999997
v -1.225454 -1.169999 0.999997
v -1.265452 -1.130000 0.999997
v -2.905453 -4.309999 0.999997
v -1.205453 -1.190000 0.999997
v -1.255454 -3.870001 0.999997
v -1.145452 -4.599999 0.999997
v -1.195453 -3.809999 0.999997
v -1.665452 -0.860001 0.999997
v -1.075452 -3.679999 0.999997
v -1.065452 -3.669999 0.999997
v -1.575452 -0.900000 0.999997
v -1.585453 -0.900000 0.999997
v -1.675452 -0.849998 0.999997
v -1.855452 -0.769999 0.999997
v -1.745454 -0.819999 0.999997
v -1.755452 -0.809999 0.999997
v -1.715454 -4.179998 0.999997
v -1.665452 -4.150000 0.999997
v -1.765452 -0.809999 0.999997
v -1.845454 -0.779999 0.999997
v -1.735451 -4.179998 0.999997
v -2.035451 -0.719999 0.999997
v -2.005452 -0.719999 0.999997
v -2.025453 -0.719999 0.999997
v -4.175452 -4.359999 0.999997
v -9.085452 -9.499998 0.999997
v -8.975452 -9.499998 0.999997
v -1.485453 -4.050000 0.999997
v -1.475452 -4.040000 0.999997
v -1.835451 -4.229999 0.999997
v -1.755452 -4.190000 0.999997
v -2.255452 -0.669999 0.999997
v -2.225451 -0.679999 0.999997
v -2.215453 -0.679999 0.999997
v -2.265452 -0.669999 0.999997
v -1.745454 -4.190000 0.999997
v -1.655452 -4.150000 0.999997
v -1.485453 -0.960001 0.999997
v -1.255454 -4.669999 0.999997
v -1.365452 -3.959999 0.999997
v -1.035453 -4.530000 0.999997
v -1.175452 -3.790000 0.999997
v -1.275452 -3.890000 0.999997
v -1.265452 -3.879999 0.999997
v -16.085451 -16.849998 0.999997
v -1.185453 -1.209999 0.999997
v -1.055454 -3.659999 0.999997
v -0.775452 -8.330000 0.999997
v -0.905453 -7.669999 0.999997
v -0.795453 -8.330000 0.999997
v -1.015453 -1.409999 0.999997
v -1.125454 -1.269999 0.999997
v -1.125454 -3.740000 0.999997
v -1.155454 -3.769999 0.999997
v -1.185453 -3.800000 0.999997
v -1.345451 -1.069999 0.999997
v -1.345451 -3.940000 0.999997
v -1.405453 -3.990000 0.999997
v -2.025453 -4.289999 0.999997
v -1.935451 -0.749998 0.999997
v -2.605452 -0.660001 0.999997
v -2.535453 -0.660001 0.999997
v -1.975453 -4.279998 0.999997
v -1.965452 -4.269999 0.999997
v -1.945454 -4.269999 0.999997
v -2.235451 -8.870000 0.999997
v -1.675452 -11.859999 0.999997
v -2.165452 -8.749999 0.999997
v -0.955454 -3.519999 0.999997
v -1.345451 -1.059999 0.999997
v -0.895453 -3.419999 0.999997
v -0.815453 -1.739998 0.999997
v -0.295452 -8.179999 0.999997
v -0.395452 -7.539999 0.999997
v -0.305453 -8.179999 0.999997
v -0.685452 -2.860000 0.999997
v -0.565454 -4.079998 0.999997
v -0.695453 -2.120000 0.999997
v -0.695453 -2.110000 0.999997
v -0.745453 -3.060000 0.999997
v -0.725454 -3.020000 0.999997
v -0.695453 -2.889999 0.999997
v -0.695453 -2.879999 0.999997
v -0.715453 -2.979999 0.999997
v -0.715453 -2.970000 0.999997
v -0.675452 -2.789999 0.999997
v -0.675452 -2.779999 0.999997
v -0.655451 -2.599999 0.999997
v -0.665454 -2.689999 0.999997
v -0.665454 -2.699999 0.999997
v -0.675452 -2.770000 0.999997
v -0.775452 -3.169999 0.999997
v -1.005453 -1.420000 0.999997
v -0.905453 -1.569999 0.999997
v -0.655451 -2.510000 0.999997
v -0.655451 -2.489999 0.999997
v -0.675452 -2.220000 0.999997
v -0.665454 -2.300000 0.999997
v -0.695453 -2.129998 0.999997
v -0.715453 -2.029998 0.999997
v -0.745453 -1.929998 0.999997
v -0.745453 -1.920000 0.999997
v -0.745453 -1.940001 0.999997
v -0.655451 -12.419999 0.999997
v -0.785452 -11.679999 0.999997
v -0.775452 -12.379998 0.999997
v -0.225453 -3.519999 0.999997
v -0.645453 -0.830000 0.999997
v -9.305451 -9.239999 0.999997
v -9.305451 -9.230000 0.999997
v -0.485452 -1.039998 0.999997
v -0.395452 -12.469999 0.999997
v -0.265454 -12.489999 0.999997
v -0.395452 -11.809999 0.999997
v -0.085452 -3.150000 0.999997
v -0.405453 -1.139998 0.999997
v -0.275453 -1.369999 0.999997
v -0.015453 -2.770000 0.999997
v -0.225453 -1.490000 0.999997
v -0.005453 -2.639999 0.999997
v -0.335454 -1.259999 0.999997
v -0.035454 -2.900000 0.999997
v -0.055452 -3.020000 0.999997
v -0.055452 -1.989999 0.999997
v -0.015453 -2.240001 0.999997
v -0.035454 -2.110000 0.999997
v -0.145454 -8.160000 0.999997
v -0.265454 -7.519999 0.999997
v -0.165454 -8.160000 0.999997
v -0.175453 -1.610000 0.999997
v -0.005453 -2.510000 0.999997
v -0.125453 -1.729998 0.999997
v -4.605453 -1.139998 0.999997
v -4.355453 -2.479999 0.999997
v -4.525452 -1.039998 0.999997
v -4.175452 -0.649998 0.999997
v -4.025452 -1.459999 0.999997
v -4.075452 -0.560001 0.999997
v -4.135453 -1.630000 0.999997
v -4.275452 -0.740000 0.999997
v -4.155453 -1.669999 0.999997
v -4.115452 -1.590000 0.999997
v -4.045453 -1.480000 0.999997
v -4.105453 -1.580000 0.999997
v -3.945453 -1.350001 0.999997
v -3.955453 -1.350001 0.999997
v -3.935452 -1.330000 0.999997
v -3.975452 -0.479999 0.999997
v -3.835452 -1.220000 0.999997
v -3.855453 -1.239998 0.999997
v -3.865453 -0.409999 0.999997
v -3.875452 -1.269999 0.999997
v -3.625454 -1.030000 0.999997
v -3.755451 -0.340000 0.999997
v -3.645453 -1.049998 0.999997
v -3.745453 -1.130000 0.999997
v -3.755451 -1.139998 0.999997
v -3.735452 -1.120000 0.999997
v -3.655452 -1.059999 0.999997
v -3.735452 -3.890000 0.999997
v -3.635452 -4.730000 0.999997
v -3.675454 -3.929999 0.999997
v -3.745453 -3.879999 0.999997
v -3.595453 -1.009999 0.999997
v -3.635452 -0.279999 0.999997
v -3.655452 -3.949998 0.999997
v -3.525452 -4.789999 0.999997
v -3.595453 -3.999998 0.999997
v -3.415453 -4.109999 0.999997
v -3.555453 -4.029999 0.999997
v -3.525452 -4.050000 0.999997
v -3.515453 -0.949998 0.999997
v -3.535452 -0.969999 0.999997
v -3.355453 -4.150000 0.999997
v -3.805451 -3.820001 0.999997
v -3.785452 -3.840000 0.999997
v -9.035453 -21.679998 0.999997
v -8.915452 -22.339998 0.999997
v -9.015451 -21.679998 0.999997
v -3.665453 -3.940000 0.999997
v -3.665453 -1.069999 0.999997
v -3.875452 -3.740000 0.999997
v -4.155453 -1.680000 0.999997
v -12.875452 -13.479999 0.999997
v -3.945453 -3.669999 0.999997
v -3.865453 -4.599999 0.999997
v -3.935452 -3.669999 0.999997
v -4.145453 -3.360000 0.999997
v -3.975452 -4.530000 0.999997
v -4.105453 -3.429999 0.999997
v -4.255453 -3.089999 0.999997
v -4.075452 -4.449999 0.999997
v -4.235453 -3.169999 0.999997
v -16.085451 -16.829998 0.999997
v -16.085451 -16.839998 0.999997
v -9.815452 -22.499998 0.999997
v -9.675452 -22.499998 0.999997
v -9.795452 -21.849998 0.999997
v -4.365454 -4.179998 0.999997
v -9.305451 -9.499998 0.999997
v -9.295452 -9.499998 0.999997
v -4.275452 -4.269999 0.999997
v -9.195452 -9.499998 0.999997
v -16.075453 -18.159998 0.999997
v -15.955451 -19.179998 0.999997
v -16.055452 -18.079998 0.999997
v -9.415453 -2.470000 0.999997
v -9.545452 -2.489999 0.999997
v -9.455452 -9.499998 0.999997
v -4.665452 -3.759999 0.999997
v -4.975453 -2.110000 0.999997
v -4.735453 -3.640000 0.999997
v -16.795452 -15.219998 0.999997
v -16.645451 -16.010000 0.999997
v -16.675451 -15.279999 0.999997
v -17.925451 -9.499998 0.999997
v -18.135450 -8.149999 0.999997
v -17.965452 -9.499998 0.999997
v -16.305450 -15.669998 0.999997
v -16.345451 -15.479999 0.999997
v -16.305450 -15.679999 0.999997
v -9.305451 -9.399999 0.999997
v -4.505453 -4.009999 0.999997
v -9.305451 -9.320000 0.999997
v -9.295452 -2.449999 0.999997
v -9.405452 -1.810000 0.999997
v -17.965452 -10.029999 0.999997
v -17.965452 -10.019999 0.999997
v -17.965452 -10.099999 0.999997
v -4.915452 -1.859999 0.999997
v -4.605453 -3.870001 0.999997
v -4.525452 -3.969999 0.999997
v -9.305451 -9.289999 0.999997
v -9.305451 -9.279999 0.999997
v -4.445451 -4.079998 0.999997
v -4.885453 -1.729998 0.999997
v -16.445452 -15.409998 0.999997
v -16.565453 -15.339999 0.999997
v -16.465452 -15.839998 0.999997
v -16.235453 -15.599998 0.999997
v -16.235453 -15.559999 0.999997
v -9.365453 -17.549997 0.999997
v -9.375451 -9.499998 0.999997
v -9.385452 -9.499998 0.999997
v -16.055452 -16.929998 0.999997
v -16.065453 -16.849998 0.999997
v -16.055452 -16.919998 0.999997
v -4.945453 -1.989999 0.999997
v -9.305451 -8.689999 0.999997
v -9.305451 -8.679999 0.999997
v -16.435452 -16.269999 0.999997
v -9.695453 -9.259998 0.999997
v -16.495451 -16.209999 0.999997
v -15.975452 -17.769999 0.999997
v -15.785452 -18.969999 0.999997
v -15.965453 -17.699999 0.999997
v -17.175451 -15.769998 0.999997
v -17.295450 -15.059999 0.999997
v -17.225452 -15.749998 0.999997
v -18.405453 -8.799998 0.999997
v -18.565451 -7.840000 0.999997
v -18.435452 -8.770000 0.999997
v -16.595451 -15.959999 0.999997
v -16.595451 -15.969997 0.999997
v -16.385452 -15.749998 0.999997
v -16.325451 -15.689997 0.999997
v -16.475452 -15.849998 0.999997
v -16.495451 -15.860000 0.999997
v -16.415453 -15.789999 0.999997
v -16.385452 -15.759999 0.999997
v -16.395452 -15.759999 0.999997
v -16.405451 -15.769998 0.999997
v -16.515453 -15.879999 0.999997
v -16.555450 -15.929998 0.999997
v -16.575453 -15.939999 0.999997
v -16.635452 -16.010000 0.999997
v -16.915453 -15.169998 0.999997
v -16.765451 -15.979999 0.999997
v -16.665453 -16.029999 0.999997
v -16.675451 -16.039999 0.999997
v -18.115452 -15.679999 0.999997
v -18.205452 -15.039997 0.999997
v -18.195452 -15.699998 0.999997
v -16.785452 -15.959999 0.999997
v -16.795452 -15.959999 0.999997
v -16.805450 -15.949998 0.999997
v -16.815453 -15.949998 0.999997
v -16.565453 -18.869999 0.999997
v -16.445452 -19.599998 0.999997
v -16.505451 -18.809998 0.999997
v -9.665452 -9.279999 0.999997
v -16.385452 -16.329998 0.999997
v -9.675452 -9.299998 0.999997
v -16.505451 -16.189999 0.999997
v -16.535452 -16.169998 0.999997
v -16.515453 -16.189999 0.999997
v -16.285452 -16.459999 0.999997
v -16.315453 -16.419998 0.999997
v -16.305450 -16.429998 0.999997
v -16.165453 -16.669998 0.999997
v -16.205452 -16.579998 0.999997
v -16.205452 -16.589998 0.999997
v -9.615452 -9.289999 0.999997
v -16.115452 -16.749998 0.999997
v -16.145452 -16.689999 0.999997
v -16.125452 -16.739998 0.999997
v -16.205452 -18.429998 0.999997
v -16.135452 -19.359997 0.999997
v -16.205452 -18.419998 0.999997
v -16.095451 -16.809999 0.999997
v -9.665452 -21.849998 0.999997
v -9.545452 -22.489998 0.999997
v -9.655452 -21.849998 0.999997
v -9.815452 -18.149998 0.999997
v -9.795452 -18.159998 0.999997
v -9.815452 -17.499998 0.999997
v -17.985451 -9.719997 0.999997
v -16.075453 -16.859999 0.999997
v -16.015453 -16.799997 0.999997
v -16.005451 -16.779999 0.999997
v -15.965453 -17.599998 0.999997
v -15.965453 -17.529999 0.999997
v -16.035452 -16.819998 0.999997
v -16.055452 -16.829998 0.999997
v -16.045452 -16.829998 0.999997
v -16.065453 -16.839998 0.999997
v -16.025452 -16.799997 0.999997
v -15.715453 -18.869999 0.999997
v -15.965453 -17.489998 0.999997
v -15.955451 -17.499998 0.999997
v -15.965453 -17.409998 0.999997
v -16.045452 -16.949997 0.999997
v -9.305451 -9.199999 0.999997
v -16.025452 -17.029999 0.999997
v -15.965453 -17.689997 0.999997
v -16.125452 -18.259998 0.999997
v -16.045452 -19.269999 0.999997
v -15.985452 -17.219999 0.999997
v -16.005451 -17.109999 0.999997
v -16.005451 -17.119999 0.999997
v -4.165452 -3.319999 0.999997
v -4.155453 -3.329999 0.999997
v -15.995452 -17.129999 0.999997
v -15.965453 -17.519999 0.999997
v -15.965453 -17.399998 0.999997
v -15.645452 -18.759998 0.999997
v -16.005451 -16.789999 0.999997
v -15.965453 -17.309999 0.999997
v -15.975452 -17.299997 0.999997
v -15.475451 -18.399998 0.999997
v -15.815453 -16.589998 0.999997
v -15.525451 -18.519999 0.999997
v -15.935452 -16.719999 0.999997
v -15.825453 -16.609999 0.999997
v -15.965453 -16.749998 0.999997
v -15.765452 -16.549997 0.999997
v -15.755451 -16.539999 0.999997
v -15.625451 -16.399998 0.999997
v -15.715453 -16.499998 0.999997
v -15.705452 -16.489998 0.999997
v -15.665453 -16.449999 0.999997
v -15.655452 -16.439999 0.999997
v -15.585452 -16.369999 0.999997
v -10.305452 -11.079998 0.999997
v -10.305452 -11.089998 0.999997
v -10.255452 -11.039999 0.999997
v -15.435452 -18.279997 0.999997
v -15.395452 -18.149998 0.999997
v -20.305452 -17.369999 0.999997
v -20.095451 -18.519999 0.999997
v -20.295452 -17.239998 0.999997
v -20.185452 -16.729998 0.999997
v -19.755451 -19.079998 0.999997
v -20.145451 -16.609999 0.999997
v -19.485453 -19.359997 0.999997
v -19.665451 -19.179998 0.999997
v -19.635452 -17.789999 0.999997
v -19.635452 -17.779999 0.999997
v -19.645451 -17.699999 0.999997
v -19.615452 -17.119999 0.999997
v -19.635452 -17.809998 0.999997
v -19.385452 -19.449999 0.999997
v -19.615452 -17.889999 0.999997
v -19.365452 -18.509998 0.999997
v -19.175453 -19.599998 0.999997
v -19.335451 -18.549999 0.999997
v -19.535452 -18.169998 0.999997
v -19.525452 -18.189999 0.999997
v -19.535452 -18.179998 0.999997
v -19.315451 -16.429998 0.999997
v -19.385452 -15.559999 0.999997
v -19.335451 -16.459999 0.999997
v -19.275452 -19.529999 0.999997
v -19.505451 -18.259998 0.999997
v -19.565451 -18.079998 0.999997
v -19.565451 -18.089998 0.999997
v -19.475452 -18.319998 0.999997
v -17.295450 -19.949997 0.999997
v -17.165453 -19.919998 0.999997
v -17.285452 -19.279997 0.999997
v -17.545452 -19.989998 0.999997
v -17.415451 -19.969999 0.999997
v -17.535452 -19.329998 0.999997
v -17.395452 -19.309998 0.999997
v -17.335451 -19.289999 0.999997
v -17.555452 -15.669998 0.999997
v -17.675451 -15.009998 0.999997
v -17.575451 -15.669998 0.999997
v -17.605452 -19.339998 0.999997
v -18.075451 -15.019998 0.999997
v -18.085451 -15.679999 0.999997
v -17.815453 -20.009998 0.999997
v -17.675451 -19.999998 0.999997
v -17.795452 -19.349998 0.999997
v -18.075451 -19.989998 0.999997
v -17.945452 -19.999998 0.999997
v -18.065453 -19.339998 0.999997
v -17.945452 -15.009998 0.999997
v -17.955452 -15.660000 0.999997
v -18.225451 -15.699998 0.999997
v -18.325451 -15.059999 0.999997
v -18.285452 -15.719997 0.999997
v -18.325451 -19.279997 0.999997
v -18.375452 -19.269999 0.999997
v -18.325451 -19.949997 0.999997
v -18.095451 -15.679999 0.999997
v -18.555452 -19.199999 0.999997
v -18.455452 -19.919998 0.999997
v -18.475451 -19.230000 0.999997
v -18.455452 -15.089997 0.999997
v -18.585451 -15.129999 0.999997
v -18.465452 -15.769998 0.999997
v -18.205452 -19.969999 0.999997
v -18.315451 -19.289999 0.999997
v -19.175453 -15.409998 0.999997
v -19.035452 -16.119997 0.999997
v -19.055452 -15.339999 0.999997
v -18.195452 -19.309998 0.999997
v -18.445452 -19.239998 0.999997
v -18.385450 -19.259998 0.999997
v -18.045452 -19.339998 0.999997
v -18.095451 -19.329998 0.999997
v -18.085451 -19.329998 0.999997
v -18.835453 -15.969997 0.999997
v -18.945452 -15.279999 0.999997
v -18.885452 -15.999998 0.999997
v -19.245451 -16.339998 0.999997
v -19.255451 -16.349998 0.999997
v -18.585451 -15.829999 0.999997
v -18.705452 -15.169998 0.999997
v -18.605452 -15.829999 0.999997
v -18.705452 -19.839998 0.999997
v -18.855452 -19.029999 0.999997
v -18.825453 -19.789999 0.999997
v -18.735451 -15.899999 0.999997
v -18.825453 -15.219998 0.999997
v -18.745453 -15.910000 0.999997
v -18.705452 -15.889998 0.999997
v -18.725452 -15.889998 0.999997
v -18.945452 -16.049997 0.999997
v -18.965450 -16.059998 0.999997
v -18.985453 -18.929996 0.999997
v -18.945452 -19.729998 0.999997
v -18.935452 -16.029999 0.999997
v -18.895452 -18.999998 0.999997
v -19.045452 -16.129999 0.999997
v -18.895452 -16.010000 0.999997
v -19.055452 -19.669998 0.999997
v -19.245451 -18.669998 0.999997
v -19.415451 -12.469999 0.999997
v -19.405451 -11.809999 0.999997
v -19.415451 -11.809999 0.999997
v -19.055452 -16.139997 0.999997
v -19.455452 -18.339998 0.999997
v -19.455452 -18.359999 0.999997
v -19.305450 -16.419998 0.999997
v -19.665451 -15.829999 0.999997
v -19.495451 -16.749998 0.999997
v -19.575453 -15.739997 0.999997
v -19.125452 -16.209999 0.999997
v -19.145452 -16.219999 0.999997
v -19.245451 -16.329998 0.999997
v -19.275452 -15.479999 0.999997
v -19.155451 -16.239998 0.999997
v -19.185452 -16.269999 0.999997
v -19.195452 -16.279999 0.999997
v -18.955452 -18.949999 0.999997
v -19.045452 -18.879997 0.999997
v -19.035452 -18.889999 0.999997
v -18.975452 -18.939999 0.999997
v -18.975452 -16.069998 0.999997
v -19.235453 -18.679998 0.999997
v -19.215450 -18.709997 0.999997
v -19.115452 -18.819998 0.999997
v -19.105452 -18.819998 0.999997
v -19.085451 -18.839998 0.999997
v -19.465450 -16.679998 0.999997
v -19.415451 -16.589998 0.999997
v -19.435452 -16.629999 0.999997
v -19.485453 -15.649999 0.999997
v -19.365452 -16.499998 0.999997
v -19.365452 -16.509998 0.999997
v -19.455452 -16.669998 0.999997
v -19.415451 -16.579998 0.999997
v -19.355452 -16.479998 0.999997
v -19.175453 -8.269999 0.999997
v -19.295452 -7.559999 0.999997
v -19.225452 -8.249999 0.999997
v -19.535452 -16.839998 0.999997
v -19.545452 -16.849998 0.999997
v -19.515451 -16.789999 0.999997
v -19.505451 -16.749998 0.999997
v -19.415451 -18.429998 0.999997
v -19.465450 -18.329998 0.999997
v -19.375452 -18.479998 0.999997
v -19.405451 -18.439999 0.999997
v -19.565451 -16.929998 0.999997
v -19.315451 -18.579998 0.999997
v -19.295452 -18.599998 0.999997
v -19.585451 -16.990000 0.999997
v -18.785450 -8.459998 0.999997
v -18.915451 -7.669999 0.999997
v -18.795452 -8.459998 0.999997
v -19.595451 -17.979998 0.999997
v -19.595451 -17.999998 0.999997
v -19.595451 -17.009998 0.999997
v -19.595451 -17.029999 0.999997
v -19.595451 -17.039999 0.999997
v -19.595451 -17.969997 0.999997
v -19.305450 -18.589998 0.999997
v -19.115452 -18.809998 0.999997
v -19.185452 -18.739998 0.999997
v -19.125452 -18.799999 0.999997
v -19.115452 -16.199999 0.999997
v -19.505451 -16.759998 0.999997
v -18.965450 -18.949999 0.999997
v -18.835453 -19.049997 0.999997
v -18.815451 -19.059998 0.999997
v -18.825453 -19.049997 0.999997
v -18.585451 -19.879999 0.999997
v -18.725452 -19.109999 0.999997
v -18.735451 -19.109999 0.999997
v -18.705452 -19.119997 0.999997
v -18.595451 -19.179998 0.999997
v -18.355452 -15.739997 0.999997
v -18.375452 -15.739997 0.999997
v -18.565451 -19.199999 0.999997
v -18.565451 -15.819998 0.999997
v -18.575451 -15.819998 0.999997
v -18.575451 -19.189999 0.999997
v -18.665451 -19.149998 0.999997
v -18.645452 -19.149998 0.999997
v -18.805452 -19.059998 0.999997
v -16.375450 -18.679998 0.999997
v -16.235453 -19.449999 0.999997
v -16.375450 -18.669998 0.999997
v -18.985453 -8.349998 0.999997
v -19.035452 -7.629998 0.999997
v -19.025452 -8.330000 0.999997
v -18.645452 -15.860000 0.999997
v -18.665451 -15.860000 0.999997
v -18.815451 -15.949998 0.999997
v -18.725452 -11.499999 0.999997
v -18.685452 -11.480000 0.999997
v -18.715452 -11.489999 0.999997
v -17.935452 -19.349998 0.999997
v -17.915451 -19.349998 0.999997
v -18.015451 -15.669998 0.999997
v -18.395452 -15.749998 0.999997
v -18.335451 -15.729999 0.999997
v -17.965452 -15.660000 0.999997
v -17.995453 -15.660000 0.999997
v -18.385450 -15.749998 0.999997
v -18.005451 -19.339998 0.999997
v -17.995453 -19.349998 0.999997
v -17.165453 -15.089997 0.999997
v -17.025452 -15.829999 0.999997
v -17.035452 -15.129999 0.999997
v -16.915453 -15.889998 0.999997
v -16.955450 -15.860000 0.999997
v -17.155451 -19.239998 0.999997
v -17.225452 -19.259998 0.999997
v -17.415451 -15.039997 0.999997
v -17.295450 -15.729999 0.999997
v -16.885452 -15.899999 0.999997
v -16.895452 -15.899999 0.999997
v -17.035452 -19.179998 0.999997
v -17.045452 -19.189999 0.999997
v -17.035452 -19.879999 0.999997
v -16.975452 -15.860000 0.999997
v -16.985451 -15.849998 0.999997
v -17.045452 -15.819998 0.999997
v -17.055450 -15.819998 0.999997
v -17.065453 -15.809999 0.999997
v -17.145451 -15.779999 0.999997
v -17.425451 -15.699998 0.999997
v -17.345453 -15.719997 0.999997
v -17.305452 -15.719997 0.999997
v -17.335451 -15.719997 0.999997
v -17.405453 -19.309998 0.999997
v -16.805450 -19.059998 0.999997
v -16.675451 -19.729998 0.999997
v -16.795452 -19.049997 0.999997
v -17.545452 -15.019998 0.999997
v -17.435452 -15.689997 0.999997
v -16.785452 -19.039999 0.999997
v -16.725452 -18.999998 0.999997
v -16.685452 -18.979998 0.999997
v -16.565453 -19.669998 0.999997
v -16.675451 -18.959997 0.999997
v -16.575453 -18.879997 0.999997
v -16.725452 -16.010000 0.999997
v -16.585451 -18.889999 0.999997
v -17.155451 -15.769998 0.999997
v -9.615452 -9.239999 0.999997
v -9.545452 -9.499998 0.999997
v -9.615452 -9.230000 0.999997
v -16.345451 -19.529999 0.999997
v -16.475452 -18.789999 0.999997
v -9.165453 -2.419998 0.999997
v -9.285452 -1.780000 0.999997
v -16.105452 -18.219997 0.999997
v -16.085451 -18.169998 0.999997
v -9.665452 -1.849999 0.999997
v -9.655452 -1.849999 0.999997
v -16.255451 -18.499998 0.999997
v -16.255451 -18.509998 0.999997
v -16.365452 -18.659998 0.999997
v -16.265453 -18.519999 0.999997
v -16.185452 -18.379997 0.999997
v -16.265453 -18.529997 0.999997
v -16.035452 -18.019999 0.999997
v -15.865451 -19.079998 0.999997
v -16.025452 -17.979998 0.999997
v -16.025452 -17.969997 0.999997
v -16.005451 -17.889999 0.999997
v -16.155451 -18.329998 0.999997
v -16.165453 -18.339998 0.999997
v -16.045452 -18.059998 0.999997
v -15.995452 -17.879997 0.999997
v -15.995452 -17.859999 0.999997
v -15.985452 -17.789999 0.999997
v -15.985452 -17.779999 0.999997
v -20.185452 -18.279997 0.999997
v -20.305452 -17.639999 0.999997
v -20.225452 -18.149998 0.999997
v -19.835451 -18.969999 0.999997
v -20.145451 -18.399998 0.999997
v -20.305452 -17.499998 0.999997
v -20.295452 -17.769999 0.999997
v -20.255451 -18.019999 0.999997
v -20.275452 -17.900000 0.999997
v -20.225452 -16.859999 0.999997
v -19.905451 -18.869999 0.999997
v -20.205450 -7.539999 0.999997
v -20.325451 -7.559999 0.999997
v -20.205450 -8.199999 0.999997
v -20.255451 -16.990000 0.999997
v -20.035452 -18.639999 0.999997
v -20.275452 -17.109999 0.999997
v -19.975452 -18.759998 0.999997
v -16.795452 -19.789999 0.999997
v -16.975452 -19.149998 0.999997
v -16.915453 -19.839998 0.999997
v -16.915453 -19.119997 0.999997
v -17.015451 -19.179998 0.999997
v -17.145451 -19.230000 0.999997
v -18.445452 -7.909999 0.999997
v -18.245453 -9.029998 0.999997
v -18.345451 -7.980000 0.999997
v -17.905453 -19.349998 0.999997
v -17.815453 -15.660000 0.999997
v -17.795452 -15.660000 0.999997
v -17.815453 -14.999999 0.999997
v -17.685452 -15.660000 0.999997
v -17.705452 -15.660000 0.999997
v -17.525452 -19.329998 0.999997
v -17.445452 -15.689997 0.999997
v -17.055450 -19.199999 0.999997
v -17.135452 -19.230000 0.999997
v -16.895452 -19.119997 0.999997
v -16.955450 -19.149998 0.999997
v -16.885452 -19.109999 0.999997
v -16.815453 -19.059998 0.999997
v -18.315451 -8.919999 0.999997
v -18.325451 -8.909998 0.999997
v -17.525452 -15.679999 0.999997
v -17.535452 -15.679999 0.999997
v -17.615452 -15.669998 0.999997
v -17.625452 -15.660000 0.999997
v -17.665451 -19.349998 0.999997
v -17.715452 -15.660000 0.999997
v -17.655451 -19.349998 0.999997
v -17.615452 -19.339998 0.999997
v -17.825451 -15.660000 0.999997
v -17.895452 -19.349998 0.999997
v -17.785452 -19.349998 0.999997
v -18.475451 -15.779999 0.999997
v -18.005451 -15.669998 0.999997
v -17.415451 -19.309998 0.999997
v -17.505453 -19.329998 0.999997
v -17.715452 -19.349998 0.999997
v -17.705452 -19.349998 0.999997
v -17.905453 -15.660000 0.999997
v -18.555452 -15.809999 0.999997
v -17.815453 -19.359997 0.999997
v -17.615452 -19.339998 7.989996
v -17.425451 -19.309998 0.999997
v -17.265451 -19.269999 0.999997
v -17.245451 -19.269999 0.999997
v -17.235451 -19.259998 0.999997
v -17.835451 -15.660000 0.999997
v -16.115452 -18.259998 0.999997
v -16.115452 -18.249998 0.999997
v -16.285452 -18.549999 0.999997
v -16.315453 -18.589998 0.999997
v -16.385452 -18.679998 0.999997
v -16.435452 -18.739998 0.999997
v -16.465452 -18.769999 0.999997
v -16.495451 -18.799999 0.999997
v -16.645451 -18.939999 0.999997
v -10.945452 1.450001 0.999997
v -11.065452 2.160000 0.999997
v -10.965452 1.440000 0.999997
v -16.715452 -18.989998 0.999997
v -17.245451 -15.739997 0.999997
v -17.235451 -15.749998 0.999997
v -20.325451 -11.779999 0.999997
v -20.375452 -11.769999 0.999997
v -20.325451 -12.449999 0.999997
v -18.205452 -15.699998 0.999997
v -18.175451 -19.320000 0.999997
v -18.215452 -15.699998 0.999997
v -18.205452 -19.309998 0.999997
v -18.185452 -19.320000 0.999997
v -18.285452 -19.289999 0.999997
v -18.465452 -19.239998 0.999997
v -19.975452 -16.249998 0.999997
v -19.955452 -8.160000 0.999997
v -20.075453 -7.519999 0.999997
v -19.965450 -8.160000 0.999997
v -4.225452 -3.189999 0.999997
v -4.195453 -3.259998 0.999997
v -3.045452 -0.740000 0.999997
v -8.795452 -17.719997 0.999997
v -8.635452 -18.579998 0.999997
v -18.025452 -9.529999 0.999997
v -9.505451 -1.829998 0.999997
v -9.425451 -1.810000 0.999997
v -9.625452 -9.349998 0.999997
v -16.115452 -16.759998 0.999997
v -9.625452 -9.239999 0.999997
v -9.625452 -9.249998 0.999997
v -17.995453 -9.629999 0.999997
v -9.305451 -9.089999 0.999997
v -2.475453 -9.610000 0.999997
v -9.415453 -1.810000 0.999997
v -16.255451 -16.499998 0.999997
v -16.245451 -16.529999 0.999997
v -16.215452 -16.569998 0.999997
v -9.305451 -9.049998 0.999997
v -16.375450 -16.339998 0.999997
v -9.635452 -9.360000 0.999997
v -9.395453 -1.810000 0.999997
v -16.325451 -16.410000 0.999997
v -9.335452 -1.789999 0.999997
v -9.615452 -1.840001 7.989996
v -9.305451 -8.859999 0.999997
v -9.305451 -8.809999 0.999997
v 1.664547 -8.149999 0.999997
v 2.224546 -11.139998 0.999997
v 1.764547 -8.239998 0.999997
v -9.625452 -9.129999 0.999997
v -16.505451 -16.199999 0.999997
v -9.625452 -9.139998 0.999997
v -9.635452 -9.249998 0.999997
v -9.615452 -9.120000 0.999997
v -9.615452 -9.059999 0.999997
v -9.615452 -9.089999 0.999997
v -9.625452 -9.339999 0.999997
v -16.575453 -16.129999 0.999997
v -16.585451 -16.119997 0.999997
v -9.615452 -9.009998 0.999997
v -10.935452 1.470000 0.999997
v 2.164546 -11.259998 0.999997
v -16.405451 -16.299997 0.999997
v -9.815452 1.839999 0.999997
v -9.795452 1.839999 0.999997
v -9.815452 2.499999 0.999997
v -9.305451 -8.709998 0.999997
v -9.305451 -8.699999 0.999997
v -9.625452 -9.009998 0.999997
v -16.645451 -16.069998 0.999997
v -16.635452 -16.079998 0.999997
v -16.555450 -15.919997 0.999997
v -16.665453 -16.059998 0.999997
v -16.655451 -16.059998 0.999997
v -16.655451 -16.019999 0.999997
v -16.515453 -15.889998 0.999997
v -16.525452 -15.889998 0.999997
v -9.785452 -9.159998 0.999997
v -16.395452 -15.769998 0.999997
v -16.315453 -15.679999 0.999997
v -16.315453 -15.689997 0.999997
v -16.215452 -15.579999 0.999997
v -16.225451 -15.599998 0.999997
v -11.025453 -10.389998 0.999997
v -18.025452 -10.489998 0.999997
v -11.075453 -10.449999 0.999997
v -10.725451 -10.099999 0.999997
v -18.005451 -10.409998 0.999997
v -10.785452 -10.159999 0.999997
v -9.715452 -9.079999 0.999997
v -9.945453 -2.500000 0.999997
v -9.775453 -9.139998 0.999997
v -9.635452 -8.999999 0.999997
v -9.815452 -2.510000 0.999997
v -9.695453 -9.059999 0.999997
v -11.015452 -10.389998 0.999997
v -17.965452 -9.909999 0.999997
v -9.785452 -9.149999 0.999997
v -9.705452 -9.070000 0.999997
v -5.005452 -2.370000 0.999997
v -4.785453 -3.519999 0.999997
v -4.995452 -2.240001 0.999997
v -4.835453 -3.400000 0.999997
v -4.885453 -3.279999 0.999997
v -5.005452 -2.639999 0.999997
v -4.915452 -3.150000 0.999997
v -4.995452 -2.770000 0.999997
v -4.945453 -3.020000 0.999997
v -5.005452 -2.510000 0.999997
v -4.975453 -2.900000 0.999997
v -9.265453 -1.769999 0.999997
v -2.505452 -9.869999 0.999997
v -2.505452 -10.009998 0.999997
v -4.835453 -1.610000 0.999997
v -4.785453 -1.490000 0.999997
v -20.355452 -8.239998 0.999997
v -20.455452 -7.590000 0.999997
v -20.375452 -8.239998 0.999997
v -0.005453 -2.370000 0.999997
v -0.085452 -1.859999 0.999997
v -4.195453 -1.759999 0.999997
v -4.365454 -0.830000 0.999997
v -4.215452 -1.789999 0.999997
v -4.195453 -1.749999 0.999997
v -4.735453 -1.369999 0.999997
v -4.665452 -1.259999 0.999997
v -4.445451 -0.930000 0.999997
v -4.265452 -1.929998 0.999997
v -4.235453 -1.840001 0.999997
v -4.235453 -1.849999 0.999997
v -4.335453 -2.229998 0.999997
v -4.335453 -2.240001 0.999997
v -4.295453 -2.029998 0.999997
v -4.295453 -2.040001 0.999997
v -4.285453 -2.010000 0.999997
v -4.315453 -2.149999 0.999997
v -4.355453 -2.599999 0.999997
v -4.355453 -2.519998 0.999997
v -4.075452 -3.479999 0.999997
v -4.155453 -3.339999 0.999997
v -4.055453 -3.510000 0.999997
v -4.035452 -3.550000 0.999997
v -8.865452 -9.499998 0.999997
v -4.335453 -2.220000 0.999997
v -4.355453 -2.410000 0.999997
v -4.355453 -2.419998 0.999997
v -4.315453 -2.120000 0.999997
v -4.315453 -2.129998 0.999997
v -4.335453 -2.779999 0.999997
v -4.345451 -2.699999 0.999997
v -4.295453 -2.970000 0.999997
v -4.295453 -2.979999 0.999997
v -4.315453 -2.889999 0.999997
v -4.285453 -3.000000 0.999997
v -4.265452 -3.079999 0.999997
v -4.325452 -2.810000 0.999997
v -4.335453 -2.789999 0.999997
v -4.355453 -2.400000 0.999997
v -4.355453 -2.510000 0.999997
v -9.495452 -9.590000 0.999997
v -16.075453 -16.849998 0.999997
v -8.855452 -9.499998 0.999997
v -8.755452 -9.499998 0.999997
v -4.225452 -3.179999 0.999997
v -4.355453 -2.610000 0.999997
v -4.345451 -2.310000 0.999997
v -4.105453 -3.439999 0.999997
v -4.065453 -1.509999 0.999997
v -4.005453 -3.590000 0.999997
v -3.995453 -3.600000 0.999997
v -4.005453 -3.579999 0.999997
v -4.005453 -1.420000 0.999997
v -4.005453 -1.430000 0.999997
v -4.285453 -1.989999 0.999997
v -9.545452 -17.519999 0.999997
v -9.425451 -18.199999 0.999997
v -10.655452 -10.019999 0.999997
v -18.005451 -10.389998 0.999997
v -10.715452 -10.089999 0.999997
v -9.905453 -21.849998 0.999997
v -9.895452 -21.849998 0.999997
v -8.645452 -18.569998 0.999997
v -8.655454 -18.559998 0.999997
v -8.725453 -9.499998 0.999997
v -10.865452 -10.229999 0.999997
v -18.015451 -10.439999 0.999997
v -10.875453 -10.239999 0.999997
v -3.835452 -4.619998 0.999997
v -9.785452 -21.849998 0.999997
v -9.705452 -18.159998 0.999997
v -9.715452 -18.159998 0.999997
v -9.305451 -9.610000 0.999997
v -9.305451 -9.579999 0.999997
v -3.935452 -3.679999 0.999997
v -3.905453 -3.709999 0.999997
v -8.975452 -21.649998 0.999997
v -8.915452 -21.619997 0.999997
v -3.425452 -0.900000 0.999997
v -3.435452 -0.909999 0.999997
v -3.255453 -4.190000 0.999997
v -3.585452 -1.000000 0.999997
v -3.825452 -1.209999 0.999997
v -3.815453 -1.199999 0.999997
v -3.885452 -1.279998 0.999997
v -3.945453 -1.339998 0.999997
v -4.055453 -1.499999 0.999997
v -3.135452 -4.240000 0.999997
v -2.985452 -4.289999 0.999997
v -3.155453 -4.240000 0.999997
v -19.645451 -17.309999 0.999997
v -19.635452 -17.219999 0.999997
v -19.655451 -17.399998 0.999997
v -19.655451 -17.409998 0.999997
v -11.835452 -18.539999 0.999997
v -11.625451 -19.649998 0.999997
v -11.755452 -18.429998 0.999997
v -11.905452 -18.639999 0.999997
v -11.655452 -20.109997 0.999997
v -11.655452 -20.099998 0.999997
v -12.095452 -18.989998 0.999997
v -11.575452 -21.769999 0.999997
v -12.035452 -18.869999 0.999997
v -11.635452 -19.729998 0.999997
v -11.645452 -19.739998 0.999997
v -11.655452 -20.019999 0.999997
v -11.655452 -19.919998 0.999997
v -7.785453 -18.539999 0.999997
v -7.395453 -20.650000 0.999997
v -7.715452 -18.639999 0.999997
v -11.625451 -19.629999 0.999997
v -7.315453 -20.139997 0.999997
v -7.525452 -18.989998 0.999997
v -7.325452 -20.269999 0.999997
v -7.395453 -19.359997 0.999997
v -7.315453 -19.869999 0.999997
v -7.325452 -19.739998 0.999997
v -7.365452 -19.489998 0.999997
v -7.345453 -19.609997 0.999997
v -7.435452 -19.230000 0.999997
v -7.475452 -19.109999 0.999997
v -7.305451 -20.009998 0.999997
v -7.955452 -18.329998 0.999997
v -7.475452 -20.900000 0.999997
v -7.865452 -18.429998 0.999997
v -7.645453 -18.759998 0.999997
v -7.345453 -20.399998 0.999997
v -7.585452 -18.869999 0.999997
v -7.365452 -20.519999 0.999997
v -7.435452 -20.779999 0.999997
v -7.525452 -21.019999 0.999997
v -8.135453 -18.149998 0.999997
v -7.585452 -21.139997 0.999997
v -8.045451 -18.240000 0.999997
v -8.045451 -20.569998 0.999997
v -7.865452 -21.579998 0.999997
v -8.035453 -20.519999 0.999997
v -12.185452 -19.230000 0.999997
v -11.755452 -21.579998 0.999997
v -12.145452 -19.109999 0.999997
v -8.555452 -22.169998 0.999997
v -8.685452 -21.479998 0.999997
v -8.675453 -22.230000 0.999997
v -11.485453 -21.859999 0.999997
v -11.665453 -21.679998 0.999997
v -11.635452 -20.289997 0.999997
v -11.635452 -20.279999 0.999997
v -11.645452 -20.199997 0.999997
v -11.635452 -20.309999 0.999997
v -11.385453 -21.949999 0.999997
v -11.615453 -20.389997 0.999997
v -11.365452 -21.009998 0.999997
v -11.175452 -22.099998 0.999997
v -11.335453 -21.049999 0.999997
v -11.535453 -20.679998 0.999997
v -11.525453 -20.689999 0.999997
v -11.535453 -20.669998 0.999997
v -11.315452 -18.929996 0.999997
v -11.385453 -18.059998 0.999997
v -11.335453 -18.959997 0.999997
v -11.275453 -22.029997 0.999997
v -11.495452 -20.759998 0.999997
v -11.565453 -20.579998 0.999997
v -11.565453 -20.589998 0.999997
v -10.325452 -22.449999 0.999997
v -10.325452 -21.779997 0.999997
v -9.935452 -21.849998 0.999997
v -9.915452 -21.849998 0.999997
v -11.475452 -20.819998 0.999997
v -9.675452 -17.509998 0.999997
v -9.555451 -18.169998 0.999997
v -9.295452 -22.449999 0.999997
v -9.165453 -22.419998 0.999997
v -9.285452 -21.779997 0.999997
v -9.145452 -18.279997 0.999997
v -9.415453 -22.469997 0.999997
v -9.535452 -21.829998 0.999997
v -9.575453 -18.169998 0.999997
v -9.615452 -18.169998 0.999997
v -10.075452 -17.519999 0.999997
v -10.205452 -17.539999 0.999997
v -10.085453 -18.179998 0.999997
v -10.465452 -18.269999 0.999997
v -10.585452 -17.629997 0.999997
v -10.475452 -18.279997 0.999997
v -9.945453 -22.499998 0.999997
v -10.065452 -21.839998 0.999997
v -10.175452 -21.819998 0.999997
v -10.185452 -21.819998 0.999997
v -10.335453 -18.229998 0.999997
v -10.285453 -18.219997 0.999997
v -10.325452 -17.559999 0.999997
v -10.555452 -21.699999 0.999997
v -10.455452 -22.419998 0.999997
v -10.475452 -21.729998 0.999997
v -10.595453 -21.679998 0.999997
v -10.575452 -21.689999 0.999997
v -10.305452 -21.789999 0.999997
v -10.455452 -17.590000 0.999997
v -10.365453 -21.769999 0.999997
v -10.115452 -18.179998 0.999997
v -10.195452 -18.199999 0.999997
v -10.045452 -21.839998 0.999997
v -10.095451 -21.829998 0.999997
v -10.085453 -21.829998 0.999997
v -10.835451 -18.469997 0.999997
v -10.945452 -17.779999 0.999997
v -10.885451 -18.499998 0.999997
v -11.245452 -18.839998 0.999997
v -11.255452 -18.849998 0.999997
v -10.585452 -18.329998 0.999997
v -10.705452 -17.669998 0.999997
v -10.605452 -18.329998 0.999997
v -10.705452 -22.339998 0.999997
v -10.855452 -21.529997 0.999997
v -10.825453 -22.289999 0.999997
v -10.735453 -18.399998 0.999997
v -10.825453 -17.719997 0.999997
v -10.745453 -18.409998 0.999997
v -10.705452 -18.389999 0.999997
v -10.725451 -18.389999 0.999997
v -10.945452 -18.549999 0.999997
v -11.065452 -17.839998 0.999997
v -10.965452 -18.559998 0.999997
v -10.985452 -21.429998 0.999997
v -10.945452 -22.230000 0.999997
v -10.935452 -18.529997 0.999997
v -11.175452 -17.909998 0.999997
v -11.035452 -18.619997 0.999997
v -10.895452 -21.499998 0.999997
v -10.895452 -18.509998 0.999997
v -11.045452 -18.629997 0.999997
v -18.635450 -19.159998 0.999997
v -11.055452 -18.639999 0.999997
v -11.305452 -18.920000 0.999997
v -10.975452 -18.569998 0.999997
v -11.125452 -18.709997 0.999997
v -11.145452 -18.719997 0.999997
v -11.245452 -18.829998 0.999997
v -11.275453 -17.979998 0.999997
v -11.155453 -18.739998 0.999997
v -11.185452 -18.769999 0.999997
v -11.245452 -21.169998 0.999997
v -11.065452 -22.169998 0.999997
v -11.215452 -21.209999 0.999997
v -11.195452 -18.779997 0.999997
v -10.955452 -21.449999 0.999997
v -11.615453 -19.619999 0.999997
v -10.975452 -21.439997 0.999997
v -11.455452 -20.839998 0.999997
v -11.455452 -20.859999 0.999997
v -11.665453 -18.329998 0.999997
v -11.495452 -19.249998 0.999997
v -11.575452 -18.240000 0.999997
v -11.235453 -21.179998 0.999997
v -11.115452 -21.319998 0.999997
v -11.105453 -21.319998 0.999997
v -11.085451 -21.339998 0.999997
v -11.465452 -19.179998 0.999997
v -11.415452 -19.089998 0.999997
v -11.435452 -19.129999 0.999997
v -11.485453 -18.149998 0.999997
v -11.365452 -18.999998 0.999997
v -11.365452 -19.009998 0.999997
v -11.455452 -19.169998 0.999997
v -11.415452 -20.929998 0.999997
v -11.375452 -20.979998 0.999997
v -11.405452 -20.939997 0.999997
v -11.415452 -19.079998 0.999997
v -11.355453 -18.979998 0.999997
v -8.555452 -17.839998 0.999997
v -8.375453 -18.839998 0.999997
v -8.445453 -17.909998 0.999997
v -11.535453 -19.339998 0.999997
v -11.545452 -19.349998 0.999997
v -11.515452 -19.289999 0.999997
v -11.465452 -20.829998 0.999997
v -11.565453 -19.429998 0.999997
v -11.315452 -21.079998 0.999997
v -11.295452 -21.099998 0.999997
v -11.585452 -19.489998 0.999997
v -11.595451 -20.479998 0.999997
v -11.595451 -20.499998 0.999997
v -11.595451 -19.509998 0.999997
v -11.595451 -19.529999 0.999997
v -11.595451 -19.539999 0.999997
v -11.595451 -20.469999 0.999997
v -11.305452 -21.089998 0.999997
v -11.115452 -21.309998 0.999997
v -11.185452 -21.239998 0.999997
v -11.125452 -21.299999 0.999997
v -11.115452 -18.699999 0.999997
v -11.505452 -19.259998 0.999997
v -11.035452 -21.389997 0.999997
v -11.045452 -21.379997 0.999997
v -10.965452 -21.449999 0.999997
v -10.645452 -21.649998 0.999997
v -10.635452 -21.659998 0.999997
v -10.835451 -21.549999 0.999997
v -10.815453 -21.559998 0.999997
v -10.825453 -21.549999 0.999997
v -10.735453 -21.609999 0.999997
v -10.805451 -21.559998 0.999997
v -10.585452 -22.379999 0.999997
v -10.725451 -21.609999 0.999997
v -10.705452 -21.619997 0.999997
v -10.565453 -21.689999 7.989996
v -10.565453 -21.689999 0.999997
v -10.565453 -18.309998 0.999997
v -10.575452 -18.319998 0.999997
v -10.665452 -21.649998 0.999997
v -10.645452 -18.359999 0.999997
v -10.665452 -18.359999 0.999997
v -10.815453 -18.449999 0.999997
v -8.115452 -19.259998 0.999997
v -8.345452 -17.979998 0.999997
v -8.115452 -19.249998 0.999997
v -10.095451 -18.179998 0.999997
v -7.645453 -21.259998 0.999997
v -8.085453 -19.339998 0.999997
v -8.235453 -18.059998 0.999997
v -8.095451 -19.320000 0.999997
v -8.115452 -20.749998 0.999997
v -7.955452 -21.679998 0.999997
v -8.105453 -20.719997 0.999997
v -7.715452 -21.369997 0.999997
v -7.965454 -20.029999 0.999997
v -7.785453 -21.469997 0.999997
v -12.095452 -21.019999 0.999997
v -12.305452 -19.869999 0.999997
v -12.145452 -20.900000 0.999997
v -7.955452 -20.009998 0.999997
v -7.965454 -20.019999 0.999997
v -7.965454 -19.909998 0.999997
v -7.975452 -19.809998 0.999997
v -7.965454 -19.899998 0.999997
v -8.285453 -18.959997 0.999997
v -8.305452 -18.929996 0.999997
v -8.145452 -19.189999 0.999997
v -8.165452 -19.169998 0.999997
v -8.205452 -19.089998 0.999997
v -8.205452 -19.079998 0.999997
v -8.245453 -19.029999 0.999997
v -8.255452 -18.999998 0.999997
v -8.345452 -22.029997 0.999997
v -8.475453 -21.289997 0.999997
v -8.445453 -22.099998 0.999997
v -8.765451 -18.479998 0.999997
v -8.915452 -17.669998 0.999997
v -8.785451 -18.459999 0.999997
v -8.675453 -21.459999 0.999997
v -8.645452 -21.439997 0.999997
v -8.375453 -18.829998 0.999997
v -8.405452 -18.799999 0.999997
v -8.495453 -18.709997 0.999997
v -8.505452 -18.699999 0.999997
v -8.505452 -18.689999 0.999997
v -8.075452 -20.659998 0.999997
v -8.055452 -20.579998 0.999997
v -12.255452 -19.489998 0.999997
v -11.905452 -21.369997 0.999997
v -12.225452 -19.359997 0.999997
v -8.025452 -20.479998 0.999997
v -8.025452 -20.469999 0.999997
v -7.985453 -20.289997 0.999997
v -7.975452 -20.269999 0.999997
v -7.985453 -20.279999 0.999997
v -11.975452 -21.259998 0.999997
v -12.315452 -20.009998 0.999997
v -12.275453 -19.609997 0.999997
v -8.725453 -21.499998 0.999997
v -11.835452 -21.469997 0.999997
v -9.035453 -22.379999 0.999997
v -8.795452 -22.289999 0.999997
v -8.785451 -21.539999 0.999997
v -8.885452 -21.609999 0.999997
v -8.805452 -21.559998 0.999997
v -8.915452 -18.389999 0.999997
v -9.035453 -17.629997 0.999997
v -8.955452 -18.359999 0.999997
v -8.895452 -21.619997 0.999997
v -9.155452 -21.739998 0.999997
v -9.145452 -21.729998 0.999997
v -9.945453 -17.509998 0.999997
v -9.955453 -18.159998 0.999997
v -9.825453 -18.159998 0.999997
v -10.015451 -18.169998 0.999997
v -9.995453 -21.849998 0.999997
v -9.965452 -18.159998 0.999997
v -9.995453 -18.159998 0.999997
v -10.005453 -18.169998 0.999997
v -10.005453 -21.839998 0.999997
v -10.305452 -17.559999 0.999997
v -10.305452 -17.559999 0.989997
v -10.305452 -17.549997 0.999997
v -10.205452 -18.199999 0.999997
v -9.705452 -21.849998 0.999997
v -10.295451 -17.549997 0.999997
v -8.205452 -20.919998 0.999997
v -8.045451 -21.769999 0.999997
v -8.185452 -20.879997 0.999997
v -8.585453 -18.619997 0.999997
v -8.135453 -21.859999 0.999997
v -8.285453 -21.049999 0.999997
v -8.235453 -21.949999 0.999997
v -8.125452 -20.759998 0.999997
v -8.985453 -18.349998 0.999997
v -9.025453 -18.329998 0.999997
v -8.255452 -21.009998 0.999997
v -8.205452 -20.929998 0.999997
v -8.255452 -20.999998 0.999997
v -9.435452 -17.529999 0.999997
v -8.125452 -19.239998 0.999997
v -8.165452 -20.839998 0.999997
v -8.115452 -20.759998 0.999997
v -8.375453 -21.179998 0.999997
v -9.525451 -18.179998 0.999997
v -9.535452 -18.179998 0.999997
v -8.585453 -21.389997 0.999997
v -8.575453 -21.379997 0.999997
v -8.565452 -21.369997 0.999997
v -8.505452 -21.309998 0.999997
v -8.365452 -21.159998 0.999997
v -8.315452 -21.089998 0.999997
v -8.885452 -18.399998 0.999997
v -8.895452 -18.399998 0.999997
v -8.975452 -18.359999 0.999997
v -9.345453 -18.219997 0.999997
v -8.725453 -18.509998 0.999997
v -9.045452 -18.319998 0.999997
v -9.055451 -18.309998 0.999997
v -9.065452 -18.309998 0.999997
v -9.235453 -18.249998 0.999997
v -8.795452 -21.549999 0.999997
v -8.815452 -21.559998 0.999997
v -9.435452 -18.189999 0.999997
v -9.445452 -18.189999 0.999997
v -9.685452 -18.159998 0.999997
v -9.625452 -18.159998 0.999997
v -17.995453 -10.379999 0.999997
v -17.985451 -10.289998 0.999997
v -17.995453 -10.359999 0.999997
v -9.915452 -10.699999 0.999997
v -9.905453 -10.689998 0.999997
v -10.945452 -10.309999 0.999997
v -18.025452 -10.469998 0.999997
v -10.955452 -10.319999 0.999997
v -10.645452 -10.019999 0.999997
v -9.995453 -10.769999 0.999997
v -9.975452 -10.759999 0.999997
v -10.045452 -10.829999 0.999997
v -10.055453 -10.839999 0.999997
v -10.125452 -10.899999 0.999997
v -10.135452 -10.909999 0.999997
v -10.195452 -10.979999 0.999997
v -18.035452 -10.519999 0.999997
v -18.015451 -10.499999 0.999997
v -18.025452 -10.499999 0.999997
v -20.595451 -11.679999 0.999997
v -20.455452 -12.419999 0.999997
v -20.575451 -11.689999 0.999997
v -9.305451 -17.559999 0.999997
v -18.125452 -9.239999 0.999997
v -18.145452 -9.189999 0.999997
v -18.095451 -9.320000 0.999997
v -18.235451 -8.059999 0.999997
v -18.085451 -9.339999 0.999997
v -18.115452 -10.749998 0.999997
v -17.955452 -11.679999 0.999997
v -18.105452 -10.719998 0.999997
v -18.015451 -10.459998 0.999997
v -10.885451 -10.249999 0.999997
v -10.795453 -10.169999 0.999997
v -18.005451 -9.499998 0.999997
v -18.015451 -9.499998 0.999997
v -18.375452 -8.839999 0.999997
v -18.675453 -7.779998 0.999997
v -18.505451 -8.689999 0.999997
v -19.715450 -8.160000 0.999997
v -19.815451 -7.499998 0.999997
v -19.795452 -8.160000 0.999997
v -18.385450 -8.829999 0.999997
v -18.505451 -8.699999 0.999997
v -18.255451 -10.999998 0.999997
v -18.135450 -11.859999 0.999997
v -18.205452 -10.929999 0.999997
v -18.255451 -11.009999 0.999997
v -11.085451 -10.459998 0.999997
v -17.365452 -10.499999 0.999997
v -11.135451 -10.499999 0.999997
v -17.415451 -10.499999 0.999997
v -17.425451 -10.499999 0.999997
v -17.475452 -10.499999 0.999997
v -17.485451 -10.499999 0.999997
v -17.535452 -10.499999 0.999997
v -17.545452 -10.499999 0.999997
v -17.605452 -10.499999 0.999997
v -17.625452 -10.499999 0.999997
v -17.685452 -10.499999 0.999997
v -17.705452 -10.499999 0.999997
v -17.765451 -10.499999 0.999997
v -17.785452 -10.499999 0.999997
v -17.845453 -10.499999 0.999997
v -17.855452 -10.499999 0.999997
v -17.865452 -10.499999 0.999997
v -17.875452 -10.499999 0.999997
v -17.905453 -10.499999 0.999997
v -17.915451 -10.499999 0.999997
v -17.925451 -10.499999 0.999997
v -17.945452 -10.499999 0.999997
v -17.965452 -10.499999 0.999997
v -17.975451 -10.499999 0.999997
v -17.985451 -10.499999 0.999997
v -18.075451 -10.659999 0.999997
v -18.055452 -10.579999 0.999997
v -17.865452 -11.580000 0.999997
v 0.644546 -8.269999 0.999997
v 0.514547 -7.559999 0.999997
v 0.624549 -8.269999 0.999997
v -18.045452 -9.449999 0.999997
v -18.055452 -9.429999 0.999997
v -17.785452 -11.469999 0.999997
v -18.165451 -9.169999 0.999997
v -18.205452 -9.089999 0.999997
v -17.715452 -11.369999 0.999997
v -17.645452 -11.259998 0.999997
v -17.585451 -11.139998 0.999997
v -17.525452 -11.020000 0.999997
v -17.475452 -10.899999 0.999997
v -17.435452 -10.779999 0.999997
v -10.325452 2.440001 0.999997
v -10.455452 2.410002 0.999997
v -10.335453 1.770000 0.999997
v -17.395452 -10.649999 0.999997
v -17.365452 -10.519999 0.999997
v -2.455452 -10.499999 0.999997
v -2.475453 -10.399999 0.999997
v -2.495452 -10.269999 0.999997
v -2.505452 -10.139999 0.999997
v -9.525451 -21.829998 0.999997
v -2.385453 -10.779999 0.999997
v -2.415453 -10.649999 0.999997
v -2.495452 -9.739999 0.999997
v -10.235453 -11.020000 0.999997
v -10.245452 -11.029998 0.999997
v -2.415453 -9.360000 0.999997
v -2.025453 -11.469999 0.999997
v -2.385453 -9.230000 0.999997
v -9.265453 -21.769999 0.999997
v -18.005451 -10.419999 0.999997
v -9.305451 -9.789998 0.999997
v -9.335452 -18.219997 0.999997
v -9.305451 -9.779999 0.999997
v -9.345453 -17.549997 0.999997
v -9.325453 -17.549997 0.999997
v -9.305451 -9.739999 0.999997
v -9.405452 -21.809998 0.999997
v -9.415453 -21.809998 0.999997
v -9.305451 -9.699998 0.999997
v -9.305451 -9.660000 0.999997
v -9.305451 -9.619998 0.999997
v -9.335452 -21.789999 0.999997
v -17.365452 -9.499998 0.999997
v -17.375452 -9.499998 0.999997
v -17.385452 -9.499998 0.999997
v -17.405453 -9.499998 0.999997
v -17.415451 -9.499998 0.999997
v -17.435452 -9.499998 0.999997
v -17.445452 -9.499998 0.999997
v -17.465452 -9.499998 0.999997
v -17.485451 -9.499998 0.999997
v -17.505453 -9.499998 0.999997
v -17.525452 -9.499998 0.999997
v -17.555452 -9.499998 0.999997
v -17.575451 -9.499998 0.999997
v -17.605452 -9.499998 0.999997
v -17.635450 -9.499998 0.999997
v -17.665451 -9.499998 0.999997
v -17.695452 -9.499998 0.999997
v -17.735451 -9.499998 0.999997
v -17.765451 -9.499998 0.999997
v -17.805452 -9.499998 0.999997
v -17.845453 -9.499998 0.999997
v -17.885450 -9.499998 0.999997
v -18.025452 -9.499998 0.999997
v -17.975451 -10.200000 0.999997
v -17.975451 -10.269999 0.999997
v -17.975451 -9.809999 0.999997
v -17.965452 -9.899998 0.999997
v -17.985451 -10.280000 0.999997
v -17.975451 -9.799998 0.999997
v -9.375451 -9.610000 0.999997
v -9.255452 -21.769999 0.999997
v -9.235453 -21.759998 0.999997
v -9.385452 -17.539999 0.999997
v -9.395453 -17.539999 0.999997
v -9.395453 -9.610000 0.999997
v -9.455452 -9.569998 0.999997
v -9.455452 -9.599998 0.999997
v -9.385452 -9.569998 0.999997
v -18.005451 -9.610000 0.999997
v -18.005451 -9.619998 0.999997
v -9.175452 1.730000 0.999997
v -9.295452 2.440001 0.999997
v -9.225452 1.750001 0.999997
v 2.444547 -10.519999 0.999997
v 2.094546 -8.639999 0.999997
v 2.414546 -10.649999 0.999997
v -9.305451 -2.449999 0.999997
v -17.965452 -10.189999 0.999997
v -17.965452 -9.989999 0.999997
v -17.955452 -10.009998 0.999997
v -9.465453 -9.599998 0.999997
v -9.465453 -9.569998 0.999997
v -9.375451 -9.569998 0.999997
v -9.315453 -9.579999 0.999997
v -17.395452 -9.360000 0.999997
v -11.175452 -2.099999 0.999997
v -11.375452 -0.979999 0.999997
v -11.275453 -2.029998 0.999997
v -11.065452 -2.170000 0.999997
v -11.245452 -1.169999 0.999997
v -10.325452 -2.449999 0.999997
v -10.205452 -2.470000 0.999997
v -10.325452 -1.780000 0.999997
v -11.185452 1.230000 0.999997
v -11.275453 2.020000 0.999997
v -11.195452 1.220002 0.999997
v -20.945452 -8.549999 0.999997
v -21.065453 -7.840000 0.999997
v -20.965452 -8.559999 0.999997
v -2.165452 -11.259998 0.999997
v -2.235451 -11.139998 0.999997
v -1.255454 -7.840000 0.999997
v -1.125454 -8.530000 0.999997
v -1.135453 -7.779998 0.999997
v -10.185452 -2.479999 0.999997
v -18.025452 -9.520000 0.999997
v -17.435452 -9.230000 0.999997
v -8.795452 -1.550001 0.999997
v -8.675453 -2.229998 0.999997
v -8.785451 -1.539998 0.999997
v -9.535452 -1.829998 0.999997
v -9.315453 -9.499998 0.999997
v -9.465453 -9.499998 0.999997
v -9.415453 2.460000 0.999997
v -9.545452 2.480001 0.999997
v -9.425451 1.800001 0.999997
v -9.605452 -1.840001 0.999997
v -9.305451 -9.029998 0.999997
v -9.305451 -9.009998 0.999997
v -9.305451 -8.979998 0.999997
v -9.305451 -8.969999 0.999997
v -9.305451 -8.919999 0.999997
v -9.305451 -8.909998 0.999997
v -9.305451 -8.780000 0.999997
v -9.305451 -8.749999 0.999997
v -17.585451 -8.870000 0.999997
v -17.525452 -8.989999 0.999997
v -17.475452 -9.109999 0.999997
v -17.785452 -8.539999 0.999997
v -17.715452 -8.639999 0.999997
v -17.645452 -8.749999 0.999997
v -17.955452 -8.330000 0.999997
v -17.865452 -8.429999 0.999997
v -21.575451 -8.239998 0.999997
v -21.415451 -9.089999 0.999997
v -21.485451 -8.149999 0.999997
v -21.385450 -8.059999 0.999997
v -21.245451 -8.829999 0.999997
v -21.275452 -7.980000 0.999997
v -21.315451 -8.929997 0.999997
v -21.335451 -8.959998 0.999997
v -21.365452 -8.999999 0.999997
v -21.365452 -9.009998 0.999997
v -21.145451 -8.719999 0.999997
v -21.155453 -8.739999 0.999997
v -21.175451 -7.909999 0.999997
v -21.185452 -8.770000 0.999997
v -21.105452 -11.319999 0.999997
v -20.945452 -12.229999 0.999997
v -21.085451 -11.339998 0.999997
v -20.935452 -8.530000 0.999997
v -20.945452 -7.779998 0.999997
v -21.045450 -8.629999 0.999997
v -21.055452 -8.639999 0.999997
v -21.515451 -9.289999 0.999997
v -21.665451 -8.330000 0.999997
v -21.535450 -9.339999 0.999997
v -20.815453 -8.449999 0.999997
v -20.835451 -8.469998 0.999997
v -21.035452 -8.620000 0.999997
v -0.525452 -12.449999 0.999997
v -0.525452 -11.779999 0.999997
v -20.855452 -11.530000 0.999997
v -20.705452 -12.339999 0.999997
v -20.835451 -11.549999 0.999997
v -20.825451 -7.719999 0.999997
v -20.705452 -8.389999 0.999997
v -20.725452 -8.389999 0.999997
v -20.585451 -8.330000 0.999997
v -20.705452 -7.669999 0.999997
v -20.605452 -8.330000 0.999997
v -20.735451 -8.399999 0.999997
v -20.745451 -8.409999 0.999997
v -18.895452 -8.399999 0.999997
v -18.915451 -8.389999 0.999997
v -20.465452 -8.269999 0.999997
v -20.585451 -7.629998 0.999997
v -20.475452 -8.280000 0.999997
v -20.565453 -8.309999 0.999997
v -20.575451 -8.319999 0.999997
v -18.955452 -8.359999 0.999997
v -18.975452 -8.359999 0.999997
v -20.385452 -8.249999 0.999997
v -20.395451 -8.249999 0.999997
v -20.555452 -8.309999 0.999997
v -20.175451 -11.819998 0.999997
v -20.075453 -12.489999 0.999997
v -20.095451 -11.829999 0.999997
v -20.315453 -11.789998 0.999997
v -20.205450 -12.469999 0.999997
v -20.285452 -11.789998 0.999997
v -18.585451 -8.620000 0.999997
v -18.635450 -8.579999 0.999997
v -20.335451 -8.230000 0.999997
v -20.285452 -8.219998 0.999997
v -20.205450 -11.809999 0.999997
v -20.215452 -8.199999 0.999997
v -18.535452 -8.670000 0.999997
v -18.575451 -8.629999 0.999997
v -18.565451 -12.169999 0.999997
v -18.675453 -11.459998 0.999997
v -18.795452 -7.719999 0.999997
v -18.645452 -8.570000 0.999997
v -18.655451 -8.559999 0.999997
v -18.285452 -11.049998 0.999997
v -18.265451 -11.029998 0.999997
v -18.045452 -11.769999 0.999997
v -18.205452 -10.919998 0.999997
v -18.185452 -10.879999 0.999997
v -18.165451 -10.839999 0.999997
v -18.115452 -10.759999 0.999997
v -21.755451 -11.580000 0.999997
v -22.185452 -9.230000 0.999997
v -21.835451 -11.469999 0.999997
v -10.305452 -2.449999 0.999997
v -10.195452 -1.810000 0.999997
v -10.205452 -1.810000 0.999997
v -10.075452 -2.489999 0.999997
v -9.845452 -9.209998 0.999997
v -9.845452 -9.219999 0.999997
v -11.015452 -10.379999 0.999997
v -10.615453 -9.979999 0.999997
v -10.605452 -9.969999 0.999997
v -9.935452 -1.849999 0.999997
v -9.615452 -9.329999 0.999997
v -9.615452 -9.309999 0.999997
v -9.675452 -2.500000 0.999997
v -9.615452 -9.299998 0.999997
v -9.535452 -9.499998 0.999997
v -9.785452 -1.849999 0.999997
v -9.715452 -1.849999 0.999997
v -9.705452 1.839999 0.999997
v -9.715452 1.839999 0.999997
v -9.815452 -1.859999 0.999997
v -9.895452 -1.849999 0.999997
v -9.615452 -1.840001 0.999997
v -10.305452 -1.789999 0.999997
v -10.285453 -1.789999 0.999997
v -10.205452 1.800001 0.999997
v -10.215452 1.800001 0.999997
v -10.705452 1.609999 0.999997
v -10.825453 2.280001 0.999997
v -10.725451 1.609999 0.999997
v -10.365453 -1.769999 0.999997
v -10.355452 1.760000 0.999997
v -10.365453 1.760000 0.999997
v -10.465452 -1.739998 0.999997
v -10.455452 -2.419998 0.999997
v -10.385452 1.750001 0.999997
v -10.395452 1.750001 0.999997
v -9.145452 -1.729998 0.999997
v -9.055451 -1.699999 0.999997
v -9.135452 -1.729998 0.999997
v -9.995453 -1.849999 0.999997
v -9.915452 -1.849999 0.999997
v -9.235453 -1.759999 0.999997
v -9.225452 -1.759999 0.999997
v -10.065452 -1.840001 0.999997
v -10.045452 -1.840001 0.999997
v -10.005453 -1.840001 0.999997
v -10.115452 1.820001 0.999997
v -10.205452 2.460000 0.999997
v -10.195452 1.800001 0.999997
v -10.085453 1.820001 0.999997
v -10.015451 1.830000 0.999997
v -10.075452 2.480001 0.999997
v -10.175452 -1.820000 0.999997
v -10.095451 -1.829998 0.999997
v -10.585452 -2.379999 0.999997
v -10.725451 -1.610000 0.999997
v -10.705452 -2.340001 0.999997
v -10.735453 1.600001 0.999997
v -10.665452 1.640000 0.999997
v -10.705452 2.329999 0.999997
v -10.835451 1.530000 0.999997
v -10.945452 2.220000 0.999997
v -10.885451 1.500001 0.999997
v -10.735453 -1.610000 0.999997
v -11.575452 1.760000 0.999997
v -11.415452 0.910001 0.999997
v -11.485453 1.850001 0.999997
v -11.145452 1.280000 0.999997
v -11.175452 2.090001 0.999997
v -11.035452 1.380000 0.999997
v -11.045452 1.370000 0.999997
v -10.955452 -1.450001 0.999997
v -10.825453 -2.289999 0.999997
v -10.895452 -1.499999 0.999997
v -11.245452 1.170000 0.999997
v -11.385453 1.939999 0.999997
v -11.245452 1.160001 0.999997
v -11.365452 -1.009999 0.999997
v -11.155453 1.260001 0.999997
v -10.645452 1.640000 0.999997
v -10.465452 1.730000 0.999997
v -10.705452 -1.620000 0.999997
v -10.605452 1.670000 0.999997
v -10.645452 -1.650001 0.999997
v -10.595453 -1.680000 0.999997
v -10.635452 -1.659999 0.999997
v -10.805451 -1.559999 0.999997
v -10.815453 -1.559999 0.999997
v -10.835451 -1.550001 0.999997
v -11.115452 -1.320000 0.999997
v -10.945452 -2.229998 0.999997
v -11.105453 -1.320000 0.999997
v -10.825453 -1.550001 0.999997
v -11.085451 -1.339998 0.999997
v -11.045452 -1.380000 0.999997
v -10.975452 1.430000 0.999997
v -11.055452 1.360000 0.999997
v -11.435452 0.870000 0.999997
v -11.455452 0.830002 0.999997
v -11.465452 0.819999 0.999997
v -11.415452 -0.930000 0.999997
v -11.495452 0.750000 0.999997
v -11.755452 1.570000 0.999997
v -11.565453 0.570001 0.999997
v -11.665453 1.670000 0.999997
v -11.835452 1.460001 0.999997
v -11.625451 0.350000 0.999997
v -11.505452 0.740000 0.999997
v -11.515452 0.710001 0.999997
v -11.595451 0.470001 0.999997
v -11.595451 0.459999 0.999997
v -11.635452 0.280000 0.999997
v -11.635452 0.270001 0.999997
v -11.595451 0.490000 0.999997
v -11.905452 1.360000 0.999997
v -11.655452 0.020001 0.999997
v -11.465452 -0.830000 0.999997
v -11.455452 -0.840000 0.999997
v -11.455452 -0.860001 0.999997
v -11.645452 0.260000 0.999997
v -11.655452 0.090000 0.999997
v -11.655452 0.080001 0.999997
v -11.615453 0.380000 0.999997
v -11.625451 0.370001 0.999997
v -11.655452 -0.100000 0.999997
v -11.655452 -0.019999 0.999997
v -7.315453 -0.140000 0.999997
v -7.525452 1.010001 0.999997
v -7.325452 -0.270001 0.999997
v -7.395453 0.640000 0.999997
v -7.315453 0.129999 0.999997
v -7.325452 0.260000 0.999997
v -7.365452 0.510001 0.999997
v -7.345453 0.390000 0.999997
v -7.435452 0.770001 0.999997
v -7.475452 0.890001 0.999997
v -7.305451 0.000000 0.999997
v -8.135453 1.850001 0.999997
v -7.585452 -1.139998 0.999997
v -8.045451 1.760000 0.999997
v -7.645453 1.249999 0.999997
v -7.345453 -0.400000 0.999997
v -7.585452 1.130002 0.999997
v -7.365452 -0.519999 0.999997
v -7.785453 1.460001 0.999997
v -7.395453 -0.649998 0.999997
v -7.715452 1.360000 0.999997
v -7.435452 -0.779999 0.999997
v -7.955452 1.670000 0.999997
v -7.475452 -0.900000 0.999997
v -7.865452 1.570000 0.999997
v -7.525452 -1.020000 0.999997
v -11.335453 -1.049998 0.999997
v -11.315452 1.070000 0.999997
v -11.335453 1.040000 0.999997
v -11.255452 1.149999 0.999997
v -11.235453 -1.179999 0.999997
v -11.215452 -1.209999 0.999997
v -11.305452 1.080000 0.999997
v -11.355453 1.019999 0.999997
v -11.365452 1.000001 0.999997
v -11.365452 0.990001 0.999997
v -11.415452 0.919999 0.999997
v -8.115452 -0.749998 0.999997
v -7.955452 -1.680000 0.999997
v -8.105453 -0.719999 0.999997
v -9.155452 -1.739998 0.999997
v -12.185452 0.770001 0.999997
v -11.755452 -1.580000 0.999997
v -12.145452 0.890001 0.999997
v -8.555452 -2.170000 0.999997
v -8.685452 -1.480000 0.999997
v -11.595451 -0.479999 0.999997
v -11.385453 -1.949999 0.999997
v -11.565453 -0.579999 0.999997
v -11.665453 -1.680000 0.999997
v -12.095452 1.010001 0.999997
v -11.575452 -1.769999 0.999997
v -12.035452 1.130002 0.999997
v -11.485453 -1.859999 0.999997
v -11.635452 -0.279999 0.999997
v -11.645452 -0.200000 0.999997
v -11.615453 -0.389999 0.999997
v -11.595451 -0.469999 0.999997
v -11.635452 -0.310000 0.999997
v -11.635452 -0.289999 0.999997
v -11.655452 0.100000 0.999997
v -11.595451 -0.500000 0.999997
v -11.495452 -0.760001 0.999997
v -11.475452 -0.819999 0.999997
v -9.045452 1.680001 0.999997
v -9.165453 2.410002 0.999997
v -9.055451 1.680001 0.999997
v -11.565453 -0.589998 0.999997
v -11.535453 -0.669999 0.999997
v -8.895452 -1.620000 0.999997
v -8.955452 -1.650001 0.999997
v -8.915452 -1.620000 0.999997
v -11.525453 -0.690000 0.999997
v -9.035453 -2.379999 0.999997
v -11.545452 0.650000 0.999997
v -9.025453 1.670000 0.999997
v -9.035453 2.370001 0.999997
v -9.035453 -1.680000 0.999997
v -8.915452 -2.340001 0.999997
v -9.015451 -1.680000 0.999997
v -9.045452 -1.689999 0.999997
v -9.685452 1.839999 0.999997
v -9.625452 1.839999 0.999997
v -9.675452 2.490000 0.999997
v -9.965452 1.839999 0.999997
v -9.995453 1.839999 0.999997
v -9.795452 -1.849999 0.999997
v -9.825453 1.839999 0.999997
v -9.945453 2.490000 0.999997
v -9.835452 1.839999 0.999997
v -9.955453 1.839999 0.999997
v -9.905453 1.839999 0.999997
v -9.065452 1.690001 0.999997
v -9.255452 -1.769999 0.999997
v -8.445453 2.090001 0.999997
v -8.245453 0.970000 0.999997
v -8.345452 2.020000 0.999997
v -8.305452 1.070000 0.999997
v -8.315452 1.080000 0.999997
v -8.375453 1.170000 0.999997
v -8.555452 2.160000 0.999997
v -8.405452 1.200001 0.999997
v -8.505452 1.300001 0.999997
v -8.505452 1.309999 0.999997
v -7.865452 -1.580000 0.999997
v -8.055452 -0.579999 0.999997
v -7.645453 -1.259999 0.999997
v -8.045451 -1.769999 0.999997
v -8.205452 -0.920000 0.999997
v -8.135453 -1.859999 0.999997
v -8.255452 1.000001 0.999997
v -8.285453 1.040000 0.999997
v -8.375453 -1.169999 0.999997
v -8.235453 -1.949999 0.999997
v -8.365452 -1.159999 0.999997
v -8.125452 0.760001 0.999997
v -8.145452 0.810001 0.999997
v -10.585452 2.370001 0.999997
v -9.465453 -9.619998 0.999997
v -10.585452 1.670000 0.999997
v -10.575452 1.680001 0.999997
v -10.565453 1.680001 0.999997
v -10.005453 1.830000 0.999997
v -10.475452 1.720002 0.999997
v -10.555452 1.690001 0.999997
v -10.475452 -1.729998 0.999997
v -8.095451 0.680000 0.999997
v -8.235453 1.939999 0.999997
v -7.975452 -0.270001 0.999997
v -7.785453 -1.469999 0.999997
v -7.975452 -0.200000 0.999997
v -8.115452 0.740000 0.999997
v -8.115452 0.750000 0.999997
v -7.715452 -1.369999 0.999997
v -7.965454 -0.029999 0.999997
v -7.955452 0.000000 0.999997
v -7.965454 -0.019999 0.999997
v -7.965454 0.090000 0.999997
v -7.975452 0.190000 0.999997
v -7.965454 0.100000 0.999997
v -12.095452 -1.020000 0.999997
v -12.305452 0.129999 0.999997
v -12.145452 -0.900000 0.999997
v -12.255452 0.510001 0.999997
v -11.905452 -1.369999 0.999997
v -12.225452 0.640000 0.999997
v -7.985453 -0.289999 0.999997
v -11.975452 -1.259999 0.999997
v -12.315452 0.000000 0.999997
v -12.275453 0.390000 0.999997
v -11.835452 -1.469999 0.999997
v -8.815452 1.550001 0.999997
v -8.915452 2.329999 0.999997
v -8.885452 1.600001 0.999997
v -8.795452 -2.289999 0.999997
v -8.765451 1.520002 0.999997
v -8.785451 1.540000 0.999997
v -8.975452 -1.650001 0.999997
v -9.555451 1.830000 0.999997
v -9.535452 1.820001 0.999997
v -9.435452 1.810002 0.999997
v -9.445452 1.810002 0.999997
v -8.895452 1.600001 0.999997
v -8.975452 1.640000 0.999997
v -8.985453 1.650001 0.999997
v -9.155452 1.730000 0.999997
v -8.515451 1.309999 0.999997
v -8.675453 2.220000 0.999997
v -8.535453 1.330000 0.999997
v -8.795452 2.280001 0.999997
v -9.145452 1.720002 0.999997
v -8.805452 -1.559999 0.999997
v -8.635452 1.420002 0.999997
v -8.645452 1.430000 0.999997
v -8.375453 -1.179999 0.999997
v -8.345452 -2.029998 0.999997
v -8.315452 -1.090000 0.999997
v -8.285453 -1.049998 0.999997
v -8.265452 -1.030000 0.999997
v -8.265452 -1.020000 0.999997
v -8.255452 -1.009999 0.999997
v -8.205452 -0.930000 0.999997
v -8.185452 -0.879999 0.999997
v -8.165452 -0.840000 0.999997
v -8.115452 -0.760001 0.999997
v -8.435452 -1.239998 0.999997
v -8.475453 -1.290000 0.999997
v -8.445453 -2.099999 0.999997
v -8.435452 1.230000 0.999997
v -8.465452 -1.269999 0.999997
v -8.495453 -1.299999 0.999997
v -8.645452 -1.439998 0.999997
v -8.585453 -1.390000 0.999997
v -8.675453 -1.459999 0.999997
v -8.575453 -1.380000 0.999997
v -9.295452 1.770000 0.999997
v -9.255452 1.760000 0.999997
v -9.235453 1.750001 0.999997
v -8.795452 1.540000 0.999997
v -8.725453 -1.499999 0.999997
v -8.715452 -1.490000 0.999997
v -8.725453 1.490001 0.999997
v -9.345453 1.780001 0.999997
v -9.335452 1.780001 0.999997
v -9.305451 1.780001 0.999997
v -8.565452 -1.369999 0.999997
v -8.495453 1.290001 0.999997
v -8.585453 1.380000 0.999997
v -8.505452 -1.309999 0.999997
v -8.575453 1.370000 0.999997
v -8.165452 0.830002 0.999997
v -8.205452 0.910001 0.999997
v -8.155453 -0.830000 0.999997
v -8.125452 -0.760001 0.999997
v -8.255452 -1.000000 0.999997
v -8.655454 1.440000 0.999997
v -8.665452 1.440000 0.999997
v -8.805452 1.550001 0.999997
v -8.915452 1.609999 0.999997
v -8.955452 1.640000 0.999997
v -9.575453 1.830000 0.999997
v -9.615452 1.830000 0.999997
v -9.525451 -1.829998 0.999997
v -9.525451 1.820001 0.999997
v -8.885452 -1.610000 0.999997
v -8.815452 -1.559999 0.999997
v -12.035452 -1.139998 0.999997
v -12.295452 0.260000 0.999997
v -12.185452 -0.779999 0.999997
v -12.305452 -0.140000 0.999997
v -12.225452 -0.649998 0.999997
v -12.295452 -0.270001 0.999997
v -12.255452 -0.519999 0.999997
v -12.275453 -0.400000 0.999997
v -8.025452 -0.469999 0.999997
v -8.005452 -0.389999 0.999997
v -8.045451 -0.560001 0.999997
v -8.035453 -0.519999 0.999997
v -8.055452 0.570001 0.999997
v -8.055452 0.580000 0.999997
v -8.025452 -0.479999 0.999997
v -7.995451 -0.379999 0.999997
v -7.995451 -0.360001 0.999997
v -7.985453 -0.279999 0.999997
v -7.965454 -0.100000 0.999997
v -7.965454 -0.189999 0.999997
v -7.965454 0.010001 0.999997
v -7.985453 0.280000 0.999997
v -7.975452 0.200001 0.999997
v -7.995451 0.370001 0.999997
v -8.075452 -0.660001 0.999997
v -8.005452 0.380000 0.999997
v -8.005452 0.390000 0.999997
v -8.025452 0.470001 0.999997
v -8.045451 0.550000 0.999997
v -8.085453 0.660001 0.999997
v -8.205452 0.919999 0.999997
v -8.215452 0.930002 0.999997
v -8.325452 1.090001 0.999997
v -8.375453 1.160001 0.999997
v -8.085453 -0.669999 0.999997
v -10.095451 1.820001 0.999997
v -10.085453 -1.829998 0.999997
v -11.535453 0.660001 0.999997
v -11.655452 0.000000 0.999997
v -11.535453 -0.679999 0.999997
v -11.655452 -0.110000 0.999997
v -11.975452 1.249999 0.999997
v -11.645452 0.190000 0.999997
v -11.405452 -0.940000 0.999997
v -11.585452 0.510001 0.999997
v -11.125452 -1.299999 0.999997
v -11.115452 -1.309999 0.999997
v -11.295452 -1.099999 0.999997
v -11.315452 -1.079999 0.999997
v -11.115452 1.300001 0.999997
v -11.185452 -1.239998 0.999997
v -11.125452 1.290001 0.999997
v -11.305452 -1.090000 0.999997
v -11.035452 -1.390000 0.999997
v -10.985452 -1.430000 0.999997
v -10.965452 -1.450001 0.999997
v -10.975452 -1.439998 0.999997
v -10.855452 -1.530000 0.999997
v -10.895452 1.490001 0.999997
v -10.665452 -1.650001 0.999997
v -10.625452 -1.669999 0.999997
v -10.385452 -1.759999 0.999997
v -10.285453 1.780001 0.999997
v -10.555452 -1.699999 0.999997
v -10.445452 -1.739998 0.999997
v -10.225452 1.800001 0.999997
v -10.185452 -1.820000 0.999997
v -10.565453 -1.699999 0.999997
v -10.575452 -1.689999 0.999997
v -10.745453 1.590001 0.999997
v -10.815453 1.550001 0.999997
v -9.905453 -1.849999 0.999997
v -9.705452 -1.849999 0.999997
v -21.975451 -8.749999 0.999997
v -21.385450 -11.949999 0.999997
v -21.905451 -8.639999 0.999997
v -22.095451 -8.989999 0.999997
v -21.575451 -11.769999 0.999997
v -22.035452 -8.870000 0.999997
v -22.225451 -9.360000 0.999997
v -21.485451 -11.859999 0.999997
v -21.655451 -10.099999 0.999997
v -21.655451 -10.019999 0.999997
v -21.635450 -10.289998 0.999997
v -21.365452 -11.009999 0.999997
v -21.175451 -12.099998 0.999997
v -21.335451 -11.049998 0.999997
v -21.475451 -10.819999 0.999997
v -21.275452 -12.029999 0.999997
v -21.465452 -10.829999 0.999997
v -21.655451 -9.919999 0.999997
v -21.835451 -8.539999 0.999997
v -21.655451 -9.979999 0.999997
v -21.655451 -10.009998 0.999997
v -21.115452 -11.319999 0.999997
v -21.635450 -9.729999 0.999997
v -21.645452 -9.739999 0.999997
v -21.755451 -8.429999 0.999997
v -21.565451 -9.429999 0.999997
v -21.625452 -9.649999 0.999997
v -21.565451 -10.579999 0.999997
v -21.565451 -10.589998 0.999997
v -21.585451 -9.489999 0.999997
v -21.655451 -10.109999 0.999997
v -0.655451 -7.590000 0.999997
v -0.775452 -7.629998 0.999997
v -0.655451 -8.269999 0.999997
v -21.495453 -9.249998 0.999997
v -21.505451 -9.259998 0.999997
v -20.885450 -8.499999 0.999997
v -20.895451 -8.509998 0.999997
v -20.825451 -12.289999 0.999997
v -20.985451 -11.429999 0.999997
v -20.895451 -11.499999 0.999997
v -20.955452 -11.449999 0.999997
v -0.385452 -11.809999 0.999997
v -20.815453 -11.559999 0.999997
v -20.735451 -11.609999 0.999997
v -20.805452 -11.559999 0.999997
v -20.585451 -12.379998 0.999997
v -20.725452 -11.609999 0.999997
v -20.705452 -11.619999 0.999997
v -20.555452 -11.699999 0.999997
v -20.475452 -11.730000 0.999997
v -20.645451 -8.359999 0.999997
v -20.665451 -8.359999 0.999997
v -20.085451 -11.829999 0.999997
v -20.065453 -11.839998 0.999997
v -20.465452 -11.739998 0.999997
v -20.195452 -11.809999 0.999997
v -19.945452 -12.499999 0.999997
v -20.045452 -11.839998 0.999997
v -19.945452 -7.509999 0.999997
v -19.825453 -8.160000 0.999997
v -19.795452 -11.849998 0.999997
v -19.815451 -11.849998 0.999997
v -19.665451 -11.849998 0.999997
v -19.545452 -12.489999 0.999997
v -19.655451 -11.849998 0.999997
v -18.665451 -8.559999 0.999997
v -21.245451 -8.839999 0.999997
v -21.255451 -8.850000 0.999997
v -19.675451 -12.499999 0.999997
v -19.425451 -11.809999 0.999997
v -19.545452 -7.519999 0.999997
v -19.675451 -7.509999 0.999997
v -19.555450 -8.169998 0.999997
v -19.535452 -11.829999 0.999997
v -19.525452 -11.829999 0.999997
v -19.035452 -11.679999 0.999997
v -19.045452 -11.689999 0.999997
v -19.035452 -12.379998 0.999997
v -20.085451 -8.179999 0.999997
v -19.435452 -8.189998 0.999997
v -19.445452 -8.189998 0.999997
v -20.195452 -8.199999 0.999997
v -19.995451 -8.160000 0.999997
v -20.005451 -8.169998 0.999997
v -19.815451 -8.149999 0.999997
v -19.685452 -8.160000 0.999997
v -19.615452 -11.839998 7.989996
v -19.705452 -8.160000 0.999997
v -19.615452 -8.169998 0.999997
v -19.625452 -8.160000 0.999997
v -18.725452 -8.509998 0.999997
v -18.765451 -8.480000 0.999997
v -18.885452 -8.399999 0.999997
v -19.045452 -8.319999 0.999997
v -19.165451 -7.590000 0.999997
v -19.055452 -8.309999 0.999997
v -19.145452 -8.280000 0.999997
v -19.155451 -8.269999 0.999997
v -19.165451 -12.419999 0.999997
v -19.155451 -11.739998 0.999997
v -18.975452 -11.649999 0.999997
v -18.915451 -12.339999 0.999997
v -18.915451 -11.619999 0.999997
v -19.295452 -12.449999 0.999997
v -19.395452 -11.809999 0.999997
v -19.015451 -11.679999 0.999997
v -19.415451 -7.539999 0.999997
v -19.295452 -8.230000 0.999997
v -18.795452 -12.289999 0.999997
v -19.425451 -8.199999 0.999997
v -19.345451 -8.219998 0.999997
v -19.305450 -8.219998 0.999997
v -19.335451 -8.219998 0.999997
v -18.565451 -11.369999 0.999997
v -18.445452 -12.099998 0.999997
v -18.505451 -11.309999 0.999997
v -18.585451 -11.389998 0.999997
v -18.675453 -12.229999 0.999997
v -18.495453 -11.299999 0.999997
v -18.495453 -8.709998 0.999997
v -18.375452 -11.179998 0.999997
v -18.235451 -11.949999 0.999997
v -18.375452 -11.169999 0.999997
v -22.095451 -11.020000 0.999997
v -22.305450 -9.869999 0.999997
v -22.145452 -10.899999 0.999997
v -18.365452 -11.159999 0.999997
v -18.345451 -12.029999 0.999997
v -18.475451 -11.289999 0.999997
v -18.205452 -9.079999 0.999997
v -18.215452 -9.070000 0.999997
v -22.295452 -9.739999 0.999997
v -22.035452 -11.139998 0.999997
v -22.275452 -9.610000 0.999997
v -22.255451 -10.519999 0.999997
v -22.295452 -10.269999 0.999997
v -22.275452 -10.399999 0.999997
v -22.225451 -10.649999 0.999997
v -22.305450 -10.139999 0.999997
v -22.255451 -9.489999 0.999997
v -21.905451 -11.369999 0.999997
v -22.185452 -10.779999 0.999997
v -22.305450 -10.009998 0.999997
v -21.975451 -11.259998 0.999997
v -19.285452 -11.779999 0.999997
v -19.335451 -11.789998 0.999997
v -18.895452 -11.619999 0.999997
v -18.805452 -11.559999 0.999997
v -18.955452 -11.649999 0.999997
v -19.225452 -11.759999 0.999997
v -19.235453 -11.759999 0.999997
v -19.235453 -8.249999 0.999997
v -19.145452 -11.730000 0.999997
v -19.055452 -11.689999 0.999997
v -19.135452 -11.730000 0.999997
v -19.065451 -8.309999 0.999997
v -18.885452 -11.609999 0.999997
v -18.815451 -11.559999 0.999997
v -18.805452 -8.449999 0.999997
v -18.785450 -11.539998 0.999997
v -18.795452 -11.549999 0.999997
v -18.815451 -8.449999 0.999997
v -19.535452 -8.179999 0.999997
v -19.505451 -11.829999 0.999997
v -19.605452 -11.839998 0.999997
v -19.525452 -8.179999 0.999997
v -19.615452 -11.839998 0.999997
v -19.575453 -8.169998 0.999997
v -19.265451 -11.769999 0.999997
v -19.245451 -11.769999 0.999997
v -21.195450 -8.780000 0.999997
v -21.215452 -11.209999 0.999997
v -21.065453 -12.169999 0.999997
v -21.185452 -11.239999 0.999997
v -21.295450 -11.099998 0.999997
v -21.245451 -11.169999 0.999997
v -21.415451 -10.929999 0.999997
v -21.375452 -10.979999 0.999997
v -21.405453 -10.940000 0.999997
v -21.455452 -10.859999 0.999997
v -21.415451 -9.079999 0.999997
v -21.455452 -10.839999 0.999997
v -21.645452 -10.200000 0.999997
v -21.595451 -10.480000 0.999997
v -21.635450 -10.280000 0.999997
v -21.635450 -10.309999 0.999997
v -21.615452 -10.389998 0.999997
v -21.595451 -10.469998 0.999997
v -21.595451 -10.499999 0.999997
v -21.535450 -10.679999 0.999997
v -21.525452 -10.689998 0.999997
v -21.535450 -10.669999 0.999997
v -21.495453 -10.759999 0.999997
v -21.545452 -9.349998 0.999997
v -21.435452 -9.129999 0.999997
v -21.455452 -9.169999 0.999997
v -21.315451 -11.079998 0.999997
v -18.045452 -8.239998 0.999997
v -21.305452 -11.089998 0.999997
v -21.305452 -8.919999 0.999997
v -21.235451 -11.179998 0.999997
v -21.125452 -11.299999 0.999997
v -21.115452 -11.309999 0.999997
v -20.225452 -8.199999 0.999997
v -20.185452 -11.819998 0.999997
v -20.385452 -11.759999 0.999997
v -20.445452 -11.739998 0.999997
v -18.265451 -11.020000 0.999997
v -18.315451 -11.089998 0.999997
v -18.115452 -9.259998 0.999997
v -18.115452 -9.249998 0.999997
v -18.385450 -11.179998 0.999997
v -18.435452 -11.239999 0.999997
v -18.465452 -11.270000 0.999997
v -18.575451 -11.379998 0.999997
v -18.645452 -11.439999 0.999997
v -19.245451 -8.239998 0.999997
v -19.705452 -11.849998 0.999997
v -19.785452 -11.849998 0.999997
v -19.895451 -11.849998 0.999997
v -19.835451 -8.160000 0.999997
v -19.905451 -8.160000 0.999997
v -19.995451 -11.849998 0.999997
v -20.015451 -8.169998 0.999997
v -20.095451 -8.179999 0.999997
v -20.115452 -8.179999 0.999997
v -19.715450 -11.849998 0.999997
v -19.905451 -11.849998 0.999997
v -20.005451 -11.839998 0.999997
v -20.565453 -11.689999 0.999997
v -20.665451 -11.649999 0.999997
v -20.645451 -11.649999 0.999997
v -20.825451 -11.549999 0.999997
v -20.975451 -11.439999 0.999997
v -20.965452 -11.449999 0.999997
v -21.045450 -11.379998 0.999997
v -21.035452 -11.389998 0.999997
v -21.465452 -9.179999 0.999997
v -21.595451 -9.509999 0.999997
v -21.595451 -9.529999 0.999997
v -21.595451 -9.540000 0.999997
v -21.615452 -9.619998 0.999997
v -21.625452 -9.629999 0.999997
v -21.645452 -9.809999 0.999997
v -21.635450 -9.719997 0.999997
v -21.655451 -9.899998 0.999997
v -21.655451 -9.909999 0.999997
v -21.665451 -11.679999 0.999997
v -22.145452 -9.109999 0.999997
v -18.155453 -10.829999 0.999997
v -18.125452 -10.759999 0.999997
v 1.044546 -8.480000 0.999997
v 1.014546 -7.719999 0.999997
v -18.515451 -8.689999 0.999997
v -20.975451 -8.570000 0.999997
v -18.625450 -19.169998 0.999997
v -21.125452 -8.709998 0.999997
v -21.115452 -8.699999 0.999997
v -21.355452 -8.979998 0.999997
v -17.365452 -9.489999 0.999997
v 1.564547 -8.059999 0.999997
v 2.094546 -11.369999 0.999997
v 2.274548 -11.020000 0.999997
v 1.854547 -8.330000 0.999997
v 2.014548 -11.469999 0.999997
v 1.814548 -10.359999 0.999997
v 1.934546 -11.580000 0.999997
v 1.754547 -10.579999 0.999997
v 1.854547 -11.679999 0.999997
v 1.434546 -11.169999 0.999997
v 1.564547 -11.949999 0.999997
v 1.444546 -11.159999 0.999997
v -2.285453 -11.020000 0.999997
v -2.335453 -10.899999 0.999997
v 1.824546 -9.719997 0.999997
v 1.764547 -11.769999 0.999997
v 1.604546 -10.919998 0.999997
v 1.664547 -11.859999 0.999997
v 1.724546 -10.659999 0.999997
v 1.514548 -11.049998 0.999997
v 1.544547 -11.009999 0.999997
v 1.594547 -10.929999 0.999997
v 1.464547 -12.029999 0.999997
v 1.324548 -11.289999 0.999997
v 1.354547 -12.099998 0.999997
v -2.445452 -10.519999 0.999997
v 1.684548 -10.759999 0.999997
v 1.694547 -10.749998 0.999997
v 1.134547 -12.229999 0.999997
v 1.004547 -11.559999 0.999997
v 1.014546 -12.289999 0.999997
v 1.224548 -11.389998 0.999997
v 1.244546 -12.169999 0.999997
v 1.234546 -8.629999 0.999997
v 1.134547 -7.779998 0.999997
v 1.224548 -8.620000 0.999997
v 0.924548 -11.609999 0.999997
v 0.644546 -7.590000 0.999997
v 0.774547 -8.330000 0.999997
v 0.764547 -12.379998 0.999997
v 0.894548 -12.339999 0.999997
v 0.774547 -11.679999 0.999997
v 0.884547 -8.389999 0.999997
v 0.844546 -8.359999 0.999997
v 1.154547 -8.559999 0.999997
v 1.144546 -8.559999 0.999997
v 0.644546 -12.419999 0.999997
v 0.644546 -11.739998 0.999997
v -0.185452 -8.160000 0.999997
v -0.195452 -8.169998 0.999997
v 0.384547 -12.469999 0.999997
v 0.514547 -12.449999 0.999997
v 0.394548 -11.809999 0.999997
v 0.124546 -12.499999 0.999997
v 0.254546 -12.489999 0.999997
v 0.134548 -11.849998 0.999997
v 0.514547 -8.230000 0.999997
v 0.384547 -7.539999 0.999997
v 0.494548 -8.219998 0.999997
v 0.004548 -11.849998 0.999997
v 0.024546 -11.849998 0.999997
v -0.135454 -12.499999 0.999997
v -0.005453 -12.509998 0.999997
v -0.125453 -11.849998 0.999997
v -0.105453 -8.160000 0.999997
v -0.135454 -7.509999 0.999997
v 0.124546 -7.509999 0.999997
v -0.005453 -7.499998 0.999997
v 0.114548 -8.160000 0.999997
v -0.195452 -11.839998 0.999997
v -0.185452 -11.849998 0.999997
v -0.405453 -8.199999 0.999997
v -0.385452 -8.199999 0.999997
v -0.745453 -11.699999 0.999997
v -0.665454 -11.730000 0.999997
v -0.505453 -11.789998 0.999997
v -0.295452 -11.829999 0.999997
v -0.285452 -11.829999 0.999997
v -1.015453 -11.559999 0.999997
v -0.925454 -11.609999 0.999997
v -1.005453 -11.559999 0.999997
v -1.325454 -11.299999 0.999997
v -1.255454 -12.169999 0.999997
v -1.315452 -11.309999 0.999997
v -0.905453 -12.339999 0.999997
v -0.895453 -8.389999 0.999997
v -1.025454 -7.719999 0.999997
v -0.915453 -8.389999 0.999997
v 1.464547 -7.980000 0.999997
v 1.714548 -9.320000 0.999997
v -0.755451 -8.309999 0.999997
v -0.765454 -8.319999 0.999997
v 1.624547 -10.879999 0.999997
v 0.564547 -8.249999 0.999997
v 0.554546 -8.239998 0.999997
v 1.804546 -9.629999 0.999997
v 1.844547 -10.029999 0.999997
v 1.804546 -9.619998 0.999997
v 1.824546 -10.289998 0.999997
v 1.804546 -9.610000 0.999997
v 1.784548 -9.529999 0.999997
v 1.784548 -10.469998 0.999997
v 1.804546 -10.389998 0.999997
v 1.754547 -9.449999 0.999997
v 1.754547 -9.429999 0.999997
v 1.754547 -9.419999 0.999997
v 1.724546 -9.339999 0.999997
v 1.704546 -10.719998 0.999997
v 1.824546 -10.280000 0.999997
v 1.824546 -10.269999 0.999997
v 0.994548 -11.559999 0.999997
v 1.554547 -10.999998 0.999997
v 1.694547 -9.259998 0.999997
v 1.684548 -9.249998 0.999997
v 1.684548 -9.239999 0.999997
v 1.654547 -9.189999 0.999997
v 1.594547 -9.079999 0.999997
v 1.594547 -9.070000 0.999997
v 1.304547 -8.689999 0.999997
v 1.244546 -7.840000 0.999997
v 1.724546 -10.669999 0.999997
v 1.784548 -10.480000 0.999997
v 1.014546 -8.459998 0.999997
v 1.564547 -9.029998 0.999997
v 1.304547 -8.699999 0.999997
v 1.314548 -8.709998 0.999997
v 1.424547 -8.829999 0.999997
v 1.394548 -8.799998 0.999997
v 1.434546 -8.839999 0.999997
v 1.354547 -7.909999 0.999997
v 1.544547 -8.999999 0.999997
v 1.524547 -8.959998 0.999997
v 1.494547 -8.929997 0.999997
v 1.484548 -8.909998 0.999997
v 1.494547 -8.919999 0.999997
v 1.534546 -11.029998 0.999997
v 1.274547 -8.670000 0.999997
v 1.024548 -11.539998 0.999997
v 1.084548 -11.499999 0.999997
v 1.234546 -11.379998 0.999997
v 1.244546 -11.369999 0.999997
v 1.174547 -8.579999 0.999997
v 1.154547 -8.570000 0.999997
v 1.544547 -11.020000 0.999997
v 1.424547 -11.179998 0.999997
v 0.924548 -8.399999 0.999997
v 1.134547 -11.459998 0.999997
v 1.154547 -11.439999 0.999997
v 0.754546 -8.319999 0.999997
v 0.744546 -8.309999 0.999997
v 0.734547 -8.309999 0.999997
v 0.654546 -8.280000 0.999997
v 1.114546 -11.480000 0.999997
v 1.014546 -11.549999 0.999997
v 1.084548 -8.509998 0.999997
v 0.904548 -11.619999 0.999997
v 0.254546 -7.519999 0.999997
v 0.384547 -8.199999 0.999997
v 0.364547 -8.189998 0.999997
v 0.414547 -11.809999 0.999997
v -0.585452 -8.249999 0.999997
v 0.524546 -11.779999 0.999997
v 0.574547 -11.759999 0.999997
v 0.574547 -8.249999 0.999997
v -0.545453 -8.239998 0.999997
v -0.565454 -8.239998 0.999997
v -0.425452 -8.199999 0.999997
v -0.525452 -7.559999 0.999997
v -0.485452 -8.219998 0.999997
v 0.564547 -11.759999 0.999997
v 0.474547 -8.219998 0.999997
v 0.544546 -11.769999 0.999997
v 0.464547 -8.219998 0.999997
v 0.474547 -11.789998 0.999997
v 0.244547 -8.169998 0.999997
v 0.184547 -11.839998 0.999997
v 0.204548 -11.839998 0.999997
v 0.654546 -11.730000 0.999997
v 0.664547 -11.730000 0.999997
v 0.264547 -11.829999 0.999997
v 0.174547 -8.160000 0.999997
v 0.234548 -8.169998 0.999997
v 0.184547 -8.169998 0.999997
v 0.104548 -11.849998 0.999997
v -0.665454 -8.280000 0.999997
v 0.154546 -11.849998 0.999997
v 0.554546 -11.769999 0.999997
v 0.284547 -11.829999 0.999997
v 0.294547 -11.829999 0.999997
v 0.284547 -8.179999 0.999997
v 0.384547 -11.809999 0.999997
v -0.535454 -8.230000 0.999997
v -0.275453 -8.179999 0.999997
v -0.215453 -8.169998 0.999997
v -0.005453 -11.849998 0.999997
v -0.085452 -11.849998 0.999997
v -0.035454 -8.160000 0.999997
v -0.015453 -8.160000 0.999997
v -0.005453 -8.149999 0.999997
v 0.094547 -8.160000 0.999997
v 0.004548 -8.160000 0.999997
v -0.255452 -11.839998 0.999997
v -0.105453 -11.849998 0.999997
v -0.375452 -11.819998 0.999997
v -0.405453 -11.809999 0.999997
v -0.575452 -8.249999 0.999997
v -0.245453 -11.839998 0.999997
v -0.675452 -8.280000 0.999997
v -0.745453 -8.309999 0.999997
v 0.094547 -11.849998 0.999997
v 0.184547 -11.839998 7.989996
v -0.575452 -11.759999 0.999997
v -0.565454 -11.769999 0.999997
v 0.834547 -8.359999 0.999997
v 0.784547 -11.679999 0.999997
v 0.824548 -8.349998 0.999997
v 0.274547 -8.179999 0.999997
v 0.744546 -11.689999 0.999997
v 0.884547 -11.619999 0.999997
v 0.754546 -11.689999 0.999997
v 0.834547 -11.649999 0.999997
v 0.844546 -11.649999 0.999997
v 1.094548 -11.489999 0.999997
v 1.314548 -11.299999 0.999997
v 1.304547 -11.309999 0.999997
v 1.344546 -11.270000 0.999997
v 1.374547 -11.239999 7.989996
v 1.374547 -11.239999 0.999997
v -0.845452 -8.359999 0.999997
v -0.855451 -8.359999 0.999997
v 0.994548 -8.449999 0.999997
v 1.004547 -8.449999 0.999997
v 1.494547 -11.089998 0.999997
v 1.604546 -9.089999 0.999997
v 1.644547 -10.839999 0.999997
v 1.644547 -9.169999 0.999997
v 1.644547 -10.829999 0.999997
v 1.294548 -8.689999 0.999997
v 1.374547 -8.770000 0.999997
v 1.774548 -10.519999 0.999997
v 1.754547 -10.559999 0.999997
v 1.804546 -10.379999 0.999997
v 1.844547 -10.099999 0.999997
v 1.834546 -10.200000 0.999997
v 1.834546 -10.189999 0.999997
v 1.844547 -10.019999 0.999997
v 1.844547 -10.009998 0.999997
v 1.844547 -9.909999 0.999997
v 1.844547 -9.989999 0.999997
v 1.834546 -9.799998 0.999997
v 1.844547 -9.899998 0.999997
v 1.834546 -9.809999 0.999997
v 2.324546 -10.899999 0.999997
v 1.934546 -8.429999 0.999997
v 2.374548 -10.779999 0.999997
v 2.014548 -8.539999 0.999997
v 2.494545 -10.139999 0.999997
v 2.274548 -8.989999 0.999997
v 2.484547 -10.269999 0.999997
v 2.224546 -8.870000 0.999997
v 2.444547 -9.489999 0.999997
v 2.484547 -9.739999 0.999997
v 2.464548 -9.610000 0.999997
v 2.324546 -9.109999 0.999997
v -1.675452 -8.149999 0.999997
v -1.525453 -8.959998 0.999997
v -1.575452 -8.059999 0.999997
v -1.635452 -9.129999 0.999997
v -1.775452 -8.239998 0.999997
v -1.655452 -9.169999 0.999997
v -1.945454 -8.429999 0.999997
v -1.765452 -9.429999 0.999997
v -1.865452 -8.330000 0.999997
v -1.695453 -9.259998 0.999997
v -1.715454 -9.289999 0.999997
v -1.615454 -9.089999 0.999997
v -1.945454 -11.580000 0.999997
v -2.335453 -9.109999 0.999997
v -1.545451 -8.979998 0.999997
v -1.605453 -9.079999 0.999997
v -1.435453 -8.829999 0.999997
v -1.475452 -7.980000 0.999997
v -1.445451 -8.850000 0.999997
v -1.455454 -8.850000 0.999997
v -1.235453 -11.389998 0.999997
v -1.355454 -8.739999 0.999997
v -1.375452 -8.770000 0.999997
v -1.335453 -8.719999 0.999997
v -1.365452 -7.909999 0.999997
v -1.235453 -8.620000 0.999997
v -1.245451 -8.629999 0.999997
v -1.255454 -8.639999 0.999997
v -1.145452 -8.549999 0.999997
v -1.155454 -8.559999 0.999997
v -1.035453 -8.469998 0.999997
v -1.085452 -8.499999 0.999997
v -1.095453 -8.509998 0.999997
v -1.155454 -11.449999 0.999997
v -1.025454 -12.289999 0.999997
v -1.095453 -11.499999 0.999997
v -0.845452 -11.649999 0.999997
v -0.815453 -11.669999 0.999997
v -0.915453 -11.609999 0.999997
v -0.895453 -11.619999 0.999997
v -1.015453 -8.449999 0.999997
v -0.855451 -11.649999 0.999997
v -1.305453 -11.319999 0.999997
v -1.285453 -11.339998 0.999997
v -1.165452 -11.439999 0.999997
v -1.025454 -11.549999 0.999997
v -1.165452 -8.570000 0.999997
v -1.375452 -11.239999 0.999997
v -1.445451 -11.169999 0.999997
v -1.365452 -12.099998 0.999997
v -1.435453 -11.169999 0.999997
v -1.435453 -11.179998 0.999997
v -1.405453 -11.209999 0.999997
v -1.865452 -11.679999 0.999997
v -1.575452 -10.979999 0.999997
v -1.555452 -11.009999 0.999997
v -1.535452 -11.049998 0.999997
v -1.645454 -10.859999 0.999997
v -1.475452 -12.029999 0.999997
v -1.605453 -10.929999 0.999997
v -1.505453 -11.079998 0.999997
v -1.495453 -11.099998 0.999997
v -1.505453 -8.919999 0.999997
v -1.505453 -8.929997 0.999997
v -1.795453 -9.529999 0.999997
v -1.795453 -9.540000 0.999997
v -1.655452 -9.179999 0.999997
v -1.695453 -9.249998 0.999997
v -1.835451 -9.739999 0.999997
v -2.025453 -8.539999 0.999997
v -1.845454 -9.809999 0.999997
v -2.285453 -8.989999 0.999997
v 2.414546 -9.360000 0.999997
v 2.494545 -10.009998 0.999997
v 2.374548 -9.230000 0.999997
v 2.494545 -9.869999 0.999997
v -1.835451 -9.729999 0.999997
v -1.815454 -9.629999 0.999997
v -1.825453 -9.649999 0.999997
v -2.105454 -8.639999 0.999997
v -1.855452 -9.979999 0.999997
v -1.855452 -9.919999 0.999997
v -1.835451 -9.719997 0.999997
v -1.855452 -9.909999 0.999997
v -1.855452 -10.109999 0.999997
v -1.855452 -10.099999 0.999997
v -1.855452 -9.899998 0.999997
v -2.105454 -11.369999 0.999997
v -2.445452 -9.489999 0.999997
v -1.855452 -10.009998 0.999997
v -1.575452 -11.949999 0.999997
v -1.725453 -10.689998 0.999997
v -1.695453 -10.759999 0.999997
v -1.785453 -10.499999 0.999997
v -1.765452 -10.579999 0.999997
v -1.795453 -10.480000 0.999997
v -1.765452 -10.589998 0.999997
v -1.815454 -9.619998 0.999997
v -1.835451 -10.289998 0.999997
v -1.815454 -10.389998 0.999997
v -1.825453 -10.309999 0.999997
v -1.655452 -10.829999 0.999997
v -1.655452 -10.839999 0.999997
v -1.775452 -11.769999 0.999997
v -1.665452 -10.819999 0.999997
v -1.845454 -10.200000 0.999997
v -1.735451 -10.669999 0.999997
v -1.735451 -9.339999 0.999997
v -1.735451 -9.349998 0.999997
v -1.725453 -10.679999 0.999997
v -1.795453 -10.469998 0.999997
v -1.835451 -10.280000 0.999997
v -1.855452 -10.019999 0.999997
v -1.785453 -9.489999 0.999997
v -1.785453 -9.509999 0.999997
v -1.505453 -11.089998 0.999997
v -1.605453 -10.940000 0.999997
v -1.565452 -9.009998 0.999997
v -1.055454 -11.530000 0.999997
v -0.925454 -8.399999 0.999997
v -0.935453 -8.409999 0.999997
v -0.835453 -11.659999 0.999997
v -0.765454 -11.689999 0.999997
v -0.755451 -11.689999 0.999997
v -1.325454 -8.709998 0.999997
v -1.315452 -8.699999 0.999997
v -1.385453 -8.780000 0.999997
v -1.445451 -8.839999 0.999997
v -1.555452 -8.999999 0.999997
v 2.464548 -10.399999 0.999997
v 2.164546 -8.749999 0.999997
v -0.635454 -11.739998 0.999997
v -0.485452 -11.789998 0.999997
v -0.655451 -11.739998 0.999997
v -2.455452 -9.499998 0.999997
v -2.455452 -9.540000 0.999997
v -10.355452 -18.240000 0.999997
v -8.495453 -21.299999 0.999997
v -8.465452 -21.269999 0.999997
v -18.045452 -10.559999 0.999997
v -18.085451 -10.669999 0.999997
v -18.055452 -9.419999 0.999997
v -18.255451 -8.999999 0.999997
v -18.305452 -8.929997 0.999997
v -18.285452 -8.959998 0.999997
v -18.025452 -10.480000 0.999997
v -8.955452 -21.649998 0.999997
v -9.045452 -21.689999 0.999997
v -9.055451 -21.689999 0.999997
v -9.135452 -21.729998 0.999997
v -9.605452 -21.839998 0.999997
v -8.715452 -21.489998 0.999997
v -9.225452 -21.759998 0.999997
v -8.795452 -18.459999 0.999997
v -8.265452 -21.019999 0.999997
v -8.265452 -21.029999 0.999997
v -8.665452 -18.559998 0.999997
v -8.815452 -18.449999 0.999997
v -8.805452 -18.449999 0.999997
v -8.435452 -18.769999 0.999997
v -8.375453 -21.169998 0.999997
v -8.435452 -21.239998 0.999997
v -10.215452 -18.199999 0.999997
v -8.155453 -20.829998 0.999997
v -8.515451 -18.689999 0.999997
v -10.395452 -18.249998 0.999997
v -10.205452 -21.809998 0.999997
v -10.365453 -18.240000 0.999997
v -10.385452 -18.249998 0.999997
v -9.905453 -18.159998 0.999997
v -10.555452 -18.309998 0.999997
v -9.815452 -21.849998 0.999997
v -9.715452 -21.849998 0.999997
v -9.615452 -21.839998 0.999997
v -9.395453 -21.809998 0.999997
v -9.425451 -21.809998 0.999997
v -9.505451 -21.829998 0.999997
v -10.385452 -21.759998 0.999997
v -10.225452 -18.199999 0.999997
v -9.835452 -18.159998 0.999997
v -12.035452 -21.139997 0.999997
v -12.295452 -19.739998 0.999997
v -12.185452 -20.779999 0.999997
v -12.305452 -20.139997 0.999997
v -12.225452 -20.650000 0.999997
v -12.295452 -20.269999 0.999997
v -12.255452 -20.519999 0.999997
v -12.275453 -20.399998 0.999997
v -7.995451 -20.359997 0.999997
v -7.965454 -20.099998 0.999997
v -7.975452 -20.199997 0.999997
v -7.965454 -20.189999 0.999997
v -8.005452 -20.389997 0.999997
v -8.055452 -19.429998 0.999997
v -8.055452 -19.419998 0.999997
v -7.995451 -20.379997 0.999997
v -8.085453 -20.669998 0.999997
v -8.315452 -18.920000 0.999997
v -8.325452 -18.909998 0.999997
v -8.215452 -19.070000 0.999997
v -7.965454 -19.989998 0.999997
v -7.985453 -19.719999 0.999997
v -7.975452 -19.799997 0.999997
v -7.995451 -19.629999 0.999997
v -8.005452 -19.619999 0.999997
v -8.005452 -19.609997 0.999997
v -8.025452 -19.529999 0.999997
v -8.045451 -19.439999 0.999997
v -10.445452 -21.739998 0.999997
v -10.285453 -21.789999 0.999997
v -10.465452 -21.739998 0.999997
v -11.975452 -18.759998 0.999997
v -11.645452 -19.809998 0.999997
v -11.635452 -19.719999 0.999997
v -11.655452 -19.899998 0.999997
v -11.655452 -19.909998 0.999997
v -9.385452 -9.610000 0.999997
v -9.315453 -9.610000 0.999997
v -9.465453 -9.610000 0.999997
v -9.455452 -9.610000 0.999997
v -20.635450 -11.659999 0.999997
v -20.625452 -11.669999 0.999997
v -11.655452 -20.099998 7.989996
v -19.565451 -18.079998 7.989996
v -19.655451 -17.599998 7.989996
v -19.595451 -17.979998 7.989996
v -18.205452 -10.929999 7.989996
v -18.645452 -8.570000 7.989996
v -18.255451 -11.009999 7.989996
v -19.505451 -18.259998 7.989996
v -19.655451 -17.409998 7.989996
v -19.535452 -18.169998 7.989996
v -11.565453 -20.579998 7.989996
v -11.595451 -20.479998 7.989996
v -19.655451 -17.499998 7.989996
v -19.365452 -18.509998 7.989996
v -19.615452 -17.119999 7.989996
v -19.415451 -18.429998 7.989996
v -19.645451 -17.309999 7.989996
v -19.455452 -18.339998 7.989996
v -19.635452 -17.219999 7.989996
v -3.075453 -4.259999 7.989996
v -3.665453 -1.069999 7.989996
v -3.165453 -4.229999 7.989996
v -4.055453 -1.499999 7.989996
v -3.595453 -3.999998 7.989996
v -4.005453 -1.420000 7.989996
v -2.985452 -4.289999 7.989996
v -3.595453 -1.009999 7.989996
v -3.345452 -4.150000 7.989996
v -3.875452 -1.269999 7.989996
v -3.425452 -4.109999 7.989996
v -2.885453 -4.309999 7.989996
v -3.515453 -0.949998 7.989996
v -3.255453 -0.809999 7.989996
v -2.605452 -4.349999 7.989996
v -3.165453 -0.779999 7.989996
v -0.695453 -2.120000 7.989996
v -0.665454 -2.310000 7.989996
v -0.675452 -2.220000 7.989996
v -3.425452 -0.900000 7.989996
v -2.795452 -4.330000 7.989996
v -3.345452 -0.860001 7.989996
v -0.715453 -2.029998 7.989996
v -0.655451 -2.410000 7.989996
v -0.855451 -1.669999 7.989996
v -0.665454 -2.699999 7.989996
v -0.815453 -1.749999 7.989996
v -0.745453 -1.929998 7.989996
v -0.655451 -2.510000 7.989996
v -0.775452 -1.840001 7.989996
v -0.675452 -2.789999 7.989996
v -1.095453 -8.509998 7.989996
v -0.485452 -11.789998 7.989996
v -1.015453 -8.449999 7.989996
v -0.955454 -1.499999 7.989996
v -0.695453 -2.889999 7.989996
v -0.905453 -1.580000 7.989996
v -0.715453 -2.979999 7.989996
v -1.065452 -1.339998 7.989996
v -0.745453 -3.079999 7.989996
v -1.005453 -1.420000 7.989996
v -0.655451 -2.599999 7.989996
v -0.775452 -3.169999 7.989996
v -0.815453 -3.259998 7.989996
v -1.195453 -1.199999 7.989996
v -0.855451 -3.339999 7.989996
v -1.125454 -1.269999 7.989996
v -0.905453 -3.429999 7.989996
v -1.345451 -1.069999 7.989996
v -0.955454 -3.510000 7.989996
v -1.265452 -1.130000 7.989996
v 1.844547 -10.099999 7.989996
v 1.684548 -9.249998 7.989996
v 1.834546 -10.200000 7.989996
v 1.724546 -9.339999 7.989996
v 1.844547 -10.009998 7.989996
v 1.754547 -9.429999 7.989996
v -1.005453 -3.590000 7.989996
v -1.495453 -0.949998 7.989996
v -1.065452 -3.669999 7.989996
v -1.755452 -0.809999 7.989996
v -1.195453 -3.809999 7.989996
v -1.665452 -0.860001 7.989996
v -2.315453 -0.669999 7.989996
v -1.665452 -4.150000 7.989996
v -2.215453 -0.679999 7.989996
v -1.415454 -1.009999 7.989996
v -2.025453 -4.289999 7.989996
v -2.695452 -0.669999 7.989996
v -2.115453 -4.309999 7.989996
v -2.605452 -0.660001 7.989996
v -1.935451 -4.259999 7.989996
v -2.505452 -0.649998 7.989996
v -2.315453 -4.340000 7.989996
v -2.985452 -0.719999 7.989996
v -2.405452 -4.349999 7.989996
v -2.505452 -4.349999 7.989996
v -3.075453 -0.749998 7.989996
v -2.695452 -4.340000 7.989996
v -2.795452 -0.679999 7.989996
v -2.215453 -4.330000 7.989996
v -2.885453 -0.700000 7.989996
v -1.265452 -3.879999 7.989996
v -1.935451 -0.749998 7.989996
v -1.345451 -3.940000 7.989996
v -1.845454 -0.779999 7.989996
v -1.125454 -3.740000 7.989996
v -1.575452 -0.900000 7.989996
v -1.415454 -3.999998 7.989996
v -1.095453 -11.499999 7.989996
v -1.555452 -8.999999 7.989996
v -1.165452 -11.439999 7.989996
v -1.495453 -4.059999 7.989996
v -2.115453 -0.700000 7.989996
v -1.575452 -4.109999 7.989996
v -1.845454 -4.229999 7.989996
v -2.025453 -0.719999 7.989996
v -1.755452 -4.190000 7.989996
v -2.405452 -0.660001 7.989996
v -1.795453 -10.480000 7.989996
v -1.855452 -10.099999 7.989996
v -1.845454 -10.200000 7.989996
v -1.605453 -9.079999 7.989996
v -0.925454 -8.399999 7.989996
v -0.295452 -11.829999 7.989996
v -0.845452 -8.359999 7.989996
v -3.745453 -3.879999 7.989996
v -4.155453 -1.669999 7.989996
v -3.815453 -3.809999 7.989996
v -0.575452 -11.759999 7.989996
v -3.255453 -4.190000 7.989996
v -3.815453 -1.199999 7.989996
v -4.105453 -1.580000 7.989996
v -3.665453 -3.940000 7.989996
v -3.945453 -1.339998 7.989996
v -4.195453 -1.749999 7.989996
v -3.875452 -3.740000 7.989996
v -3.515453 -4.059999 7.989996
v -3.745453 -1.130000 7.989996
v -4.265452 -1.929998 7.989996
v -3.945453 -3.669999 7.989996
v -4.235453 -1.840001 7.989996
v -16.315453 -18.589998 7.989996
v -16.805450 -15.949998 7.989996
v -16.375450 -18.669998 7.989996
v -17.055450 -15.819998 7.989996
v -16.505451 -18.809998 7.989996
v -16.975452 -15.860000 7.989996
v -16.205452 -18.429998 7.989996
v -16.645451 -16.069998 7.989996
v -16.255451 -18.509998 7.989996
v -16.725452 -16.010000 7.989996
v -16.085451 -16.839998 7.989996
v -15.955451 -17.499998 7.989996
v -16.055452 -16.929998 7.989996
v -15.965453 -17.699999 7.989996
v -16.165453 -16.669998 7.989996
v -15.985452 -17.789999 7.989996
v -16.115452 -16.749998 7.989996
v -15.965453 -17.599998 7.989996
v -16.505451 -16.199999 7.989996
v -16.115452 -18.259998 7.989996
v -16.435452 -16.269999 7.989996
v -15.965453 -17.409998 7.989996
v -16.025452 -17.029999 7.989996
v -15.965453 -17.309999 7.989996
v -16.005451 -17.119999 7.989996
v -15.985452 -17.219999 7.989996
v -19.615452 -17.889999 7.989996
v -19.645451 -17.699999 7.989996
v -19.635452 -17.789999 7.989996
v -18.385450 -19.259998 7.989996
v -18.975452 -16.069998 7.989996
v -18.475451 -19.230000 7.989996
v -19.115452 -16.199999 7.989996
v -18.565451 -19.199999 7.989996
v -19.045452 -16.129999 7.989996
v -18.285452 -19.289999 7.989996
v -18.895452 -16.010000 7.989996
v -18.195452 -19.309998 7.989996
v -18.815451 -15.949998 7.989996
v -20.285452 -8.219998 7.989996
v -20.195452 -8.199999 7.989996
v -17.815453 -19.359997 7.989996
v -18.475451 -15.779999 7.989996
v -17.905453 -19.349998 7.989996
v -19.145452 -11.730000 7.989996
v -19.815451 -8.149999 7.989996
v -19.235453 -11.759999 7.989996
v -18.255451 -8.999999 7.989996
v -18.005451 -10.389998 7.989996
v -18.205452 -9.079999 7.989996
v -18.645452 -19.149998 7.989996
v -18.735451 -15.899999 7.989996
v -18.095451 -19.329998 7.989996
v -18.645452 -15.860000 7.989996
v -19.245451 -16.339998 7.989996
v -18.735451 -19.109999 7.989996
v -19.185452 -16.269999 7.989996
v -18.815451 -19.059998 7.989996
v -18.895452 -18.999998 7.989996
v -19.365452 -16.499998 7.989996
v -18.975452 -18.939999 7.989996
v -19.245451 -18.669998 7.989996
v -19.565451 -16.929998 7.989996
v -19.305450 -18.589998 7.989996
v -19.415451 -16.579998 7.989996
v -19.045452 -18.879997 7.989996
v -19.305450 -16.419998 7.989996
v -19.455452 -16.669998 7.989996
v -19.115452 -18.809998 7.989996
v -19.505451 -16.749998 7.989996
v -19.185452 -18.739998 7.989996
v -19.905451 -8.160000 7.989996
v -19.595451 -17.029999 7.989996
v -19.525452 -11.829999 7.989996
v -19.535452 -16.839998 7.989996
v -20.095451 -8.179999 7.989996
v -19.425451 -11.809999 7.989996
v -20.005451 -8.169998 7.989996
v -18.315451 -11.089998 7.989996
v -18.805452 -8.449999 7.989996
v -18.375452 -11.169999 7.989996
v -19.235453 -8.249999 7.989996
v -18.645452 -11.439999 7.989996
v -19.145452 -8.280000 7.989996
v -18.565451 -15.819998 7.989996
v -18.025452 -10.480000 7.989996
v -18.315451 -8.919999 7.989996
v -18.055452 -10.579999 7.989996
v -17.525452 -19.329998 7.989996
v -18.195452 -15.699998 7.989996
v -18.285452 -15.719997 7.989996
v -17.235451 -19.259998 7.989996
v -17.905453 -15.660000 7.989996
v -17.335451 -19.289999 7.989996
v -16.575453 -18.879997 7.989996
v -18.095451 -15.679999 7.989996
v -17.235451 -15.749998 7.989996
v -16.645451 -18.939999 7.989996
v -17.145451 -15.779999 7.989996
v -16.435452 -18.739998 7.989996
v -16.885452 -15.899999 7.989996
v -16.725452 -18.999998 7.989996
v -16.805450 -19.059998 7.989996
v -17.425451 -15.699998 7.989996
v -16.885452 -19.109999 7.989996
v -17.335451 -15.719997 7.989996
v -17.615452 -15.669998 7.989996
v -16.975452 -19.149998 7.989996
v -17.525452 -15.679999 7.989996
v -16.575453 -16.129999 7.989996
v -16.165453 -18.339998 7.989996
v -17.815453 -15.660000 7.989996
v -17.145451 -19.230000 7.989996
v -17.715452 -15.660000 7.989996
v -16.085451 -18.169998 7.989996
v -16.375450 -16.339998 7.989996
v -17.425451 -19.309998 7.989996
v -18.005451 -15.669998 7.989996
v -16.055452 -18.079998 7.989996
v -17.055450 -19.199999 7.989996
v -16.205452 -16.579998 7.989996
v -16.005451 -17.889999 7.989996
v -18.005451 -19.339998 7.989996
v -16.255451 -16.499998 7.989996
v -16.025452 -17.979998 7.989996
v -16.315453 -16.419998 7.989996
v -18.725452 -8.509998 7.989996
v -17.715452 -19.349998 7.989996
v -18.385450 -15.749998 7.989996
v -4.005453 -3.590000 7.989996
v -4.055453 -3.510000 7.989996
v -4.315453 -2.120000 7.989996
v -4.105453 -3.429999 7.989996
v -4.295453 -2.029998 7.989996
v -4.315453 -2.889999 7.989996
v -4.345451 -2.699999 7.989996
v -4.335453 -2.789999 7.989996
v -4.335453 -2.220000 7.989996
v -4.155453 -3.339999 7.989996
v -4.195453 -3.259998 7.989996
v -4.355453 -2.410000 7.989996
v -4.235453 -3.169999 7.989996
v -4.345451 -2.310000 7.989996
v -4.265452 -3.079999 7.989996
v -4.355453 -2.599999 7.989996
v -4.295453 -2.979999 7.989996
v -4.355453 -2.510000 7.989996
v -11.495452 -20.759998 7.989996
v -11.655452 -19.909998 7.989996
v -11.535453 -20.669998 7.989996
v -11.455452 -0.840000 7.989996
v -11.645452 0.190000 7.989996
v -11.495452 -0.760001 7.989996
v -11.365452 -21.009998 7.989996
v -11.615453 -19.619999 7.989996
v -11.415452 -20.929998 7.989996
v -11.645452 -19.809998 7.989996
v -11.455452 -20.839998 7.989996
v -11.635452 -19.719999 7.989996
v -11.615453 -20.389997 7.989996
v -11.645452 -20.199997 7.989996
v -11.635452 -20.289997 7.989996
v -10.385452 -21.759998 7.989996
v -10.975452 -18.569998 7.989996
v -10.475452 -21.729998 7.989996
v -11.115452 -18.699999 7.989996
v -11.045452 -18.629997 7.989996
v -10.285453 -21.789999 7.989996
v -10.895452 -18.509998 7.989996
v -10.195452 -21.809998 7.989996
v -10.815453 -18.449999 7.989996
v -11.045452 -1.380000 7.989996
v -11.455452 0.830002 7.989996
v -11.115452 -1.309999 7.989996
v -11.045452 1.370000 7.989996
v -10.475452 -1.729998 7.989996
v -10.975452 1.430000 7.989996
v -8.005452 -19.619999 7.989996
v -7.975452 -19.809998 7.989996
v -7.985453 -19.719999 7.989996
v -10.645452 -21.649998 7.989996
v -10.735453 -18.399998 7.989996
v -10.095451 -21.829998 7.989996
v -10.645452 -18.359999 7.989996
v -11.245452 -18.839998 7.989996
v -10.735453 -21.609999 7.989996
v -11.185452 -18.769999 7.989996
v -10.815453 -21.559998 7.989996
v -10.895452 -21.499998 7.989996
v -11.365452 -18.999998 7.989996
v -10.975452 -21.439997 7.989996
v -11.365452 -1.009999 7.989996
v -11.615453 0.380000 7.989996
v -11.415452 -0.930000 7.989996
v -11.245452 -21.169998 7.989996
v -11.565453 -19.429998 7.989996
v -11.305452 -21.089998 7.989996
v -11.415452 -19.079998 7.989996
v -11.045452 -21.379997 7.989996
v -11.305452 -18.920000 7.989996
v -11.455452 -19.169998 7.989996
v -11.115452 -21.309998 7.989996
v -11.495452 -19.249998 7.989996
v -11.185452 -21.239998 7.989996
v -11.595451 -19.529999 7.989996
v -11.535453 -19.339998 7.989996
v -8.025452 -19.529999 7.989996
v -10.095451 -18.179998 7.989996
v -9.425451 -21.809998 7.989996
v -10.005453 -18.169998 7.989996
v -8.005452 0.380000 7.989996
v -7.975452 0.190000 7.989996
v -7.985453 0.280000 7.989996
v -7.965454 -19.909998 7.989996
v -8.055452 -19.429998 7.989996
v -8.025452 0.470001 7.989996
v -7.965454 0.090000 7.989996
v -7.955452 -20.009998 7.989996
v -8.085453 -19.339998 7.989996
v -7.975452 -20.199997 7.989996
v -8.165452 -19.169998 7.989996
v -7.985453 -20.289997 7.989996
v -8.055452 0.570001 7.989996
v -7.955452 0.000000 7.989996
v -8.115452 -0.760001 7.989996
v -8.505452 1.300001 7.989996
v -8.165452 -0.840000 7.989996
v -8.005452 -20.389997 7.989996
v -8.255452 -18.999998 7.989996
v -8.025452 -20.479998 7.989996
v -8.435452 1.230000 7.989996
v -8.085453 -0.669999 7.989996
v -8.375453 1.160001 7.989996
v -8.055452 -20.579998 7.989996
v -8.375453 -18.839998 7.989996
v -8.085453 -20.669998 7.989996
v -8.115452 -20.759998 7.989996
v -8.505452 -18.699999 7.989996
v -8.165452 -20.839998 7.989996
v -8.435452 -18.769999 7.989996
v -8.725453 1.490001 7.989996
v -8.255452 -1.009999 7.989996
v -8.645452 1.430000 7.989996
v -10.095451 1.820001 7.989996
v -9.425451 -1.810000 7.989996
v -10.005453 1.830000 7.989996
v -9.235453 -21.759998 7.989996
v -9.905453 -18.159998 7.989996
v -9.335452 -21.789999 7.989996
v -9.815452 -18.149998 7.989996
v -9.145452 -21.729998 7.989996
v -9.715452 -18.159998 7.989996
v -9.525451 -21.829998 7.989996
v -21.565451 -10.579999 7.989996
v -21.655451 -10.099999 7.989996
v -21.595451 -10.480000 7.989996
v -9.615452 -21.839998 7.989996
v -10.285453 -18.219997 7.989996
v -9.715452 -21.849998 7.989996
v -8.205452 -20.929998 7.989996
v -8.645452 -18.569998 7.989996
v -8.255452 -21.009998 7.989996
v -8.505452 -21.309998 7.989996
v -9.055451 -18.309998 7.989996
v -8.575453 -21.379997 7.989996
v -8.575453 -18.629997 7.989996
v -9.145452 -18.279997 7.989996
v -8.645452 -21.439997 7.989996
v -8.375453 -21.169998 7.989996
v -8.885452 -18.399998 7.989996
v -8.435452 -21.239998 7.989996
v -9.055451 -1.699999 7.989996
v -9.715452 1.839999 7.989996
v -9.145452 -1.729998 7.989996
v -9.425451 1.800001 7.989996
v -8.805452 -1.559999 7.989996
v -9.335452 1.780001 7.989996
v -8.975452 -18.359999 7.989996
v -8.805452 -18.449999 7.989996
v -8.315452 -21.089998 7.989996
v -8.725453 -18.509998 7.989996
v -8.725453 -21.499998 7.989996
v -9.335452 -18.219997 7.989996
v -8.805452 -21.559998 7.989996
v -9.425451 -18.199999 7.989996
v -8.885452 -21.609999 7.989996
v -9.525451 -18.179998 7.989996
v -8.975452 -21.649998 7.989996
v -9.235453 -18.249998 7.989996
v -18.115452 -10.759999 7.989996
v -18.505451 -8.699999 7.989996
v -18.165451 -10.839999 7.989996
v -18.005451 -9.619998 7.989996
v -17.975451 -9.809999 7.989996
v -17.985451 -9.719997 7.989996
v -18.375452 -8.839999 7.989996
v -17.985451 -10.289998 7.989996
v -18.165451 -9.169999 7.989996
v -18.435452 -8.770000 7.989996
v -18.085451 -10.669999 7.989996
v -17.975451 -10.200000 7.989996
v -18.115452 -9.249998 7.989996
v -18.025452 -9.529999 7.989996
v -9.335452 -1.789999 7.989996
v -17.965452 -9.909999 7.989996
v -9.615452 1.830000 7.989996
v -8.975452 -1.650001 7.989996
v -9.525451 1.820001 7.989996
v -20.815453 -11.559999 7.989996
v -21.305452 -8.919999 7.989996
v -20.895451 -11.499999 7.989996
v -21.615452 -9.619998 7.989996
v -21.365452 -11.009999 7.989996
v -21.595451 -9.529999 7.989996
v -20.975451 -11.439999 7.989996
v -21.415451 -9.079999 7.989996
v -21.045450 -11.379998 7.989996
v -21.365452 -8.999999 7.989996
v -21.245451 -8.839999 7.989996
v -20.735451 -11.609999 7.989996
v -21.185452 -8.770000 7.989996
v -19.905451 -11.849998 7.989996
v -20.565453 -8.309999 7.989996
v -20.005451 -11.839998 7.989996
v -21.115452 -8.699999 7.989996
v -20.565453 -11.689999 7.989996
v -21.045450 -8.629999 7.989996
v -19.715450 -11.849998 7.989996
v -20.645451 -8.359999 7.989996
v -20.385452 -8.249999 7.989996
v -18.575451 -8.629999 7.989996
v -18.975452 -8.359999 7.989996
v -18.435452 -11.239999 7.989996
v -18.885452 -8.399999 7.989996
v -10.285453 1.780001 7.989996
v -9.715452 -1.849999 7.989996
v -9.815452 -1.859999 7.989996
v -10.475452 1.720002 7.989996
v -9.905453 -1.849999 7.989996
v -10.195452 1.800001 7.989996
v -9.525451 -1.829998 7.989996
v -10.095451 -1.829998 7.989996
v -10.735453 1.600001 7.989996
v -10.195452 -1.810000 7.989996
v -10.385452 1.750001 7.989996
v -10.565453 1.680001 7.989996
v -10.895452 1.490001 7.989996
v -10.285453 -1.789999 7.989996
v -10.815453 1.550001 7.989996
v -10.645452 1.640000 7.989996
v -10.005453 -1.840001 7.989996
v -10.195452 -18.199999 7.989996
v -10.005453 -21.839998 7.989996
v -10.565453 -18.309998 7.989996
v -10.385452 -1.759999 7.989996
v -11.115452 1.300001 7.989996
v -10.565453 -1.699999 7.989996
v -11.615453 -0.389999 7.989996
v -11.645452 -0.200000 7.989996
v -11.635452 -0.289999 7.989996
v -10.735453 -1.610000 7.989996
v -11.245452 1.160001 7.989996
v -10.815453 -1.559999 7.989996
v -10.645452 -1.650001 7.989996
v -11.595451 -0.479999 7.989996
v -11.655452 -0.100000 7.989996
v -10.975452 -1.439998 7.989996
v -11.415452 0.919999 7.989996
v -11.535453 0.660001 7.989996
v -11.185452 -1.239998 7.989996
v -11.495452 0.750000 7.989996
v -11.365452 1.000001 7.989996
v -10.895452 -1.499999 7.989996
v -11.635452 0.280000 7.989996
v -11.245452 -1.169999 7.989996
v -11.565453 0.570001 7.989996
v -11.305452 -1.090000 7.989996
v -11.565453 -0.579999 7.989996
v -11.595451 0.470001 7.989996
v -11.305452 1.080000 7.989996
v -11.655452 0.090000 7.989996
v -11.535453 -0.669999 7.989996
v -11.655452 0.000000 7.989996
v -8.505452 -1.309999 7.989996
v -9.055451 1.680001 7.989996
v -8.575453 -1.380000 7.989996
v -9.905453 1.839999 7.989996
v -9.235453 -1.759999 7.989996
v -9.815452 1.839999 7.989996
v -8.885452 1.600001 7.989996
v -8.375453 -1.169999 7.989996
v -8.805452 1.550001 7.989996
v -8.055452 -0.579999 7.989996
v -8.315452 1.080000 7.989996
v -8.975452 1.640000 7.989996
v -8.435452 -1.239998 7.989996
v -8.165452 0.830002 7.989996
v -7.975452 -0.200000 7.989996
v -8.115452 0.750000 7.989996
v -8.025452 -0.479999 7.989996
v -8.255452 1.000001 7.989996
v -7.985453 -0.289999 7.989996
v -8.205452 0.919999 7.989996
v -8.005452 -0.389999 7.989996
v -7.965454 -0.100000 7.989996
v -8.885452 -1.610000 7.989996
v -8.725453 -1.499999 7.989996
v -9.235453 1.750001 7.989996
v -8.085453 0.660001 7.989996
v -9.145452 1.720002 7.989996
v -8.315452 -1.090000 7.989996
v -8.645452 -1.439998 7.989996
v -8.315452 -18.920000 7.989996
v -8.205452 -0.930000 7.989996
v -8.575453 1.370000 7.989996
v -8.205452 -19.079998 7.989996
v -8.115452 -19.249998 7.989996
v -11.185452 1.230000 7.989996
v -9.905453 -21.849998 7.989996
v -21.495453 -10.759999 7.989996
v -21.655451 -9.909999 7.989996
v -21.535450 -10.669999 7.989996
v -21.655451 -10.009998 7.989996
v -21.185452 -11.239999 7.989996
v -21.535450 -9.339999 7.989996
v -21.245451 -11.169999 7.989996
v -21.635450 -9.719997 7.989996
v -21.415451 -10.929999 7.989996
v -21.645452 -9.809999 7.989996
v -21.455452 -10.839999 7.989996
v -20.645451 -11.649999 7.989996
v -21.565451 -9.429999 7.989996
v -21.305452 -11.089998 7.989996
v -20.475452 -11.730000 7.989996
v -19.335451 -11.789998 7.989996
v -21.645452 -10.200000 7.989996
v -21.615452 -10.389998 7.989996
v -18.575451 -11.379998 7.989996
v -19.055452 -8.309999 7.989996
v -18.505451 -11.309999 7.989996
v -19.055452 -11.689999 7.989996
v -19.715450 -8.160000 7.989996
v -18.805452 -11.559999 7.989996
v -19.425451 -8.199999 7.989996
v -18.885452 -11.609999 7.989996
v -18.725452 -11.499999 7.989996
v -19.615452 -8.169998 7.989996
v -18.975452 -11.649999 7.989996
v -19.525452 -8.179999 7.989996
v -21.635450 -10.289998 7.989996
v -19.335451 -8.219998 7.989996
v -20.095451 -11.829999 7.989996
v -20.735451 -8.399999 7.989996
v -20.195452 -11.809999 7.989996
v -20.815453 -8.449999 7.989996
v -20.285452 -11.789998 7.989996
v -20.895451 -8.509998 7.989996
v -20.385452 -11.759999 7.989996
v -20.975451 -8.570000 7.989996
v -21.455452 -9.169999 7.989996
v -21.115452 -11.309999 7.989996
v -21.495453 -9.249998 7.989996
v -19.815451 -11.849998 7.989996
v -20.475452 -8.280000 7.989996
v -0.385452 -11.809999 7.989996
v -1.165452 -8.570000 7.989996
v -0.665454 -11.730000 7.989996
v -0.195452 -11.839998 7.989996
v -0.755451 -8.309999 7.989996
v 0.284547 -11.829999 7.989996
v -0.385452 -8.199999 7.989996
v 1.644547 -9.169999 7.989996
v 1.844547 -9.909999 7.989996
v 1.784548 -9.529999 7.989996
v 1.834546 -9.809999 7.989996
v 1.804546 -9.619998 7.989996
v 1.824546 -9.719997 7.989996
v 1.824546 -10.289998 7.989996
v 1.594547 -9.079999 7.989996
v 1.804546 -10.389998 7.989996
v 1.594547 -10.929999 7.989996
v 1.154547 -8.570000 7.989996
v 1.544547 -11.009999 7.989996
v 1.544547 -8.999999 7.989996
v 1.784548 -10.480000 7.989996
v 1.754547 -10.579999 7.989996
v 1.434546 -8.839999 7.989996
v 1.724546 -10.669999 7.989996
v 1.684548 -10.759999 7.989996
v 1.304547 -8.699999 7.989996
v 1.644547 -10.839999 7.989996
v 1.374547 -8.770000 7.989996
v 1.494547 -8.919999 7.989996
v 1.494547 -11.089998 7.989996
v 1.004547 -8.449999 7.989996
v 1.434546 -11.169999 7.989996
v 1.084548 -8.509998 7.989996
v 1.234546 -8.629999 7.989996
v 0.924548 -8.399999 7.989996
v 1.234546 -11.379998 7.989996
v 0.654546 -8.280000 7.989996
v 1.154547 -11.439999 7.989996
v 0.834547 -8.359999 7.989996
v 0.474547 -8.219998 7.989996
v 1.084548 -11.499999 7.989996
v 0.564547 -8.249999 7.989996
v 1.304547 -11.309999 7.989996
v 1.004547 -11.559999 7.989996
v 0.744546 -11.689999 7.989996
v 0.094547 -8.160000 7.989996
v 0.654546 -11.730000 7.989996
v 0.924548 -11.609999 7.989996
v 0.284547 -8.179999 7.989996
v 0.834547 -11.649999 7.989996
v 0.384547 -8.199999 7.989996
v -0.005453 -8.149999 7.989996
v 0.564547 -11.759999 7.989996
v 0.184547 -8.169998 7.989996
v 0.384547 -11.809999 7.989996
v -0.295452 -8.179999 7.989996
v -0.485452 -8.219998 7.989996
v 0.094547 -11.849998 7.989996
v -0.105453 -8.160000 7.989996
v 0.474547 -11.789998 7.989996
v -0.195452 -8.169998 7.989996
v -0.005453 -11.849998 7.989996
v -0.665454 -8.280000 7.989996
v -0.105453 -11.849998 7.989996
v -0.575452 -8.249999 7.989996
v 0.744546 -8.309999 7.989996
v -1.245451 -11.379998 7.989996
v -1.655452 -9.169999 7.989996
v -1.315452 -11.309999 7.989996
v -0.845452 -11.649999 7.989996
v -1.375452 -8.770000 7.989996
v -0.925454 -11.609999 7.989996
v -1.445451 -8.839999 7.989996
v -1.245451 -8.629999 7.989996
v -1.015453 -11.559999 7.989996
v -1.505453 -8.919999 7.989996
v -1.315452 -8.699999 7.989996
v -0.755451 -11.689999 7.989996
v -1.695453 -9.249998 7.989996
v -1.375452 -11.239999 7.989996
v -1.735451 -9.339999 7.989996
v -1.505453 -11.089998 7.989996
v -1.795453 -9.529999 7.989996
v -1.555452 -11.009999 7.989996
v -1.655452 -10.839999 7.989996
v -1.845454 -9.809999 7.989996
v -1.695453 -10.759999 7.989996
v -1.765452 -9.429999 7.989996
v -1.445451 -11.169999 7.989996
v -1.855452 -10.009998 7.989996
v -1.735451 -10.669999 7.989996
v -1.855452 -9.909999 7.989996
v -1.765452 -10.579999 7.989996
v -1.835451 -9.719997 7.989996
v -1.815454 -10.389998 7.989996
v -1.835451 -10.289998 7.989996
v -1.605453 -10.929999 7.989996
v -1.815454 -9.619998 7.989996
v -18.055452 -9.429999 7.989996
v -17.955452 -10.009998 7.989996
v -17.965452 -10.099999 7.989996
v -18.085451 -9.339999 7.989996
v -9.055451 -21.689999 7.989996
v -9.615452 -18.169998 7.989996
v -9.815452 -21.849998 7.989996
v -10.475452 -18.279997 7.989996
v -10.385452 -18.249998 7.989996
v -7.965454 -20.099998 7.989996
v -11.755452 -18.429998 -0.000003
v -11.835452 -18.539999 -0.000003
v -11.665453 -18.329998 -0.000003
v -0.315453 -10.499999 -0.000003
v -8.815452 -10.259998 -0.000003
v -9.455452 -10.229999 -0.000003
v -20.145451 -16.609999 -0.000003
v -20.095451 -16.489998 -0.000003
v -15.315452 -17.639999 -0.000003
v -19.835451 -16.039999 -0.000003
v -19.755451 -15.929998 -0.000003
v -15.365453 -16.990000 -0.000003
v -19.665451 -15.829999 -0.000003
v -15.435452 -16.729998 -0.000003
v -15.395452 -16.859999 -0.000003
v -19.975452 -16.249998 -0.000003
v -19.905451 -16.139997 -0.000003
v -15.325451 -17.239998 -0.000003
v -10.165452 -17.529999 -0.000003
v -9.825453 -10.609999 -0.000003
v -9.775453 -10.549998 -0.000003
v -20.035452 -16.369999 -0.000003
v -15.315452 -17.369999 -0.000003
v -8.825453 -10.449999 -0.000003
v -8.835451 -10.499999 -0.000003
v -17.345453 -10.399999 -0.000003
v -20.185452 -16.729998 -0.000003
v -15.325451 -17.769999 -0.000003
v -20.295452 -17.239998 -0.000003
v -20.275452 -17.109999 -0.000003
v -15.435452 -18.279997 -0.000003
v -15.315452 -17.499998 -0.000003
v -22.305450 -10.009998 -0.000003
v -22.305450 -9.869999 -0.000003
v -17.525452 -11.020000 -0.000003
v -8.815452 -10.389998 -0.000003
v -8.815452 -10.319999 -0.000003
v -17.315453 -10.139999 -0.000003
v -19.275452 -15.479999 -0.000003
v -19.175453 -15.409998 -0.000003
v -15.645452 -16.249998 -0.000003
v -18.455452 -15.089997 -0.000003
v -18.325451 -15.059999 -0.000003
v -16.235453 -15.559999 -0.000003
v -16.185452 -15.599998 -0.000003
v -16.215452 -15.579999 -0.000003
v -16.165453 -15.629999 -0.000003
v -16.155451 -15.629999 -0.000003
v -11.135451 -10.499999 -0.000003
v -9.895452 -10.579999 -0.000003
v -9.885452 -10.499999 -0.000003
v -9.815452 -10.499999 -0.000003
v -17.325451 -10.269999 -0.000003
v -7.435452 -19.230000 -0.000003
v -7.395453 -19.359997 -0.000003
v -19.385452 -15.559999 -0.000003
v -15.585452 -16.369999 -0.000003
v -18.945452 -15.279999 -0.000003
v -18.825453 -15.219998 -0.000003
v -15.865451 -15.929998 -0.000003
v -19.055452 -15.339999 -0.000003
v -15.785452 -16.039999 -0.000003
v -18.585451 -15.129999 -0.000003
v -16.135452 -15.649999 -0.000003
v -18.705452 -15.169998 -0.000003
v -16.045452 -15.739997 -0.000003
v -22.275452 -9.610000 -0.000003
v -22.255451 -9.489999 -0.000003
v -17.395452 -10.649999 -0.000003
v -4.445451 -3.809999 -0.000003
v -4.515452 -3.879999 -0.000003
v -4.665452 -3.759999 -0.000003
v -15.955451 -15.829999 -0.000003
v -10.355452 -10.499999 -0.000003
v -10.305452 -10.499999 -0.000003
v -10.465452 -10.499999 -0.000003
v -3.285452 -2.649999 -0.000003
v -3.355453 -2.720000 -0.000003
v -4.995452 -2.240001 -0.000003
v -3.245452 -2.610000 -0.000003
v -3.395453 -2.760000 -0.000003
v -5.005452 -2.370000 -0.000003
v -1.035453 -4.530000 -0.000003
v -1.145452 -4.599999 -0.000003
v -3.265453 -4.050000 -0.000003
v -3.215453 -2.579999 -0.000003
v -4.975453 -2.110000 -0.000003
v -0.225453 -3.519999 -0.000003
v -2.825453 -2.970000 -0.000003
v -2.915452 -2.869999 -0.000003
v -2.955453 -2.839999 -0.000003
v -2.955453 -2.829999 -0.000003
v -2.995452 -2.799999 -0.000003
v -0.125453 -3.279999 -0.000003
v -3.155453 -2.629999 -0.000003
v -3.045452 -3.829999 -0.000003
v -3.005453 -3.790000 -0.000003
v -0.835453 -4.359999 -0.000003
v -2.955453 -3.740000 -0.000003
v -2.915452 -3.700000 -0.000003
v -0.735454 -4.269999 -0.000003
v -0.935453 -4.449999 -0.000003
v -3.095452 -3.879999 -0.000003
v -2.945452 -2.839999 -0.000003
v -1.095453 -9.499998 -0.000003
v -1.245451 -9.499998 -0.000003
v -2.385453 -9.230000 -0.000003
v -0.175453 -3.400000 -0.000003
v -0.275453 -3.640000 -0.000003
v -3.155453 -2.639999 -0.000003
v -9.875452 -9.299998 -0.000003
v -3.095452 -2.699999 -0.000003
v -2.745452 -3.050000 -0.000003
v -2.655452 -3.130001 -0.000003
v -2.575453 -3.219999 -0.000003
v -2.505452 -3.289999 -0.000003
v -2.515453 -3.289999 -0.000003
v -2.515453 -3.300000 -0.010003
v -2.515453 -3.300000 -0.000003
v -0.335454 -3.759999 -0.000003
v -0.085452 -3.150000 -0.000003
v -9.415453 -2.470000 -0.000003
v -9.435452 -2.479999 -0.000003
v -9.545452 -2.489999 -0.000003
v -2.665453 -3.450000 -0.000003
v -2.615453 -3.400000 -0.000003
v -0.485452 -3.969999 -0.000003
v -3.835452 -4.619998 -0.000003
v -3.825452 -4.610001 -0.000003
v -3.755451 -4.669999 -0.000003
v -2.755453 -3.029999 -0.000003
v -2.765453 -3.020000 -0.000003
v -2.865453 -3.650000 -0.000003
v -0.645453 -4.179998 -0.000003
v -2.115453 -4.969998 -0.000003
v -2.245454 -4.989999 -0.000003
v -2.765453 -3.550000 -0.000003
v -2.715453 -3.500000 -0.000003
v -0.565454 -4.079998 -0.000003
v -9.495452 -10.189999 -0.000003
v -2.815453 -3.600000 -0.000003
v -3.215453 -3.999998 -0.000003
v -2.635453 -4.999999 -0.000003
v -3.405453 -4.839999 -0.000003
v -3.525452 -4.789999 -0.000003
v -2.375452 -4.999999 -0.000003
v -2.505452 -5.009999 -0.000003
v -3.635452 -4.730000 -0.000003
v -0.315453 -10.129998 -0.000003
v -0.315453 -10.069999 -0.000003
v 2.414546 -10.649999 -0.000003
v -9.315453 -10.099999 -0.000003
v -9.275453 -10.059999 -0.000003
v -2.765453 -4.989999 -0.000003
v -2.895452 -4.969998 -0.000003
v -3.155453 -4.919999 -0.000003
v -3.275453 -4.880000 -0.000003
v -4.945453 -1.989999 -0.000003
v -3.405453 -0.170001 -0.000003
v -3.275453 -0.130001 -0.000003
v -0.735454 -0.740000 -0.000003
v -3.155453 -0.089999 -0.000003
v -0.935453 -0.560001 -0.000003
v -0.835453 -0.649998 -0.000003
v -2.535453 -3.309998 -0.000003
v -3.135452 -3.919999 -0.000003
v -3.635452 -0.279999 -0.000003
v -3.525452 -0.219999 -0.000003
v -0.565454 -0.930000 -0.000003
v -8.745452 -9.529999 -0.000003
v -8.725453 -9.499998 -0.000003
v -2.455452 -9.499998 -0.000003
v -2.365453 -9.499998 -0.000003
v -2.355452 -9.499998 -0.000003
v -1.805452 -9.499998 -0.000003
v -1.725453 -9.499998 -0.000003
v -0.685452 -9.499998 -0.000003
v -0.475452 -9.499998 -0.000003
v -0.315453 -9.499998 -0.000003
v -3.185452 -3.969999 -0.000003
v -3.755451 -0.340000 -0.000003
v -0.485452 -1.039998 -0.000003
v -3.135452 -2.660000 -0.000003
v -9.875452 -9.239999 -0.000003
v -9.855453 -9.219999 -0.000003
v -9.845452 -9.209998 -0.000003
v -9.835452 -9.199999 -0.000003
v -9.775453 -9.139998 -0.000003
v -9.745453 -9.109999 -0.000003
v -9.695453 -9.059999 -0.000003
v -9.685452 -9.049998 -0.000003
v -9.635452 -9.009998 -0.000003
v -9.355452 -8.719999 -0.000003
v -4.555452 -3.929999 -0.000003
v -4.515452 -3.890000 -0.000003
v -4.435453 -3.800000 -0.000003
v -4.365454 -3.729999 -0.000003
v -4.355453 -3.719999 -0.000003
v -4.275452 -3.640000 -0.000003
v -4.265452 -3.629999 -0.000003
v -4.185453 -3.559999 -0.000003
v -4.175452 -3.539999 -0.000003
v -4.095453 -3.469999 -0.000003
v -4.075452 -3.450000 -0.000003
v -4.005453 -3.369999 -0.000003
v -3.985452 -3.350000 -0.000003
v -3.905453 -3.279999 -0.000003
v -3.885452 -3.250000 -0.000003
v -3.805451 -3.179999 -0.000003
v -3.785452 -3.150000 -0.000003
v -3.705451 -3.069999 -0.000003
v -3.605453 -2.970000 -0.000003
v -3.465453 -2.829999 -0.000003
v -3.575452 -2.939999 -0.000003
v -3.225453 -3.999998 -0.000003
v -3.245452 -4.029999 -0.000003
v -3.305453 -4.079998 -0.000003
v -3.025453 -0.059998 -0.000003
v -1.035453 -0.479999 -0.000003
v -3.785452 -4.569999 -0.000003
v -3.455453 -4.229999 -0.000003
v -3.495453 -4.279998 -0.000003
v -3.515453 -4.299999 -0.000003
v -3.565453 -4.349999 -0.000003
v -3.585452 -4.369999 -0.000003
v -3.625454 -4.409999 -0.000003
v -1.605453 -4.839999 -0.000003
v -3.735452 -4.519999 -0.000003
v -3.695453 -4.480000 -0.000003
v -1.855452 -4.919999 -0.000003
v -3.445453 -4.229999 -0.000003
v -3.425452 -4.209999 -0.000003
v -1.365452 -4.730000 -0.000003
v -1.485453 -4.789999 -0.000003
v -3.685452 -4.469999 -0.000003
v -3.645453 -4.419999 -0.000003
v -1.735451 -4.880000 -0.000003
v -1.985453 -4.949999 -0.000003
v -3.745453 -4.530000 -0.000003
v -2.765453 -0.019999 -0.000003
v -2.635453 -0.010000 -0.000003
v -1.255454 -0.340000 -0.000003
v -2.505452 0.000000 -0.000003
v -1.485453 -0.219999 -0.000003
v -1.365452 -0.279999 -0.000003
v -2.895452 -0.040000 -0.000003
v -1.145452 -0.409999 -0.000003
v -2.565453 -3.350000 -0.000003
v -0.405453 -3.870001 -0.000003
v -2.375452 -0.010000 -0.000003
v -2.245454 -0.019999 -0.000003
v -1.735451 -0.130001 -0.000003
v -1.605453 -0.170001 -0.000003
v -2.115453 -0.040000 -0.000003
v -1.985453 -0.059998 -0.000003
v -1.855452 -0.089999 -0.000003
v 2.484547 -10.269999 -0.000003
v 2.464548 -10.399999 -0.000003
v -0.315453 -9.729999 -0.000003
v -1.255454 -4.669999 -0.000003
v -3.345452 -4.129999 -0.000003
v -3.375453 -4.159999 -0.000003
v -10.165452 -10.009998 -0.000003
v -9.715452 -9.919999 -0.000003
v -9.675452 -9.979999 -0.000003
v -10.485453 -10.499999 -0.000003
v -0.315453 -9.859999 -0.000003
v -0.315453 -9.809999 -0.000003
v -3.975452 -0.479999 -0.000003
v -3.865453 -0.409999 -0.000003
v -0.335454 -1.259999 -0.000003
v -4.075452 -0.560001 -0.000003
v -0.275453 -1.369999 -0.000003
v -4.915452 -1.859999 -0.000003
v -4.885453 -1.729998 -0.000003
v -0.035454 -2.900000 -0.000003
v -4.175452 -0.649998 -0.000003
v -0.225453 -1.490000 -0.000003
v -4.445451 -0.930000 -0.000003
v -4.365454 -0.830000 -0.000003
v -0.085452 -1.859999 -0.000003
v -3.675454 -3.050000 -0.000003
v -5.005452 -2.639999 -0.000003
v -4.835453 -1.610000 -0.000003
v -0.015453 -2.770000 -0.000003
v -0.315453 -10.000000 -0.000003
v -0.315453 -9.940000 -0.000003
v 2.444547 -10.519999 -0.000003
v -4.275452 -0.740000 -0.000003
v -0.175453 -1.610000 -0.000003
v -0.125453 -1.729998 -0.000003
v -0.005453 -2.510000 -0.000003
v -0.005453 -2.639999 -0.000003
v -4.785453 -1.490000 -0.000003
v -20.705452 -7.669999 -0.000003
v -20.585451 -7.629998 -0.000003
v -18.045452 -8.239998 -0.000003
v -18.075451 -15.019998 -0.000003
v -17.945452 -15.009998 -0.000003
v -16.565453 -15.339999 -0.000003
v -18.205452 -15.039997 -0.000003
v -16.445452 -15.409998 -0.000003
v -17.815453 -14.999999 -0.000003
v -17.675451 -15.009998 -0.000003
v -16.795452 -15.219998 -0.000003
v -10.205452 -17.539999 -0.000003
v -9.965452 -10.499999 -0.000003
v -9.955453 -10.499999 -0.000003
v -20.305452 -17.369999 -0.000003
v -15.475451 -18.399998 -0.000003
v -17.035452 -19.879999 -0.000003
v -17.165453 -19.919998 -0.000003
v -19.485453 -19.359997 -0.000003
v -17.295450 -19.949997 -0.000003
v -19.275452 -19.529999 -0.000003
v -19.385452 -19.449999 -0.000003
v -17.415451 -19.969999 -0.000003
v -17.545452 -19.989998 -0.000003
v -19.055452 -19.669998 -0.000003
v -19.175453 -19.599998 -0.000003
v -17.675451 -19.999998 -0.000003
v -17.815453 -20.009998 -0.000003
v -18.825453 -19.789999 -0.000003
v -18.945452 -19.729998 -0.000003
v -17.945452 -19.999998 -0.000003
v -18.075451 -19.989998 -0.000003
v -18.585451 -19.879999 -0.000003
v -18.705452 -19.839998 -0.000003
v -15.525451 -16.489998 -0.000003
v -19.485453 -15.649999 -0.000003
v -15.475451 -16.609999 -0.000003
v -19.575453 -15.739997 -0.000003
v -17.545452 -15.019998 -0.000003
v -17.415451 -15.039997 -0.000003
v -17.035452 -15.129999 -0.000003
v -17.295450 -15.059999 -0.000003
v -17.165453 -15.089997 -0.000003
v -15.955451 -19.179998 -0.000003
v -20.185452 -18.279997 -0.000003
v -20.225452 -18.149998 -0.000003
v -15.645452 -18.759998 -0.000003
v -20.295452 -17.769999 -0.000003
v -20.305452 -17.639999 -0.000003
v -20.305452 -17.499998 -0.000003
v -15.525451 -18.519999 -0.000003
v -16.045452 -19.269999 -0.000003
v -16.235453 -19.449999 -0.000003
v -20.035452 -18.639999 -0.000003
v -20.095451 -18.519999 -0.000003
v -16.565453 -19.669998 -0.000003
v -19.835451 -18.969999 -0.000003
v -19.905451 -18.869999 -0.000003
v -16.675451 -19.729998 -0.000003
v -16.795452 -19.789999 -0.000003
v -19.665451 -19.179998 -0.000003
v -19.755451 -19.079998 -0.000003
v -16.915453 -19.839998 -0.000003
v -19.575453 -19.269999 -0.000003
v -16.445452 -19.599998 -0.000003
v -16.345451 -19.529999 -0.000003
v -19.975452 -18.759998 -0.000003
v -16.135452 -19.359997 -0.000003
v -20.145451 -18.399998 -0.000003
v -15.585452 -18.639999 -0.000003
v -15.715453 -18.869999 -0.000003
v -15.785452 -18.969999 -0.000003
v -20.275452 -17.900000 -0.000003
v -15.865451 -19.079998 -0.000003
v -20.255451 -18.019999 -0.000003
v -16.915453 -15.169998 -0.000003
v -16.675451 -15.279999 -0.000003
v -18.205452 -19.969999 -0.000003
v -18.325451 -19.949997 -0.000003
v -18.455452 -19.919998 -0.000003
v -15.345452 -17.900000 -0.000003
v -20.075453 -12.489999 -0.000003
v -20.585451 -12.379998 -0.000003
v -20.705452 -12.339999 -0.000003
v -15.365453 -18.019999 -0.000003
v -20.225452 -16.859999 -0.000003
v -15.395452 -18.149998 -0.000003
v -20.255451 -16.990000 -0.000003
v -16.345451 -15.479999 -0.000003
v -22.225451 -9.360000 -0.000003
v -22.185452 -9.230000 -0.000003
v -17.365452 -10.499999 -0.000003
v -17.365452 -10.519999 -0.000003
v -9.305451 -8.679999 -0.000003
v -4.605453 -3.870001 -0.000003
v -4.995452 -2.770000 -0.000003
v -5.005452 -2.510000 -0.000003
v -4.835453 -3.400000 -0.000003
v -4.885453 -3.279999 -0.000003
v -3.495453 -2.869999 -0.000003
v -4.735453 -3.640000 -0.000003
v -4.785453 -3.519999 -0.000003
v -9.305451 -2.449999 -0.000003
v -4.915452 -3.150000 -0.000003
v -4.945453 -3.020000 -0.000003
v -4.975453 -2.900000 -0.000003
v -9.615452 -8.989999 -0.000003
v -9.585452 -8.949999 -0.000003
v -9.525451 -8.889999 -0.000003
v -9.465453 -8.839999 -0.000003
v -9.415453 -8.780000 -0.000003
v -9.725452 -9.919999 -0.000003
v -9.765452 -9.869999 -0.000003
v -0.055452 -1.989999 -0.000003
v -4.605453 -1.139998 -0.000003
v -4.525452 -1.039998 -0.000003
v -0.035454 -2.110000 -0.000003
v -4.665452 -1.259999 -0.000003
v -0.015453 -2.240001 -0.000003
v -2.525453 -3.309998 -0.000003
v -4.735453 -1.369999 -0.000003
v -0.005453 -2.370000 -0.000003
v -0.055452 -3.020000 -0.000003
v -0.405453 -1.139998 -0.000003
v -10.305452 -10.990000 -0.000003
v -10.305452 -11.089998 -0.000003
v -0.645453 -0.830000 -0.000003
v -3.025453 -4.949999 -0.000003
v -8.775453 -9.559999 -0.000003
v -9.335452 -10.119999 -0.000003
v -10.235453 -10.079999 -0.000003
v -9.575453 -10.089999 -0.000003
v -9.555451 -10.109999 -0.000003
v -8.845452 -9.629999 -0.000003
v -8.795452 -9.579999 -0.000003
v -2.445452 -9.489999 -0.000003
v -17.305452 -10.009998 -0.000003
v -9.495452 -10.179998 -0.000003
v -11.175452 -2.099999 -0.000003
v -11.275453 -2.029998 -0.000003
v -9.755451 -9.129999 -0.000003
v -9.745453 -9.120000 -0.000003
v -9.765452 -9.129999 -0.000003
v -9.765452 -9.139998 -0.000003
v -10.305452 -10.779999 -0.000003
v -15.715453 -16.139997 -0.000003
v -9.655452 -9.020000 -0.000003
v -10.305452 -10.569999 -0.000003
v -1.945454 -8.429999 -0.000003
v 2.414546 -9.360000 -0.000003
v 2.444547 -9.489999 -0.000003
v -9.835452 -10.619999 -0.000003
v -9.845452 -10.619999 -0.000003
v -9.895452 -10.679999 -0.000003
v -10.305452 -10.669999 -0.000003
v -12.275453 -19.609997 -0.000003
v -12.255452 -19.489998 -0.000003
v -7.395453 -20.650000 -0.000003
v -10.215452 -10.059999 -0.000003
v -9.585452 -10.079999 -0.000003
v -10.305452 -10.879999 -0.000003
v -9.615452 -10.039999 -0.000003
v -10.295451 -10.129998 -0.000003
v -9.535452 -10.129998 -0.000003
v -9.515452 -10.159999 -0.000003
v -10.705452 -17.669998 -0.000003
v -10.585452 -17.629997 -0.000003
v -8.045451 -18.240000 -0.000003
v -9.895452 -10.499999 -0.000003
v -9.665452 -9.989999 -0.000003
v -10.305452 -10.139999 -0.000003
v -9.505451 -10.179998 -0.000003
v -10.305452 -10.150000 -0.000003
v -9.505451 -10.169999 -0.000003
v -10.225452 -17.539999 -0.000003
v -9.945453 -17.509998 -0.000003
v -9.815452 -17.499998 -0.000003
v -8.675453 -17.779999 -0.000003
v -9.035453 -22.379999 -0.000003
v -11.485453 -21.859999 -0.000003
v -11.575452 -21.769999 -0.000003
v -15.345452 -17.109999 -0.000003
v -12.095452 -18.989998 -0.000003
v -12.035452 -18.869999 -0.000003
v -7.305451 -20.009998 -0.000003
v -12.145452 -19.109999 -0.000003
v -7.315453 -20.139997 -0.000003
v -12.185452 -19.230000 -0.000003
v -7.325452 -20.269999 -0.000003
v -10.035452 -10.499999 -0.000003
v -10.025453 -10.499999 -0.000003
v -11.975452 -18.759998 -0.000003
v -7.315453 -19.869999 -0.000003
v -11.905452 -18.639999 -0.000003
v -7.325452 -19.739998 -0.000003
v -7.365452 -19.489998 -0.000003
v -10.945452 -17.779999 -0.000003
v -10.825453 -17.719997 -0.000003
v -7.865452 -18.429998 -0.000003
v -11.065452 -17.839998 -0.000003
v -7.785453 -18.539999 -0.000003
v -10.275453 -17.549997 -0.000003
v -10.185452 -10.499999 -0.000003
v -10.265451 -17.549997 -0.000003
v -12.225452 -19.359997 -0.000003
v -7.365452 -20.519999 -0.000003
v -12.305452 -19.869999 -0.000003
v -12.295452 -19.739998 -0.000003
v -7.475452 -20.900000 -0.000003
v -7.435452 -20.779999 -0.000003
v -7.645453 -21.259998 -0.000003
v -12.295452 -20.269999 -0.000003
v -12.305452 -20.139997 -0.000003
v -10.455452 -17.590000 -0.000003
v -8.135453 -18.149998 -0.000003
v -21.905451 -8.639999 -0.000003
v -21.835451 -8.539999 -0.000003
v -17.345453 -9.610000 -0.000003
v -10.325452 -17.559999 -0.000003
v -8.345452 -17.979998 -0.000003
v -8.235453 -18.059998 -0.000003
v -9.165453 -22.419998 -0.000003
v -9.295452 -22.449999 -0.000003
v -11.275453 -22.029997 -0.000003
v -11.385453 -21.949999 -0.000003
v -9.415453 -22.469997 -0.000003
v -9.545452 -22.489998 -0.000003
v -11.065452 -22.169998 -0.000003
v -11.175452 -22.099998 -0.000003
v -9.675452 -22.499998 -0.000003
v -9.815452 -22.499998 -0.000003
v -10.825453 -22.289999 -0.000003
v -10.945452 -22.230000 -0.000003
v -9.945453 -22.499998 -0.000003
v -10.075452 -22.489998 -0.000003
v -10.585452 -22.379999 -0.000003
v -10.705452 -22.339998 -0.000003
v -7.715452 -18.639999 -0.000003
v -11.175452 -17.909998 -0.000003
v -7.645453 -18.759998 -0.000003
v -11.275453 -17.979998 -0.000003
v -7.585452 -18.869999 -0.000003
v -2.025453 -10.499999 -0.000003
v -2.445452 -10.519999 -0.000003
v -2.455452 -10.499999 -0.000003
v -11.385453 -18.059998 -0.000003
v -7.525452 -18.989998 -0.000003
v -11.485453 -18.149998 -0.000003
v -7.475452 -19.109999 -0.000003
v -11.575452 -18.240000 -0.000003
v -8.675453 -22.230000 -0.000003
v -8.795452 -22.289999 -0.000003
v -11.755452 -21.579998 -0.000003
v -11.835452 -21.469997 -0.000003
v -8.915452 -22.339998 -0.000003
v -7.955452 -21.679998 -0.000003
v -12.185452 -20.779999 -0.000003
v -12.225452 -20.650000 -0.000003
v -8.445453 -22.099998 -0.000003
v -8.555452 -22.169998 -0.000003
v -11.905452 -21.369997 -0.000003
v -7.715452 -21.369997 -0.000003
v -11.665453 -21.679998 -0.000003
v -10.255452 -10.499999 -0.000003
v -10.245452 -10.499999 -0.000003
v -10.305452 -17.559999 -0.000003
v -10.295451 -17.549997 -0.000003
v -8.445453 -17.909998 -0.000003
v -10.175452 -17.529999 -0.000003
v -10.075452 -17.519999 -0.000003
v -9.725452 -10.499999 -0.000003
v -9.715452 -10.499999 -0.000003
v -10.235453 -17.539999 -0.000003
v -10.105453 -10.499999 -0.000003
v -10.095451 -10.499999 -0.000003
v -10.285453 -17.549997 -0.000003
v -10.185452 -17.529999 -0.000003
v -9.505451 -10.499999 -0.000003
v -9.545452 -17.519999 -0.000003
v -9.675452 -17.509998 -0.000003
v -1.965452 -10.499999 -0.000003
v -1.495453 -10.499999 -0.000003
v -1.365452 -10.499999 -0.000003
v -0.965452 -10.499999 -0.000003
v -0.765454 -10.499999 -0.000003
v -0.425452 -10.499999 -0.000003
v -10.255452 -17.549997 -0.010003
v -8.555452 -17.839998 -0.000003
v -8.795452 -17.719997 -0.000003
v -8.135453 -21.859999 -0.000003
v -12.095452 -21.019999 -0.000003
v -12.145452 -20.900000 -0.000003
v -21.575451 -8.239998 -0.000003
v -21.485451 -8.149999 -0.000003
v -17.475452 -9.109999 -0.000003
v -9.645452 -10.499999 -0.000003
v -8.345452 -22.029997 -0.000003
v -11.975452 -21.259998 -0.000003
v -8.235453 -21.949999 -0.000003
v -8.045451 -21.769999 -0.000003
v -12.035452 -21.139997 -0.000003
v -9.305451 -17.559999 -0.000003
v -9.295452 -17.559999 -0.000003
v -9.165453 -17.590000 -0.000003
v -9.415453 -17.539999 -0.000003
v -9.365453 -10.499999 -0.000003
v -9.305451 -10.499999 -0.000003
v -11.065452 -10.499999 -0.000003
v -10.175452 -10.499999 -0.000003
v -9.575453 -10.499999 -0.000003
v -9.435452 -10.499999 -0.000003
v -20.325451 -7.559999 -0.000003
v -20.205450 -7.539999 -0.000003
v -18.345451 -7.980000 -0.000003
v -20.455452 -7.590000 -0.000003
v -18.235451 -8.059999 -0.000003
v -18.445452 -7.909999 -0.000003
v -10.175452 -10.009998 -0.000003
v -9.675452 -2.500000 -0.000003
v -10.945452 -2.229998 -0.000003
v -11.065452 -2.170000 -0.000003
v -10.085453 -9.940000 -0.000003
v 2.494545 -10.009998 -0.000003
v 2.494545 -10.139999 -0.000003
v -2.285453 -8.989999 -0.000003
v -0.315453 -9.540000 -0.000003
v -0.315453 -10.269999 -0.000003
v -0.315453 -10.209998 -0.000003
v 2.374548 -10.779999 -0.000003
v 2.324546 -10.899999 -0.000003
v 2.274548 -11.020000 -0.000003
v 2.224546 -11.139998 -0.000003
v -0.315453 -10.469998 -0.000003
v -9.175452 -9.959998 -0.000003
v -9.105452 -9.889999 -0.000003
v -9.645452 -9.009998 -0.000003
v -11.665453 1.670000 -0.000003
v -7.435452 0.770001 -0.000003
v -7.395453 0.640000 -0.000003
v -10.095451 -9.940000 -0.000003
v -10.075452 -2.489999 -0.000003
v -9.945453 -2.500000 -0.000003
v -9.935452 -9.789998 -0.000003
v -9.945453 -9.789998 -0.000003
v -10.175452 -10.019999 -0.000003
v -10.205452 -2.470000 -0.000003
v -10.115452 -9.959998 -0.000003
v -9.295452 -2.449999 -0.000003
v -11.385453 -1.949999 -0.000003
v -22.295452 -9.739999 -0.000003
v -17.435452 -10.779999 -0.000003
v -17.585451 -11.139998 -0.000003
v -22.305450 -10.139999 -0.000003
v -18.135450 -11.859999 -0.000003
v -22.095451 -11.020000 -0.000003
v -22.145452 -10.899999 -0.000003
v -19.675451 -7.509999 -0.000003
v -18.915451 -7.669999 -0.000003
v -18.795452 -7.719999 -0.000003
v -19.945452 -7.509999 -0.000003
v -19.815451 -7.499998 -0.000003
v -18.675453 -7.779998 -0.000003
v -20.075453 -7.519999 -0.000003
v -18.565451 -7.840000 -0.000003
v -21.665451 -8.330000 -0.000003
v -17.435452 -9.230000 -0.000003
v -21.755451 -8.429999 -0.000003
v -17.395452 -9.360000 -0.000003
v -18.445452 -12.099998 -0.000003
v -21.905451 -11.369999 -0.000003
v -21.975451 -11.259998 -0.000003
v -17.475452 -10.899999 -0.000003
v -17.715452 -11.369999 -0.000003
v -22.275452 -10.399999 -0.000003
v -22.295452 -10.269999 -0.000003
v -17.645452 -11.259998 -0.000003
v -17.865452 -11.580000 -0.000003
v -22.225451 -10.649999 -0.000003
v -22.255451 -10.519999 -0.000003
v -17.955452 -11.679999 -0.000003
v -22.185452 -10.779999 -0.000003
v -17.335451 -9.649999 -0.000003
v -17.325451 -9.739999 -0.000003
v -9.815452 -2.510000 -0.000003
v -10.825453 -2.289999 -0.000003
v -10.305452 -10.129998 -0.000003
v -10.585452 -2.379999 -0.000003
v -10.705452 -2.340001 -0.000003
v -10.305452 -2.449999 -0.000003
v -10.305452 -9.499998 -0.000003
v -10.305452 -9.569998 -0.000003
v -10.305452 -9.590000 -0.000003
v -10.305452 -10.009998 -0.000003
v -10.305452 -10.059999 -0.000003
v -10.245452 -10.089999 -0.000003
v -9.165453 -2.419998 -0.000003
v -10.455452 -2.419998 -0.000003
v -11.835452 1.460001 -0.000003
v -11.755452 1.570000 -0.000003
v -7.365452 0.510001 -0.000003
v -10.325452 -2.449999 -0.000003
v -12.145452 0.890001 -0.000003
v -12.095452 1.010001 -0.000003
v -7.315453 -0.140000 -0.000003
v -11.975452 1.249999 -0.000003
v -11.905452 1.360000 -0.000003
v -7.325452 0.260000 -0.000003
v -12.035452 1.130002 -0.000003
v -7.315453 0.129999 -0.000003
v -12.185452 0.770001 -0.000003
v -7.325452 -0.270001 -0.000003
v -7.305451 0.000000 -0.000003
v -11.575452 1.760000 -0.000003
v -7.475452 0.890001 -0.000003
v -11.485453 1.850001 -0.000003
v -7.525452 1.010001 -0.000003
v -11.385453 1.939999 -0.000003
v -7.585452 1.130002 -0.000003
v -11.275453 2.020000 -0.000003
v -7.645453 1.249999 -0.000003
v -11.175452 2.090001 -0.000003
v -7.715452 1.360000 -0.000003
v -11.065452 2.160000 -0.000003
v -7.785453 1.460001 -0.000003
v -9.625452 -10.029999 -0.000003
v -10.945452 2.220000 -0.000003
v -7.865452 1.570000 -0.000003
v -10.825453 2.280001 -0.000003
v -10.705452 2.329999 -0.000003
v -10.585452 2.370001 -0.000003
v -8.045451 1.760000 -0.000003
v -10.455452 2.410002 -0.000003
v -8.135453 1.850001 -0.000003
v -9.775453 -9.859999 -0.000003
v -9.885452 -9.729999 -0.000003
v -7.645453 -1.259999 -0.000003
v -12.295452 -0.270001 -0.000003
v -12.305452 -0.140000 -0.000003
v -12.305452 0.129999 -0.000003
v -12.295452 0.260000 -0.000003
v -7.475452 -0.900000 -0.000003
v -12.275453 0.390000 -0.000003
v -12.255452 0.510001 -0.000003
v -7.395453 -0.649998 -0.000003
v -7.435452 -0.779999 -0.000003
v -12.225452 0.640000 -0.000003
v -7.365452 -0.519999 -0.000003
v -9.035453 -2.379999 -0.000003
v -11.485453 -1.859999 -0.000003
v -11.575452 -1.769999 -0.000003
v -10.325452 2.440001 -0.000003
v -10.205452 2.460000 -0.000003
v -8.345452 2.020000 -0.000003
v -10.075452 2.480001 -0.000003
v -8.555452 2.160000 -0.000003
v -8.445453 2.090001 -0.000003
v -8.235453 1.939999 -0.000003
v -7.715452 -1.369999 -0.000003
v -8.445453 -2.099999 -0.000003
v -8.555452 -2.170000 -0.000003
v -11.905452 -1.369999 -0.000003
v -7.955452 -1.680000 -0.000003
v -12.185452 -0.779999 -0.000003
v -12.225452 -0.649998 -0.000003
v -8.675453 -2.229998 -0.000003
v -11.755452 -1.580000 -0.000003
v -11.835452 -1.469999 -0.000003
v -9.945453 2.490000 -0.000003
v -8.675453 2.220000 -0.000003
v -8.915452 -2.340001 -0.000003
v -8.795452 -2.289999 -0.000003
v -11.665453 -1.680000 -0.000003
v -9.675452 2.490000 -0.000003
v -9.545452 2.480001 -0.000003
v -8.915452 2.329999 -0.000003
v -9.415453 2.460000 -0.000003
v -9.165453 2.410002 -0.000003
v -9.035453 2.370001 -0.000003
v -9.815452 2.499999 -0.000003
v -8.795452 2.280001 -0.000003
v -8.135453 -1.859999 -0.000003
v -12.095452 -1.020000 -0.000003
v -12.145452 -0.900000 -0.000003
v -8.345452 -2.029998 -0.000003
v -11.975452 -1.259999 -0.000003
v -8.235453 -1.949999 -0.000003
v -8.045451 -1.769999 -0.000003
v -12.035452 -1.139998 -0.000003
v -9.295452 2.440001 -0.000003
v -12.275453 -0.400000 -0.000003
v -7.785453 -1.469999 -0.000003
v -7.865452 -1.580000 -0.000003
v -12.255452 -0.519999 -0.000003
v -7.345453 -0.400000 -0.000003
v -7.525452 -1.020000 -0.000003
v -7.585452 -1.139998 -0.000003
v -12.315452 0.000000 -0.000003
v -7.955452 1.670000 -0.000003
v -7.345453 0.390000 -0.000003
v -22.035452 -8.870000 -0.000003
v -21.975451 -8.749999 -0.000003
v -17.315453 -9.869999 -0.000003
v -19.545452 -7.519999 -0.000003
v -22.145452 -9.109999 -0.000003
v -18.795452 -12.289999 -0.000003
v -18.915451 -12.339999 -0.000003
v -21.665451 -11.679999 -0.000003
v -19.035452 -12.379998 -0.000003
v -21.485451 -11.859999 -0.000003
v -21.575451 -11.769999 -0.000003
v -19.415451 -7.539999 -0.000003
v -19.295452 -7.559999 -0.000003
v -19.165451 -7.590000 -0.000003
v -19.035452 -7.629998 -0.000003
v -19.415451 -12.469999 -0.000003
v -19.545452 -12.489999 -0.000003
v -21.175451 -12.099998 -0.000003
v -19.675451 -12.499999 -0.000003
v -20.945452 -12.229999 -0.000003
v -21.065453 -12.169999 -0.000003
v -19.945452 -12.499999 -0.000003
v -21.275452 -12.029999 -0.000003
v -21.755451 -11.580000 -0.000003
v -20.205450 -12.469999 -0.000003
v -20.455452 -12.419999 -0.000003
v -19.815451 -12.509998 -0.000003
v -20.825451 -12.289999 -0.000003
v -20.325451 -12.449999 -0.000003
v -19.295452 -12.449999 -0.000003
v -19.165451 -12.419999 -0.000003
v -21.385450 -11.949999 -0.000003
v -18.675453 -12.229999 -0.000003
v -18.565451 -12.169999 -0.000003
v -21.835451 -11.469999 -0.000003
v -18.345451 -12.029999 -0.000003
v -18.235451 -11.949999 -0.000003
v -22.035452 -11.139998 -0.000003
v -22.095451 -8.989999 -0.000003
v -10.015451 -9.859999 -0.000003
v -10.025453 -9.869999 -0.000003
v -9.385452 -10.169999 -0.000003
v -9.395453 -10.169999 -0.000003
v -9.395453 -10.179998 -0.000003
v -17.785452 -11.469999 -0.000003
v -18.045452 -11.769999 -0.000003
v -21.385450 -8.059999 -0.000003
v -17.525452 -8.989999 -0.000003
v -21.275452 -7.980000 -0.000003
v -17.585451 -8.870000 -0.000003
v -21.175451 -7.909999 -0.000003
v -17.645452 -8.749999 -0.000003
v -21.065453 -7.840000 -0.000003
v -17.715452 -8.639999 -0.000003
v -20.945452 -7.779998 -0.000003
v -17.785452 -8.539999 -0.000003
v -20.825451 -7.719999 -0.000003
v -17.865452 -8.429999 -0.000003
v -17.955452 -8.330000 -0.000003
v -17.365452 -9.489999 -0.000003
v -17.365452 -9.499998 -0.000003
v -2.025453 -8.539999 -0.000003
v 2.464548 -9.610000 -0.000003
v -0.315453 -10.399999 -0.000003
v -0.315453 -10.339998 -0.000003
v -0.315453 -9.669997 -0.000003
v -0.315453 -9.599998 -0.000003
v -2.415453 -9.360000 -0.000003
v -1.865452 -8.330000 -0.000003
v -1.775452 -8.239998 -0.000003
v 2.374548 -9.230000 -0.000003
v 2.324546 -9.109999 -0.000003
v -1.675452 -8.149999 -0.000003
v 2.274548 -8.989999 -0.000003
v -0.775452 -7.629998 -0.000003
v -0.655451 -7.590000 -0.000003
v 1.664547 -8.149999 -0.000003
v -0.525452 -7.559999 -0.000003
v 1.464547 -7.980000 -0.000003
v 1.564547 -8.059999 -0.000003
v -0.005453 -7.499998 -0.000003
v 0.124546 -7.509999 -0.000003
v 1.014546 -7.719999 -0.000003
v -0.265454 -7.519999 -0.000003
v -0.135454 -7.509999 -0.000003
v 1.244546 -7.840000 -0.000003
v 2.164546 -11.259998 -0.000003
v 1.934546 -11.580000 -0.000003
v -2.415453 -10.649999 -0.000003
v 1.664547 -11.859999 -0.000003
v -2.285453 -11.020000 -0.000003
v -2.335453 -10.899999 -0.000003
v 1.354547 -12.099998 -0.000003
v -2.105454 -11.369999 -0.000003
v -2.165452 -11.259998 -0.000003
v 1.014546 -12.289999 -0.000003
v -1.865452 -11.679999 -0.000003
v -1.945454 -11.580000 -0.000003
v 0.894548 -12.339999 -0.000003
v 0.764547 -12.379998 -0.000003
v -1.675452 -11.859999 -0.000003
v -1.775452 -11.769999 -0.000003
v 0.384547 -12.469999 -0.000003
v -1.365452 -12.099998 -0.000003
v -1.475452 -12.029999 -0.000003
v 0.254546 -12.489999 -0.000003
v 0.124546 -12.499999 -0.000003
v -1.135453 -12.229999 -0.000003
v -1.255454 -12.169999 -0.000003
v -0.005453 -12.509998 -0.000003
v -0.135454 -12.499999 -0.000003
v -0.905453 -12.339999 -0.000003
v -1.025454 -12.289999 -0.000003
v -0.265454 -12.489999 -0.000003
v -0.395452 -12.469999 -0.000003
v -0.655451 -12.419999 -0.000003
v -0.775452 -12.379998 -0.000003
v 1.134547 -7.779998 -0.000003
v -1.255454 -7.840000 -0.000003
v -1.135453 -7.779998 -0.000003
v 2.014548 -8.539999 -0.000003
v -0.905453 -7.669999 -0.000003
v 1.764547 -8.239998 -0.000003
v -0.395452 -7.539999 -0.000003
v 1.354547 -7.909999 -0.000003
v 0.254546 -7.519999 -0.000003
v 0.764547 -7.629998 -0.000003
v 0.894548 -7.669999 -0.000003
v 0.384547 -7.539999 -0.000003
v 0.514547 -7.559999 -0.000003
v 0.644546 -7.590000 -0.000003
v -1.025454 -7.719999 -0.000003
v 1.934546 -8.429999 -0.000003
v -1.575452 -8.059999 -0.000003
v -1.475452 -7.980000 -0.000003
v 2.224546 -8.870000 -0.000003
v -1.365452 -7.909999 -0.000003
v 2.164546 -8.749999 -0.000003
v -2.105454 -8.639999 -0.000003
v 2.484547 -9.739999 -0.000003
v -2.235451 -8.870000 -0.000003
v -2.165452 -8.749999 -0.000003
v 2.494545 -9.869999 -0.000003
v -2.335453 -9.109999 -0.000003
v 2.094546 -8.639999 -0.000003
v 1.854547 -8.330000 -0.000003
v -0.525452 -12.449999 -0.000003
v 0.514547 -12.449999 -0.000003
v 0.644546 -12.419999 -0.000003
v -1.575452 -11.949999 -0.000003
v 1.134547 -12.229999 -0.000003
v 1.244546 -12.169999 -0.000003
v -2.025453 -11.469999 -0.000003
v 1.464547 -12.029999 -0.000003
v 1.564547 -11.949999 -0.000003
v -2.235451 -11.139998 -0.000003
v 1.764547 -11.769999 -0.000003
v 1.854547 -11.679999 -0.000003
v -2.385453 -10.779999 -0.000003
v 2.014548 -11.469999 -0.000003
v 2.094546 -11.369999 -0.000003
v -18.135450 -8.149999 -0.000003
v -9.035453 -17.629997 -0.000003
v -8.915452 -17.669998 -0.000003
v -12.275453 -20.399998 -0.000003
v -7.785453 -21.469997 -0.000003
v -7.865452 -21.579998 -0.000003
v -12.255452 -20.519999 -0.000003
v -10.205452 -22.469997 -0.000003
v -10.325452 -22.449999 -0.000003
v -10.455452 -22.419998 -0.000003
v -7.345453 -20.399998 -0.000003
v -7.525452 -21.019999 -0.000003
v -7.585452 -21.139997 -0.000003
v -12.315452 -20.009998 -0.000003
v -7.955452 -18.329998 -0.000003
v -7.345453 -19.609997 -0.000003
v -10.255452 -17.549997 -0.000003
v -10.245452 -17.539999 -0.000003
v -10.305452 -17.559999 0.119997
v -10.305452 -17.559999 0.019997
v -10.305452 -17.559999 0.129997
v -10.305452 -17.559999 0.839997
v -17.365452 -10.499999 0.969997
v -17.365452 -10.499999 0.849997
v -17.365452 -10.499999 0.829997
v -17.365452 -10.499999 0.149997
v -11.135451 -10.499999 0.509997
v -11.135451 -10.499999 0.519997
v -2.455452 -10.499999 0.099997
v -11.135451 -10.499999 0.979997
v -11.135451 -10.499999 0.989997
v -11.135451 -10.499999 0.919997
v -11.135451 -10.499999 0.899997
v -11.135451 -10.499999 0.569997
v -11.135451 -10.499999 0.699997
v -11.135451 -10.499999 0.839997
v -11.135451 -10.499999 0.529997
v -11.135451 -10.499999 0.539997
v -11.135451 -10.499999 0.719997
v -11.135451 -10.499999 0.479997
v -11.135451 -10.499999 0.379997
v -11.135451 -10.499999 0.469997
v -2.455452 -10.499999 0.839997
v -11.135451 -10.499999 0.039997
v -11.135451 -10.499999 0.059997
v -11.135451 -10.499999 0.069997
v -11.135451 -10.499999 0.369997
v -11.135451 -10.499999 0.559997
v -11.135451 -10.499999 0.969997
v -10.305452 -11.089998 0.909997
v -10.305452 -11.089998 0.979997
v -10.305452 -11.089998 0.969997
v -10.305452 -11.089998 0.949997
v -10.305452 -11.089998 0.849997
v -10.305452 -11.089998 0.439997
v -10.305452 -11.089998 0.379997
v -10.305452 -11.089998 0.389997
v -10.305452 -11.089998 0.459997
v -10.305452 -11.089998 0.449997
v -10.305452 -11.089998 0.839997
v -10.305452 -11.089998 0.789997
v -10.305452 -11.089998 0.059997
v -10.305452 -11.089998 0.499997
v -10.305452 -2.449999 0.149997
v -10.305452 -2.449999 0.869997
v -10.305452 -11.089998 0.069997
v -10.305452 -11.089998 0.539997
v -10.305452 -11.089998 0.549997
v -9.305451 -17.559999 0.149997
v -9.305451 -17.559999 0.129997
v -9.305451 -17.559999 0.119997
v -9.305451 -17.559999 0.109997
v -9.305451 -2.449999 0.839997
v -9.305451 -8.679999 0.489997
v -9.305451 -8.679999 0.509997
v -9.305451 -8.679999 0.539997
v -9.305451 -8.679999 0.559997
v -9.305451 -2.449999 0.869997
v -9.305451 -8.679999 0.569997
v -9.305451 -8.679999 0.629997
v -9.305451 -8.679999 0.639997
v -9.305451 -8.679999 0.649997
v -9.305451 -8.679999 0.939997
v -9.305451 -8.679999 0.969997
v -9.305451 -8.679999 0.519997
v -9.305451 -8.679999 0.429997
v -9.305451 -8.679999 0.359997
v -9.305451 -8.679999 0.089997
v -9.305451 -8.679999 0.049997
v -2.455452 -9.499998 0.099997
v -2.455452 -9.499998 0.149997
v -8.725453 -9.499998 0.449997
v -8.725453 -9.499998 0.439997
v -8.725453 -9.499998 0.419997
v -8.725453 -9.499998 0.549997
v -8.725453 -9.499998 0.939997
v -8.725453 -9.499998 0.519997
v -17.365452 -9.499998 0.009997
v -8.725453 -9.499998 0.379997
v -8.725453 -9.499998 0.059997
v -17.365452 -9.499998 0.859997
v -17.365452 -9.499998 0.149997
v -17.365452 -9.499998 0.849997
v -8.725453 -9.499998 0.429997
v -8.725453 -9.499998 0.979997
v -8.725453 -9.499998 0.959997
v -15.585452 -16.369999 0.909997
v -15.585452 -16.369999 0.969997
v -15.585452 -16.369999 0.919997
v -3.835452 -4.619998 0.089997
v -3.835452 -4.619998 0.259997
v -4.555452 -3.929999 0.429997
v -4.555452 -3.929999 0.089997
v -16.215452 -15.579999 0.759997
v -16.215452 -15.579999 0.909997
v -16.215452 -15.579999 0.939997
v -15.905988 -3.192354 1.000000
v -16.241850 -4.270708 1.000000
v -15.708776 -3.861592 0.000001
v -15.708776 -3.861592 0.000001
v -16.360361 -3.654612 1.000000
v -16.488970 -3.799351 1.000000
v -16.253912 -3.507576 1.000000
v -15.862585 -4.073267 0.000001
v -15.800838 -3.297503 1.000000
v -15.577937 -3.634972 0.000001
v -15.540939 -3.557402 0.656621
v -16.046000 -3.071676 1.000000
v -15.801980 -3.296361 1.000000
v -15.604000 -3.494341 1.000000
v -15.540939 -3.557401 1.000000
v -15.599496 -3.498845 1.000000
v -16.041582 -3.056760 1.000000
v -15.577937 -3.634972 0.000001
v -15.640392 -3.749994 0.000001
v -16.269102 -4.243454 1.000000
v -16.197531 -3.414354 1.000000
v -16.456026 -3.764632 1.000000
v -15.862585 -4.073267 0.000001
v -16.042562 -3.060068 1.000000
v -15.872170 -3.226171 1.000000
v -16.042562 -3.060068 1.000000
v -16.248129 -4.264427 1.000000
v -16.074287 -3.151563 1.000000
v -16.574789 -3.937769 1.000000
v -16.374903 -3.672615 1.000000
v -16.132627 -4.357830 0.000001
v -15.695352 -3.402990 1.000000
v -15.797607 -3.300735 1.000000
v -15.802155 -3.296187 1.000000
v -15.806057 -3.292284 1.000000
v -15.812252 -3.286089 1.000000
v -15.813212 -3.285129 1.000000
v -15.816164 -3.282178 1.000000
v -16.558779 -3.866460 1.000000
v -16.308769 -3.587383 1.000000
v -15.782908 -3.969438 0.000001
v -16.266397 -4.246160 1.000000
v -15.912629 -3.185712 1.000000
v -16.110762 -3.241272 1.000000
v -16.110762 -3.241272 1.000000
v -16.099453 -3.213976 1.000000
v -16.078327 -3.162976 1.000000
v -16.563965 -3.948593 1.000000
v -16.047459 -3.075796 1.000000
v -16.074287 -3.151563 1.000000
v -16.020199 -3.078143 1.000000
v -15.997090 -3.101253 1.000000
v -15.968364 -3.129977 1.000000
v -15.960119 -3.138223 1.000000
v -15.931699 -3.166642 1.000000
v -15.878523 -3.219820 1.000000
v -15.892179 -3.206164 1.000000
v -15.862585 -4.073267 0.000001
v -15.947590 -4.172799 0.000001
v -15.708776 -3.861592 0.000001
v -15.640392 -3.749994 0.000001
v -16.260769 -3.517552 1.000000
v -16.576265 -3.882226 1.000000
v -16.576767 -3.882655 1.000000
v -16.360361 -3.654612 1.000000
v -16.260769 -3.517552 1.000000
v -16.197531 -3.414354 1.000000
v -16.196280 -3.412050 1.000000
v -16.178423 -3.379164 1.000000
v -16.157091 -3.339878 1.000000
v -16.151878 -3.328951 1.000000
v -16.117390 -3.256642 1.000000
v -16.151878 -3.328951 1.000000
v -16.115393 -3.252458 1.000000
v -16.144548 -4.368010 1.000000
v -16.037683 -4.267749 0.000001
v -16.037683 -4.267749 0.000001
v -16.575279 -3.937278 1.000000
v -16.576265 -3.882226 1.000000
v -16.567562 -3.874793 1.000000
v -16.559410 -3.867059 1.000000
v -16.558779 -3.866460 1.000000
v -16.497303 -3.808133 1.000000
v -16.542469 -3.970089 1.000000
v -16.482243 -4.030314 1.000000
v -16.475521 -4.037036 1.000000
v -16.463541 -4.049016 1.000000
v -16.430634 -3.737870 1.000000
v -16.401094 -4.111464 1.000000
v -16.383442 -4.129117 1.000000
v -16.352915 -4.159643 1.000000
v -16.352589 -4.159969 1.000000
v -16.375593 -3.673423 1.000000
v -16.374903 -3.672615 1.000000
v -16.367731 -3.664216 1.000000
v -16.262718 -4.249839 1.000000
v -16.357569 -3.650975 1.000000
v -16.264788 -3.523400 1.000000
v -16.203308 -3.424994 1.000000
v -16.247587 -3.497253 1.000000
v -16.247587 -3.497253 1.000000
v -16.132627 -4.357830 0.000001
v -16.144548 -4.368010 0.119778
v -16.132627 -4.357830 0.000001
v -16.282503 -3.549171 1.000000
v -16.488970 -3.799351 1.000000
v -16.414696 -4.097863 1.000000
v -16.543209 -3.969349 1.000000
v -16.553043 -3.959516 1.000000
v -16.605427 -3.907131 1.000000
v -16.001705 -3.096638 1.000000
v -15.706834 -3.391508 1.000000
v -16.599764 -3.902294 1.000000
v -16.572487 -3.878999 1.000000
v -15.555902 -3.588776 0.000001
v -16.605427 -3.907131 1.000000
v -16.241848 -4.270708 1.000000
v -16.144548 -4.368010 1.000000
v -16.605427 -3.907131 1.000000
v -16.241848 -4.270708 1.000000
v -16.144548 -4.368010 1.000000
v -16.605427 -3.907131 1.000000
v -16.241850 -4.270708 1.000000
v -16.144548 -4.368010 1.000000
v -16.605427 -3.907131 1.000000
v -16.241848 -4.270708 1.000000
v -16.144548 -4.368010 1.000000
v -16.042267 -3.059071 1.000000
v -16.585369 -3.890000 1.000000
v -16.600193 -3.902661 1.000000
v -16.041582 -3.056760 1.000000
v -16.041582 -3.056760 1.000000
v -16.144548 -4.368010 0.000001
v -16.605427 -3.907131 1.000000
v -16.241848 -4.270708 1.000000
v -16.144548 -4.368010 1.000000
v -16.586210 -3.890719 1.000000
v -16.596895 -3.899844 1.000000
v -16.585369 -3.890000 1.000000
v -16.041582 -3.056760 1.000000
v -16.605427 -3.907131 1.000000
v -16.241848 -4.270708 1.000000
v -16.144548 -4.368010 1.000000
v -16.041582 -3.056760 1.000000
v -15.560592 -3.598607 0.000001
v -16.586243 -3.890746 1.000000
v -16.572487 -3.878999 1.000000
v -16.575438 -3.881518 1.000000
v -16.575518 -3.881587 1.000000
v -16.578859 -3.884440 1.000000
v -16.578430 -3.884075 1.000000
v -16.580385 -3.885743 1.000000
v -16.581884 -3.887025 1.000000
v -16.581884 -3.887025 1.000000
v -16.582317 -3.887395 1.000000
v -16.589743 -3.893735 1.000000
v -16.603619 -3.905587 1.000000
v -16.585392 -3.890020 1.000000
v -16.595898 -3.898993 1.000000
v -16.585804 -3.890372 1.000000
v -16.589304 -3.893361 1.000000
v -16.589743 -3.893735 1.000000
v -16.590574 -3.894447 1.000000
v -15.570003 -3.618335 0.000001
v -16.592806 -3.896352 1.000000
v -16.042305 -3.059198 1.000000
v -16.591473 -3.895213 1.000000
v -16.593243 -3.896725 1.000000
v -16.593243 -3.896725 1.000000
v -16.605427 -3.907131 1.000000
v -16.241848 -4.270708 1.000000
v -16.144548 -4.368010 1.000000
v -16.605427 -3.907131 1.000000
v -16.241848 -4.270708 1.000000
v -16.144548 -4.368010 1.000000
v -15.573224 -3.625091 0.000001
v -16.041582 -3.056760 1.000000
v -16.041582 -3.056760 1.000000
v -16.605427 -3.907131 1.000000
v -16.241848 -4.270708 1.000000
v -16.144548 -4.368010 1.000000
v -16.605427 -3.907131 1.000000
v -16.241848 -4.270708 1.000000
v -16.144548 -4.368010 1.000000
v -16.596731 -3.899704 1.000000
v -15.540939 -3.557402 0.000001
v -16.596296 -3.899333 1.000000
v -15.555902 -3.588776 0.000001
v -16.605427 -3.907131 1.000000
v -16.241848 -4.270708 1.000000
v -16.144548 -4.368010 1.000000
v -15.560592 -3.598606 0.000001
v -16.041582 -3.056760 1.000000
v -16.144548 -4.368010 0.008084
v -16.605427 -3.907131 1.000000
v -16.241850 -4.270708 1.000000
v -16.144548 -4.368010 1.000000
v -16.605427 -3.907131 1.000000
v -16.241848 -4.270708 1.000000
v -16.144548 -4.368010 1.000000
v -16.605427 -3.907131 1.000000
v -16.241848 -4.270708 1.000000
v -16.144548 -4.368010 1.000000
v -16.605427 -3.907131 1.000000
v -16.241848 -4.270708 1.000000
v -16.144548 -4.368010 1.000000
v -16.605427 -3.907131 1.000000
v -16.241848 -4.270708 1.000000
v -16.144548 -4.368010 1.000000
v -16.605427 -3.907131 1.000000
v -16.241848 -4.270708 1.000000
v -16.144548 -4.368010 1.000000
v -16.605427 -3.907131 1.000000
v -16.241848 -4.270708 1.000000
v -16.144548 -4.368010 1.000000
v -16.605427 -3.907131 1.000000
v -16.241848 -4.270708 1.000000
v -16.144548 -4.368010 1.000000
v -16.605427 -3.907131 1.000000
v -16.241848 -4.270708 1.000000
v -16.144548 -4.368010 1.000000
v -16.605427 -3.907131 1.000000
v -16.241848 -4.270708 1.000000
v -16.144548 -4.368010 1.000000
v -16.605427 -3.907131 1.000000
v -16.241848 -4.270708 1.000000
v -16.144548 -4.368010 1.000000
v -16.605427 -3.907131 1.000000
v -16.241848 -4.270708 1.000000
v -16.144548 -4.368010 1.000000
v -16.605427 -3.907131 1.000000
v -16.241848 -4.270708 1.000000
v -16.144548 -4.368010 1.000000
v -15.570003 -3.618335 0.000001
v -15.565297 -3.608473 0.000001
v -16.578430 -3.884075 1.000000
v -16.571602 -3.878244 1.000000
v -16.605427 -3.907131 1.000000
v -16.241850 -4.270708 1.000000
v -16.144548 -4.368010 1.000000
v -16.605427 -3.907131 1.000000
v -16.241850 -4.270708 1.000000
v -16.144548 -4.368010 1.000000
v -16.596731 -3.899704 1.000000
v -16.605427 -3.907131 1.000000
v -16.241848 -4.270708 1.000000
v -16.144548 -4.368010 1.000000
v -16.572067 -3.878640 1.000000
v -16.605427 -3.907131 1.000000
v -16.241848 -4.270708 1.000000
v -16.144548 -4.368010 1.000000
v -16.605427 -3.907131 1.000000
v -16.241848 -4.270708 1.000000
v -16.144548 -4.368010 1.000000
v -16.605427 -3.907131 1.000000
v -16.241848 -4.270708 1.000000
v -16.144548 -4.368010 1.000000
v -16.605427 -3.907131 1.000000
v -16.241848 -4.270708 1.000000
v -16.144548 -4.368010 1.000000
v -16.605427 -3.907131 1.000000
v -16.241848 -4.270708 1.000000
v -16.144548 -4.368010 1.000000
v -16.605427 -3.907131 1.000000
v -16.241848 -4.270708 1.000000
v -16.144548 -4.368010 1.000000
v -16.605427 -3.907131 1.000000
v -16.241848 -4.270708 1.000000
v -16.144548 -4.368010 1.000000
v -16.605427 -3.907131 1.000000
v -16.603195 -3.905226 1.000000
v -16.603619 -3.905587 1.000000
v -16.602516 -3.904645 1.000000
v -16.041582 -3.056760 1.000000
v -16.601408 -3.903699 1.000000
v -16.600193 -3.902661 1.000000
v -16.586210 -3.890719 1.000000
v -16.576223 -3.882190 1.000000
v -16.042055 -3.058356 1.000000
v -16.041582 -3.056760 1.000000
v -16.041582 -3.056760 1.000000
v -16.041582 -3.056760 1.000000
v -16.041582 -3.056760 1.000000
v -16.041582 -3.056760 1.000000
v -15.565297 -3.608473 0.000001
v -15.542113 -3.559867 0.000001
v -15.546646 -3.569370 0.000001
v -15.546646 -3.569370 0.000001
v -15.551249 -3.579018 0.000001
v -15.551249 -3.579018 0.000001
v -15.555902 -3.588776 0.000001
v -16.041582 -3.056760 1.000000
v -15.574686 -3.628157 0.000001
v -15.574686 -3.628157 0.000001
v -15.576691 -3.632361 0.000001
v -16.144548 -4.368010 0.923242
v -16.144548 -4.368010 0.951810
v -15.540939 -3.557402 0.007222
v -15.540939 -3.557401 0.930560
v -15.540939 -3.557401 0.979797
v -16.041582 -3.056760 1.000000
v -16.041582 -3.056760 1.000000
v -16.041582 -3.056760 1.000000
v -16.041582 -3.056760 1.000000
v -16.041582 -3.056760 1.000000
v -16.041582 -3.056760 1.000000
v -15.995877 -2.115355 1.000000
v -17.998831 -0.660129 1.000000
v -19.495514 -3.252458 1.000000
v -17.233770 -4.259437 1.000000
v -19.302137 -1.412589 1.000000
v -16.880453 -0.897847 1.000000
v -18.377132 -4.259437 1.000000
v -19.407600 -1.574993 1.000000
v -16.718048 -1.003310 1.000000
v -19.180275 -3.737870 1.000000
v -15.965585 -2.306617 1.000000
v -18.190090 -0.690418 1.000000
v -17.805454 -4.349995 1.000000
v -19.615025 -2.884632 1.000000
v -16.115393 -1.747529 1.000000
v -18.377134 -0.740539 1.000000
v -17.612078 -4.339873 1.000000
v -18.730453 -4.102160 1.000000
v -19.495514 -1.747529 1.000000
v -17.233770 -0.740539 1.000000
v -15.965589 -2.693370 1.000000
v -19.645317 -2.693370 1.000000
v -17.805454 -0.649993 1.000000
v -17.420815 -4.309564 1.000000
v -18.892855 -3.996667 1.000000
v -19.180275 -1.262101 1.000000
v -16.430634 -1.262101 1.000000
v -15.995877 -2.884632 1.000000
v -19.655455 -2.499994 1.000000
v -15.955453 -2.499994 1.000000
v -19.302137 -3.587383 1.000000
v -16.567562 -1.125173 1.000000
v -16.880453 -4.102160 1.000000
v -19.043346 -1.125173 1.000000
v -16.976496 -0.846418 1.000000
v -17.338409 -0.710201 1.000000
v -18.634407 -4.153585 1.000000
v -18.655973 -0.857407 1.000000
v -19.653233 -2.415278 1.000000
v -17.528053 -0.671187 1.000000
v -16.015661 -2.967037 1.000000
v -18.457020 -4.231154 1.000000
v -17.504147 -4.325004 1.000000
v -18.882879 -0.996453 1.000000
v -19.527946 -3.174161 1.000000
v -17.245378 -4.262874 1.000000
v -19.536619 -1.848423 1.000000
v -16.301912 -1.422566 1.000000
v -16.042562 -1.939919 1.000000
v -19.651966 -2.608884 1.000000
v -18.546730 -0.805300 1.000000
v -16.197531 -1.585633 1.000000
v -18.802713 -4.057835 1.000000
v -15.978228 -2.789396 1.000000
v -16.797871 -0.948451 1.000000
v -19.652916 -2.596814 1.000000
v -17.708633 -0.652530 1.000000
v -16.018488 -2.978809 1.000000
v -18.468433 -4.227114 1.000000
v -17.516052 -4.327209 1.000000
v -19.453815 -1.660109 1.000000
v -18.284267 -4.286938 1.000000
v -19.113598 -3.808133 1.000000
v -18.468433 -0.772868 1.000000
v -16.018488 -2.021178 1.000000
v -19.652916 -2.403173 1.000000
v -17.516052 -0.672767 1.000000
v -17.902275 -0.652530 1.000000
v -18.645336 -4.148373 1.000000
v -15.978228 -2.210590 1.000000
v -19.113598 -1.191843 1.000000
v -19.532578 -3.162976 1.000000
v -16.641209 -1.062270 1.000000
v -17.326639 -4.286938 1.000000
v -19.532578 -1.837011 1.000000
v -17.326639 -0.713028 1.000000
v -16.253912 -1.492411 1.000000
v -18.645336 -0.851630 1.000000
v -19.243172 -3.664216 1.000000
v -16.797871 -4.051509 1.000000
v -18.094856 -4.327209 1.000000
v -18.813036 -4.051509 1.000000
v -19.592413 -2.021178 1.000000
v -18.094856 -0.672767 1.000000
v -17.142471 -0.772868 1.000000
v -17.902275 -4.347451 1.000000
v -15.957986 -2.403173 1.000000
v -18.568842 -0.815145 1.000000
v -16.050041 -1.916898 1.000000
v -19.634254 -2.777393 1.000000
v -17.409044 -4.306736 1.000000
v -18.823011 -4.044654 1.000000
v -19.588974 -2.009569 1.000000
v -17.064175 -0.805300 1.000000
v -16.808193 -0.942125 1.000000
v -15.993671 -2.127259 1.000000
v -18.365526 -0.737101 1.000000
v -19.034140 -3.882655 1.000000
v -19.500147 -1.758714 1.000000
v -16.954929 -0.857407 1.000000
v -17.245378 -0.737101 1.000000
v -17.222359 -4.255396 1.000000
v -19.617229 -2.127259 1.000000
v -19.104816 -3.816466 1.000000
v -19.459028 -1.671036 1.000000
v -17.696564 -4.346504 1.000000
v -16.787891 -0.955308 1.000000
v -16.708445 -3.989294 1.000000
v -19.121933 -3.799351 1.000000
v -16.488970 -1.200626 1.000000
v -19.188137 -1.271307 1.000000
v -18.969696 -3.937690 1.000000
v -19.356991 -1.492411 1.000000
v -16.965569 -0.851630 1.000000
v -19.632673 -2.789396 1.000000
v -18.284267 -0.713028 1.000000
v -16.078327 -1.837011 1.000000
v -17.708633 -4.347451 1.000000
v -16.375593 -1.326544 1.000000
v -19.294765 -3.596987 1.000000
v -15.976648 -2.777393 1.000000
v -17.890171 -4.347769 1.000000
v -18.546730 -4.194705 1.000000
v -19.560867 -3.083089 1.000000
v -17.042061 -4.184862 1.000000
v -19.564907 -3.071676 1.000000
v -16.203308 -1.574993 1.000000
v -18.892855 -1.003310 1.000000
v -17.052990 -4.190075 1.000000
v -19.645317 -2.306617 1.000000
v -17.420815 -0.690418 1.000000
v -18.557915 -4.190075 1.000000
v -19.595240 -2.032951 1.000000
v -19.588974 -2.990418 1.000000
v -17.131285 -4.222484 1.000000
v -17.222359 -0.744581 1.000000
v -18.813036 -0.948451 1.000000
v -19.592413 -2.978809 1.000000
v -16.157091 -1.660109 1.000000
v -17.142471 -4.227114 1.000000
v -19.356991 -3.507576 1.000000
v -19.243172 -1.335750 1.000000
v -16.497303 -1.191843 1.000000
v -16.641209 -3.937690 1.000000
v -18.655973 -4.142590 1.000000
v -19.595240 -2.967036 1.000000
v -19.634254 -2.222594 1.000000
v -19.034140 -1.117310 1.000000
v -18.960093 -3.945063 1.000000
v -19.630468 -2.801301 1.000000
v -19.655136 -2.512099 1.000000
v -18.960093 -1.054900 1.000000
v -17.432718 -0.688211 1.000000
v -16.209633 -1.564670 1.000000
v -19.651966 -2.391103 1.000000
v -16.954929 -4.142590 1.000000
v -16.110762 -1.758715 1.000000
v -16.965569 -4.148373 1.000000
v -19.632673 -2.210591 1.000000
v -18.969696 -1.062270 1.000000
v -15.957986 -2.596814 1.000000
v -16.367731 -1.335750 1.000000
v -19.453815 -3.339878 1.000000
v -18.740776 -0.904172 1.000000
v -16.316139 -1.402984 1.000000
v -19.459028 -3.328951 1.000000
v -19.250542 -1.345355 1.000000
v -16.506086 -1.183510 1.000000
v -19.308994 -1.422566 1.000000
v -16.576767 -1.117310 1.000000
v -15.958935 -2.391103 1.000000
v -19.121933 -1.200626 1.000000
v -16.787891 -4.044654 1.000000
v -15.967165 -2.294613 1.000000
v -18.201862 -0.693244 1.000000
v -19.363316 -1.502733 1.000000
v -18.106760 -0.674973 1.000000
v -19.448038 -3.350518 1.000000
v -18.010834 -0.661709 1.000000
v -17.986761 -4.340820 1.000000
v -15.955770 -2.512097 1.000000
v -17.986761 -0.659179 1.000000
v -15.964640 -2.681300 1.000000
v -17.817556 -0.650310 1.000000
v -17.793350 -0.650310 1.000000
v -18.201862 -4.306736 1.000000
v -16.650814 -1.054900 1.000000
v -19.235308 -3.673423 1.000000
v -16.046000 -1.928310 1.000000
v -19.407600 -3.424994 1.000000
v -16.718048 -3.996667 1.000000
v -18.557915 -0.809933 1.000000
v -19.564907 -1.928310 1.000000
v -17.052990 -0.809933 1.000000
v -18.190090 -4.309564 1.000000
v -18.082853 -4.328793 1.000000
v -16.120605 -1.736601 1.000000
v -19.043346 -3.874793 1.000000
v -16.308769 -1.412589 1.000000
v -18.730453 -0.897847 1.000000
v -19.615025 -2.115355 1.000000
v -17.612078 -0.660129 1.000000
v -17.998831 -4.339873 1.000000
v -16.808193 -4.057835 1.000000
v -18.388546 -0.744581 1.000000
v -19.413378 -1.585633 1.000000
v -17.600073 -4.338290 1.000000
v -19.052128 -1.133507 1.000000
v -18.178186 -4.311769 1.000000
v -17.624147 -0.659179 1.000000
v -18.365526 -4.262874 1.000000
v -15.993671 -2.872727 1.000000
v -17.793350 -4.349677 1.000000
v -15.955770 -2.487892 1.000000
v -19.308994 -3.577407 1.000000
v -19.401274 -3.435316 1.000000
v -15.998704 -2.103582 1.000000
v -18.826796 -4.042055 1.000000
v -19.253334 -1.348995 1.000000
v -15.989923 -2.852501 1.000000
v -16.236839 -1.520272 1.000000
v -17.153259 -0.769047 1.000000
v -17.794502 -4.349707 1.000000
v -18.458107 -0.769212 1.000000
v -17.777138 -4.349251 1.000000
v -18.349976 -0.732494 1.000000
v -18.192301 -4.309032 1.000000
v -18.814907 -0.949737 1.000000
v -16.912870 -0.880244 1.000000
v -18.173473 -4.312643 1.000000
v -18.715599 -0.889781 1.000000
v -17.277470 -4.272377 1.000000
v -17.947708 -0.656106 1.000000
v -16.370579 -1.332415 1.000000
v -17.042849 -0.814770 1.000000
v -16.029856 -3.017180 1.000000
v -16.276583 -1.459423 1.000000
v -18.059484 -4.331874 1.000000
v -18.699100 -0.880823 1.000000
v -16.630014 -1.071831 1.000000
v -16.529736 -1.161067 1.000000
v -16.500671 -1.188647 1.000000
v -17.387634 -4.301592 1.000000
v -17.964811 -0.657452 1.000000
v -16.895308 -4.110224 1.000000
v -17.437439 -0.687337 1.000000
v -18.954466 -3.949380 1.000000
v -19.346117 -1.476587 1.000000
v -19.374062 -3.479722 1.000000
v -19.620979 -2.147488 1.000000
v -18.980898 -3.928124 1.000000
v -19.414623 -1.587927 1.000000
v -17.404247 -4.305583 1.000000
v -18.077963 -0.670544 1.000000
v -19.334316 -3.540565 1.000000
v -19.581045 -1.982793 1.000000
v -17.136341 -4.224576 1.000000
v -17.702021 -0.653051 1.000000
v -16.667461 -3.957839 1.000000
v -17.173662 -0.761823 1.000000
v -17.152798 -4.230769 1.000000
v -17.816404 -0.650279 1.000000
v -17.532942 -4.329437 1.000000
v -18.206657 -0.694395 1.000000
v -17.516052 -4.327209 1.000000
v -18.094858 -0.672767 1.000000
v -17.260929 -4.267479 1.000000
v -17.833767 -0.650735 1.000000
v -16.759653 -0.974717 1.000000
v -16.656446 -1.050579 1.000000
v -18.437243 -4.238156 1.000000
v -18.943445 -1.042126 1.000000
v -16.784111 -0.957907 1.000000
v -16.890156 -0.892578 1.000000
v -17.021276 -0.825059 1.000000
v -16.796005 -4.050228 1.000000
v -17.418612 -0.690947 1.000000
v -16.779541 -4.038916 1.000000
v -17.305309 -0.719346 1.000000
v -16.684149 -3.970648 1.000000
v -17.285669 -0.725164 1.000000
v -18.589621 -4.174951 1.000000
v -19.137787 -1.217331 1.000000
v -18.720741 -4.107432 1.000000
v -19.236002 -1.327354 1.000000
v -17.014423 -4.171679 1.000000
v -17.569717 -0.665703 1.000000
v -18.851255 -4.025249 1.000000
v -19.328402 -1.450807 1.000000
v -18.041185 -4.334288 1.000000
v -18.596478 -0.828326 1.000000
v -17.926752 -4.345530 1.000000
v -18.580074 -0.820503 1.000000
v -18.457642 -4.230934 1.000000
v -19.034639 -1.117737 1.000000
v -18.568048 -4.185241 1.000000
v -19.051495 -1.132905 1.000000
v -18.698029 -4.119762 1.000000
v -19.154877 -1.235340 1.000000
v -18.325237 -4.274805 1.000000
v -18.926754 -1.029321 1.000000
v -18.305601 -4.280621 1.000000
v -18.831369 -0.961052 1.000000
v -17.908888 -4.346931 1.000000
v -18.474562 -0.775407 1.000000
v -17.663200 -4.343885 1.000000
v -18.333435 -0.727594 1.000000
v -16.911806 -4.119181 1.000000
v -17.551422 -0.668112 1.000000
v -19.110239 -3.811322 1.000000
v -19.493515 -1.743341 1.000000
v -19.081173 -3.838901 1.000000
v -19.432480 -1.620813 1.000000
v -19.207317 -3.706202 1.000000
v -19.511452 -1.786005 1.000000
v -19.240324 -3.667551 1.000000
v -19.563442 -1.924172 1.000000
v -19.522287 -3.187819 1.000000
v -19.654751 -2.473119 1.000000
v -19.466413 -3.313468 1.000000
v -19.636496 -2.239617 1.000000
v -17.030825 -4.179502 1.000000
v -17.684155 -0.654456 1.000000
v -17.646097 -4.342543 1.000000
v -18.223270 -0.698384 1.000000
v -15.956156 -2.526848 1.000000
v -16.088608 -1.812192 1.000000
v -16.403587 -1.293767 1.000000
v -15.974408 -2.760370 1.000000
v -16.144487 -1.686532 1.000000
v -19.655455 -2.499994 7.999999
v -19.652916 -2.403173 7.999999
v -19.645317 -2.306617 7.999999
v -19.632673 -2.210591 7.999999
v -19.615025 -2.115355 7.999999
v -19.592413 -2.021178 7.999999
v -19.564907 -1.928310 7.999999
v -19.532578 -1.837011 7.999999
v -19.495514 -1.747529 7.999999
v -19.453815 -1.660109 7.999999
v -19.407600 -1.574993 7.999999
v -19.356991 -1.492411 7.999999
v -19.302137 -1.412589 7.999999
v -19.243172 -1.335750 7.999999
v -19.180275 -1.262101 7.999999
v -19.113598 -1.191843 7.999999
v -19.043346 -1.125173 7.999999
v -18.969696 -1.062270 7.999999
v -18.892855 -1.003310 7.999999
v -18.813036 -0.948451 7.999999
v -18.730453 -0.897847 7.999999
v -18.645336 -0.851630 7.999999
v -18.557915 -0.809933 7.999999
v -18.468433 -0.772868 7.999999
v -18.377134 -0.740539 7.999999
v -18.284267 -0.713028 7.999999
v -18.190090 -0.690418 7.999999
v -18.094856 -0.672767 7.999999
v -17.998831 -0.660124 7.999999
v -17.902275 -0.652526 7.999999
v -17.805454 -0.649993 7.999999
v -17.708633 -0.652526 7.999999
v -17.612078 -0.660124 7.999999
v -17.516052 -0.672767 7.999999
v -17.420815 -0.690418 7.999999
v -17.326639 -0.713028 7.999999
v -17.233770 -0.740539 7.999999
v -17.142471 -0.772868 7.999999
v -17.052990 -0.809933 7.999999
v -16.965569 -0.851630 7.999999
v -16.880453 -0.897847 7.999999
v -16.797871 -0.948451 7.999999
v -16.718048 -1.003310 7.999999
v -16.641209 -1.062270 7.999999
v -16.567562 -1.125173 7.999999
v -16.497303 -1.191843 7.999999
v -16.430634 -1.262101 7.999999
v -16.367731 -1.335750 7.999999
v -16.308769 -1.412589 7.999999
v -16.253912 -1.492411 7.999999
v -16.203308 -1.574993 7.999999
v -16.157091 -1.660109 7.999999
v -16.115393 -1.747529 7.999999
v -16.078327 -1.837011 7.999999
v -16.046000 -1.928310 7.999999
v -16.018488 -2.021178 7.999999
v -15.995877 -2.115355 7.999999
v -15.978228 -2.210586 7.999999
v -15.965585 -2.306617 7.999999
v -15.957986 -2.403173 7.999999
v -15.955453 -2.499994 7.999999
v -15.957986 -2.596814 7.999999
v -15.965589 -2.693370 7.999999
v -15.978228 -2.789396 7.999999
v -15.995877 -2.884632 7.999999
v -16.018488 -2.978809 7.999999
v -16.046000 -3.071676 7.999999
v -16.078327 -3.162976 7.999999
v -16.115393 -3.252458 7.999999
v -16.157091 -3.339873 7.999999
v -16.203308 -3.424994 7.999999
v -16.253912 -3.507576 7.999999
v -16.308769 -3.587383 7.999999
v -16.367731 -3.664216 7.999999
v -16.430634 -3.737870 7.999999
v -16.497303 -3.808133 7.999999
v -16.567562 -3.874793 7.999999
v -16.641209 -3.937690 7.999999
v -16.718048 -3.996667 7.999999
v -16.797871 -4.051509 7.999999
v -16.880453 -4.102114 7.999999
v -16.965569 -4.148373 7.999999
v -17.052990 -4.190075 7.999999
v -17.142471 -4.227114 7.999999
v -17.233770 -4.259437 7.999999
v -17.326639 -4.286938 7.999999
v -17.420815 -4.309564 7.999999
v -17.516052 -4.327209 7.999999
v -17.612078 -4.339873 7.999999
v -17.708633 -4.347451 7.999999
v -17.805454 -4.349995 7.999999
v -17.902275 -4.347451 7.999999
v -17.998831 -4.339873 7.999999
v -18.094856 -4.327209 7.999999
v -18.190090 -4.309564 7.999999
v -18.284267 -4.286938 7.999999
v -18.377132 -4.259437 7.999999
v -18.468433 -4.227114 7.999999
v -18.557915 -4.190075 7.999999
v -18.645336 -4.148373 7.999999
v -18.730453 -4.102114 7.999999
v -18.813036 -4.051509 7.999999
v -18.892855 -3.996667 7.999999
v -18.969696 -3.937690 7.999999
v -19.043346 -3.874793 7.999999
v -19.113598 -3.808133 7.999999
v -19.180275 -3.737870 7.999999
v -19.243172 -3.664216 7.999999
v -19.302137 -3.587383 7.999999
v -19.356991 -3.507576 7.999999
v -19.407600 -3.424994 7.999999
v -19.453815 -3.339873 7.999999
v -19.495514 -3.252458 7.999999
v -19.532578 -3.162976 7.999999
v -19.564907 -3.071676 7.999999
v -19.592413 -2.978809 7.999999
v -19.615025 -2.884627 7.999999
v -19.632673 -2.789396 7.999999
v -19.645317 -2.693370 7.999999
v -19.652916 -2.596814 7.999999
v -20.305454 -2.499994 -0.000000
v -20.305454 -2.499994 1.000000
v -20.302025 -2.369155 -0.000000
v -20.302025 -2.369155 1.000000
v -20.291756 -2.238674 1.000000
v -20.291756 -2.238674 -0.000000
v -20.274670 -2.108909 -0.000000
v -20.274670 -2.108909 1.000000
v -20.250818 -1.980212 -0.000000
v -20.250818 -1.980212 1.000000
v -20.220263 -1.852946 -0.000000
v -20.220263 -1.852946 1.000000
v -20.183092 -1.727449 1.000000
v -20.183092 -1.727449 -0.000000
v -20.139406 -1.604072 -0.000000
v -20.139406 -1.604072 1.000000
v -20.089317 -1.483151 -0.000000
v -20.089317 -1.483151 1.000000
v -20.032970 -1.365014 -0.000000
v -20.032970 -1.365014 1.000000
v -19.970516 -1.249994 -0.000000
v -19.970516 -1.249994 1.000000
v -19.902124 -1.138396 -0.000000
v -19.902124 -1.138396 1.000000
v -19.827999 -1.030528 -0.000000
v -19.827999 -1.030528 1.000000
v -19.748316 -0.926692 -0.000000
v -19.748316 -0.926692 1.000000
v -19.663319 -0.827167 -0.000000
v -19.663319 -0.827167 1.000000
v -19.573215 -0.732224 -0.000000
v -19.573215 -0.732224 1.000000
v -19.478281 -0.642129 -0.000000
v -19.478281 -0.642129 1.000000
v -19.378756 -0.557126 1.000000
v -19.378756 -0.557126 -0.000000
v -19.274916 -0.477449 1.000000
v -19.274916 -0.477449 -0.000000
v -19.167049 -0.403316 1.000000
v -19.167049 -0.403316 -0.000000
v -19.055452 -0.334931 -0.000000
v -19.055452 -0.334931 1.000000
v -18.940428 -0.272477 -0.000000
v -18.940428 -0.272477 1.000000
v -18.822294 -0.216130 -0.000000
v -18.822294 -0.216130 1.000000
v -18.701372 -0.166041 1.000000
v -18.701372 -0.166041 -0.000000
v -18.577995 -0.122354 -0.000000
v -18.577995 -0.122354 1.000000
v -18.452499 -0.085176 1.000000
v -18.452499 -0.085176 -0.000000
v -18.325232 -0.054622 -0.000000
v -18.325232 -0.054622 1.000000
v -18.196539 -0.030770 -0.000000
v -18.196539 -0.030770 1.000000
v -18.066774 -0.013692 -0.000000
v -18.066774 -0.013685 1.000000
v -17.936293 -0.003417 1.000000
v -17.936293 -0.003424 -0.000000
v -17.805454 0.000006 -0.000000
v -17.805454 0.000006 1.000000
v -17.674614 -0.003417 1.000000
v -17.674614 -0.003424 -0.000000
v -17.544134 -0.013692 -0.000000
v -17.544134 -0.013685 1.000000
v -17.414370 -0.030770 -0.000000
v -17.414370 -0.030770 1.000000
v -17.285673 -0.054622 -0.000000
v -17.285673 -0.054622 1.000000
v -17.158405 -0.085176 -0.000000
v -17.158405 -0.085176 1.000000
v -17.032909 -0.122354 -0.000000
v -17.032909 -0.122354 1.000000
v -16.909533 -0.166041 1.000000
v -16.909533 -0.166041 -0.000000
v -16.788610 -0.216130 -0.000000
v -16.788610 -0.216130 1.000000
v -16.670475 -0.272477 -0.000000
v -16.670475 -0.272477 1.000000
v -16.555454 -0.334931 1.000000
v -16.555454 -0.334931 -0.000000
v -16.443855 -0.403316 -0.000000
v -16.443855 -0.403316 1.000000
v -16.335987 -0.477449 1.000000
v -16.335987 -0.477449 -0.000000
v -16.232151 -0.557126 -0.000000
v -16.232151 -0.557126 1.000000
v -16.132627 -0.642129 -0.000000
v -16.132627 -0.642129 1.000000
v -16.037683 -0.732224 -0.000000
v -16.037683 -0.732224 1.000000
v -15.947590 -0.827167 1.000000
v -15.947590 -0.827167 -0.000000
v -15.862585 -0.926692 -0.000000
v -15.862585 -0.926692 1.000000
v -15.782908 -1.030528 -0.000000
v -15.782908 -1.030528 1.000000
v -15.708776 -1.138396 1.000000
v -15.708776 -1.138396 -0.000000
v -15.640392 -1.249994 -0.000000
v -15.640392 -1.249994 1.000000
v -15.577937 -1.365014 1.000000
v -15.577937 -1.365014 -0.000000
v -15.521590 -1.483151 -0.000000
v -15.521590 -1.483151 1.000000
v -15.471501 -1.604072 1.000000
v -15.471501 -1.604072 -0.000000
v -15.427814 -1.727449 -0.000000
v -15.427814 -1.727449 1.000000
v -15.390636 -1.852946 1.000000
v -15.390636 -1.852946 -0.000000
v -15.360082 -1.980212 -0.000000
v -15.360082 -1.980212 1.000000
v -15.336230 -2.108902 1.000000
v -15.336230 -2.108909 -0.000000
v -15.319144 -2.238674 -0.000000
v -15.319144 -2.238674 1.000000
v -15.308876 -2.369155 -0.000000
v -15.308876 -2.369155 1.000000
v -15.305453 -2.499994 -0.000000
v -15.305453 -2.499994 1.000000
v -15.308876 -2.630833 1.000000
v -15.308876 -2.630833 -0.000000
v -15.319153 -2.761313 -0.000000
v -15.319153 -2.761313 1.000000
v -15.336230 -2.891078 -0.000000
v -15.336230 -2.891078 1.000000
v -15.360082 -3.019775 -0.000000
v -15.360082 -3.019775 1.000000
v -15.390636 -3.147042 -0.000000
v -15.390636 -3.147042 1.000000
v -15.427814 -3.272538 -0.000000
v -15.427814 -3.272538 1.000000
v -15.471501 -3.395915 -0.000000
v -15.471501 -3.395915 1.000000
v -15.521590 -3.516837 -0.000000
v -15.521590 -3.516837 1.000000
v -15.577937 -3.634972 -0.000000
v -15.640392 -3.749994 -0.000000
v -15.708776 -3.861592 -0.000000
v -15.782908 -3.969438 -0.000000
v -15.862585 -4.073267 -0.000000
v -15.947590 -4.172799 -0.000000
v -16.037683 -4.267749 -0.000000
v -16.132627 -4.357830 -0.000000
v -16.232151 -4.442826 1.000000
v -16.232151 -4.442826 -0.000000
v -16.335987 -4.522524 -0.000000
v -16.335987 -4.522524 1.000000
v -16.443855 -4.596636 -0.000000
v -16.443855 -4.596636 1.000000
v -16.555454 -4.665020 1.000000
v -16.555454 -4.665091 -0.000000
v -16.670475 -4.727532 -0.000000
v -16.670475 -4.727532 1.000000
v -16.788610 -4.783886 -0.000000
v -16.788610 -4.783886 1.000000
v -16.909533 -4.833939 -0.000000
v -16.909533 -4.833939 1.000000
v -17.032909 -4.877619 -0.000000
v -17.032909 -4.877619 1.000000
v -17.158405 -4.914782 1.000000
v -17.158405 -4.914782 -0.000000
v -17.285673 -4.945358 -0.000000
v -17.285673 -4.945358 1.000000
v -17.414370 -4.969203 -0.000000
v -17.414370 -4.969203 1.000000
v -17.544134 -4.986317 -0.000000
v -17.544134 -4.986317 1.000000
v -17.674614 -4.996556 -0.000000
v -17.674614 -4.996556 1.000000
v -17.805454 -4.999994 -0.000000
v -17.805454 -4.999994 1.000000
v -17.936293 -4.996556 -0.000000
v -17.936293 -4.996556 1.000000
v -18.066774 -4.986317 -0.000000
v -18.066774 -4.986317 1.000000
v -18.196539 -4.969203 -0.000000
v -18.196539 -4.969203 1.000000
v -18.325232 -4.945358 -0.000000
v -18.325232 -4.945358 1.000000
v -18.452499 -4.914782 1.000000
v -18.452499 -4.914782 -0.000000
v -18.577995 -4.877619 -0.000000
v -18.577995 -4.877619 1.000000
v -18.701372 -4.833939 -0.000000
v -18.701372 -4.833939 1.000000
v -18.822294 -4.783886 -0.000000
v -18.822294 -4.783886 1.000000
v -18.940428 -4.727532 -0.000000
v -18.940428 -4.727532 1.000000
v -19.055452 -4.665020 1.000000
v -19.055452 -4.665091 -0.000000
v -19.167049 -4.596636 -0.000000
v -19.167049 -4.596636 1.000000
v -19.274916 -4.522524 1.000000
v -19.274916 -4.522524 -0.000000
v -19.378756 -4.442826 -0.000000
v -19.378756 -4.442826 1.000000
v -19.478281 -4.357830 -0.000000
v -19.478281 -4.357830 1.000000
v -19.573215 -4.267749 -0.000000
v -19.573215 -4.267749 1.000000
v -19.663319 -4.172799 1.000000
v -19.663319 -4.172799 -0.000000
v -19.748316 -4.073267 -0.000000
v -19.748316 -4.073267 1.000000
v -19.827999 -3.969438 -0.000000
v -19.827999 -3.969438 1.000000
v -19.902124 -3.861592 1.000000
v -19.902124 -3.861592 -0.000000
v -19.970516 -3.749994 -0.000000
v -19.970516 -3.749994 1.000000
v -20.032970 -3.634972 -0.000000
v -20.032970 -3.634965 1.000000
v -20.089317 -3.516837 1.000000
v -20.089317 -3.516837 -0.000000
v -20.139406 -3.395915 -0.000000
v -20.139406 -3.395915 1.000000
v -20.183092 -3.272538 -0.000000
v -20.183092 -3.272538 1.000000
v -20.220263 -3.147042 -0.000000
v -20.220263 -3.147042 1.000000
v -20.250818 -3.019768 1.000000
v -20.250818 -3.019775 -0.000000
v -20.274670 -2.891078 -0.000000
v -20.274670 -2.891078 1.000000
v -20.291756 -2.761313 1.000000
v -20.291756 -2.761313 -0.000000
v -20.302025 -2.630833 -0.000000
v -20.302025 -2.630833 1.000000
v -3.610598 -15.487724 0.999997
v -3.993329 -16.519209 0.999997
v -4.388585 -16.123953 0.999997
v -3.391472 -15.706849 0.999997
v -4.392025 -16.120512 0.999997
v -4.391886 -16.120649 0.999997
v -4.293170 -16.219368 0.999997
v -4.154641 -16.357897 0.999997
v -4.391697 -16.120840 0.999997
v -4.390245 -16.122292 0.999997
v -3.316158 -15.904179 0.999999
v -3.688980 -16.191851 0.999999
v -4.323698 -15.926699 -0.000001
v -4.385494 -16.127043 0.999997
v -4.387786 -16.124752 0.999997
v -4.388123 -16.124414 0.999997
v -4.323698 -15.926699 -0.000001
v -4.281599 -16.230938 0.999997
v -4.238701 -15.827174 -0.000001
v -3.237546 -15.860775 0.999997
v -3.850298 -15.477455 -0.000001
v -3.390289 -15.949744 0.999999
v -4.053664 -15.642135 -0.000001
v -4.403381 -16.030535 -0.000001
v -4.435404 -16.077133 0.431995
v -3.811383 -16.327362 0.999999
v -3.742432 -15.403321 -0.000001
v -4.238701 -15.827174 -0.000001
v -4.264936 -16.247601 0.999997
v -3.938699 -16.502739 0.999999
v -3.306497 -15.791824 0.999997
v -4.392650 -16.119886 0.999997
v -3.510107 -15.588215 0.999997
v -3.502137 -16.029327 0.999999
v -3.457466 -15.640856 0.999997
v -3.877519 -16.412594 0.999999
v -3.713022 -15.385300 0.999997
v -3.545079 -16.062277 0.999999
v -3.274482 -15.880830 0.999999
v -4.094543 -16.417994 0.999997
v -3.954138 -15.557132 -0.000001
v -3.316158 -15.904179 0.999999
v -3.290981 -15.889788 0.999999
v -3.388417 -15.948457 0.999999
v -3.332557 -15.765764 0.999997
v -3.600679 -15.497643 0.999997
v -3.322240 -15.776081 0.999997
v -3.305835 -15.897853 0.999999
v -3.274664 -15.823657 0.999997
v -4.137083 -16.375456 0.999997
v -3.468238 -16.003317 0.999999
v -3.494225 -15.604096 0.999997
v -4.061124 -16.451412 0.999997
v -3.609522 -16.117317 0.999999
v -4.291567 -16.220970 0.999997
v -4.143847 -16.368689 0.999997
v -4.029718 -16.482819 0.999997
v -3.850297 -15.477455 -0.000001
v -4.193961 -16.318575 0.999997
v -4.053663 -15.642135 -0.000001
v -3.535474 -16.054907 0.999999
v -3.763518 -16.271313 0.999999
v -3.903783 -16.450813 0.999999
v -3.618728 -16.125179 0.999999
v -3.932373 -16.492416 0.999999
v -4.148598 -15.732230 -0.000001
v -3.605890 -15.492434 0.999997
v -4.004884 -16.507652 0.999997
v -4.148599 -15.732230 -0.000001
v -4.264059 -16.248480 0.999997
v -3.954138 -15.557132 -0.000001
v -4.403381 -16.030535 -0.000001
v -3.884376 -16.422573 0.999999
v -3.713168 -16.217337 0.999999
v -3.287448 -15.810873 0.999997
v -3.392748 -15.705574 0.999997
v -3.445279 -15.653043 0.999997
v -3.406751 -15.961058 0.999999
v -3.458260 -15.996459 0.999999
v -3.458260 -15.996459 0.999999
v -3.489038 -15.609283 0.999997
v -3.535474 -16.054907 0.999999
v -3.613118 -15.485204 0.999997
v -3.627123 -15.471200 0.999997
v -3.627214 -15.471107 0.999997
v -3.610022 -16.117743 0.999999
v -3.609522 -16.117317 0.999999
v -3.626876 -16.132912 0.999999
v -3.626876 -16.132912 0.999999
v -3.627510 -16.133512 0.999999
v -3.697315 -16.200632 0.999999
v -3.697315 -16.200632 0.999999
v -3.763518 -16.271313 0.999999
v -3.818553 -16.335756 0.999999
v -3.825924 -16.345362 0.999999
v -3.828717 -16.349001 0.999999
v -3.884376 -16.422573 0.999999
v -4.139103 -16.373434 0.999997
v -3.755656 -16.262106 0.999999
v -4.290589 -16.221947 0.999997
v -4.280155 -16.232384 0.999997
v -4.278470 -16.234068 0.999997
v -4.274364 -16.238174 0.999997
v -4.175438 -16.337099 0.999997
v -4.172273 -16.340265 0.999997
v -3.713022 -15.385300 0.736460
v -3.730260 -16.235346 0.999999
v -4.053663 -15.642135 -0.000001
v -3.921499 -16.476593 0.999999
v -3.938699 -16.502739 0.999999
v -3.965714 -16.546824 0.999997
v -3.986707 -16.525829 0.999997
v -3.994725 -16.517813 0.999997
v -4.055305 -16.457232 0.999997
v -3.825924 -16.345362 0.999999
v -4.435404 -16.077133 0.999997
v -4.435404 -16.077133 -0.000001
v -3.293905 -15.891376 0.999999
v -3.965714 -16.546824 0.999999
v -4.378532 -15.998155 -0.000001
v -3.713022 -15.385300 -0.000001
v -3.237546 -15.860775 0.999999
v -4.435404 -16.077133 0.095279
v -3.713022 -15.385300 0.094199
v -0.571260 -17.115362 0.999997
v -2.574213 -15.660136 0.999997
v -4.070895 -18.252464 0.999997
v -1.809152 -19.259443 0.999997
v -1.455835 -15.897853 0.999997
v -0.690776 -18.252464 0.999997
v -2.952516 -19.259443 0.999997
v -3.982982 -16.574999 0.999997
v -1.293431 -16.003317 0.999997
v -1.006015 -18.737877 0.999997
v -3.755656 -18.737877 0.999997
v -0.540966 -17.306623 0.999997
v -2.765472 -15.690424 0.999997
v -2.380836 -19.350000 0.999997
v -4.190406 -17.884638 0.999997
v -0.690776 -16.747536 0.999997
v -2.952517 -15.740545 0.999997
v -2.187459 -19.339880 0.999997
v -3.305835 -19.102165 0.999997
v -4.070895 -16.747536 0.999997
v -0.884152 -18.587389 0.999997
v -1.809152 -15.740545 0.999997
v -0.540972 -17.693377 0.999997
v -4.220699 -17.693377 0.999997
v -2.380836 -15.649999 0.999997
v -1.996197 -19.309570 0.999997
v -3.468238 -18.996672 0.999997
v -0.778689 -18.424999 0.999997
v -1.006015 -16.262106 0.999997
v -0.571260 -17.884638 0.999997
v -4.230836 -17.500000 0.999997
v -0.530835 -17.500000 0.999997
v -3.877519 -18.587389 0.999997
v -1.142943 -16.125179 0.999997
v -1.455835 -19.102165 0.999997
v -1.551878 -15.846424 0.999997
v -0.649669 -18.151569 0.999997
v -0.822968 -18.497259 0.999997
v -1.913792 -15.710209 0.999997
v -3.209790 -19.153593 0.999997
v -3.231357 -15.857413 0.999997
v -4.228616 -17.415283 0.999997
v -2.103436 -15.671194 0.999997
v -0.591044 -17.967043 0.999997
v -3.032403 -19.231159 0.999997
v -2.079529 -19.325010 0.999997
v -0.727261 -18.328957 0.999997
v -4.103328 -18.174168 0.999997
v -1.820761 -19.262880 0.999997
v -4.112002 -16.848429 0.999997
v -0.877295 -16.422573 0.999997
v -0.617943 -16.939926 0.999997
v -4.227348 -17.608891 0.999997
v -3.122112 -15.805306 0.999997
v -0.772912 -16.585640 0.999997
v -3.378094 -19.057840 0.999997
v -0.553610 -17.789402 0.999997
v -1.373253 -15.948457 0.999997
v -4.228298 -17.596821 0.999997
v -2.284015 -15.652535 0.999997
v -0.593870 -17.978815 0.999997
v -3.043815 -19.227121 0.999997
v -2.091433 -19.327215 0.999997
v -4.029199 -16.660114 0.999997
v -0.943113 -18.664223 0.999997
v -2.859650 -19.286943 0.999997
v -3.688980 -18.808140 0.999997
v -3.043815 -15.772874 0.999997
v -0.593870 -17.021185 0.999997
v -4.228298 -17.403179 0.999997
v -2.091433 -15.672772 0.999997
v -2.477656 -15.652535 0.999997
v -3.220717 -19.148380 0.999997
v -0.553610 -17.210596 0.999997
v -0.829293 -18.507582 0.999997
v -4.107961 -18.162983 0.999997
v -1.216592 -16.062277 0.999997
v -1.902020 -19.286943 0.999997
v -4.107961 -16.837017 0.999997
v -1.902020 -15.713034 0.999997
v -0.829293 -16.492416 0.999997
v -3.220717 -15.851636 0.999997
v -3.818553 -18.664223 0.999997
v -1.373253 -19.051516 0.999997
v -2.670238 -19.327215 0.999997
v -3.388417 -19.051516 0.999997
v -4.167796 -17.021185 0.999997
v -0.732473 -18.339884 0.999997
v -2.670238 -15.672772 0.999997
v -1.717853 -15.772874 0.999997
v -2.477656 -19.347456 0.999997
v -0.533368 -17.403179 0.999997
v -3.144225 -15.815151 0.999997
v -0.772912 -18.414360 0.999997
v -0.625423 -16.916904 0.999997
v -4.209637 -17.777399 0.999997
v -1.984425 -19.306742 0.999997
v -3.398395 -19.044661 0.999997
v -4.164357 -17.009575 0.999997
v -1.639557 -15.805306 0.999997
v -1.383575 -15.942132 0.999997
v -0.935743 -18.654617 0.999997
v -0.569054 -17.127266 0.999997
v -2.940908 -15.737107 0.999997
v -3.609522 -18.882660 0.999997
v -4.075529 -16.758720 0.999997
v -1.530311 -15.857413 0.999997
v -0.836151 -18.517559 0.999997
v -1.820761 -15.737107 0.999997
v -1.797740 -19.255404 0.999997
v -0.686143 -18.241278 0.999997
v -4.192612 -17.127266 0.999997
v -3.680199 -18.816471 0.999997
v -4.034410 -16.671041 0.999997
v -2.271945 -19.346510 0.999997
v -1.363275 -15.955316 0.999997
v -1.283826 -18.989300 0.999997
v -3.697315 -18.799356 0.999997
v -0.950976 -18.673429 0.999997
v -1.064352 -16.200632 0.999997
v -3.545079 -18.937696 0.999997
v -1.540951 -15.851636 0.999997
v -1.072686 -18.808140 0.999997
v -4.208056 -17.789402 0.999997
v -2.859650 -15.713034 0.999997
v -0.653710 -16.837017 0.999997
v -2.284015 -19.347456 0.999997
v -1.064352 -18.799356 0.999997
v -0.950976 -16.326550 0.999997
v -3.870148 -18.596992 0.999997
v -1.134161 -18.866467 0.999997
v -0.552030 -17.777399 0.999997
v -2.465554 -19.347775 0.999997
v -0.617943 -18.060074 0.999997
v -3.122112 -19.194712 0.999997
v -4.136248 -18.083096 0.999997
v -1.617444 -19.184870 0.999997
v -4.140289 -18.071684 0.999997
v -0.778689 -16.574999 0.999997
v -1.628372 -19.190083 0.999997
v -4.220699 -17.306623 0.999997
v -0.621382 -18.071684 0.999997
v -1.996197 -15.690424 0.999997
v -3.133298 -19.190083 0.999997
v -4.170622 -17.032957 0.999997
v -4.164357 -17.990425 0.999997
v -1.706668 -19.222490 0.999997
v -1.797740 -15.744588 0.999997
v -4.167796 -17.978815 0.999997
v -0.732473 -16.660114 0.999997
v -1.717853 -19.227121 0.999997
v -3.932373 -18.507582 0.999997
v -1.072686 -16.191851 0.999997
v -1.216592 -18.937696 0.999997
v -3.231357 -19.142597 0.999997
v -4.170622 -17.967043 0.999997
v -4.209637 -17.222601 0.999997
v -3.535474 -18.945068 0.999997
v -4.205850 -17.801308 0.999997
v -4.230519 -17.512104 0.999997
v -2.008101 -15.688218 0.999997
v -0.785015 -16.564678 0.999997
v -4.227348 -17.391109 0.999997
v -1.530311 -19.142597 0.999997
v -0.686143 -16.758720 0.999997
v -0.653710 -18.162983 0.999997
v -1.540951 -19.148380 0.999997
v -4.208056 -17.210596 0.999997
v -0.533368 -17.596821 0.999997
v -0.943113 -16.335756 0.999997
v -4.029199 -18.339884 0.999997
v -0.891522 -16.402990 0.999997
v -4.034410 -18.328957 0.999997
v -1.081468 -16.183516 0.999997
v -1.152149 -16.117317 0.999997
v -0.534318 -17.391109 0.999997
v -1.363275 -19.044661 0.999997
v -0.542547 -17.294621 0.999997
v -2.777244 -15.693251 0.999997
v -2.682143 -15.674980 0.999997
v -4.023422 -18.350523 0.999997
v -2.586216 -15.661715 0.999997
v -2.562143 -19.340826 0.999997
v -0.531152 -17.512102 0.999997
v -2.562143 -15.659185 0.999997
v -0.540021 -17.681307 0.999997
v -2.392938 -15.650316 0.999997
v -2.368733 -15.650316 0.999997
v -2.777244 -19.306742 0.999997
v -1.226197 -16.054907 0.999997
v -3.810691 -18.673429 0.999997
v -0.621382 -16.928316 0.999997
v -3.982982 -18.424999 0.999997
v -1.293431 -18.996672 0.999997
v -3.133298 -15.809939 0.999997
v -4.140289 -16.928316 0.999997
v -1.628372 -15.809939 0.999997
v -2.765472 -19.309570 0.999997
v -2.658235 -19.328798 0.999997
v -0.695988 -16.736609 0.999997
v -1.142943 -18.874798 0.999997
v -3.618728 -18.874798 0.999997
v -0.884152 -16.412594 0.999997
v -4.190406 -17.115362 0.999997
v -2.187459 -15.660136 0.999997
v -2.574213 -19.339880 0.999997
v -1.383575 -19.057840 0.999997
v -2.963929 -15.744588 0.999997
v -3.988759 -16.585640 0.999997
v -2.175456 -19.338297 0.999997
v -2.753567 -19.311775 0.999997
v -2.199529 -15.659185 0.999997
v -2.940908 -19.262880 0.999997
v -0.569054 -17.872734 0.999997
v -2.368733 -19.349684 0.999997
v -0.531152 -17.487898 0.999997
v -1.152149 -18.882660 0.999997
v -3.884376 -18.577414 0.999997
v -3.976656 -18.435322 0.999997
v -0.574086 -17.103588 0.999997
v -3.402177 -19.042063 0.999997
v -0.565305 -17.852507 0.999997
v -0.812221 -16.520279 0.999997
v -1.151646 -18.882233 0.999997
v -1.728642 -15.769053 0.999997
v -2.369884 -19.349714 0.999997
v -3.033489 -15.769218 0.999997
v -2.352520 -19.349257 0.999997
v -2.925357 -15.732500 0.999997
v -2.767683 -19.309040 0.999997
v -1.031409 -18.764639 0.999997
v -1.488253 -15.880250 0.999997
v -2.748855 -19.312649 0.999997
v -1.852852 -19.272383 0.999997
v -2.523090 -15.656112 0.999997
v -0.622840 -18.075802 0.999997
v -0.945961 -16.332420 0.999997
v -1.134792 -18.867065 0.999997
v -1.618231 -15.814776 0.999997
v -0.605237 -18.017187 0.999997
v -0.851965 -16.459429 0.999997
v -2.634867 -19.331881 0.999997
v -0.771661 -18.412058 0.999997
v -1.205397 -16.071838 0.999997
v -0.753805 -18.379171 0.999997
v -1.105118 -16.161072 0.999997
v -0.692772 -18.256649 0.999997
v -1.076054 -16.188652 0.999997
v -1.963017 -19.301598 0.999997
v -2.540193 -15.657457 0.999997
v -1.470690 -19.110231 0.999997
v -2.012821 -15.687344 0.999997
v -3.529848 -18.949387 0.999997
v -3.949443 -18.479729 0.999997
v -4.196362 -17.147495 0.999997
v -3.556280 -18.928131 0.999997
v -3.990005 -16.587933 0.999997
v -1.979630 -19.305590 0.999997
v -2.653346 -15.670550 0.999997
v -3.909698 -18.540573 0.999997
v -4.156426 -16.982800 0.999997
v -1.711724 -19.224583 0.999997
v -2.277401 -15.653056 0.999997
v -1.242843 -18.957846 0.999997
v -1.749044 -15.761830 0.999997
v -1.728179 -19.230776 0.999997
v -2.391785 -15.650286 0.999997
v -2.108325 -19.329443 0.999997
v -2.782039 -15.694401 0.999997
v -2.091433 -19.327215 0.999997
v -2.670239 -15.672772 0.999997
v -1.836312 -19.267487 0.999997
v -2.409149 -15.650741 0.999997
v -0.857885 -18.549177 0.999997
v -1.335034 -15.974724 0.999997
v -0.840170 -18.523405 0.999997
v -1.231828 -16.050585 0.999997
v -3.012624 -19.238163 0.999997
v -0.932952 -18.650982 0.999997
v -1.359494 -15.957913 0.999997
v -0.950285 -18.672621 0.999997
v -1.465538 -15.892585 0.999997
v -1.048500 -18.782650 0.999997
v -1.596659 -15.825067 0.999997
v -1.371388 -19.050234 0.999997
v -1.993994 -15.690952 0.999997
v -1.354923 -19.038921 0.999997
v -1.880692 -15.719353 0.999997
v -1.259531 -18.970655 0.999997
v -1.861052 -15.725171 0.999997
v -3.165003 -19.174957 0.999997
v -3.296124 -19.107437 0.999997
v -1.589806 -19.171684 0.999997
v -2.145101 -15.665710 0.999997
v -3.426636 -19.025255 0.999997
v -2.616568 -19.334293 0.999997
v -3.171859 -15.828332 0.999997
v -2.502133 -19.345537 0.999997
v -3.155457 -15.820509 0.999997
v -3.033025 -19.230940 0.999997
v -3.143430 -19.185247 0.999997
v -3.273410 -19.119768 0.999997
v -2.900620 -19.274811 0.999997
v -2.880982 -19.280626 0.999997
v -2.484271 -19.346939 0.999997
v -3.049944 -15.775414 0.999997
v -2.238583 -19.343893 0.999997
v -2.908818 -15.727601 0.999997
v -1.487188 -19.119186 0.999997
v -2.126804 -15.668118 0.999997
v -3.685620 -18.811327 0.999997
v -4.068898 -16.743347 0.999997
v -3.656554 -18.838907 0.999997
v -4.007862 -16.620819 0.999997
v -3.782699 -18.706209 0.999997
v -4.086833 -16.786013 0.999997
v -3.815706 -18.667557 0.999997
v -4.138824 -16.924179 0.999997
v -4.097670 -18.187824 0.999997
v -4.230132 -17.473125 0.999997
v -4.041795 -18.313475 0.999997
v -4.211878 -17.239624 0.999997
v -1.606207 -19.179508 0.999997
v -2.259538 -15.654463 0.999997
v -2.221479 -19.342550 0.999997
v -2.798653 -15.698391 0.999997
v -0.531537 -17.526854 0.999997
v -0.663991 -16.812199 0.999997
v -0.674836 -18.213982 0.999997
v -0.978970 -16.293772 0.999997
v -0.549790 -17.760378 0.999997
v -0.719870 -16.686539 0.999997
v -4.230836 -17.500000 7.999996
v -4.228298 -17.403179 7.999996
v -4.220699 -17.306623 7.999996
v -4.208056 -17.210596 7.999996
v -4.190406 -17.115362 7.999996
v -4.167796 -17.021185 7.999996
v -4.140289 -16.928316 7.999996
v -4.107961 -16.837017 7.999996
v -4.070895 -16.747536 7.999996
v -4.029199 -16.660114 7.999996
v -3.982982 -16.574999 7.999996
v -3.932373 -16.492416 7.999996
v -3.877519 -16.412594 7.999996
v -3.818553 -16.335756 7.999996
v -3.755656 -16.262106 7.999996
v -3.688980 -16.191851 7.999996
v -3.618728 -16.125179 7.999996
v -3.545079 -16.062277 7.999996
v -3.468238 -16.003317 7.999996
v -3.388417 -15.948457 7.999996
v -3.305835 -15.897853 7.999996
v -3.220717 -15.851636 7.999996
v -3.133298 -15.809939 7.999996
v -3.043815 -15.772874 7.999996
v -2.952517 -15.740545 7.999996
v -2.859650 -15.713034 7.999996
v -2.765472 -15.690424 7.999996
v -2.670238 -15.672772 7.999996
v -2.574213 -15.660130 7.999996
v -2.477656 -15.652532 7.999996
v -2.380836 -15.649999 7.999996
v -2.284015 -15.652532 7.999996
v -2.187459 -15.660130 7.999996
v -2.091433 -15.672772 7.999996
v -1.996197 -15.690424 7.999996
v -1.902020 -15.713034 7.999996
v -1.809152 -15.740545 7.999996
v -1.717853 -15.772874 7.999996
v -1.628372 -15.809939 7.999996
v -1.540951 -15.851636 7.999996
v -1.455835 -15.897853 7.999996
v -1.373253 -15.948457 7.999996
v -1.293431 -16.003317 7.999996
v -1.216592 -16.062277 7.999996
v -1.142943 -16.125179 7.999996
v -1.072686 -16.191851 7.999996
v -1.006015 -16.262106 7.999996
v -0.943113 -16.335756 7.999996
v -0.884152 -16.412594 7.999996
v -0.829293 -16.492416 7.999996
v -0.778689 -16.574999 7.999996
v -0.732473 -16.660114 7.999996
v -0.690776 -16.747536 7.999996
v -0.653710 -16.837017 7.999996
v -0.621382 -16.928316 7.999996
v -0.593870 -17.021185 7.999996
v -0.571260 -17.115362 7.999996
v -0.553610 -17.210592 7.999996
v -0.540966 -17.306623 7.999996
v -0.533368 -17.403179 7.999996
v -0.530835 -17.500000 7.999996
v -0.533368 -17.596821 7.999996
v -0.540972 -17.693377 7.999996
v -0.553610 -17.789402 7.999996
v -0.571260 -17.884638 7.999996
v -0.593870 -17.978815 7.999996
v -0.621382 -18.071684 7.999996
v -0.653710 -18.162983 7.999996
v -0.690776 -18.252464 7.999996
v -0.732473 -18.339880 7.999996
v -0.778689 -18.424999 7.999996
v -0.829293 -18.507582 7.999996
v -0.884152 -18.587389 7.999996
v -0.943113 -18.664223 7.999996
v -1.006015 -18.737877 7.999996
v -1.072686 -18.808140 7.999996
v -1.142943 -18.874798 7.999996
v -1.216592 -18.937696 7.999996
v -1.293431 -18.996672 7.999996
v -1.373253 -19.051516 7.999996
v -1.455835 -19.102119 7.999996
v -1.540951 -19.148380 7.999996
v -1.628372 -19.190083 7.999996
v -1.717853 -19.227121 7.999996
v -1.809152 -19.259443 7.999996
v -1.902020 -19.286943 7.999996
v -1.996197 -19.309570 7.999996
v -2.091433 -19.327215 7.999996
v -2.187459 -19.339880 7.999996
v -2.284015 -19.347456 7.999996
v -2.380836 -19.350000 7.999996
v -2.477656 -19.347456 7.999996
v -2.574213 -19.339880 7.999996
v -2.670238 -19.327215 7.999996
v -2.765472 -19.309570 7.999996
v -2.859650 -19.286943 7.999996
v -2.952516 -19.259443 7.999996
v -3.043815 -19.227121 7.999996
v -3.133298 -19.190083 7.999996
v -3.220717 -19.148380 7.999996
v -3.305835 -19.102119 7.999996
v -3.388417 -19.051516 7.999996
v -3.468238 -18.996672 7.999996
v -3.545079 -18.937696 7.999996
v -3.618728 -18.874798 7.999996
v -3.688980 -18.808140 7.999996
v -3.755656 -18.737877 7.999996
v -3.818553 -18.664223 7.999996
v -3.877519 -18.587389 7.999996
v -3.932373 -18.507582 7.999996
v -3.982982 -18.424999 7.999996
v -4.029199 -18.339880 7.999996
v -4.070895 -18.252464 7.999996
v -4.107961 -18.162983 7.999996
v -4.140289 -18.071684 7.999996
v -4.167796 -17.978815 7.999996
v -4.190406 -17.884634 7.999996
v -4.208056 -17.789402 7.999996
v -4.220699 -17.693377 7.999996
v -4.228298 -17.596821 7.999996
v -4.880836 -17.500000 -0.000003
v -4.880836 -17.500000 0.999997
v -4.877406 -17.369162 -0.000003
v -4.877406 -17.369162 0.999997
v -4.867138 -17.238680 0.999997
v -4.867138 -17.238680 -0.000003
v -4.850052 -17.108915 -0.000003
v -4.850052 -17.108915 0.999997
v -4.826200 -16.980217 -0.000003
v -4.826200 -16.980217 0.999997
v -4.795646 -16.852953 -0.000003
v -4.795646 -16.852953 0.999997
v -4.758475 -16.727455 0.999997
v -4.758475 -16.727455 -0.000003
v -4.714788 -16.604078 -0.000003
v -4.714788 -16.604078 0.999997
v -4.664700 -16.483156 -0.000003
v -4.664700 -16.483156 0.999997
v -4.608353 -16.365021 -0.000003
v -4.608353 -16.365021 0.999997
v -4.545898 -16.250000 -0.000003
v -4.545898 -16.250000 0.999997
v -4.477507 -16.138401 -0.000003
v -4.477507 -16.138401 0.999997
v -4.403381 -16.030535 -0.000003
v -4.323698 -15.926699 -0.000003
v -4.238701 -15.827174 -0.000003
v -4.148598 -15.732230 -0.000003
v -4.053663 -15.642135 -0.000003
v -3.954138 -15.557132 -0.000003
v -3.850298 -15.477455 -0.000003
v -3.742432 -15.403321 -0.000003
v -3.630835 -15.334938 -0.000003
v -3.630835 -15.334938 0.999997
v -3.515811 -15.272484 -0.000003
v -3.515811 -15.272484 0.999997
v -3.397676 -15.216136 -0.000003
v -3.397676 -15.216136 0.999997
v -3.276754 -15.166048 0.999997
v -3.276754 -15.166048 -0.000003
v -3.153378 -15.122360 -0.000003
v -3.153378 -15.122360 0.999997
v -3.027882 -15.085183 0.999997
v -3.027882 -15.085183 -0.000003
v -2.900614 -15.054628 -0.000003
v -2.900614 -15.054628 0.999997
v -2.771921 -15.030776 -0.000003
v -2.771921 -15.030776 0.999997
v -2.642156 -15.013699 -0.000003
v -2.642156 -15.013691 0.999997
v -2.511675 -15.003424 0.999997
v -2.511675 -15.003429 -0.000003
v -2.380836 -15.000000 -0.000003
v -2.380836 -15.000000 0.999997
v -2.249997 -15.003424 0.999997
v -2.249997 -15.003429 -0.000003
v -2.119517 -15.013699 -0.000003
v -2.119517 -15.013691 0.999997
v -1.989752 -15.030776 -0.000003
v -1.989752 -15.030776 0.999997
v -1.861054 -15.054628 -0.000003
v -1.861054 -15.054628 0.999997
v -1.733788 -15.085183 -0.000003
v -1.733788 -15.085183 0.999997
v -1.608292 -15.122360 -0.000003
v -1.608292 -15.122360 0.999997
v -1.484914 -15.166048 0.999997
v -1.484914 -15.166048 -0.000003
v -1.363993 -15.216136 -0.000003
v -1.363993 -15.216136 0.999997
v -1.245857 -15.272484 -0.000003
v -1.245857 -15.272484 0.999997
v -1.130836 -15.334938 0.999997
v -1.130836 -15.334938 -0.000003
v -1.019238 -15.403321 -0.000003
v -1.019238 -15.403321 0.999997
v -0.911370 -15.477455 0.999997
v -0.911370 -15.477455 -0.000003
v -0.807534 -15.557132 -0.000003
v -0.807534 -15.557132 0.999997
v -0.708009 -15.642135 -0.000003
v -0.708009 -15.642135 0.999997
v -0.613066 -15.732230 -0.000003
v -0.613066 -15.732230 0.999997
v -0.522971 -15.827174 0.999997
v -0.522971 -15.827174 -0.000003
v -0.437968 -15.926699 -0.000003
v -0.437968 -15.926699 0.999997
v -0.358291 -16.030535 -0.000003
v -0.358291 -16.030535 0.999997
v -0.284158 -16.138401 0.999997
v -0.284158 -16.138401 -0.000003
v -0.215774 -16.250000 -0.000003
v -0.215774 -16.250000 0.999997
v -0.153319 -16.365021 0.999997
v -0.153319 -16.365021 -0.000003
v -0.096972 -16.483156 -0.000003
v -0.096972 -16.483156 0.999997
v -0.046883 -16.604078 0.999997
v -0.046883 -16.604078 -0.000003
v -0.003197 -16.727455 -0.000003
v -0.003197 -16.727455 0.999997
v 0.033981 -16.852953 0.999997
v 0.033981 -16.852953 -0.000003
v 0.064536 -16.980217 -0.000003
v 0.064536 -16.980217 0.999997
v 0.088388 -17.108910 0.999997
v 0.088388 -17.108915 -0.000003
v 0.105473 -17.238680 -0.000003
v 0.105473 -17.238680 0.999997
v 0.115741 -17.369162 -0.000003
v 0.115741 -17.369162 0.999997
v 0.119164 -17.500000 -0.000003
v 0.119164 -17.500000 0.999997
v 0.115741 -17.630840 0.999997
v 0.115741 -17.630840 -0.000003
v 0.105466 -17.761318 -0.000003
v 0.105466 -17.761318 0.999997
v 0.088388 -17.891085 -0.000003
v 0.088388 -17.891085 0.999997
v 0.064536 -18.019781 -0.000003
v 0.064536 -18.019781 0.999997
v 0.033981 -18.147047 -0.000003
v 0.033981 -18.147047 0.999997
v -0.003197 -18.272545 -0.000003
v -0.003197 -18.272545 0.999997
v -0.046883 -18.395922 -0.000003
v -0.046883 -18.395922 0.999997
v -0.096972 -18.516844 -0.000003
v -0.096972 -18.516844 0.999997
v -0.153319 -18.634979 -0.000003
v -0.153319 -18.634972 0.999997
v -0.215774 -18.750000 -0.000003
v -0.215774 -18.750000 0.999997
v -0.284158 -18.861599 -0.000003
v -0.284158 -18.861599 0.999997
v -0.358291 -18.969444 0.999997
v -0.358291 -18.969444 -0.000003
v -0.437968 -19.073273 -0.000003
v -0.437968 -19.073273 0.999997
v -0.522971 -19.172806 0.999997
v -0.522971 -19.172806 -0.000003
v -0.613066 -19.267756 -0.000003
v -0.613066 -19.267756 0.999997
v -0.708009 -19.357836 -0.000003
v -0.708009 -19.357836 0.999997
v -0.807534 -19.442833 0.999997
v -0.807534 -19.442833 -0.000003
v -0.911370 -19.522530 -0.000003
v -0.911370 -19.522530 0.999997
v -1.019238 -19.596642 -0.000003
v -1.019238 -19.596642 0.999997
v -1.130836 -19.665028 0.999997
v -1.130836 -19.665096 -0.000003
v -1.245857 -19.727539 -0.000003
v -1.245857 -19.727539 0.999997
v -1.363993 -19.783892 -0.000003
v -1.363993 -19.783892 0.999997
v -1.484914 -19.833946 -0.000003
v -1.484914 -19.833946 0.999997
v -1.608292 -19.877626 -0.000003
v -1.608292 -19.877626 0.999997
v -1.733788 -19.914787 0.999997
v -1.733788 -19.914787 -0.000003
v -1.861054 -19.945364 -0.000003
v -1.861054 -19.945364 0.999997
v -1.989752 -19.969208 -0.000003
v -1.989752 -19.969208 0.999997
v -2.119517 -19.986322 -0.000003
v -2.119517 -19.986322 0.999997
v -2.249997 -19.996563 -0.000003
v -2.249997 -19.996563 0.999997
v -2.380836 -20.000000 -0.000003
v -2.380836 -20.000000 0.999997
v -2.511675 -19.996563 -0.000003
v -2.511675 -19.996563 0.999997
v -2.642156 -19.986322 -0.000003
v -2.642156 -19.986322 0.999997
v -2.771921 -19.969208 -0.000003
v -2.771921 -19.969208 0.999997
v -2.900614 -19.945364 -0.000003
v -2.900614 -19.945364 0.999997
v -3.027882 -19.914787 0.999997
v -3.027882 -19.914787 -0.000003
v -3.153377 -19.877626 -0.000003
v -3.153377 -19.877626 0.999997
v -3.276754 -19.833946 -0.000003
v -3.276754 -19.833946 0.999997
v -3.397676 -19.783892 -0.000003
v -3.397676 -19.783892 0.999997
v -3.515811 -19.727539 -0.000003
v -3.515811 -19.727539 0.999997
v -3.630835 -19.665028 0.999997
v -3.630835 -19.665096 -0.000003
v -3.742432 -19.596642 -0.000003
v -3.742432 -19.596642 0.999997
v -3.850298 -19.522530 0.999997
v -3.850298 -19.522530 -0.000003
v -3.954138 -19.442833 -0.000003
v -3.954138 -19.442833 0.999997
v -4.053663 -19.357836 -0.000003
v -4.053663 -19.357836 0.999997
v -4.148598 -19.267756 -0.000003
v -4.148598 -19.267756 0.999997
v -4.238701 -19.172806 0.999997
v -4.238701 -19.172806 -0.000003
v -4.323698 -19.073273 -0.000003
v -4.323698 -19.073273 0.999997
v -4.403381 -18.969444 -0.000003
v -4.403381 -18.969444 0.999997
v -4.477507 -18.861599 0.999997
v -4.477507 -18.861599 -0.000003
v -4.545898 -18.750000 -0.000003
v -4.545898 -18.750000 0.999997
v -4.608353 -18.634979 -0.000003
v -4.608353 -18.634972 0.999997
v -4.664700 -18.516844 0.999997
v -4.664700 -18.516844 -0.000003
v -4.714788 -18.395922 -0.000003
v -4.714788 -18.395922 0.999997
v -4.758475 -18.272545 -0.000003
v -4.758475 -18.272545 0.999997
v -4.795646 -18.147047 -0.000003
v -4.795646 -18.147047 0.999997
v -4.826200 -18.019773 0.999997
v -4.826200 -18.019781 -0.000003
v -4.850052 -17.891085 -0.000003
v -4.850052 -17.891085 0.999997
v -4.867138 -17.761318 0.999997
v -4.867138 -17.761318 -0.000003
v -4.877406 -17.630840 -0.000003
v -4.877406 -17.630840 0.999997

usemtl Turquoise_0
f 531 532 533
f 1730 3549 1736
f 532 1736 3549
f 3559 532 3549
f 3559 3549 3560
f 3560 1913 3559
f 1793 3559 1913
f 1787 3839 1794
f 3559 1794 3839
f 3839 1787 1785
f 3839 1785 3837
f 3837 3838 3839
f 532 3839 3838
f 3838 1737 532
f 3838 3542 1737
f 3846 3539 3541
f 3838 3846 3541
f 3539 3846 1735
f 3846 1734 1735
f 3848 3540 1734
f 3540 3848 1726
f 3848 1741 1726
f 3892 1889 1883
f 3892 1883 1923
f 3892 1923 3895
f 3895 3893 3892
f 3891 3892 3893
f 3891 3893 1921
f 1919 3891 1921
f 3971 2001 3478
f 3957 3971 3478
f 3957 3478 1981
f 1982 3957 1981
f 2036 3926 3490
f 3490 3926 3928
f 3490 3928 2044
f 3928 2031 2044
f 3928 2029 2031
f 3928 3949 2029
f 2040 2029 3949
f 2040 3949 2041
f 3951 2039 2041
f 2039 3951 3481
f 3481 3969 3482
f 3969 2034 3482
f 3969 2054 2034
f 3487 2053 3958
f 3487 3958 2046
f 3958 3960 2046
f 3960 3488 2046
f 3960 1976 3465
f 3960 3464 1976
f 3952 2052 3464
f 2052 3952 2051
f 3952 3954 2051
f 3954 2050 2051
f 2050 3954 2049
f 3954 3957 2049
f 3954 3956 3957
f 3978 3957 3956
f 3978 3956 617
f 2063 3978 617
f 1832 4041 1831
f 1831 4041 1948
f 4041 3897 1948
f 1948 3897 1812
f 3899 2021 2017
f 3899 2017 3897
f 3897 3898 3899
f 3938 3899 3898
f 3938 3898 2188
f 3938 2188 2187
f 3938 2187 3501
f 2192 3938 3501
f 3938 2192 1804
f 3938 1804 2179
f 2179 2223 3938
f 3936 3938 2223
f 2223 2224 3936
f 3936 2224 3479
f 3940 3936 3479
f 3479 2012 3940
f 2013 3940 2012
f 3475 4256 3476
f 4256 3940 3476
f 4256 3941 3940
f 3939 3940 3941
f 3939 3941 1103
f 1102 3939 1103
f 3937 2016 3506
f 3496 3937 3506
f 3937 3496 2015
f 2019 3937 2015
f 2020 3937 2019
f 3899 3937 2020
f 3937 3939 2016
f 3937 3936 3939
f 4257 1809 2069
f 4257 2069 3941
f 1809 4257 1808
f 1808 4257 1801
f 3976 2047 2048
f 3976 2048 4257
f 4257 3977 3976
f 3975 3976 3977
f 3975 3977 3473
f 3975 3473 2011
f 2006 3975 2011
f 2007 3973 2065
f 2065 3973 3975
f 3973 3974 3975
f 3974 3973 3972
f 3972 2058 3974
f 3974 2058 1687
f 3974 1687 2066
f 3974 2066 3976
f 3976 2066 2067
f 2182 3972 606
f 606 3972 604
f 3972 2182 2058
f 3971 3972 3973
f 3971 3973 2064
f 2064 2005 3971
f 3972 3971 3978
f 3978 776 3972
f 3973 2007 2064
f 3975 2006 2065
f 2011 3473 1708
f 1707 3977 967
f 3977 965 967
f 3977 3474 965
f 3977 4256 3474
f 3977 1707 3473
f 3976 3975 3974
f 3977 4257 4256
f 2047 3976 2067
f 4257 2048 1801
f 3941 2069 2068
f 1701 3941 2068
f 1702 3941 1701
f 3939 1102 2016
f 3941 1702 1103
f 3941 4256 4257
f 4256 3475 3474
f 3940 2013 3476
f 3940 3939 3936
f 3936 3937 3938
f 3502 3898 3503
f 3898 3942 3503
f 3942 2170 3503
f 3942 1807 2170
f 3942 3477 1807
f 3946 3500 3477
f 3500 3946 1101
f 1099 1101 3946
f 2027 1099 3946
f 3946 3948 2027
f 3948 3499 2027
f 986 1700 3948
f 3948 4258 986
f 4258 3498 986
f 4108 1691 1692
f 4258 4108 1692
f 4258 4259 4108
f 4043 4108 4259
f 4043 4259 3497
f 1939 4043 3497
f 1843 3873 1841
f 1942 3873 1843
f 3873 1942 1943
f 3873 1943 3871
f 3871 3872 3873
f 4042 3873 3872
f 4042 3872 1835
f 4042 1835 1817
f 4042 1817 1833
f 2022 4042 1833
f 4108 2018 1797
f 4108 1797 1798
f 4108 4042 2018
f 4042 2022 2018
f 1834 3872 1818
f 1818 3872 1819
f 3859 554 1819
f 3859 3857 554
f 3857 3493 554
f 3536 3857 1828
f 3857 1830 1828
f 1828 1830 1796
f 3852 3504 1830
f 3504 3852 3535
f 3535 3852 3537
f 3852 3854 3537
f 3854 1825 3537
f 1937 1938 1823
f 3854 1937 1823
f 3854 3856 1937
f 3855 1937 3856
f 3855 3856 1864
f 1922 3855 1864
f 3876 1867 1868
f 1871 3876 1868
f 3876 1872 1876
f 3876 1876 3874
f 3874 3875 3876
f 3870 3876 3875
f 3870 3875 1941
f 1941 1927 3870
f 3870 1927 1928
f 1937 3870 1928
f 1928 1826 1937
f 1827 1937 1826
f 3875 1935 1936
f 3875 1932 1935
f 3877 1930 1933
f 3875 3877 1933
f 1930 3877 1931
f 1931 3878 1929
f 3878 1845 1929
f 3878 1860 1845
f 1926 1877 3878
f 3878 3880 1926
f 1879 1926 3880
f 1879 3880 1855
f 1924 1855 3880
f 3880 3888 1924
f 1925 1924 3888
f 1925 3888 1888
f 1887 1888 3888
f 3888 3891 1887
f 3891 1886 1887
f 3888 3890 3891
f 3890 3888 3887
f 3887 1890 3890
f 1891 3890 1890
f 3879 1788 1790
f 1900 3879 1790
f 1893 3879 1900
f 1899 3887 1894
f 3879 1894 3887
f 3887 3880 3879
f 3879 1893 1894
f 3889 1788 3879
f 3879 3878 3889
f 3877 3889 3878
f 3889 3877 3874
f 3874 1840 3889
f 1865 3889 1840
f 1839 3874 1869
f 3874 1839 1840
f 3889 1865 1788
f 1895 3890 1891
f 3890 1895 1889
f 3887 1899 1890
f 3880 3887 3888
f 3878 3879 3880
f 1860 3878 1877
f 1931 3877 3878
f 1932 3875 1933
f 1936 1941 3875
f 3876 3870 3855
f 3875 3874 3877
f 3874 1876 1869
f 1872 3876 1871
f 3855 1867 3876
f 1862 3856 1859
f 3856 3853 1859
f 1859 3853 1866
f 1854 1857 1852
f 1854 3858 1857
f 3858 1861 1857
f 1838 3860 1836
f 1836 3860 1944
f 1944 3860 1849
f 1851 3871 1850
f 1847 3871 1851
f 3871 1847 1849
f 3871 1849 3860
f 3860 3859 3871
f 1838 3858 3860
f 3858 3857 3860
f 3857 3858 3852
f 3853 3852 3858
f 1861 3858 1838
f 1854 3853 3858
f 1866 3853 1854
f 3855 1922 1867
f 3856 1862 1864
f 1937 3855 3870
f 3856 3854 3853
f 1938 1937 1827
f 1825 3854 1823
f 3852 3853 3854
f 3857 3852 1830
f 3857 3536 3493
f 3859 3860 3857
f 3872 3859 1819
f 3872 1834 1835
f 3873 4042 4043
f 4043 1940 3873
f 3872 3871 3859
f 3871 1943 1850
f 4260 3495 3492
f 4260 3492 4259
f 3495 4260 3494
f 4260 3947 3494
f 3494 3947 3463
f 1821 3947 3505
f 3505 3947 3489
f 3947 2026 3489
f 1902 3924 3525
f 3924 4102 3525
f 4102 3524 3525
f 3524 4102 1968
f 1968 3918 1967
f 3918 1974 1967
f 1974 3918 1973
f 4105 1972 3526
f 3918 4105 3526
f 3918 3917 4105
f 3911 4105 3917
f 3911 3917 3522
f 3911 3522 3515
f 1995 3911 3515
f 1996 3909 1997
f 3909 3911 1997
f 3909 3910 3911
f 3910 3909 4106
f 3910 4106 2043
f 1969 3910 2043
f 1971 3910 1970
f 3910 1971 4105
f 1947 4106 1945
f 1945 4106 3908
f 1945 3908 1952
f 3908 1950 1952
f 3904 3520 3521
f 3908 3904 3521
f 3908 3907 3904
f 3904 3907 3903
f 3904 3903 3896
f 3896 3534 3904
f 3534 3896 3533
f 3867 3531 3532
f 3896 3867 3532
f 3896 3868 3867
f 3867 3868 3869
f 3530 3867 3869
f 3869 3528 3530
f 1963 4261 1957
f 4261 3516 1957
f 3909 3517 3518
f 4261 3909 3518
f 3516 4261 3518
f 1963 3907 4261
f 1962 3907 1963
f 3907 1962 3527
f 1964 3903 3527
f 3903 1964 1966
f 3868 3903 1966
f 1965 3868 1966
f 3868 1965 3529
f 3528 3869 3529
f 3869 3868 3529
f 3531 3867 3530
f 3533 3896 3532
f 3896 3903 3868
f 3903 3907 3527
f 3907 3908 4261
f 3520 3904 3534
f 3908 3521 1950
f 4106 4261 3908
f 1970 3910 1969
f 4106 1947 2043
f 4261 4106 3909
f 3517 3909 1996
f 1988 1989 3923
f 3923 3925 1988
f 3925 3523 1988
f 3523 3925 1955
f 3926 2045 1953
f 3925 3926 1953
f 3925 3929 3926
f 3927 3926 3929
f 3927 3929 1985
f 1986 3927 1985
f 3950 2032 1534
f 1693 3950 1534
f 3950 1693 1694
f 3950 1694 3970
f 3970 3951 3950
f 3949 3950 3951
f 3950 3949 3955
f 3951 3970 3969
f 3968 3969 3970
f 3968 3970 3480
f 3485 3968 3480
f 2055 3959 3484
f 3968 3484 3959
f 3959 3958 3968
f 3959 2055 2056
f 2010 3959 2056
f 2010 2056 2008
f 2057 3967 2010
f 3967 2057 2037
f 3967 2037 3953
f 3953 3952 3967
f 3960 3967 3952
f 3967 3960 3959
f 3953 2037 2038
f 2060 3953 2038
f 3953 2061 2062
f 3953 2062 3956
f 1805 3956 2062
f 3956 1805 621
f 3970 2059 1978
f 1980 3970 1978
f 2059 3970 3483
f 617 621 615
f 2061 3953 2060
f 3967 3959 2010
f 3968 3485 3484
f 3480 3970 1980
f 3969 3968 3958
f 3970 1694 3483
f 3955 2032 3950
f 3955 578 2032
f 578 3955 576
f 3955 3491 576
f 3955 1987 3491
f 3955 3927 1987
f 3955 3928 3927
f 3486 3929 1984
f 1984 3929 1983
f 3929 3924 1983
f 3927 1986 1987
f 3929 3486 1985
f 3929 3925 3924
f 1953 1955 3925
f 3923 3924 3925
f 3923 1989 1765
f 3919 3923 1765
f 1767 3919 1765
f 3919 1993 1994
f 3917 3919 1994
f 3519 3917 1994
f 1993 3919 1767
f 3919 4102 3923
f 4102 3919 3918
f 3911 1995 1997
f 3519 3522 3917
f 4105 3911 3910
f 3917 3918 3919
f 1972 4105 1971
f 1973 3918 3526
f 3918 1968 4102
f 3924 3923 4102
f 3924 1902 1983
f 4041 2026 3947
f 3947 3946 4041
f 3942 4041 3946
f 3947 1821 1820
f 3463 3947 1820
f 4260 3948 3947
f 4259 3492 1813
f 1815 4259 1813
f 3873 1940 1841
f 4043 1939 1940
f 4259 1815 3497
f 4108 4043 4042
f 4259 4258 4260
f 1691 4108 1798
f 3498 4258 1692
f 3948 4260 4258
f 3499 3948 1700
f 3946 3947 3948
f 3942 3946 3477
f 3898 3502 2188
f 3899 3938 3937
f 3898 3897 3942
f 2021 3899 2020
f 3897 2017 1812
f 4041 3942 3897
f 4041 1832 2026
f 3972 776 604
f 3978 2063 776
f 617 3956 621
f 3956 3954 3953
f 3952 3953 3954
f 3960 3952 3464
f 3488 3960 3465
f 3958 3959 3960
f 3969 3958 2053
f 2054 3969 2053
f 3481 3951 3969
f 3949 3951 2041
f 3928 3955 3949
f 3926 3927 3928
f 2045 3926 2036
f 1873 3884 1910
f 3886 1910 3884
f 3884 3885 3886
f 3894 3886 3885
f 3894 3885 1914
f 1915 3894 1914
f 3844 1916 1878
f 3844 1878 1741
f 3894 1916 3844
f 3844 3843 3894
f 3843 3844 3845
f 3845 1898 3843
f 3843 1898 1897
f 1782 3843 1897
f 3843 1784 1909
f 3886 3843 1909
f 1918 3886 1909
f 3843 1782 1784
f 3845 1881 1896
f 1881 3845 1880
f 3845 3847 1880
f 1907 1880 3847
f 3837 1907 3847
f 3847 3846 3837
f 3846 3847 3848
f 3837 1799 1907
f 1792 3837 1786
f 3837 1792 1799
f 3845 3848 3847
f 3845 1896 1898
f 3848 3845 3844
f 3885 1908 1911
f 3885 1905 1908
f 3895 1904 1905
f 1904 3895 1906
f 3895 1905 3885
f 3894 1915 1916
f 3885 1911 1914
f 3886 3894 3843
f 3885 3884 3895
f 3886 1918 1910
f 3893 3884 1873
f 1885 3893 1873
f 3893 1885 1875
f 1920 3893 1875
f 1778 3850 1729
f 3549 1729 3850
f 3850 1778 1777
f 3851 3850 1777
f 3849 3850 3851
f 3851 1779 3849
f 1781 3849 1779
f 3849 1781 1917
f 3560 3849 1917
f 1912 3560 1917
f 3851 1776 1779
f 3560 3850 3849
f 1776 3851 1777
f 3957 1982 2049
f 3957 3978 3971
f 2001 3971 2005
f 1981 3478 1772
f 3891 1919 1886
f 3893 1920 1921
f 3892 3891 3890
f 3893 3895 3884
f 3895 1923 1906
f 3890 1889 3892
f 3844 1741 3848
f 3848 1734 3846
f 3542 3838 3541
f 3838 3837 3846
f 1785 1786 3837
f 3559 1793 1794
f 3560 1912 1913
f 3560 3549 3850
f 3839 532 3559
f 3549 1730 1729
f 532 1737 533
f 532 531 1736

usemtl Turquoise_0
f 5317 3062 5318
f 5318 3062 5316
f 5316 3062 2193
f 3062 2247 2193
f 2193 2247 2194
f 2194 2247 2195
f 2269 2195 2247
f 2269 2247 4921
f 4921 2290 2269
f 2290 2196 2269
f 2196 2290 2197
f 2197 2290 2198
f 2289 2198 2290
f 2289 2290 5102
f 5102 2288 2289
f 2288 2200 2289
f 2199 2289 2200
f 2200 2288 2201
f 2201 2288 2202
f 2293 2202 2288
f 2293 2288 5106
f 5106 2292 2293
f 2292 2204 2293
f 2203 2293 2204
f 2204 2292 2205
f 2205 2292 2206
f 2291 2206 2292
f 2291 2292 5110
f 5110 2295 2291
f 2295 2208 2291
f 2207 2291 2208
f 2208 2295 2209
f 2209 2295 2210
f 2294 2210 2295
f 5112 2294 2295
f 2294 5112 5113
f 5113 4558 2294
f 3000 2294 4558
f 3000 4558 1005
f 1005 2214 3000
f 2213 3000 2214
f 2212 3000 2213
f 2214 1005 1004
f 1004 1005 1006
f 2096 1006 1005
f 1005 5216 2096
f 4871 2096 5216
f 4870 4871 5216
f 4557 4870 5216
f 4557 5216 4558
f 4556 4557 4558
f 4556 2332 4557
f 2339 4557 2332
f 2339 2332 2331
f 2331 2342 2339
f 2341 2339 2342
f 536 535 3030
f 3030 535 3022
f 2864 3022 535
f 535 2863 2864
f 3021 2871 3029
f 3029 2871 3020
f 2865 3020 2871
f 2871 2866 2865
f 2865 2866 2867
f 2966 1258 2872
f 1260 2872 1258
f 1258 1259 1260
f 2907 2906 2948
f 2947 2948 2906
f 2906 2901 2947
f 2947 2901 2971
f 2902 2880 2955
f 2955 2880 2956
f 2955 2956 2957
f 2887 2111 2110
f 2110 2862 2887
f 2110 2861 2862
f 2862 2861 3023
f 1527 1528 1529
f 1529 1528 2885
f 2885 1528 2886
f 2881 1443 3027
f 3027 1443 3028
f 1629 1628 2345
f 2345 1628 2346
f 2338 2346 1628
f 1628 2339 2338
f 2338 2339 2340
f 2340 2339 2347
f 1627 1628 1629
f 2356 1628 1627
f 2356 2357 1444
f 3006 1444 2357
f 2359 1444 3006
f 1445 1444 2359
f 1443 1444 1445
f 1443 4868 1444
f 4867 1444 4868
f 4867 4868 4869
f 4867 4869 4871
f 4869 1458 4871
f 4872 1458 4869
f 1458 4872 1456
f 1456 1457 1458
f 2933 1458 1457
f 2154 1458 2932
f 2153 1458 2154
f 2093 1458 2094
f 3013 1458 2093
f 2095 1458 3012
f 1458 2095 2096
f 2097 2096 2095
f 3468 2096 2097
f 2150 2096 2151
f 2215 2096 2150
f 3470 1456 1473
f 1473 1456 1474
f 1474 1456 2106
f 3466 2146 2086
f 2086 2146 2087
f 2086 2087 2088
f 2087 2146 2143
f 5313 5114 5317
f 5115 5114 5313
f 4773 4937 4938
f 4771 4773 4938
f 5056 4771 4938
f 5056 2802 4771
f 2804 4771 2802
f 2802 2803 2804
f 2804 2803 2812
f 2804 2812 2987
f 2804 2987 2985
f 2804 2985 2832
f 2804 2832 2810
f 2804 2810 2811
f 2804 2811 2822
f 2821 2804 2822
f 2819 2820 2821
f 3049 2820 2819
f 3046 2820 3048
f 2825 2820 3046
f 2824 2820 2825
f 2984 2817 2982
f 2982 2817 2979
f 2979 2817 2980
f 2979 2980 2981
f 2828 2820 3047
f 2820 2828 2826
f 2826 4922 2820
f 4772 2820 4922
f 4772 4922 5114
f 4922 4923 5114
f 2247 5114 4923
f 4922 4920 4923
f 4920 4921 4923
f 4920 4848 4921
f 4848 4850 4921
f 4848 4849 4850
f 4849 5102 4850
f 4849 5101 5102
f 5101 5104 5102
f 5101 5103 5104
f 5103 5106 5104
f 5103 5105 5106
f 5105 5108 5106
f 5105 5107 5108
f 5107 5110 5108
f 5107 5109 5110
f 5109 5112 5110
f 5109 5111 5112
f 5109 2314 5111
f 2328 5111 2314
f 2314 2320 2328
f 2335 2328 2320
f 2858 2348 3007
f 2858 2349 2348
f 2348 2349 2350
f 2350 2349 2855
f 2860 2859 3031
f 3031 2859 3025
f 2856 2859 2860
f 2349 2859 2856
f 2859 2349 4637
f 4637 5076 2859
f 535 2859 5076
f 5076 5081 535
f 2871 535 5081
f 5081 5073 2871
f 5073 5081 5074
f 5073 5074 5075
f 5071 5073 5075
f 5071 5075 5072
f 5070 5071 5072
f 5070 5072 5077
f 5084 5070 5077
f 5084 5077 5086
f 5085 5084 5086
f 5085 5086 5064
f 5063 5085 5064
f 5063 5064 5065
f 5061 5063 5065
f 5061 5065 5062
f 5060 5061 5062
f 5060 5062 5078
f 5087 5060 5078
f 5087 5078 5089
f 5088 5087 5089
f 5088 5089 4925
f 4924 5088 4925
f 4924 4925 4926
f 5090 4924 4926
f 5090 4926 5092
f 5091 5090 5092
f 5091 5092 4910
f 4909 5091 4910
f 4909 4910 4911
f 5100 4909 4911
f 5100 4911 4936
f 4935 5100 4936
f 4935 4936 4933
f 4932 4935 4933
f 4932 4933 4934
f 5099 4932 4934
f 5099 4934 4929
f 4928 5099 4929
f 4928 4929 4930
f 4931 4928 4930
f 4931 4930 4908
f 4907 4931 4908
f 4907 4908 4294
f 4296 4907 4294
f 4294 4295 4296
f 4927 4296 4295
f 4295 4905 4927
f 4906 4927 4905
f 4905 4328 4906
f 4330 4906 4328
f 4328 4329 4330
f 4648 4330 4329
f 4329 4645 4648
f 4647 4648 4645
f 4287 4647 4645
f 4645 4646 4287
f 2375 4646 4645
f 4645 2808 2375
f 2808 2376 2375
f 2374 2375 2376
f 2376 5089 2374
f 5089 2376 2943
f 2375 2374 3051
f 3051 5059 2375
f 5059 3051 5093
f 5059 5093 4299
f 2805 5093 3051
f 3051 3050 2805
f 2806 2805 3050
f 5065 2806 3050
f 2809 2806 5065
f 2809 2807 2806
f 2807 2809 2802
f 2805 2806 2807
f 2807 5055 2805
f 5055 2807 5056
f 5055 5056 5057
f 5093 2805 5055
f 5093 5055 4692
f 3050 3051 2374
f 2374 5078 3050
f 2376 2808 2943
f 2942 2943 2808
f 2943 2942 2946
f 2946 4926 2943
f 2936 2946 2942
f 2942 4329 2936
f 2946 2936 2935
f 2935 5092 2946
f 5092 2935 2926
f 2935 2934 2926
f 2927 2926 2934
f 4295 2927 2934
f 2927 4295 2945
f 2945 2928 2927
f 2928 2945 2944
f 2944 4936 2928
f 2944 2945 2941
f 2944 2941 2940
f 2940 4933 2944
f 4933 2940 2937
f 2940 2938 2937
f 2937 2938 2939
f 2939 4929 2937
f 4929 2939 2938
f 2940 2941 2938
f 2941 4908 2938
f 2945 4294 2941
f 2926 2927 2928
f 2928 4911 2926
f 2934 2935 2936
f 2936 4328 2934
f 2808 4645 2942
f 4646 2375 5059
f 4646 5059 4314
f 5240 4648 5241
f 5239 4648 5240
f 5238 4648 5239
f 2119 4648 5238
f 4648 2119 2165
f 2164 2165 2119
f 4330 2165 2164
f 5241 4648 4647
f 4329 2942 4645
f 2165 4330 4648
f 4328 2936 4329
f 2164 4906 4330
f 4906 2164 2160
f 2160 2164 2122
f 4905 2934 4328
f 2160 4927 4906
f 4927 2160 2159
f 2160 2124 2159
f 2934 4905 4295
f 2159 4296 4927
f 4296 2159 2158
f 2159 2126 2158
f 4294 2945 4295
f 2158 4907 4296
f 4907 2158 2157
f 2158 2128 2157
f 4908 2941 4294
f 2157 4931 4907
f 4931 2157 2156
f 2157 2130 2156
f 4930 2938 4908
f 2156 4928 4931
f 4928 2156 2155
f 2155 2152 4928
f 2155 2136 2152
f 2156 2132 2155
f 2938 4930 4929
f 5099 4928 2152
f 4934 2937 4929
f 2152 4932 5099
f 4932 2152 2146
f 2146 2099 4932
f 2146 2145 2099
f 2152 2141 2146
f 2937 4934 4933
f 4935 4932 2099
f 4936 2944 4933
f 2099 5100 4935
f 5100 2099 2369
f 2099 3053 2369
f 3052 2369 3053
f 2371 2369 2372
f 2370 2369 2371
f 2369 2370 2115
f 2369 2115 4909
f 2115 2924 4909
f 2115 2367 2924
f 3011 2924 2367
f 2368 2115 3010
f 3010 2115 2117
f 2355 2364 2365
f 2365 2364 2366
f 2366 2364 2868
f 2894 1310 1309
f 1309 1310 1311
f 1311 1310 2961
f 2923 2924 2925
f 2924 2923 2930
f 2924 2930 5090
f 3014 2930 2923
f 3016 2930 3015
f 2931 2930 3016
f 2930 2931 2917
f 2930 2917 4924
f 2917 2362 4924
f 2917 2919 2362
f 3018 2362 2919
f 2916 2917 2918
f 2918 2917 2921
f 1347 2897 2896
f 2896 2897 2898
f 2898 2897 2958
f 1294 1295 1296
f 1296 1295 2954
f 1352 2362 2363
f 2362 1352 2920
f 5087 2362 2920
f 1351 2920 1352
f 2962 2920 1351
f 2950 2920 2963
f 2920 2950 2911
f 2920 2911 5060
f 2959 2911 2950
f 2959 2950 2960
f 2883 2873 2968
f 2968 2873 2965
f 2875 2965 2873
f 2873 2874 2875
f 2875 2874 2970
f 2888 2110 2890
f 2890 2110 2109
f 2874 2110 2888
f 2874 4916 2110
f 4916 2874 4912
f 4916 4912 4914
f 4916 4914 4917
f 4915 4916 4917
f 4915 4917 4919
f 4918 4915 4919
f 4918 4919 4872
f 4868 4918 4872
f 4919 1049 4872
f 4918 2861 4915
f 2861 4918 1528
f 1528 4918 1443
f 4917 1049 4919
f 1049 4917 2107
f 2107 2108 1049
f 2113 1049 2108
f 2360 2107 2361
f 2361 2107 2354
f 3056 2107 2360
f 1050 1049 2922
f 1048 1049 1050
f 2112 1049 1048
f 2106 1049 2112
f 2100 2099 3467
f 3467 2099 2144
f 2098 2099 2100
f 2373 2099 2098
f 2922 1049 2113
f 2108 2107 3056
f 2107 4917 2364
f 4915 2861 4916
f 4914 2364 4917
f 2364 4914 1310
f 4913 1310 4914
f 5069 1310 4913
f 5058 5069 4913
f 4912 5058 4913
f 5058 5066 5069
f 5066 5068 5069
f 5068 2897 5069
f 1346 5069 2897
f 2897 5068 1295
f 1295 2900 2897
f 5067 1295 5068
f 1295 5067 2909
f 1295 2909 2910
f 2910 3019 1295
f 2910 2909 2914
f 2912 2913 2909
f 2909 2873 2912
f 2912 2873 2882
f 2909 5066 2873
f 2915 2909 2913
f 2914 2909 2915
f 5066 2909 5067
f 5066 5067 5068
f 5058 2873 5066
f 1310 5069 1346
f 1346 2336 1310
f 2895 1310 2336
f 2337 1346 2343
f 2343 1346 2344
f 2344 1346 1345
f 2964 1310 2895
f 2336 1346 2337
f 4912 4913 4914
f 4912 2874 5058
f 2888 2892 2874
f 2891 2874 2892
f 2970 2874 2891
f 2873 5058 2874
f 2908 2904 2903
f 2903 2904 2905
f 2903 2905 2951
f 2905 2911 2949
f 2911 2905 2904
f 2911 2904 5061
f 2878 2904 2908
f 2880 2904 2878
f 2904 2880 5063
f 2880 2901 5063
f 2878 2879 2880
f 2882 2873 2883
f 2949 2911 2959
f 2963 2920 2962
f 1351 1352 1353
f 2954 1295 3019
f 2900 1295 1294
f 2899 2897 2900
f 2958 2897 2899
f 2897 1347 1346
f 1345 1346 1347
f 3017 2917 2916
f 2363 2362 3018
f 2919 2917 3017
f 2921 2917 2931
f 3015 2930 3014
f 2925 2924 2929
f 2961 1310 2964
f 1310 2894 2364
f 2893 2364 2894
f 2868 2364 2893
f 2364 2355 2107
f 2354 2107 2355
f 2114 2115 2116
f 2117 2115 2114
f 2929 2924 3011
f 2367 2115 2368
f 2116 2115 2370
f 2372 2369 3052
f 3053 2099 2373
f 4911 2928 4936
f 4909 5100 2369
f 4910 2926 4911
f 5091 4909 2924
f 2926 4910 5092
f 5090 5091 2924
f 4926 2946 5092
f 4924 5090 2930
f 4925 2943 4926
f 2362 5088 4924
f 2943 4925 5089
f 5088 2362 5087
f 5078 2374 5089
f 5060 5087 2920
f 5062 3050 5078
f 5061 5060 2911
f 3050 5062 5065
f 5063 5061 2904
f 5065 5064 2809
f 2803 2809 5064
f 5085 5063 2901
f 5064 5086 2803
f 2817 2803 5086
f 2817 2993 2803
f 2992 2803 2993
f 2830 2803 2994
f 2829 2803 2830
f 2986 2803 2829
f 2986 2829 2991
f 2989 2986 2990
f 2988 2803 2989
f 2989 2803 2986
f 2816 2817 2818
f 2995 2817 2816
f 2994 2803 2992
f 2993 2817 2995
f 5084 5085 2901
f 5086 5077 2817
f 5070 5084 2906
f 2906 1258 5070
f 5077 5072 2817
f 2814 2817 5072
f 5072 2975 2814
f 2975 2978 2814
f 2977 2814 2978
f 3041 2826 3042
f 3042 2826 3043
f 2831 2826 3041
f 2827 2826 2831
f 2996 2318 2827
f 2319 2318 2996
f 2837 2318 2317
f 2836 2318 2837
f 3040 2296 2836
f 2998 2296 3040
f 2297 2296 2997
f 2296 2297 2298
f 2298 4849 2296
f 2299 4849 2298
f 2298 2303 2299
f 2302 2299 2303
f 3061 2298 2304
f 2304 2298 2305
f 2305 2298 2983
f 2843 2840 2842
f 2842 2840 2325
f 2326 2325 2840
f 2326 2840 5082
f 5082 4639 2326
f 2848 2326 4639
f 4639 4638 2848
f 2090 2848 4638
f 4638 5080 2090
f 5080 5083 2090
f 1518 2090 5083
f 2352 1518 5083
f 5083 5079 2352
f 2349 2352 5079
f 1518 2352 1516
f 1516 1517 1518
f 3008 1518 1517
f 2259 2260 2261
f 2261 2260 3057
f 3057 2260 2322
f 2322 2308 2315
f 2315 2308 2316
f 2316 2308 3060
f 2851 2090 2852
f 2852 2090 2857
f 3032 2090 2851
f 2091 2090 3032
f 3034 2089 3547
f 3034 2848 2089
f 3033 2848 3034
f 2850 2848 3033
f 2846 2326 2849
f 2845 2326 2846
f 2845 2846 2847
f 2870 2299 3002
f 2869 2299 2870
f 2300 2299 2869
f 2973 2301 2300
f 2309 2301 2973
f 2306 2301 2307
f 2301 2306 2308
f 2308 5103 2301
f 3059 2308 2306
f 2307 2301 2309
f 2299 2300 2301
f 2301 5101 2299
f 2327 2326 3035
f 3035 2326 2845
f 2849 2848 2850
f 3548 3547 2089
f 2089 2090 2091
f 2857 1518 3009
f 3060 2308 3059
f 2308 2322 2260
f 2260 5107 2308
f 2313 2260 2259
f 2260 2313 2314
f 2839 2314 2313
f 2321 2314 2838
f 2838 2314 2839
f 3009 1518 3008
f 2351 2352 2353
f 2353 2352 2358
f 2858 2358 2352
f 1516 2352 2351
f 1518 2857 2090
f 5079 5083 5080
f 5079 5080 4638
f 4637 5079 4638
f 2090 2089 2848
f 4637 4638 4639
f 2848 2849 2326
f 5076 4639 5082
f 5074 5082 2840
f 2840 2311 5074
f 2311 2975 5074
f 2311 2823 2975
f 3005 2975 2823
f 2312 2311 3038
f 3038 2311 3039
f 3039 2311 2841
f 2841 2840 3036
f 3036 2840 3037
f 2310 2311 2312
f 2976 2975 3004
f 2974 2975 2976
f 3003 2975 2974
f 3004 2975 3005
f 2823 2311 2310
f 2840 2841 2311
f 2325 2326 2327
f 3037 2840 2843
f 3002 2299 2302
f 2303 2298 3061
f 2983 2298 2297
f 2997 2296 2998
f 2318 2836 2296
f 2296 4848 2318
f 2317 2318 2319
f 2826 2827 2318
f 2318 4920 2826
f 2999 2814 3001
f 2815 2814 2999
f 2980 2814 2813
f 2813 2814 2815
f 3001 2814 2977
f 2978 2975 3003
f 5071 5070 1258
f 1258 2866 5071
f 2866 1258 2876
f 5075 2975 5072
f 5073 5071 2866
f 2975 5075 5074
f 5081 5082 5074
f 5081 5076 5082
f 2859 535 534
f 5076 4637 4639
f 5079 4637 2349
f 2856 2855 2349
f 2352 2349 2858
f 2329 2328 2330
f 2330 2328 2334
f 2328 2329 2332
f 2854 2332 2329
f 2853 2332 2854
f 2333 2332 2853
f 2334 2328 2335
f 2320 2314 2321
f 2332 5111 2328
f 2314 5109 2260
f 5107 2260 5109
f 5105 2308 5107
f 5103 2308 5105
f 5101 2301 5103
f 4849 2299 5101
f 4848 2296 4849
f 4920 2318 4848
f 2820 4772 2804
f 4922 2826 4920
f 3045 2826 2828
f 3044 2826 3045
f 3043 2826 3044
f 2814 2980 2817
f 2818 2817 2984
f 3047 2820 2824
f 3048 2820 3049
f 2804 2821 2820
f 2812 2803 2988
f 2803 2802 2809
f 4771 2804 4772
f 2802 5056 2807
f 4771 4772 4773
f 4772 5115 4773
f 5056 4938 5057
f 5055 5057 4692
f 4772 5114 5115
f 4692 4299 5093
f 4299 4314 5059
f 4314 4287 4646
f 2119 2121 2164
f 2122 2164 2121
f 2122 2123 2160
f 2124 2160 2123
f 2125 2159 2124
f 2126 2159 2125
f 2127 2158 2126
f 2128 2158 2127
f 2129 2157 2128
f 2130 2157 2129
f 2131 2156 2130
f 2132 2156 2131
f 2133 2155 2132
f 2134 2155 2133
f 2135 2155 2134
f 2136 2155 2135
f 2137 2152 2136
f 2138 2152 2137
f 2139 2152 2138
f 2140 2152 2139
f 2141 2152 2140
f 2142 2146 2141
f 2143 2146 2142
f 2145 2146 3466
f 2144 2099 2145
f 1049 2106 1456
f 3471 1456 3470
f 3469 1456 3471
f 2105 2096 2215
f 2104 2096 2105
f 2151 2096 3468
f 3012 1458 3013
f 2094 1458 2153
f 2932 1458 2933
f 1457 1456 3469
f 1456 4872 1049
f 4868 4872 4869
f 1444 4867 1628
f 4870 1628 4867
f 4868 1443 4918
f 1444 1628 2356
f 1445 2884 1443
f 3028 1443 2884
f 1528 1443 2881
f 2881 3026 1528
f 2886 1528 3026
f 2861 1528 1527
f 1527 3024 2861
f 3023 2861 3024
f 2110 4916 2861
f 2109 2110 2111
f 2956 2880 2879
f 2901 2880 2902
f 2902 2952 2901
f 2953 2901 2952
f 2972 2901 2953
f 2971 2901 2972
f 2901 2906 5084
f 1259 2906 2907
f 1258 2906 1259
f 2877 1258 2966
f 2876 1258 2877
f 2876 2967 2866
f 2969 2866 2967
f 2867 2866 2969
f 2866 2871 5073
f 2863 2871 3021
f 535 2871 2863
f 534 535 536
f 534 3025 2859
f 2347 2339 2341
f 2331 2332 2333
f 1628 4557 2339
f 5111 2332 4556
f 5111 4556 5113
f 4557 1628 4870
f 4870 4867 4871
f 2096 4871 1458
f 1006 2096 2104
f 5216 1005 4558
f 3000 2212 2294
f 2211 2294 2212
f 4556 4558 5113
f 5111 5113 5112
f 2210 2294 2211
f 2295 5110 5112
f 5108 5110 2292
f 2206 2291 2207
f 2292 5106 5108
f 5104 5106 2288
f 2202 2293 2203
f 2288 5102 5104
f 4850 5102 2290
f 2198 2289 2199
f 2290 4921 4850
f 4923 4921 2247
f 2195 2269 2196
f 5114 2247 3062
f 3062 5317 5114

usemtl Turquoise_0
f 1426 1125 1425
f 1425 1125 1124
f 993 1124 1125
f 4607 993 1125
f 4623 4607 1125
f 1125 1096 4623
f 1096 1343 4623
f 4608 4623 1343
f 4621 4608 1343
f 1343 1406 4621
f 4620 4621 1406
f 1406 1077 4620
f 1077 1397 4620
f 4611 4620 1397
f 4614 4611 1397
f 1397 1390 4614
f 4615 4614 1390
f 1390 1450 4615
f 4618 4615 1450
f 1450 1452 4618
f 4572 4618 1452
f 1452 1377 4572
f 1377 1187 4572
f 4573 4572 1187
f 4575 4573 1187
f 1187 1186 4575
f 4578 4575 1186
f 1186 1190 4578
f 4579 4578 1190
f 1190 1189 4579
f 4582 4579 1189
f 1189 1201 4582
f 4583 4582 1201
f 1201 1200 4583
f 4586 4583 1200
f 1200 1204 4586
f 4587 4586 1204
f 1204 1203 4587
f 4633 4587 1203
f 1203 1221 4633
f 4634 4633 1221
f 1221 1213 4634
f 1213 1216 4634
f 4635 4634 1216
f 4588 4635 1216
f 1216 1328 4588
f 4589 4588 1328
f 1328 1240 4589
f 4584 4589 1240
f 1240 1242 4584
f 4585 4584 1242
f 1242 1251 4585
f 1251 1256 4585
f 4580 4585 1256
f 4581 4580 1256
f 1256 1173 4581
f 1173 1181 4581
f 4576 4581 1181
f 4577 4576 1181
f 1181 1170 4577
f 4574 4577 1170
f 1170 1163 4574
f 4619 4574 1163
f 1163 545 4619
f 4619 545 1164
f 1164 4616 4619
f 4618 4619 4616
f 4616 1164 4617
f 4615 4616 4617
f 1161 4617 1164
f 1164 1162 1161
f 1160 1161 1162
f 1162 4268 1160
f 4288 1160 4268
f 4288 4268 4289
f 4289 4636 4288
f 4641 4288 4636
f 4636 4640 4641
f 4643 4641 4640
f 4640 4642 4643
f 4291 4643 4642
f 4642 4292 4291
f 4290 4291 4292
f 4292 4571 4290
f 4570 4290 4571
f 4571 4606 4570
f 4605 4570 4606
f 4606 4625 4605
f 4625 4604 4605
f 4604 1433 4605
f 1437 4605 1433
f 1432 1437 1433
f 1432 1433 1434
f 1434 4601 1432
f 4600 1432 4601
f 4599 4600 4601
f 4629 4599 4601
f 4629 4601 4630
f 4627 4629 4630
f 4627 4630 4628
f 4626 4627 4628
f 4626 4628 4603
f 4602 4626 4603
f 4602 4603 4604
f 4603 1438 4604
f 1134 4626 4602
f 4602 574 1134
f 574 1141 1134
f 1143 1134 1141
f 1139 1138 1144
f 1144 1138 1145
f 1145 1155 1147
f 1147 1155 1148
f 1156 1148 1155
f 4292 1156 1155
f 1148 1156 1149
f 1150 572 1146
f 1146 572 571
f 5330 1029 5331
f 1593 5331 1029
f 5329 1029 5330
f 4305 1029 5329
f 4305 5329 4307
f 4307 4306 4305
f 4306 4309 4305
f 4303 4305 4309
f 4303 4309 4325
f 4324 4303 4325
f 4324 4325 4327
f 4326 4324 4327
f 4326 4327 4334
f 4320 4326 4334
f 4320 4334 4321
f 4319 4320 4321
f 4319 4321 4323
f 4322 4319 4323
f 4322 4323 4701
f 4301 4322 4701
f 4301 4701 4302
f 4300 4301 4302
f 4300 4302 4318
f 4317 4300 4318
f 4317 4318 4590
f 4591 4317 4590
f 4591 4590 4592
f 4593 4591 4592
f 4593 4592 4275
f 4274 4593 4275
f 4274 4275 4276
f 4272 4274 4276
f 4272 4276 4273
f 4271 4272 4273
f 4271 4273 4737
f 4278 4271 4737
f 4278 4737 4279
f 4277 4278 4279
f 4277 4279 4284
f 4283 4277 4284
f 4283 4284 4293
f 4269 4283 4293
f 4293 4270 4269
f 4268 4269 4270
f 4270 4293 556
f 556 4289 4270
f 4289 556 558
f 556 557 558
f 1151 558 557
f 4590 1151 557
f 557 567 4590
f 1151 4590 5323
f 5324 4590 5322
f 5323 4590 5324
f 558 1151 570
f 4636 558 570
f 571 570 1151
f 557 556 567
f 568 567 556
f 567 568 569
f 4275 567 569
f 569 559 4275
f 569 560 559
f 559 560 561
f 559 561 562
f 4273 559 562
f 562 563 4273
f 562 561 563
f 4279 563 561
f 4284 561 560
f 569 568 560
f 4293 560 568
f 568 556 4293
f 4269 544 4283
f 546 4283 544
f 544 545 546
f 544 4269 1162
f 560 4293 4284
f 4283 546 4277
f 1526 4277 546
f 546 1163 1526
f 561 4284 4279
f 4277 1526 4278
f 540 4278 1526
f 1526 1170 540
f 540 1170 1165
f 540 1165 1166
f 540 1166 1167
f 540 1167 542
f 540 542 543
f 540 543 550
f 549 540 550
f 1312 1183 1313
f 1312 1170 1183
f 1183 1170 1184
f 1184 1170 1175
f 551 537 541
f 540 541 537
f 537 4271 540
f 1724 537 551
f 1723 537 1724
f 548 537 1721
f 547 537 548
f 1722 537 547
f 1262 1181 1263
f 1263 1181 1301
f 1301 1181 1304
f 555 539 538
f 537 538 539
f 539 4272 537
f 1168 539 555
f 1316 539 1168
f 1315 539 1316
f 1314 539 1315
f 1305 539 1308
f 539 1305 1265
f 1265 4274 539
f 1298 1265 1305
f 1297 1265 1298
f 1281 1256 1320
f 1320 1256 1321
f 1321 1256 1319
f 1266 1265 1300
f 1300 1265 1323
f 1323 1265 1299
f 1265 1266 1267
f 1267 4593 1265
f 1285 1267 1266
f 1291 1267 1285
f 1287 1267 1291
f 1250 1242 1278
f 1278 1242 1324
f 1324 1242 1275
f 1180 1288 1293
f 1293 1288 1289
f 1289 1288 1290
f 1290 1288 1292
f 1292 1288 1286
f 1267 1286 1288
f 1288 4591 1267
f 1179 4591 1288
f 1288 1180 1179
f 1178 1179 1180
f 1264 1179 1178
f 1236 1179 1264
f 1338 1216 1335
f 1335 1216 1215
f 1215 1216 1217
f 1261 1223 1322
f 1322 1223 1268
f 1268 1223 1269
f 1269 1271 1272
f 1272 1271 1273
f 1273 1271 1274
f 1270 1179 1235
f 1179 1270 1271
f 1271 4317 1179
f 1274 1271 1270
f 1271 1269 1223
f 1223 4300 1271
f 1254 1223 1261
f 1224 1223 1254
f 1279 1225 1224
f 1249 1225 1279
f 1248 1225 1249
f 1255 1233 1252
f 1225 1252 1233
f 1233 4319 1225
f 1234 1233 1255
f 1232 1233 1234
f 1245 1244 1350
f 1233 1350 1244
f 1244 4320 1233
f 1238 4320 1244
f 1244 1246 1238
f 1349 1238 1246
f 1247 1244 1243
f 1229 1204 1362
f 1362 1204 1363
f 1354 1363 1204
f 1355 1200 1459
f 1459 1200 1484
f 1494 1484 1200
f 1200 1202 1494
f 1485 1201 1490
f 1490 1201 1491
f 1479 1491 1201
f 1334 1218 1361
f 1361 1218 1357
f 1220 1357 1218
f 1218 1219 1220
f 1220 1219 1486
f 1493 1219 1336
f 1336 1219 1337
f 1237 1337 1219
f 1219 1238 1237
f 1237 1238 1239
f 1239 1238 1348
f 1219 4324 1238
f 1486 1219 1493
f 1218 4324 1219
f 1333 1218 1334
f 1358 1218 1333
f 1209 1218 1358
f 1358 1210 1209
f 1208 1209 1210
f 1519 1209 1521
f 1070 1209 1519
f 1519 1071 1070
f 1069 1070 1071
f 1199 1070 1214
f 1198 1070 1199
f 1199 1356 1198
f 1487 1198 1356
f 1192 1186 1193
f 1188 1193 1186
f 1369 1377 1455
f 1455 1377 1467
f 1455 1467 1468
f 1460 1461 1462
f 1462 1483 1460
f 1462 1206 1483
f 1483 1206 1500
f 1207 1198 1359
f 1359 1198 1360
f 1206 1198 1207
f 1206 4559 1198
f 4559 1206 4560
f 4559 4560 4561
f 4559 4561 4563
f 4562 4559 4563
f 4562 4563 4644
f 4304 4562 4644
f 4304 4644 4305
f 4644 1008 4305
f 4304 1209 4562
f 4563 1008 4644
f 1008 4563 1025
f 1008 1025 1053
f 1025 4563 1026
f 1025 1026 1027
f 1027 1026 1055
f 1055 1026 1056
f 1056 1026 1587
f 4562 1070 4559
f 4561 1026 4563
f 4632 1026 4561
f 1026 4632 1003
f 1003 1583 1026
f 1583 1003 1062
f 1067 1001 1068
f 1068 1001 1400
f 1066 1065 1072
f 1072 1065 1073
f 1073 1065 1074
f 1419 1096 1417
f 1417 1096 1415
f 1415 1096 1414
f 1097 1125 1418
f 1095 1096 1097
f 1414 1096 1095
f 1503 1096 1419
f 1504 1343 1503
f 1416 1343 1504
f 1344 1343 1416
f 1505 1406 1342
f 1506 1406 1505
f 1507 1406 1506
f 1508 1077 1407
f 1078 1077 1508
f 1399 1077 1076
f 1401 1077 1399
f 1509 1397 1401
f 1398 1397 1509
f 1396 1397 1398
f 1395 1396 1513
f 1372 1371 1386
f 1386 1371 1387
f 1387 1371 1385
f 1391 1390 1394
f 1394 1390 1395
f 1389 1390 1391
f 1472 1450 1389
f 1471 1450 1472
f 1469 1450 1471
f 1451 1453 1470
f 1454 1452 1451
f 1375 1452 1454
f 1375 1376 1377
f 1194 1195 1196
f 1196 1195 1477
f 1477 1195 1478
f 1463 1462 1464
f 1464 1462 1480
f 1195 1462 1463
f 1195 4564 1462
f 4564 1195 4565
f 4564 4565 4566
f 4564 4566 4632
f 4560 4564 4632
f 4566 1001 4632
f 1001 4566 1065
f 4631 1065 4566
f 4596 1065 4631
f 4594 4596 4631
f 4565 4594 4631
f 4594 4595 4596
f 4595 4598 4596
f 4598 1364 4596
f 1366 4596 1364
f 1364 1365 1366
f 1379 1366 1365
f 1380 1364 1381
f 1381 1364 1382
f 1382 1364 1383
f 1402 1046 1045
f 1045 1046 1047
f 1047 1046 1515
f 1515 1046 1514
f 1046 1402 1364
f 1383 1364 1402
f 1368 1366 1378
f 1367 1366 1368
f 1374 1366 1367
f 1366 1374 1065
f 1373 1065 1374
f 1075 1065 1373
f 1378 1366 1379
f 1365 1364 1380
f 1364 4598 1046
f 4597 1046 4598
f 1046 4597 1371
f 4595 1371 4597
f 1371 4595 1392
f 1371 1392 1384
f 1384 1392 1393
f 1466 1392 1475
f 1475 1392 1476
f 1393 1392 1466
f 4595 4597 4598
f 4594 1392 4595
f 1392 4594 1195
f 1065 4596 1366
f 4565 4631 4566
f 4565 1195 4594
f 1463 1478 1195
f 1392 1195 1194
f 1194 1476 1392
f 1451 1452 1453
f 1453 1450 1469
f 1384 1385 1371
f 1046 1371 1372
f 1372 1514 1046
f 1395 1390 1396
f 1076 1077 1078
f 1407 1406 1507
f 1342 1343 1344
f 1074 1065 1075
f 1065 1066 1001
f 1400 1001 1066
f 1586 1001 1067
f 1002 1001 1586
f 1052 1003 1064
f 1051 1003 1052
f 1063 1003 1051
f 1064 1003 1002
f 1001 1002 1003
f 1062 1003 1063
f 1003 4632 1001
f 4560 4632 4561
f 4560 1206 4564
f 1207 1492 1206
f 1500 1206 1492
f 1462 4564 1206
f 1480 1462 1461
f 1467 1377 1376
f 1369 1370 1187
f 1499 1187 1370
f 1498 1187 1499
f 1497 1187 1498
f 1188 1187 1497
f 1388 1186 1192
f 1190 1388 1488
f 1488 1496 1190
f 1489 1190 1496
f 1191 1190 1465
f 1191 1197 1189
f 1482 1189 1197
f 1481 1189 1482
f 1479 1189 1481
f 1465 1190 1489
f 1360 1198 1487
f 1198 4559 1070
f 1214 1070 1069
f 1070 4562 1209
f 1521 1209 1208
f 1209 4304 1218
f 4303 1218 4304
f 1202 1201 1485
f 1354 1200 1355
f 1205 1204 1229
f 1205 1231 1203
f 1230 1203 1231
f 1520 1203 1230
f 1226 1522 1221
f 1524 1221 1522
f 1222 1221 1524
f 1228 1213 1212
f 1227 1213 1228
f 1525 1213 1227
f 1211 1212 1213
f 1211 1221 1222
f 1226 1203 1523
f 1523 1203 1520
f 1348 1238 1349
f 1246 1244 1247
f 1243 1244 1245
f 1350 1233 1232
f 1252 1225 1248
f 1223 1224 1225
f 1225 4322 1223
f 1217 1216 1525
f 1332 1216 1338
f 3058 1863 1332
f 1340 1332 1863
f 1340 1328 1332
f 1339 1328 1340
f 1331 1328 1339
f 1329 1328 1331
f 1330 1240 1329
f 1341 1240 1330
f 1326 1240 1341
f 1325 1240 1326
f 1325 1326 1327
f 1253 1242 1241
f 1241 1240 1325
f 1235 1179 1236
f 1275 1242 1253
f 1276 1250 1277
f 1276 1251 1250
f 1284 1251 1276
f 1282 1251 1283
f 1283 1251 1284
f 1286 1267 1287
f 1319 1256 1282
f 1280 1256 1281
f 1257 1256 1280
f 1307 1173 1257
f 1318 1173 1307
f 1174 1173 1306
f 1172 1173 1174
f 1303 1173 1172
f 1306 1173 1318
f 1299 1265 1297
f 1308 539 1314
f 1304 1181 1303
f 1302 1181 1262
f 1185 1181 1302
f 1176 1181 1182
f 1182 1181 1185
f 538 537 1722
f 1721 537 1723
f 1175 1176 1177
f 1175 1170 1176
f 1317 1170 1312
f 1169 1170 1171
f 1171 1170 1317
f 541 540 549
f 1165 1170 1169
f 563 4279 4737
f 4278 540 4271
f 4737 4273 563
f 4271 537 4272
f 559 4273 4276
f 4272 539 4274
f 4276 4275 559
f 4274 1265 4593
f 567 4275 4592
f 4593 1267 4591
f 4592 4590 567
f 4591 1179 4317
f 4318 5322 4590
f 4317 1271 4300
f 4300 1223 4301
f 4301 1223 4322
f 4322 1225 4319
f 4319 1233 4320
f 4320 1238 4326
f 4326 1238 4324
f 4324 1218 4303
f 4303 4304 4305
f 4309 4306 4308
f 4306 4307 4308
f 1029 4305 1008
f 1029 1008 1007
f 1135 1143 1108
f 1115 1135 1107
f 1113 1126 1111
f 1116 1111 1126
f 1116 1126 1137
f 1116 1137 1136
f 1136 1133 1116
f 1119 1116 1133
f 1127 1113 1122
f 1128 1113 1127
f 1131 1113 1128
f 1122 1112 1120
f 1120 1114 1033
f 1109 1123 1043
f 1109 1043 1110
f 1116 1110 1043
f 1116 1043 4626
f 1110 1116 1118
f 1110 1118 1132
f 1116 1117 1118
f 1044 1043 1123
f 1042 1043 1044
f 1430 1042 1431
f 1429 1043 1430
f 1043 1429 1421
f 4629 1043 1421
f 1421 993 4629
f 1421 994 993
f 992 993 994
f 1410 993 1411
f 1502 993 1410
f 1501 993 1502
f 1423 1421 1424
f 1422 1421 1423
f 1427 1421 1420
f 1420 1421 1422
f 1424 1421 1428
f 1411 993 992
f 994 1421 1427
f 1428 1421 1429
f 1430 1043 1042
f 1033 1034 1035
f 1116 1119 1117
f 1111 1116 1135
f 1134 1135 1116
f 1126 1113 1131
f 1112 1122 1113
f 1114 1120 1112
f 1034 1033 1114
f 1106 1035 1034
f 1111 1135 1115
f 570 571 572
f 4640 570 572
f 572 1150 1156
f 4642 572 1156
f 1149 1156 1150
f 1155 1145 1138
f 4571 1155 1138
f 1138 1139 1140
f 4606 1138 1140
f 1142 1140 1139
f 573 574 575
f 1140 575 574
f 4625 1140 574
f 575 1140 1142
f 1135 1134 1143
f 1141 574 573
f 574 4602 4625
f 4626 1134 1116
f 1438 4603 4628
f 4628 1440 1438
f 1439 1438 1440
f 1434 1438 1439
f 1440 4628 1439
f 4627 4626 1043
f 4630 1439 4628
f 1043 4629 4627
f 1439 4630 4601
f 4599 4629 993
f 4599 4607 4600
f 4607 4624 4600
f 4624 1436 4600
f 1436 4624 1158
f 1158 1157 1436
f 1437 1436 1157
f 1157 4570 1437
f 4570 1157 1159
f 1157 1158 1159
f 1447 1159 1158
f 4609 1447 1158
f 1158 4610 4609
f 4608 4609 4610
f 1447 4609 1449
f 1449 1448 1447
f 1448 1449 1446
f 1446 4643 1448
f 1442 1446 1449
f 1449 4622 1442
f 4613 1442 4622
f 4620 4613 4622
f 1442 4613 4612
f 4612 1435 1442
f 1435 1441 1442
f 1441 1435 1160
f 4641 1441 1160
f 1441 4641 1446
f 1435 4612 1161
f 4611 4612 4613
f 1446 1442 1441
f 4622 1449 4609
f 4621 4622 4609
f 1159 1447 1448
f 1448 4291 1159
f 4610 1158 4624
f 4623 4610 4624
f 1432 4600 1436
f 4601 1434 1439
f 1434 1433 1438
f 1436 1437 1432
f 1433 4604 1438
f 4625 4602 4604
f 1140 4625 4606
f 4605 1437 4570
f 1138 4606 4571
f 1159 4290 4570
f 1155 4571 4292
f 4290 1159 4291
f 1156 4292 4642
f 4291 1448 4643
f 572 4642 4640
f 4643 1446 4641
f 570 4640 4636
f 558 4636 4289
f 4270 4289 4268
f 1160 4288 4641
f 4268 1162 4269
f 1161 1160 1435
f 1162 1164 544
f 4617 1161 4612
f 4614 4617 4612
f 545 544 1164
f 1163 546 545
f 4572 4574 4619
f 1170 1526 1163
f 4573 4577 4574
f 1181 1176 1170
f 4575 4576 4577
f 4578 4581 4576
f 1173 1303 1181
f 1256 1257 1173
f 4579 4580 4581
f 4582 4585 4580
f 1251 1282 1256
f 1242 1250 1251
f 4583 4584 4585
f 1240 1241 1242
f 4586 4589 4584
f 1328 1329 1240
f 4587 4588 4589
f 1216 1332 1328
f 4633 4635 4588
f 1213 1525 1216
f 1213 1221 1211
f 4633 4634 4635
f 1221 1203 1226
f 4587 4633 4588
f 1203 1204 1205
f 4586 4587 4589
f 1204 1200 1354
f 4583 4586 4584
f 1200 1201 1202
f 4582 4583 4585
f 1201 1189 1479
f 4579 4582 4580
f 1189 1190 1191
f 4578 4579 4581
f 1190 1186 1388
f 4575 4578 4576
f 1186 1187 1188
f 4573 4575 4577
f 4572 4573 4574
f 1187 1377 1369
f 1377 1452 1375
f 4618 4572 4619
f 1450 1453 1452
f 4615 4618 4616
f 1390 1389 1450
f 4614 4615 4617
f 1397 1396 1390
f 4611 4614 4612
f 4620 4611 4613
f 1077 1401 1397
f 1406 1407 1077
f 4621 4620 4622
f 1343 1342 1406
f 4608 4621 4609
f 4623 4608 4610
f 1096 1503 1343
f 1125 1097 1096
f 4607 4623 4624
f 993 4607 4599
f 1124 993 1501
f 1418 1125 1426
f 1588 1026 1583
f 1587 1026 1588
f 1027 1057 1025
f 1060 1025 1057
f 1590 1025 1060
f 1059 1025 1590
f 1058 1025 1059
f 1053 1025 1058
f 1053 1054 1008
f 1592 1008 1054
f 1591 1008 1592
f 1009 1008 1591
f 1007 1008 1009
f 1007 1028 1029
f 1594 1029 1028
f 1593 1029 1594

usemtl Turquoise_0
f 533 1728 531
f 1728 1736 531
f 1728 1730 1736
f 1912 1793 1913
f 1912 1780 1793
f 1793 1780 1794
f 1794 1780 1787
f 3542 1725 1737
f 1737 1725 533
f 3541 1725 3542
f 3539 1725 3541
f 1734 1725 1735
f 3540 1725 1734
f 1741 1727 1726
f 1725 1726 1727
f 1727 4262 1725
f 4263 1725 4262
f 4263 4262 4751
f 4263 4751 5231
f 4749 4263 5231
f 4749 5231 4750
f 4747 4749 4750
f 4747 4750 4748
f 4739 4747 4748
f 4739 4748 4740
f 4738 4739 4740
f 4740 4742 4738
f 4741 4738 4742
f 4742 4744 4741
f 4743 4741 4744
f 4744 5226 4743
f 4760 4743 5226
f 5226 4761 4760
f 4712 4760 4761
f 4761 4713 4712
f 4711 4712 4713
f 4713 4765 4711
f 4763 4711 4765
f 4765 4764 4763
f 4762 4763 4764
f 4764 5227 4762
f 5229 4762 5227
f 5227 5228 5229
f 5228 4768 5229
f 4768 3510 5229
f 1999 5229 3510
f 3509 1999 3510
f 3509 3510 3511
f 3511 4813 3509
f 4812 3509 4813
f 4811 4812 4813
f 5221 4811 4813
f 5221 4813 5222
f 5220 5221 5222
f 5220 5222 5219
f 4817 5220 5219
f 4817 5219 4767
f 4766 4817 4767
f 4766 4767 4768
f 4767 3512 4768
f 1949 4817 4766
f 4766 1763 1949
f 1763 1762 1949
f 1951 1949 1762
f 1762 4770 1951
f 4776 1951 4770
f 4769 4776 4770
f 4722 4769 4770
f 4722 4770 4723
f 4721 4722 4723
f 4721 4723 5230
f 4753 4721 5230
f 4753 5230 4754
f 4752 4753 4754
f 4752 4754 4756
f 4755 4752 4756
f 4755 4756 4793
f 4794 4755 4793
f 4794 4793 4795
f 4796 4794 4795
f 4796 4795 4797
f 4801 4796 4797
f 4801 4797 4802
f 4803 4801 4802
f 4803 4802 4804
f 4805 4803 4804
f 4805 4804 4315
f 4264 4805 4315
f 4264 4315 4316
f 4262 4264 4316
f 4316 4315 1745
f 1745 4751 4316
f 4751 1745 1748
f 1748 1749 4751
f 1748 1747 1749
f 4750 1749 1747
f 1745 1747 1748
f 1745 1746 1747
f 4748 1747 1746
f 1750 1746 1745
f 1750 1752 1746
f 4740 1746 1752
f 1752 1742 4740
f 1752 1751 1742
f 1743 1742 1751
f 1743 1751 4802
f 4802 1758 1743
f 1758 1744 1743
f 1744 1758 1757
f 5226 1744 1757
f 1756 1757 1758
f 1756 1758 4795
f 4795 1740 1756
f 1740 1759 1756
f 1759 1740 1739
f 4713 1759 1739
f 1738 1739 1740
f 1738 1740 4756
f 4756 1755 1738
f 1755 1760 1738
f 1760 1755 1754
f 4764 1760 1754
f 1753 1754 1755
f 4754 1753 1755
f 1754 1753 1761
f 5227 1754 1761
f 1764 1761 1753
f 1764 1753 4723
f 1764 4723 1762
f 1761 1764 1763
f 5228 1761 1763
f 1739 1738 1760
f 4765 1739 1760
f 1757 1756 1759
f 4761 1757 1759
f 1742 1743 1744
f 4744 1742 1744
f 1751 1752 1750
f 4315 1751 1750
f 1750 1745 4315
f 4264 1882 4805
f 1884 4805 1882
f 1882 1883 1884
f 1889 1884 1883
f 1921 1874 1919
f 1919 1874 1886
f 1856 1886 1874
f 1856 1874 4788
f 1846 1856 4788
f 4788 4787 1846
f 1844 1846 4787
f 4787 4792 1844
f 1934 1844 4792
f 4792 4791 1934
f 1824 1934 4791
f 4791 5225 1824
f 5225 5224 1824
f 1795 1824 5224
f 552 1795 5224
f 5224 5223 552
f 553 552 5223
f 5223 4790 553
f 1816 553 4790
f 4790 4789 1816
f 984 1816 4789
f 4789 4786 984
f 985 984 4786
f 4786 4785 985
f 1100 985 4785
f 4785 4782 1100
f 1806 1100 4782
f 4782 4781 1806
f 1802 1806 4781
f 4781 4778 1802
f 1803 1802 4778
f 4778 4777 1803
f 4777 4734 1803
f 2003 1803 4734
f 966 2003 4734
f 4734 4810 966
f 2004 966 4810
f 4810 4807 2004
f 1773 2004 4807
f 4807 4806 1773
f 4806 1771 1773
f 1771 1772 1773
f 2001 1773 1772
f 2001 1772 3478
f 1981 1771 1982
f 1982 1771 2049
f 1977 2049 1771
f 1977 1771 4814
f 1975 1977 4814
f 4814 4852 1975
f 2035 1975 4852
f 4852 4854 2035
f 4854 4845 2035
f 2033 2035 4845
f 2030 2033 4845
f 4845 4855 2030
f 4855 1954 2030
f 1954 2036 2030
f 3490 2030 2036
f 2031 2030 2044
f 2029 2030 2031
f 2039 2040 2041
f 3481 2033 2039
f 3482 2033 3481
f 2054 2035 2034
f 2053 2035 2054
f 3487 2035 2053
f 3488 1975 2046
f 3465 1975 3488
f 1976 1975 3465
f 3464 1977 1976
f 2052 1977 3464
f 2050 1977 2051
f 617 616 2063
f 2063 616 776
f 604 776 616
f 616 2092 604
f 605 604 2092
f 605 2092 2185
f 2185 2184 605
f 1030 605 2184
f 1811 2028 2026
f 2026 1832 1811
f 1831 1811 1832
f 1812 1811 1948
f 1810 1811 1812
f 1812 2017 1810
f 2021 1810 2017
f 3501 1802 2192
f 1804 2192 1802
f 2012 2003 2013
f 2013 2003 3475
f 2013 3475 3476
f 1102 1103 1104
f 1104 2016 1102
f 1104 2014 2016
f 2016 2014 3506
f 2015 1810 2019
f 2019 1810 2020
f 2014 1810 2015
f 2015 3496 2014
f 3506 2014 3496
f 1800 1104 2068
f 2068 2069 1800
f 1809 1800 2069
f 1801 1800 1808
f 1686 1800 1801
f 1801 2048 1686
f 2047 1686 2048
f 2011 2004 2006
f 2006 2004 2007
f 2006 2007 2065
f 2066 1686 2067
f 1687 1686 2066
f 605 1686 1687
f 1686 605 2042
f 1687 2058 605
f 2182 605 2058
f 606 605 2182
f 2064 1773 2005
f 2007 1773 2064
f 1708 2004 2011
f 1707 1708 3473
f 1707 966 1708
f 967 966 1707
f 965 3474 2003
f 965 966 967
f 2067 1686 2047
f 1808 1800 1809
f 1701 1104 1702
f 2068 1104 1701
f 1702 1104 1103
f 3475 2003 3474
f 2012 3479 1803
f 2224 1803 3479
f 2223 1803 2224
f 2179 1803 2223
f 1804 1803 2179
f 2187 1802 3501
f 1806 2187 2188
f 2188 3502 1806
f 3503 1806 3502
f 1807 1806 2170
f 1807 3477 1100
f 3500 1100 3477
f 3499 985 2027
f 1700 985 3499
f 986 985 1700
f 984 986 3498
f 3498 1692 984
f 1691 984 1692
f 3497 1814 1939
f 1939 1814 1940
f 1841 1940 1814
f 1814 1842 1841
f 1841 1842 1843
f 1833 1816 2022
f 2022 1816 2018
f 1797 2018 1816
f 1797 984 1798
f 1817 1816 1833
f 1817 1835 553
f 1834 553 1835
f 1818 553 1834
f 554 1818 1819
f 554 3493 552
f 3536 552 3493
f 1828 552 3536
f 1796 1830 1795
f 3504 1795 1830
f 3537 1795 3535
f 1825 1824 3537
f 1823 1824 1825
f 1938 1824 1823
f 1864 1858 1922
f 1922 1858 1867
f 1867 1858 1868
f 1868 1870 1871
f 1871 1870 1872
f 1872 1870 1876
f 1826 1824 1827
f 1927 1826 1928
f 1927 1934 1826
f 1941 1934 1927
f 1936 1934 1941
f 1935 1934 1936
f 1932 1844 1935
f 1930 1844 1932
f 1930 1932 1933
f 1929 1930 1931
f 1845 1844 1929
f 1860 1846 1845
f 1877 1846 1860
f 1926 1846 1877
f 1855 1846 1879
f 1888 1856 1925
f 1887 1856 1888
f 1890 1884 1891
f 1891 1884 1895
f 1884 1890 1892
f 1892 4803 1884
f 1789 4803 1892
f 1892 1790 1789
f 1788 1789 1790
f 1900 1892 1893
f 1893 1892 1894
f 1894 1892 1899
f 1840 1789 1865
f 1839 1789 1840
f 1869 1789 1839
f 1789 1869 1870
f 1870 4801 1789
f 1865 1789 1788
f 1790 1892 1900
f 1899 1892 1890
f 1925 1856 1924
f 1924 1856 1855
f 1879 1846 1926
f 1929 1844 1930
f 1876 1870 1869
f 1870 1868 1858
f 1858 4796 1870
f 1862 1858 1864
f 1859 1858 1862
f 1866 1853 1859
f 1854 1853 1866
f 1852 1853 1854
f 1861 1837 1857
f 1853 1857 1837
f 1837 4752 1853
f 1838 1837 1861
f 1836 1837 1838
f 1849 1848 1944
f 1837 1944 1848
f 1848 4753 1837
f 1842 4753 1848
f 1848 1850 1842
f 1943 1842 1850
f 1850 1848 1851
f 1851 1848 1847
f 1847 1848 1849
f 1944 1837 1836
f 1857 1853 1852
f 1858 1859 1853
f 1853 4755 1858
f 1827 1824 1938
f 3535 1795 3504
f 1796 552 1828
f 554 553 1818
f 1942 1842 1943
f 1843 1842 1942
f 1814 4722 1842
f 1829 4722 1814
f 1829 1814 1813
f 1813 3492 1829
f 3495 1829 3492
f 3463 1829 3494
f 1820 1829 3463
f 1822 1829 1820
f 1820 1821 1822
f 3505 1822 1821
f 2026 1822 3489
f 1822 2026 2023
f 2023 5237 1822
f 4774 1822 5237
f 4774 5237 5236
f 4774 5236 5234
f 4774 5234 5235
f 4774 5235 4821
f 4774 4821 4775
f 4774 4775 4776
f 4775 1946 4776
f 4823 1946 4775
f 4567 4823 4775
f 4567 4832 4823
f 4832 4825 4823
f 4825 4843 4823
f 4843 1901 4823
f 1903 4823 1901
f 1901 1902 1903
f 3525 1903 1902
f 1968 1903 3524
f 1967 1903 1968
f 1973 1903 1974
f 1903 1973 1946
f 3526 1946 1973
f 1972 1946 3526
f 3515 1958 1995
f 1995 1958 1996
f 1995 1996 1997
f 2043 1946 1969
f 1969 1946 1970
f 1970 1946 1971
f 1947 1946 2043
f 1945 1946 1947
f 1950 1951 1952
f 1946 1952 1951
f 3521 1951 1950
f 3520 1951 3521
f 3533 1951 3534
f 3532 1951 3533
f 3531 1951 3532
f 3528 1951 3530
f 1956 1951 3528
f 1956 3528 3529
f 1956 3529 1965
f 1956 1965 1964
f 1956 1964 3527
f 1956 3527 1962
f 1957 1956 1962
f 1957 1962 1963
f 3516 1958 1957
f 3517 1958 3516
f 3517 3516 3518
f 1956 1957 1958
f 1956 1958 4817
f 1964 1965 1966
f 3530 1951 3531
f 3534 1951 3520
f 1952 1946 1945
f 1996 1958 3517
f 1958 3515 1766
f 5221 1958 1766
f 1766 1954 5221
f 1766 1989 1954
f 1988 1954 1989
f 1955 1954 3523
f 1953 1954 1955
f 2045 1954 1953
f 1985 1901 1986
f 1986 1901 1987
f 577 1987 1901
f 1901 4733 577
f 577 4733 1533
f 1533 1534 577
f 2032 577 1534
f 3480 1979 3485
f 3485 1979 3484
f 3484 1979 2055
f 2008 2009 2010
f 2010 2009 2057
f 2038 622 2060
f 2060 622 2061
f 2061 622 2062
f 1805 622 621
f 616 621 622
f 622 4859 616
f 4858 616 4859
f 4857 4858 4859
f 4860 4857 4859
f 4860 4859 5217
f 4834 4860 5217
f 4834 5217 5218
f 4835 4834 5218
f 4835 5218 4844
f 4732 4835 4844
f 4732 4844 4733
f 4731 4732 4733
f 4731 4733 4843
f 4821 4822 4567
f 4822 4730 4567
f 4824 4280 4825
f 4831 4757 4730
f 4759 4730 4757
f 5232 4730 4759
f 5232 4828 4730
f 5232 5233 4828
f 4822 4831 4730
f 5284 4858 5285
f 5285 4858 5286
f 5286 4858 5287
f 5218 1979 4844
f 1533 4844 1979
f 1979 1978 1533
f 2059 1533 1978
f 3483 1533 2059
f 1694 1533 3483
f 1978 1979 1980
f 5217 1979 5218
f 1979 5217 2009
f 2009 2056 1979
f 2009 5217 622
f 4857 5287 4858
f 616 4858 5284
f 4859 622 5217
f 621 616 615
f 2062 622 1805
f 622 2038 2009
f 2037 2009 2038
f 2057 2009 2037
f 2056 2009 2008
f 2055 1979 2056
f 1980 1979 3480
f 1693 1533 1694
f 576 577 578
f 3491 577 576
f 578 577 2032
f 1534 1533 1693
f 4844 1533 4733
f 1987 577 3491
f 3486 1901 1985
f 1984 1901 3486
f 1983 1901 1984
f 1765 1766 1767
f 1767 1766 1993
f 1993 1766 1994
f 1994 1766 3519
f 3519 1766 3522
f 3523 1954 1988
f 1989 1766 1765
f 3522 1766 3515
f 1971 1946 1972
f 1974 1903 1967
f 3524 1903 3525
f 1902 1901 1983
f 4733 1901 4843
f 4825 4731 4843
f 4832 4824 4825
f 1946 4823 1903
f 4821 4567 4775
f 2028 2023 2025
f 2024 2028 2025
f 2023 2024 2025
f 2024 2023 2026
f 3489 1822 3505
f 1822 4774 1829
f 4769 1829 4774
f 3494 1829 3495
f 1813 1814 1815
f 1815 1814 3497
f 1798 984 1691
f 1099 2027 985
f 1099 1100 1101
f 1101 1100 3500
f 2170 1806 3503
f 2020 1810 2021
f 1948 1811 1831
f 2028 2024 2026
f 2226 1030 2225
f 605 1030 2226
f 604 605 606
f 616 5284 2092
f 615 616 617
f 2051 1977 2052
f 2046 2035 3487
f 2034 2033 3482
f 2039 2033 2040
f 2040 2033 2029
f 2044 2030 3490
f 2036 1954 2045
f 1954 4855 4811
f 4855 4845 4847
f 4855 4847 4812
f 4847 1961 4812
f 1961 4847 1959
f 1959 1960 1961
f 1999 1961 1960
f 1960 4762 1999
f 4762 1960 3508
f 1960 1959 3508
f 3507 3508 1959
f 4856 3507 1959
f 1959 4846 4856
f 4854 4856 4846
f 3507 4856 1998
f 1998 2000 3507
f 2000 1998 1990
f 1990 4712 2000
f 1991 1990 1998
f 1998 4853 1991
f 4816 1991 4853
f 4814 4816 4853
f 4814 4815 4816
f 4815 4809 4816
f 4815 4806 4809
f 4806 4808 4809
f 4808 1769 4809
f 2002 4809 1769
f 1769 1768 2002
f 1992 2002 1768
f 4760 1992 1768
f 1992 4760 1990
f 2002 1992 1991
f 1768 1769 1770
f 1770 4741 1768
f 1775 1770 1769
f 1770 1775 1731
f 1731 4738 1770
f 1732 1731 1775
f 4736 1732 1775
f 1775 4818 4736
f 4810 4736 4818
f 4818 1775 4808
f 4807 4818 4808
f 1774 1732 4736
f 4736 4735 1774
f 1780 1774 4735
f 4735 4780 1780
f 1791 1780 4780
f 4780 4779 1791
f 4779 4784 1791
f 1783 1791 4784
f 4784 1874 1783
f 1874 1873 1783
f 1910 1783 1873
f 1914 1727 1915
f 1915 1727 1916
f 1916 1727 1878
f 1897 1783 1782
f 1782 1783 1784
f 1784 1783 1909
f 1909 1783 1918
f 1896 1897 1898
f 1896 1791 1897
f 1881 1791 1896
f 1799 1791 1907
f 1792 1791 1799
f 1786 1791 1792
f 1907 1791 1880
f 1880 1791 1881
f 1911 1727 1914
f 1908 1727 1911
f 1905 1882 1908
f 1904 1882 1905
f 1906 1882 1904
f 1923 1882 1906
f 1727 1908 1882
f 1873 1875 1885
f 1875 1874 1920
f 1918 1783 1910
f 1873 1874 1875
f 4783 1874 4784
f 4782 4783 4784
f 1783 1897 1791
f 4781 4784 4779
f 4778 4779 4780
f 1791 1786 1780
f 1785 1780 1786
f 4777 4780 4735
f 1780 3538 1774
f 1733 1774 3538
f 3538 4747 1733
f 3538 1780 1728
f 1728 4749 3538
f 1728 1780 1776
f 1728 1776 1777
f 1728 1777 1778
f 1728 1778 1729
f 1779 1780 1781
f 1781 1912 1917
f 1776 1780 1779
f 4734 4735 4736
f 1774 1733 1732
f 1731 1732 1733
f 1733 4739 1731
f 4809 2002 1991
f 1769 4808 1775
f 1991 4816 4809
f 1990 1991 1992
f 4853 1998 4856
f 4852 4853 4856
f 3508 3507 2000
f 2000 4711 3508
f 4846 1959 4847
f 4845 4846 4847
f 2030 2029 2033
f 2033 2034 2035
f 4845 4854 4846
f 4854 4852 4856
f 2035 2046 1975
f 4852 4814 4853
f 1975 1976 1977
f 1771 4815 4814
f 2049 1977 2050
f 2005 1773 2001
f 1772 1771 1981
f 4815 1771 4806
f 4806 4807 4808
f 1773 2007 2004
f 4807 4810 4818
f 2004 1708 966
f 4810 4734 4736
f 2003 966 965
f 1803 2003 2012
f 4734 4777 4735
f 4777 4778 4780
f 1802 1803 1804
f 4778 4781 4779
f 1806 1802 2187
f 4781 4782 4784
f 1100 1806 1807
f 4782 4785 4783
f 4785 4788 4783
f 985 1100 1099
f 4785 4786 4788
f 984 985 986
f 4786 4789 4787
f 1816 984 1797
f 4789 4790 4792
f 553 1816 1817
f 4790 5223 4791
f 552 553 554
f 1795 552 1796
f 1795 3537 1824
f 5223 5224 5225
f 5223 5225 4791
f 1824 1826 1934
f 4790 4791 4792
f 1934 1935 1844
f 4789 4792 4787
f 1844 1845 1846
f 4786 4787 4788
f 1846 1855 1856
f 1874 4783 4788
f 1886 1856 1887
f 1920 1874 1921
f 1895 1884 1889
f 1883 1882 1923
f 1882 4264 1727
f 1751 4315 4804
f 4805 1884 4803
f 4804 4802 1751
f 4803 1789 4801
f 1758 4802 4797
f 4801 1870 4796
f 4797 4795 1758
f 4796 1858 4794
f 1740 4795 4793
f 4794 1858 4755
f 4793 4756 1740
f 4755 1853 4752
f 1755 4756 4754
f 4752 1837 4753
f 1753 4754 5230
f 4753 1842 4721
f 5230 4723 1753
f 4721 1842 4722
f 4722 1829 4769
f 4769 4774 4776
f 1951 4776 1946
f 4770 1762 4723
f 1949 1951 1956
f 1762 1763 1764
f 1763 4766 5228
f 4817 1949 1956
f 3512 4767 5219
f 5219 3514 3512
f 3513 3512 3514
f 3511 3512 3513
f 3514 5219 3513
f 5220 4817 1958
f 5222 3513 5219
f 1958 5221 5220
f 3513 5222 4813
f 4811 5221 1954
f 4811 4855 4812
f 3509 4812 1961
f 4813 3511 3513
f 3511 3510 3512
f 1961 1999 3509
f 3510 4768 3512
f 5228 4766 4768
f 1761 5228 5227
f 5229 1999 4762
f 1754 5227 4764
f 3508 4763 4762
f 1760 4764 4765
f 4763 3508 4711
f 1739 4765 4713
f 4711 2000 4712
f 1759 4713 4761
f 4712 1990 4760
f 1757 4761 5226
f 1768 4743 4760
f 1744 5226 4744
f 4743 1768 4741
f 1742 4744 4742
f 4741 1770 4738
f 4742 4740 1742
f 4738 1731 4739
f 1746 4740 4748
f 4739 1733 4747
f 1747 4748 4750
f 4747 3538 4749
f 1749 4750 5231
f 4749 1728 4263
f 5231 4751 1749
f 4262 4316 4751
f 1725 4263 1728
f 4262 1727 4264
f 1878 1727 1741
f 1726 1725 3540
f 1735 1725 3539
f 1787 1780 1785
f 1781 1780 1912
f 1728 1729 1730
f 1728 533 1725

usemtl Turquoise_0
f 4474 4655 4652
f 4652 4343 4474
f 4342 4474 4343
f 4339 4342 4343
f 4343 4340 4339
f 4338 4339 4340
f 4341 4338 4340
f 4340 4348 4341
f 4347 4341 4348
f 4355 4347 4348
f 4382 4355 4348
f 4348 4419 4382
f 4678 4382 4419
f 4419 4535 4678
f 4537 4678 4535
f 4535 4536 4537
f 4546 4537 4536
f 4536 4545 4546
f 4554 4546 4545
f 4545 4555 4554
f 4553 4554 4555
f 4555 4676 4553
f 4676 4677 4553
f 1630 4553 4677
f 4677 913 1630
f 1631 1630 913
f 1631 913 912
f 4669 1631 912
f 912 914 4669
f 4672 4669 914
f 914 4674 4672
f 4670 4672 4674
f 4673 4670 4674
f 4673 4674 4677
f 4673 1637 4670
f 921 4670 1637
f 1637 980 921
f 921 980 1668
f 921 1668 1660
f 921 1660 1661
f 921 1661 1676
f 921 1676 1648
f 921 1648 1649
f 921 1649 1670
f 922 921 1670
f 1657 923 922
f 1656 923 1657
f 1677 923 1669
f 1643 923 1677
f 1642 923 1643
f 1651 977 976
f 976 977 978
f 978 977 1650
f 978 1650 1678
f 1647 923 1655
f 923 1647 1638
f 1638 4540 923
f 4671 923 4540
f 4671 4540 4669
f 4540 4542 4669
f 4540 4541 4542
f 4541 4552 4542
f 4542 4552 1631
f 920 1631 4552
f 4552 918 920
f 918 919 920
f 920 919 1630
f 919 918 908
f 919 908 4553
f 907 908 918
f 907 918 4539
f 4539 905 907
f 905 906 907
f 906 905 910
f 4537 906 910
f 909 910 905
f 909 905 4532
f 4532 904 909
f 904 911 909
f 911 904 903
f 4382 911 903
f 899 903 904
f 899 904 4443
f 4443 580 899
f 580 579 899
f 579 580 581
f 4369 579 581
f 581 4349 4369
f 4369 4349 4354
f 4369 4354 4373
f 4369 4373 4356
f 4355 4369 4356
f 4373 4444 4356
f 4371 4356 4444
f 4509 4378 4510
f 4387 4509 4510
f 4510 4388 4387
f 4386 4387 4388
f 4399 4386 4388
f 4388 4400 4399
f 4398 4399 4400
f 4402 4398 4400
f 4400 4395 4402
f 4394 4402 4395
f 4361 4394 4395
f 4395 4362 4361
f 4360 4361 4362
f 4358 4360 4362
f 4362 4359 4358
f 4357 4358 4359
f 4364 4357 4359
f 4359 4363 4364
f 4427 4364 4363
f 4441 4427 4363
f 4363 4344 4441
f 4403 4441 4344
f 4346 4403 4344
f 4344 4345 4346
f 4478 4346 4345
f 4522 4478 4345
f 4345 4521 4522
f 4523 4522 4521
f 4493 4523 4521
f 4521 4494 4493
f 4492 4493 4494
f 4483 4492 4494
f 4494 4495 4483
f 4484 4483 4495
f 4485 4484 4495
f 4495 4488 4485
f 4486 4485 4488
f 4487 4486 4488
f 4488 4498 4487
f 4497 4487 4498
f 4496 4497 4498
f 4498 4491 4496
f 4490 4496 4491
f 4489 4490 4491
f 4491 4499 4489
f 4500 4489 4499
f 4481 4500 4499
f 4499 4396 4481
f 4390 4481 4396
f 4396 4397 4390
f 4397 4391 4390
f 4389 4390 4391
f 4389 4391 643
f 643 5325 4389
f 1699 975 974
f 973 974 975
f 1706 643 970
f 970 643 642
f 642 643 644
f 1634 1633 1640
f 1640 1633 1641
f 1641 1633 1639
f 1646 1638 1644
f 1644 1638 1645
f 1680 974 1681
f 1682 974 1680
f 1653 974 1682
f 1650 974 1652
f 1652 974 1653
f 1685 1638 1646
f 1639 1638 1685
f 1638 1639 1633
f 1633 4541 1638
f 4541 1633 4550
f 928 4550 1633
f 1633 1635 928
f 971 928 1635
f 927 928 929
f 930 928 927
f 928 930 924
f 924 4538 928
f 926 4538 924
f 924 925 926
f 1684 926 925
f 931 924 1717
f 1717 924 1679
f 1679 924 932
f 954 955 956
f 956 955 958
f 641 958 955
f 641 955 4406
f 4406 4405 641
f 612 641 4405
f 4405 4418 612
f 610 612 4418
f 4418 4417 610
f 4417 4683 610
f 613 610 4683
f 607 613 4683
f 4683 4416 607
f 608 607 4416
f 4416 4415 608
f 594 608 4415
f 4415 4404 594
f 595 594 4404
f 4404 4408 595
f 603 595 4408
f 4408 4407 603
f 593 603 4407
f 4407 4397 593
f 627 593 4397
f 593 627 591
f 591 592 593
f 761 593 592
f 758 759 760
f 760 759 768
f 769 768 759
f 759 623 769
f 769 623 1532
f 661 623 662
f 662 623 771
f 625 771 623
f 623 624 625
f 625 624 772
f 775 624 656
f 656 624 657
f 650 657 624
f 624 651 650
f 650 651 652
f 766 594 745
f 745 594 741
f 596 741 594
f 750 751 595
f 595 779 750
f 763 603 764
f 764 603 602
f 601 602 603
f 601 593 754
f 779 603 763
f 765 595 751
f 596 595 765
f 746 594 766
f 746 637 608
f 636 608 637
f 788 608 636
f 609 608 635
f 609 791 607
f 1719 607 791
f 630 607 1719
f 614 629 613
f 773 613 629
f 1720 613 1718
f 619 610 1720
f 618 610 619
f 1711 610 618
f 945 939 1714
f 1714 939 1713
f 1713 939 937
f 937 936 938
f 938 936 940
f 940 936 1715
f 653 645 962
f 653 612 645
f 645 612 611
f 645 611 646
f 611 610 620
f 957 612 653
f 639 641 957
f 638 641 639
f 638 639 640
f 934 926 1683
f 933 926 934
f 1716 926 933
f 935 926 1716
f 926 935 936
f 936 4533 926
f 4533 936 4530
f 4533 4530 4534
f 4533 4534 4539
f 4538 4533 4539
f 4538 4539 4551
f 4550 4538 4551
f 4550 4551 4552
f 4530 4532 4534
f 4530 4531 4532
f 4531 4679 4532
f 4531 4442 4679
f 4442 4443 4679
f 4442 4428 4443
f 4428 4430 4443
f 4428 4429 4430
f 4429 4682 4430
f 896 4430 4682
f 4682 4422 896
f 589 896 4422
f 589 4422 584
f 584 588 589
f 895 589 588
f 4370 895 588
f 588 4381 4370
f 4370 4381 4375
f 4381 588 583
f 583 4510 4381
f 4510 583 585
f 585 590 4510
f 585 586 590
f 876 590 586
f 664 659 658
f 658 659 660
f 660 659 860
f 683 659 668
f 668 659 669
f 669 659 684
f 879 875 590
f 879 590 878
f 878 590 877
f 874 590 875
f 864 590 874
f 870 864 871
f 873 865 870
f 872 865 873
f 868 865 869
f 675 865 868
f 880 674 673
f 701 674 880
f 700 674 701
f 667 666 679
f 674 679 666
f 4362 674 666
f 665 666 667
f 859 666 699
f 666 859 691
f 666 691 4359
f 691 721 4359
f 691 722 721
f 720 721 722
f 723 691 857
f 857 691 690
f 708 676 709
f 709 676 707
f 706 707 676
f 676 4505 706
f 4514 706 4505
f 4511 4514 4505
f 4504 4511 4505
f 4504 4505 4506
f 4502 4504 4506
f 4502 4506 4503
f 4501 4502 4503
f 4501 4503 4508
f 4507 4501 4508
f 4507 4508 4480
f 4479 4507 4480
f 4479 4480 4424
f 4423 4479 4424
f 4423 4424 4425
f 4421 4423 4425
f 4421 4425 4422
f 4420 4421 4422
f 4420 651 4421
f 4429 651 4420
f 651 4429 648
f 648 647 651
f 655 651 647
f 647 648 649
f 1710 648 960
f 953 960 648
f 960 953 961
f 961 953 1712
f 943 942 947
f 947 942 969
f 969 942 946
f 946 939 944
f 939 946 942
f 942 4442 939
f 941 942 943
f 942 941 953
f 953 4428 942
f 952 953 941
f 1712 953 952
f 1709 648 1710
f 649 648 1709
f 648 4429 953
f 4421 623 4423
f 4424 582 4425
f 584 4425 582
f 582 583 584
f 582 4424 659
f 4423 623 4479
f 4480 659 4424
f 4479 759 4507
f 631 4507 759
f 4508 659 4480
f 659 4508 671
f 671 685 659
f 882 659 685
f 672 671 881
f 881 671 839
f 839 671 694
f 695 693 696
f 696 693 840
f 840 693 834
f 698 678 792
f 792 678 789
f 789 678 790
f 677 676 844
f 844 676 858
f 676 677 678
f 678 4506 676
f 693 4506 678
f 705 678 677
f 790 678 705
f 678 698 693
f 697 693 698
f 834 693 697
f 694 693 695
f 693 694 671
f 670 671 672
f 686 671 670
f 685 671 686
f 671 4508 693
f 4507 631 4501
f 599 4501 631
f 599 631 632
f 632 749 599
f 748 599 749
f 725 724 847
f 851 847 724
f 724 743 851
f 851 743 852
f 730 731 732
f 732 731 818
f 818 731 819
f 757 762 752
f 752 753 757
f 752 598 753
f 753 598 850
f 600 599 780
f 780 599 747
f 598 599 600
f 600 849 598
f 850 598 849
f 752 4504 598
f 565 4504 752
f 565 752 755
f 755 566 565
f 564 565 566
f 820 565 823
f 737 565 820
f 820 821 737
f 822 737 821
f 787 687 726
f 726 687 715
f 726 715 770
f 738 737 786
f 736 737 738
f 736 4515 737
f 4512 737 4515
f 4512 4515 4513
f 4512 4513 4514
f 4515 4517 4513
f 4517 784 4513
f 782 4513 784
f 784 785 782
f 801 782 785
f 803 784 804
f 804 784 807
f 807 784 808
f 793 794 795
f 795 794 843
f 843 794 830
f 842 829 841
f 841 829 797
f 721 797 829
f 721 829 4344
f 797 721 798
f 783 782 796
f 781 782 783
f 800 782 781
f 799 706 800
f 719 706 799
f 718 706 719
f 826 706 718
f 782 800 706
f 798 721 835
f 830 829 842
f 829 830 794
f 829 794 4345
f 794 827 4345
f 794 831 827
f 845 827 831
f 778 827 828
f 827 778 714
f 4494 827 714
f 777 714 778
f 817 714 777
f 816 714 817
f 715 714 816
f 777 778 846
f 733 736 811
f 811 736 812
f 812 736 810
f 735 736 733
f 735 4516 736
f 4516 735 4517
f 733 734 735
f 848 735 734
f 740 735 848
f 802 735 739
f 735 802 784
f 739 735 740
f 828 827 845
f 831 794 832
f 832 794 793
f 808 784 802
f 796 782 801
f 785 784 803
f 706 4513 782
f 784 4517 735
f 4515 4516 4517
f 4515 736 4516
f 738 810 736
f 714 715 687
f 714 687 4495
f 688 687 787
f 687 688 689
f 687 689 4488
f 825 689 688
f 806 689 825
f 805 689 806
f 809 824 731
f 731 689 809
f 689 731 4498
f 731 743 4498
f 809 689 805
f 786 737 822
f 737 4512 565
f 4511 565 4512
f 823 565 564
f 755 752 756
f 756 752 762
f 819 731 824
f 743 731 730
f 730 744 743
f 742 743 744
f 853 743 742
f 852 743 853
f 743 724 4499
f 716 724 725
f 627 724 716
f 716 717 627
f 628 627 717
f 626 627 628
f 724 627 4396
f 747 599 748
f 767 631 633
f 633 631 634
f 758 634 631
f 632 631 767
f 598 4501 599
f 4503 693 4508
f 4501 598 4502
f 4506 693 4503
f 4502 598 4504
f 4504 565 4511
f 4511 4512 4514
f 4513 706 4514
f 4505 676 4506
f 707 706 826
f 858 676 708
f 690 692 710
f 690 691 692
f 835 721 720
f 722 691 723
f 692 691 859
f 699 666 665
f 679 674 700
f 673 674 675
f 865 675 674
f 865 674 4400
f 4400 590 865
f 869 865 872
f 870 865 864
f 590 864 865
f 684 659 882
f 860 659 683
f 659 664 582
f 663 582 664
f 890 582 663
f 891 582 889
f 888 582 891
f 866 582 867
f 887 582 866
f 885 582 887
f 585 886 681
f 585 681 680
f 585 680 884
f 585 884 883
f 883 587 585
f 680 681 682
f 585 885 886
f 585 582 885
f 867 582 888
f 889 582 890
f 877 590 876
f 586 585 587
f 583 582 585
f 895 4370 4349
f 4349 4370 4350
f 4349 4350 4351
f 4374 4392 4393
f 4365 4352 4354
f 4374 4393 4350
f 4351 4365 4354
f 4370 4374 4350
f 588 584 583
f 4425 584 4422
f 589 895 896
f 581 896 895
f 4420 4422 4682
f 4430 896 580
f 4429 4420 4682
f 4428 953 4429
f 4442 942 4428
f 4531 939 4442
f 4530 939 4531
f 939 4530 936
f 959 641 638
f 1715 936 935
f 936 937 939
f 944 939 945
f 620 610 1711
f 1718 613 773
f 614 607 630
f 635 608 788
f 654 651 655
f 652 651 654
f 624 4421 651
f 774 624 775
f 772 624 774
f 623 4421 624
f 1532 623 661
f 759 4479 623
f 631 759 758
f 754 593 761
f 591 627 626
f 603 593 601
f 4407 4408 4409
f 4407 4409 4391
f 4408 4406 4409
f 595 603 779
f 4408 4404 4406
f 594 595 596
f 4404 4415 4405
f 608 594 746
f 4415 4416 4418
f 607 608 609
f 613 607 614
f 613 1720 610
f 4416 4683 4417
f 4416 4417 4418
f 610 611 612
f 4415 4418 4405
f 612 957 641
f 4404 4405 4406
f 4409 4406 955
f 955 949 4409
f 949 643 4409
f 949 963 643
f 963 949 964
f 950 955 968
f 948 949 950
f 951 949 948
f 964 949 951
f 955 950 949
f 958 641 959
f 968 955 954
f 1683 926 1684
f 925 924 931
f 4538 926 4533
f 932 924 930
f 929 928 971
f 1635 1633 1632
f 4550 928 4538
f 1632 1633 1634
f 644 643 963
f 1705 643 1706
f 975 643 1705
f 1681 974 973
f 643 975 1699
f 643 1699 5326
f 977 1530 980
f 1675 980 1530
f 979 980 981
f 1666 980 979
f 1665 980 1666
f 1662 980 1663
f 1664 980 1662
f 1667 980 1664
f 1663 980 1665
f 1129 977 1130
f 1531 977 1129
f 981 980 1675
f 1530 977 1531
f 813 1636 990
f 1626 990 1636
f 1636 4676 1626
f 4676 1636 4673
f 990 1626 987
f 1625 987 1626
f 1626 4555 1625
f 987 1625 1023
f 4455 5328 1019
f 1019 4650 4455
f 4650 1019 4333
f 4332 4650 4333
f 998 4333 1019
f 1019 1036 998
f 999 998 1036
f 1036 4419 999
f 998 999 1000
f 1000 4656 998
f 4656 1000 1612
f 1612 4657 4656
f 4459 4656 4657
f 4657 1612 4653
f 4461 4657 4653
f 1614 4653 1612
f 1612 1611 1614
f 1620 1614 1611
f 1611 4343 1620
f 4343 1611 1613
f 1614 1620 1615
f 1615 4654 1614
f 4654 1615 4659
f 4465 4654 4659
f 1617 4659 1615
f 1615 1616 1617
f 1617 1616 1618
f 1617 1618 1619
f 1619 1618 1621
f 1621 4661 1619
f 4660 1619 4661
f 4469 4660 4661
f 1619 4660 4659
f 4467 4659 4660
f 4661 1621 1618
f 1618 4651 4661
f 4471 4661 4651
f 4651 1618 4544
f 4543 4651 4544
f 4473 4543 4544
f 4543 4472 4651
f 1616 4544 1618
f 4544 1616 4652
f 4475 4544 4652
f 1620 4652 1616
f 4659 1617 1619
f 1615 1620 1616
f 1611 1612 1613
f 4653 1614 4654
f 4463 4653 4654
f 1000 1613 1612
f 1613 1000 999
f 999 4348 1613
f 1036 1019 1018
f 1018 4535 1036
f 4535 1018 1024
f 1018 1020 1024
f 1023 1024 1020
f 712 1018 1019
f 4333 998 4656
f 4457 4333 4656
f 5328 5327 1019
f 5327 712 1019
f 1020 1018 712
f 1023 1020 1011
f 1024 1023 1625
f 1625 4545 1024
f 1636 813 1637
f 643 5326 5325
f 643 4391 4409
f 4397 4407 4391
f 4397 4396 627
f 4396 4499 724
f 4499 4491 743
f 4491 4498 743
f 4498 4488 689
f 4488 4495 687
f 4495 4494 714
f 4483 4482 4492
f 4521 827 4494
f 827 4521 4345
f 4346 4477 4476
f 4345 4344 829
f 4346 4476 4403
f 4441 4403 4476
f 4344 4363 721
f 4363 4359 721
f 4359 4362 666
f 674 4362 4395
f 4395 4400 674
f 590 4400 4388
f 4388 4510 590
f 4381 4510 4378
f 4378 4377 4381
f 4381 4377 4376
f 4381 4376 4375
f 4370 4375 4374
f 4352 4353 4354
f 4349 4351 4354
f 4349 581 895
f 579 4369 4355
f 4355 903 579
f 896 581 580
f 580 4443 4430
f 4679 4443 904
f 903 899 579
f 904 4532 4679
f 4534 4532 905
f 910 909 911
f 4678 910 911
f 905 4539 4534
f 4551 4539 918
f 908 907 906
f 4546 908 906
f 918 4552 4551
f 4541 4550 4552
f 923 4671 921
f 4540 1638 4541
f 1659 1638 1647
f 1658 1638 1659
f 1645 1638 1658
f 974 1650 977
f 1130 977 1651
f 1655 923 1642
f 1669 923 1656
f 921 922 923
f 1668 980 1667
f 980 1637 813
f 4670 921 4671
f 1637 4673 1636
f 4670 4671 4672
f 4674 914 913
f 4671 4669 4672
f 1631 4669 4542
f 912 913 914
f 920 1630 1631
f 913 4677 4674
f 4553 1630 919
f 4676 4673 4677
f 4555 1626 4676
f 4554 4553 908
f 4545 1625 4555
f 908 4546 4554
f 4536 1024 4545
f 906 4537 4546
f 1024 4536 4535
f 910 4678 4537
f 4419 1036 4535
f 911 4382 4678
f 4348 999 4419
f 903 4355 4382
f 4355 4356 4347
f 4340 1613 4348
f 1613 4340 4343
f 4652 1620 4343
f 4655 4475 4652
f 4475 4473 4544
f 4472 4471 4651
f 4471 4470 4661
f 4470 4469 4661
f 4469 4468 4660
f 4468 4467 4660
f 4467 4466 4659
f 4466 4465 4659
f 4465 4464 4654
f 4464 4463 4654
f 4463 4462 4653
f 4462 4461 4653
f 4461 4460 4657
f 4460 4459 4657
f 4459 4458 4656
f 4458 4457 4656
f 4457 4331 4333
f 4331 4332 4333
f 4332 4456 4650
f 4456 4455 4650

usemtl Green_0
f 2118 2385 2384
f 2118 2384 2078
f 2118 2078 1688
f 2118 1688 2103
f 2118 2103 1696
f 2118 1696 1698
f 2118 1698 2102
f 2118 2102 2075
f 2118 2075 2077
f 2118 2077 2383
f 2118 2383 1607
f 2118 1607 1595
f 2118 1595 1597
f 1690 1598 1688
f 1598 1600 1688
f 1585 2118 2120
f 1585 2120 1593
f 1585 1593 1594
f 1585 1594 1028
f 1585 1028 1007
f 1585 1007 1009
f 1585 1009 1591
f 1585 1591 1592
f 1585 1592 1054
f 1585 1054 1053
f 1585 1053 1058
f 1585 1058 1059
f 1585 1059 1590
f 1585 1590 1060
f 1585 1060 1057
f 1585 1057 1027
f 1585 1027 1061
f 1585 1061 1587
f 1585 1587 1588
f 1585 1588 1583
f 1583 1584 1585
f 1585 1581 297
f 1582 58 1581
f 1570 325 1582
f 1570 1569 193
f 15 1569 1083
f 1082 1083 1084
f 1082 323 1083
f 1143 1141 1139
f 1144 1143 1139
f 1145 1146 1144
f 1147 1146 1145
f 1149 1146 1148
f 1150 1146 1149
f 571 1143 1146
f 1143 571 1152
f 1154 1143 1152
f 1154 2175 2084
f 2083 1154 2084
f 2081 2079 2082
f 1154 2082 2079
f 2080 1154 2079
f 226 1154 2080
f 1154 226 248
f 1154 248 249
f 130 1154 249
f 31 1154 251
f 1154 250 251
f 1154 130 250
f 2080 2073 159
f 2074 247 2073
f 4452 4702 4453
f 4372 4452 4453
f 4372 4453 4454
f 4372 4454 4455
f 4372 4455 4456
f 4372 4456 4332
f 4372 4332 4331
f 4372 4331 4457
f 4372 4457 4458
f 4372 4458 4459
f 4372 4459 4460
f 4372 4460 4461
f 4372 4461 4462
f 4372 4462 4463
f 4372 4463 4464
f 4372 4464 4465
f 4372 4465 4466
f 4372 4466 4467
f 4372 4467 4468
f 4372 4468 4469
f 4372 4469 4470
f 4372 4470 4471
f 4372 4471 4472
f 4372 4472 4473
f 4473 4475 4372
f 4474 4372 4475
f 4475 4655 4474
f 4444 4372 4371
f 4347 4371 4372
f 4347 4356 4371
f 4373 4372 4444
f 4372 4373 4354
f 4372 4354 4353
f 4372 4353 4374
f 4372 4374 4375
f 4372 4375 4376
f 4372 4376 4377
f 4990 4372 4377
f 4377 4989 4990
f 4426 4401 4693
f 4426 4693 4720
f 4675 4426 4720
f 4675 4380 4426
f 4377 4426 4380
f 4379 4377 4380
f 4378 4379 4380
f 4378 4380 4980
f 4379 4378 4526
f 4377 4379 4526
f 4377 4378 4426
f 4509 4426 4378
f 5325 5319 4389
f 5309 4389 5319
f 308 2381 2382
f 1589 2381 51
f 1609 1589 350
f 1609 350 67
f 85 1609 67
f 298 1604 300
f 1604 1606 300
f 1606 1610 352
f 1610 1601 82
f 202 82 1601
f 1601 1603 202
f 85 202 1603
f 1571 1580 326
f 1565 1567 76
f 1563 61 1040
f 1540 1040 1564
f 1540 1564 1541
f 1079 1540 1541
f 1081 1540 1079
f 1079 117 1081
f 117 119 1081
f 1079 198 117
f 1079 1564 198
f 1079 1541 1564
f 1564 1040 168
f 1081 1403 1540
f 1403 1081 312
f 1563 1561 61
f 21 61 1561
f 1561 319 21
f 1561 1565 319
f 2390 1091 322
f 2387 2388 1568
f 2387 1568 1538
f 1551 1538 1568
f 1568 190 1551
f 1538 1551 95
f 2390 1568 2388
f 2390 301 1568
f 1091 1403 120
f 1567 1566 324
f 1566 1571 194
f 5320 1699 1695
f 1695 1699 974
f 4365 4351 4350
f 4365 4350 4393
f 4352 4365 4393
f 4352 4393 4392
f 4353 4352 4392
f 1699 5321 5326
f 5326 5321 5325
f 5321 1699 5320
f 5311 5325 5321
f 5310 5325 5311
f 5312 5325 5310
f 5307 5325 5312
f 5308 5325 5307
f 974 1674 1695
f 1674 974 977
f 977 1673 1674
f 977 1654 1673
f 1654 977 980
f 980 815 1654
f 815 980 813
f 813 814 815
f 814 813 990
f 991 990 987
f 988 987 1023
f 1023 1010 988
f 1010 1023 1011
f 1010 1011 1012
f 1012 1020 1021
f 1021 1020 1022
f 1022 1020 712
f 1022 712 897
f 898 712 1121
f 1121 712 711
f 711 712 713
f 1543 712 1549
f 1549 712 2280
f 2280 712 2281
f 2282 712 2283
f 2283 712 2284
f 2284 712 2285
f 1556 712 1557
f 1557 712 2286
f 2286 712 2287
f 1578 712 1579
f 1579 712 1037
f 1037 712 1038
f 5298 5299 712
f 5297 5298 712
f 5296 5297 712
f 712 5327 5296
f 5295 5296 5327
f 5294 5295 5327
f 5292 5294 5327
f 5291 5292 5327
f 5300 5291 5327
f 5290 5300 5327
f 5289 5290 5327
f 5301 5289 5327
f 5327 5328 5301
f 5302 5301 5328
f 5303 5302 5328
f 5304 5303 5328
f 4649 5304 5328
f 5328 4455 4649
f 5299 1038 712
f 2287 712 1578
f 2285 712 1556
f 2281 712 2282
f 713 712 1543
f 897 712 898
f 1012 1011 1020
f 990 991 814
f 987 989 991
f 987 988 989
f 1580 1604 298
f 300 1606 352
f 82 352 1610
f 1603 1609 85
f 2382 229 308
f 2381 308 309
f 51 2381 309
f 1589 51 199
f 1589 199 350
f 59 1580 298
f 1580 59 100
f 326 1580 100
f 1571 326 135
f 194 1571 135
f 16 1566 194
f 192 1566 16
f 324 1566 192
f 1567 324 63
f 76 1567 63
f 319 1565 76
f 61 172 1040
f 111 1040 172
f 1040 111 109
f 168 1040 109
f 196 1564 168
f 1564 196 198
f 115 1081 119
f 312 1081 115
f 126 1403 312
f 1403 126 188
f 120 1403 188
f 97 1091 120
f 97 322 1091
f 301 2390 322
f 1568 301 190
f 1551 190 189
f 9 1551 189
f 1551 9 18
f 18 95 1551
f 4432 4431 4401
f 4389 4432 4401
f 4432 4389 5315
f 5315 4389 5314
f 5314 4389 5309
f 5319 5325 5308
f 4390 4389 4401
f 4481 4390 4401
f 4500 4481 4401
f 4489 4500 4401
f 4490 4489 4401
f 4496 4490 4401
f 4497 4496 4401
f 4487 4497 4401
f 4482 4487 4401
f 4493 4482 4401
f 4482 4486 4487
f 4482 4485 4486
f 4482 4484 4485
f 4482 4483 4484
f 4493 4492 4482
f 4523 4493 4401
f 4522 4523 4401
f 4478 4522 4401
f 4476 4478 4401
f 4441 4476 4401
f 4476 4477 4478
f 4477 4346 4478
f 4427 4441 4401
f 4364 4427 4401
f 4357 4364 4401
f 4358 4357 4401
f 4360 4358 4401
f 4361 4360 4401
f 4394 4361 4401
f 4402 4394 4401
f 4402 4401 4398
f 4398 4401 4399
f 4399 4401 4386
f 4386 4401 4387
f 4509 4387 4401
f 4380 4675 4719
f 4426 4509 4401
f 4693 4727 4720
f 5248 5251 5331
f 5247 5248 5331
f 5264 5247 5331
f 5245 5264 5331
f 5246 5245 5331
f 2120 5246 5331
f 5251 5254 5331
f 5330 5331 5254
f 5329 5330 5263
f 5323 1153 1151
f 1153 1152 1151
f 1153 5323 5266
f 5268 5324 5265
f 5265 5324 5269
f 5274 4318 5270
f 5270 4318 5272
f 5272 4318 5271
f 5271 4318 5281
f 5281 4318 5277
f 5277 4318 4681
f 4826 4282 4313
f 4281 4313 4282
f 4707 4708 4709
f 4313 4707 4709
f 4709 4311 4313
f 4313 4281 4707
f 4311 4312 4313
f 4311 4724 4312
f 4309 4863 4527
f 4309 4310 4863
f 4310 4309 4307
f 4309 4308 4307
f 4325 4527 4337
f 4327 4337 4335
f 4334 4335 4336
f 4336 4703 4334
f 4703 4710 4321
f 4710 4700 4323
f 4700 4716 4701
f 4716 4680 4302
f 4680 4681 4318
f 5273 4318 5274
f 5278 4318 5273
f 4318 5278 5322
f 5282 5322 5278
f 5283 5322 5282
f 5322 5283 5324
f 5276 5324 5283
f 5275 5324 5276
f 5269 5324 5275
f 5267 5324 5268
f 5266 5324 5267
f 5324 5266 5323
f 1061 1055 1056
f 1068 1583 1062
f 1068 1062 1067
f 1586 1062 1002
f 1062 1052 1002
f 1064 1002 1052
f 1051 1062 1063
f 1052 1062 1051
f 1067 1062 1586
f 4680 4318 4302
f 4716 4302 4701
f 4700 4701 4323
f 4710 4323 4321
f 4703 4321 4334
f 4335 4334 4327
f 4337 4327 4325
f 4527 4325 4309
f 4307 5329 5257
f 5254 5250 5330
f 5250 5249 5330
f 5249 5263 5330
f 5263 5253 5329
f 5253 5252 5329
f 5252 5243 5329
f 5243 5242 5329
f 5242 5255 5329
f 5255 5257 5329
f 5257 5256 4307
f 5256 5262 4307
f 5262 5261 4307
f 5261 5260 4307
f 5260 5259 4307
f 5259 4310 4307
f 4727 4729 4720
f 4675 4720 4719
f 4719 4688 4380
f 4687 4380 4688
f 4380 4687 4715
f 4380 4715 4717
f 4380 4717 4980
f 4378 4980 4725
f 4378 4725 4526
f 4377 4526 4525
f 4377 4525 4668
f 4525 4667 4668
f 4372 4445 4446
f 4372 4446 4447
f 4372 4447 4448
f 4372 4448 4449
f 4372 4449 4450
f 4450 4451 4372
f 4451 4450 4697
f 4699 4698 4450
f 4698 4696 4450
f 4696 4697 4450
f 4449 4699 4450
f 4377 4668 4989
f 4353 4392 4374
f 4372 4341 4347
f 4372 4338 4341
f 4372 4339 4338
f 4372 4342 4339
f 4372 4474 4342
f 4472 4543 4473
f 4452 4372 4451
f 4702 4891 4453
f 4662 4453 4891
f 4453 4662 4663
f 4453 4663 4664
f 4453 4664 4665
f 4453 4665 4666
f 4453 4666 4454
f 4454 4649 4455
f 4431 4684 4401
f 4684 4690 4401
f 4690 4689 4401
f 4689 4890 4401
f 4890 4889 4401
f 4889 4414 4401
f 4414 4413 4401
f 4413 4685 4401
f 4685 5096 4401
f 5096 5097 4401
f 5097 5098 4401
f 5098 4267 4401
f 2085 2084 2174
f 2082 1154 2083
f 2174 2084 2175
f 1154 1108 1143
f 1135 1108 1107
f 1107 1106 1115
f 1106 1034 1115
f 1111 1115 1034
f 1111 1034 1114
f 1111 1114 1112
f 1111 1112 1113
f 1098 178 1539
f 110 1041 1039
f 1041 171 1562
f 167 1039 1574
f 1080 195 1574
f 197 195 1080
f 1080 116 197
f 1550 118 1080
f 105 1550 1553
f 1086 173 1553
f 1085 1086 1087
f 1085 1546 49
f 180 1546 1547
f 1547 1548 77
f 1547 77 183
f 181 1547 183
f 1088 1089 1090
f 1088 1093 157
f 128 1089 1088
f 1089 182 1548
f 1086 1085 6
f 1092 1093 1094
f 169 1093 1092
f 1092 1539 90
f 597 122 1098
f 982 186 597
f 982 983 93
f 972 983 833
f 972 833 32
f 972 32 44
f 972 44 392
f 983 972 34
f 983 34 54
f 983 54 86
f 233 833 1672
f 1672 1106 216
f 1106 1107 1108
f 33 1106 1108
f 40 1106 33
f 1106 40 217
f 1154 252 1108
f 1151 1152 571
f 1148 1146 1147
f 1142 1139 575
f 575 1139 573
f 1143 1144 1146
f 573 1139 1141
f 1082 1562 75
f 1583 1068 1584
f 1056 1587 1061
f 1061 1027 1055
f 5331 1593 2120
f 46 2118 1585
f 46 1585 348
f 25 2118 72
f 2118 25 152
f 2118 152 162
f 2118 162 295
f 81 1585 351
f 1585 81 201
f 84 1585 201
f 1585 66 349
f 66 1585 84
f 1585 299 351
f 1585 349 348
f 46 72 2118
f 1600 2103 1688
f 2385 2118 295
f 299 1585 297
f 58 297 1581
f 99 58 1582
f 1582 325 99
f 134 325 1570
f 1570 193 134
f 15 193 1569
f 191 15 1083
f 1083 323 191
f 62 323 1082
f 62 1082 75
f 318 75 1562
f 1562 20 318
f 1562 60 20
f 1562 171 60
f 110 171 1041
f 108 110 1039
f 108 1039 167
f 195 167 1574
f 1080 118 116
f 114 118 1550
f 1550 311 114
f 311 1550 184
f 1550 165 184
f 1550 105 165
f 173 105 1553
f 6 173 1086
f 78 6 1085
f 78 1085 147
f 1085 12 147
f 12 1085 161
f 1085 49 161
f 180 49 1546
f 181 180 1547
f 182 77 1548
f 131 182 1089
f 1089 128 131
f 79 128 1088
f 79 1088 174
f 1088 157 174
f 170 157 1093
f 1093 169 170
f 179 169 1092
f 1092 90 179
f 178 90 1539
f 112 178 1098
f 112 1098 122
f 87 122 597
f 597 14 87
f 14 597 28
f 597 19 28
f 19 597 209
f 597 208 209
f 208 597 210
f 597 186 210
f 42 186 982
f 42 982 232
f 982 69 232
f 982 68 69
f 68 982 282
f 982 93 282
f 98 93 983
f 983 86 98
f 392 34 972
f 833 50 32
f 833 13 50
f 13 833 233
f 234 233 1672
f 1672 216 234
f 217 216 1106
f 33 1108 252
f 31 252 1154
f 159 226 2080
f 247 159 2073
f 96 247 2074

usemtl Turquoise_0
f 1670 3836 922
f 3836 1657 922
f 3830 1656 1657
f 1656 3830 1669
f 3830 3832 1669
f 3832 1677 1669
f 3832 1642 1643
f 3827 1642 3832
f 3832 3828 3827
f 3822 3827 3828
f 3822 3828 1651
f 976 3822 1651
f 3822 978 1678
f 3822 1678 3820
f 3820 3821 3822
f 3821 3820 3823
f 3823 1645 3821
f 3821 1645 1658
f 3821 1658 1659
f 3821 1659 3827
f 3827 1659 1647
f 1655 3827 1647
f 3688 973 975
f 3684 3688 975
f 975 1705 3684
f 1705 1706 3684
f 970 3684 1706
f 644 3676 642
f 3676 3684 642
f 3676 3683 3684
f 3689 3684 3683
f 3683 1632 3689
f 3689 1632 1634
f 1640 3689 1634
f 3687 1641 1639
f 3687 1639 1685
f 3687 1685 1646
f 3823 3687 1646
f 1644 3823 1646
f 3823 3819 3687
f 3688 3687 3819
f 3819 1681 3688
f 3819 1680 1681
f 3820 1653 1682
f 3819 3820 1682
f 3820 1652 1653
f 1652 3820 1650
f 1680 3819 1682
f 3687 3688 3689
f 3689 1641 3687
f 3683 971 1635
f 3675 971 3683
f 3675 929 971
f 929 3675 927
f 3571 1684 925
f 931 3571 925
f 1717 3571 931
f 932 3680 1679
f 3571 1679 3680
f 3680 3681 3571
f 3572 3571 3681
f 3572 3681 954
f 956 3572 954
f 3641 761 592
f 3648 3641 592
f 3648 3649 3641
f 3642 3641 3649
f 3649 758 3642
f 760 3642 758
f 1532 3642 769
f 661 3642 1532
f 3645 3642 661
f 662 3645 661
f 772 3583 625
f 3583 772 774
f 3583 774 775
f 3581 3583 775
f 656 3581 775
f 652 3589 650
f 654 3589 652
f 3589 654 655
f 3589 655 3587
f 3587 3588 3589
f 3646 3589 3588
f 3646 3588 637
f 3646 637 746
f 3646 746 766
f 745 3646 766
f 3582 741 596
f 3582 596 765
f 3582 765 751
f 3644 3582 751
f 750 3644 751
f 3644 750 779
f 3643 3644 779
f 779 763 3643
f 764 3643 763
f 602 601 3641
f 3641 3643 602
f 601 754 3641
f 3643 764 602
f 3643 3645 3644
f 3583 3644 3645
f 3645 771 3583
f 3644 3583 3582
f 3582 3646 741
f 3582 3581 3646
f 3646 745 741
f 636 3588 788
f 3588 3579 788
f 3579 635 788
f 635 3579 609
f 3579 3574 609
f 3574 791 609
f 1719 3574 630
f 3574 629 630
f 630 629 614
f 3568 773 629
f 773 3568 1718
f 1718 3568 1720
f 3568 3570 1720
f 3570 619 1720
f 3678 1711 618
f 3570 3678 618
f 3570 3686 3678
f 3679 3678 3686
f 3679 3686 945
f 1714 3679 945
f 3577 1713 937
f 938 3577 937
f 3577 940 1715
f 3577 1715 3682
f 3682 3578 3577
f 3576 3577 3578
f 962 3576 3578
f 962 3578 653
f 3576 645 646
f 3678 3576 646
f 3678 646 620
f 620 646 611
f 3578 957 653
f 3578 639 957
f 3685 638 640
f 3578 3685 640
f 959 638 3685
f 3685 3572 959
f 3572 958 959
f 3685 3573 3572
f 3573 3685 3682
f 3682 933 3573
f 3573 933 934
f 1683 3573 934
f 3573 1683 1684
f 1716 3682 935
f 3609 876 586
f 587 3609 586
f 587 3596 3609
f 3596 3597 3609
f 3594 3609 3597
f 658 3594 3597
f 658 3597 664
f 3594 660 860
f 3592 3594 860
f 683 3592 860
f 668 3592 683
f 684 3604 669
f 3592 669 3604
f 3604 3598 3592
f 3593 3592 3598
f 3593 3598 875
f 879 3593 875
f 878 877 3593
f 3609 3593 877
f 874 3598 864
f 864 3598 871
f 3603 870 871
f 870 3603 873
f 3605 872 873
f 872 3605 869
f 869 3605 868
f 3607 675 868
f 673 675 3607
f 3607 3610 673
f 3610 880 673
f 700 701 3610
f 3610 3611 700
f 3611 679 700
f 679 3611 667
f 667 3613 665
f 3613 699 665
f 3613 859 699
f 3625 720 722
f 3625 722 723
f 857 3625 723
f 690 3617 857
f 3617 690 710
f 3615 3617 710
f 692 3615 710
f 692 859 3615
f 3615 3616 3617
f 3634 3617 3616
f 3616 858 3634
f 3634 858 708
f 709 3634 708
f 649 3587 647
f 1709 3587 649
f 3587 1709 1710
f 3587 1710 3580
f 3580 3579 3587
f 960 3580 1710
f 1712 3580 961
f 1712 3575 3580
f 3575 3574 3580
f 3574 3575 3568
f 3569 3568 3575
f 947 3569 3575
f 947 3575 943
f 946 3569 969
f 3686 3569 946
f 944 3686 946
f 3575 952 941
f 943 3575 941
f 969 3569 947
f 952 3575 1712
f 961 3580 960
f 685 3602 882
f 3602 3604 882
f 3602 3603 3604
f 3603 3602 3605
f 3608 3605 3602
f 3602 672 3608
f 881 3608 672
f 694 3606 839
f 3606 3608 839
f 3606 3607 3608
f 3606 694 695
f 3614 3606 695
f 696 3614 695
f 3614 840 834
f 3612 3614 834
f 697 3612 834
f 3612 697 698
f 3618 3612 698
f 792 3618 698
f 790 3618 789
f 3618 790 705
f 3618 705 3616
f 3616 705 677
f 844 3616 677
f 3618 792 789
f 3618 3613 3612
f 3611 3612 3613
f 3613 3618 3615
f 3612 3611 3614
f 840 3614 696
f 3614 3610 3606
f 3602 686 670
f 3608 881 839
f 672 3602 670
f 3605 3608 3607
f 686 3602 685
f 3636 748 749
f 3636 749 3647
f 3647 3637 3636
f 3635 3636 3637
f 3635 3637 716
f 3635 716 725
f 847 3635 725
f 3635 851 852
f 852 853 3635
f 3639 3635 853
f 853 742 3639
f 3639 742 744
f 3663 3639 744
f 744 730 3663
f 732 3663 730
f 819 3665 818
f 3665 3663 818
f 3665 3666 3663
f 3640 3663 3666
f 3640 3666 762
f 757 3640 762
f 3638 753 850
f 849 3638 850
f 3638 849 600
f 780 3638 600
f 747 3638 780
f 3636 3638 747
f 3638 3640 753
f 3638 3639 3640
f 3631 564 566
f 3631 566 3666
f 564 3631 823
f 823 3631 820
f 3633 822 821
f 3633 821 3631
f 3631 3632 3633
f 3662 3633 3632
f 3662 3632 825
f 825 688 3662
f 688 787 3662
f 726 3662 787
f 715 3660 770
f 770 3660 3662
f 3660 3661 3662
f 3661 3660 3664
f 3664 810 3661
f 3661 810 738
f 3661 738 786
f 3661 786 3633
f 3628 801 785
f 803 3628 785
f 804 3628 803
f 808 3653 807
f 3628 807 3653
f 3653 3650 3628
f 3629 3628 3650
f 3629 3650 793
f 795 3629 793
f 3654 843 830
f 3654 830 842
f 841 3654 842
f 798 3627 797
f 3627 3654 797
f 3627 3655 3654
f 3630 3654 3655
f 3630 3655 783
f 796 3630 783
f 781 3655 800
f 3655 799 800
f 3626 718 719
f 3626 719 3655
f 718 3626 826
f 3626 3634 826
f 826 3634 707
f 3626 3625 3634
f 3625 3626 3627
f 3625 3627 835
f 799 3655 719
f 3630 796 801
f 783 3655 781
f 3654 3630 3629
f 3655 3627 3626
f 3627 798 835
f 3654 841 797
f 3654 3629 843
f 3652 845 831
f 3650 3652 831
f 832 3650 831
f 845 3652 828
f 3652 846 828
f 828 846 778
f 777 3656 817
f 816 817 3656
f 3656 3660 816
f 3656 777 846
f 3652 3656 846
f 3652 3651 3656
f 3664 3656 3651
f 3651 734 3664
f 3664 734 733
f 811 3664 733
f 812 3664 811
f 848 3651 740
f 3651 3653 740
f 740 3653 802
f 740 802 739
f 3651 848 734
f 3651 3652 3653
f 3629 795 843
f 3650 832 793
f 3628 3629 3630
f 3650 3653 3652
f 3653 808 802
f 3628 804 807
f 3630 801 3628
f 3664 812 810
f 3656 3664 3660
f 3660 715 816
f 3662 726 770
f 806 3632 805
f 3632 809 805
f 3632 824 809
f 3632 3665 824
f 806 825 3632
f 3633 3662 3661
f 3632 3631 3665
f 822 3633 786
f 3631 821 820
f 3666 566 755
f 756 3666 755
f 3640 757 753
f 3666 756 762
f 3666 3665 3631
f 3665 819 824
f 3663 732 818
f 3663 3640 3639
f 3639 3638 3635
f 3635 847 851
f 717 3637 628
f 3637 3648 628
f 3648 626 628
f 3648 591 626
f 3637 717 716
f 3636 3635 3638
f 3637 3647 3648
f 748 3636 747
f 3647 749 632
f 767 3647 632
f 3649 3647 767
f 633 3649 767
f 634 3649 633
f 3634 709 707
f 3616 844 858
f 3617 3634 3625
f 3616 3615 3618
f 857 3617 3625
f 720 3625 835
f 3613 3615 859
f 667 3611 3613
f 3610 3614 3611
f 880 3610 701
f 3607 3606 3610
f 3605 3607 868
f 3603 3605 873
f 3598 3603 871
f 878 3593 879
f 3598 874 875
f 3598 3604 3603
f 3604 684 882
f 669 3592 668
f 3592 3593 3594
f 3597 890 663
f 3597 3595 890
f 3595 889 890
f 889 3595 891
f 891 3590 888
f 888 3590 867
f 3590 3584 867
f 3584 866 867
f 3586 885 887
f 887 3584 3586
f 3584 3585 3586
f 3586 3585 886
f 3585 681 886
f 3596 883 884
f 3591 3596 884
f 3595 3596 3591
f 3595 3591 3590
f 3590 3591 3585
f 3585 3591 682
f 3591 680 682
f 680 3591 884
f 681 3585 682
f 885 3586 886
f 866 3584 887
f 3590 3585 3584
f 3590 891 3595
f 3597 663 664
f 660 3594 658
f 3609 3594 3593
f 3597 3596 3595
f 883 3596 587
f 3609 877 876
f 3682 1716 933
f 639 3578 640
f 645 3576 962
f 3577 3576 3679
f 3578 3682 3685
f 3682 1715 935
f 940 3577 938
f 3679 1713 3577
f 3679 1714 1713
f 3686 944 945
f 3678 3679 3576
f 3686 3570 3569
f 1711 3678 620
f 619 3570 618
f 3568 3569 3570
f 3574 3568 629
f 3574 1719 791
f 3579 3580 3574
f 3588 636 637
f 3589 3646 3581
f 3581 657 3589
f 3588 3587 3579
f 3587 655 647
f 3589 657 650
f 3581 656 657
f 3581 3582 3583
f 3583 771 625
f 3645 662 771
f 3645 3643 3642
f 3642 768 769
f 768 3642 760
f 3649 634 758
f 3641 3642 3643
f 3649 3648 3647
f 761 3641 754
f 3648 592 591
f 963 964 3674
f 3674 3676 963
f 3674 3675 3676
f 3675 3674 3680
f 3680 930 3675
f 951 3674 964
f 951 948 3674
f 3681 3674 948
f 948 950 3681
f 968 3681 950
f 3572 956 958
f 3681 968 954
f 3571 3572 3573
f 3681 3680 3674
f 3680 932 930
f 3571 1717 1679
f 3573 1684 3571
f 927 3675 930
f 3689 1640 1641
f 3683 1635 1632
f 3683 3676 3675
f 3676 644 963
f 3684 970 642
f 3684 3689 3688
f 973 3688 1681
f 1675 1530 3829
f 3831 1675 3829
f 3829 3830 3831
f 3836 3831 3830
f 3831 3836 3833
f 3833 979 3831
f 981 3831 979
f 1666 3833 1665
f 3835 1665 3833
f 3833 3834 3835
f 3835 3834 3825
f 3835 3825 3824
f 3824 1662 3835
f 1663 3835 1662
f 1664 3824 1667
f 3826 1667 3824
f 3826 1668 1667
f 3824 1664 1662
f 3824 3825 3826
f 3826 3825 1660
f 3834 1676 3825
f 3835 1663 1665
f 3833 1666 979
f 3833 3836 3834
f 3836 1649 3834
f 3831 981 1675
f 1531 3829 1530
f 3829 1531 1129
f 3829 1129 1130
f 3829 1130 3828
f 3823 1644 1645
f 3819 3823 3820
f 3820 1678 1650
f 3822 976 978
f 1130 1651 3828
f 3827 3822 3821
f 3828 3832 3829
f 3827 1655 1642
f 1677 3832 1643
f 3830 3829 3832
f 3830 1657 3836
f 3836 1670 1649
f 1648 3834 1649
f 3834 1648 1676
f 1661 3825 1676
f 3825 1661 1660
f 1668 3826 1660

usemtl Turquoise_0
f 4440 4439 4880
f 4879 4440 4880
f 4878 4879 4880
f 4880 5195 4878
f 5195 5197 4878
f 3402 4878 5197
f 5197 3324 3402
f 3399 3402 3324
f 3399 3324 3323
f 4706 3399 3323
f 3323 3325 4706
f 5117 4706 3325
f 3325 5194 5117
f 5193 5117 5194
f 5196 5193 5194
f 5196 5194 5197
f 5196 856 5193
f 3406 5193 856
f 856 3417 3406
f 3406 3417 3425
f 3406 3425 3438
f 3406 3438 3432
f 3406 3432 3411
f 3406 3411 3412
f 3406 3412 3439
f 3406 3439 3416
f 3407 3406 3416
f 3408 3396 3407
f 3410 3396 3408
f 3397 3396 3413
f 3395 3396 3397
f 3403 3396 3395
f 3429 3385 3384
f 3384 3385 3386
f 3386 3385 3443
f 3405 3396 3409
f 3396 3405 3333
f 3333 4704 3396
f 5116 3396 4704
f 5116 4704 4706
f 4704 4705 4706
f 4704 5123 4705
f 5123 5125 4705
f 4705 5125 3399
f 3401 3399 5125
f 5125 3326 3401
f 3326 3400 3401
f 3401 3400 3402
f 3400 3326 3319
f 3400 3319 4878
f 3320 3319 3326
f 3320 3326 5128
f 5128 3322 3320
f 3322 3321 3320
f 3321 3322 3456
f 4519 3321 3456
f 3456 4549 4519
f 4519 4549 4528
f 4549 3456 2236
f 2236 4412 4549
f 4549 4412 4547
f 4412 2236 2238
f 2238 4884 4412
f 4412 4884 4410
f 4884 2238 3317
f 3317 4885 4884
f 4884 4885 4882
f 4885 3317 3315
f 3315 4886 4885
f 4885 4886 5118
f 4886 3315 3065
f 3065 4887 4886
f 4886 4887 4888
f 4887 3065 1559
f 1559 5141 4887
f 4887 5141 4840
f 4840 4841 4887
f 4841 4265 4887
f 4798 4799 4800
f 5244 4800 4799
f 5258 5244 4799
f 4799 3088 5258
f 2166 5258 3088
f 3088 2168 2166
f 2166 2168 2167
f 5305 5306 4691
f 4433 5305 4691
f 4433 4691 4434
f 4438 4366 5198
f 4439 4438 5198
f 4368 5198 4366
f 4368 2178 5198
f 3340 5198 2178
f 2178 3339 3340
f 3380 3340 3339
f 3339 5152 3380
f 5151 3380 5152
f 5150 5151 5152
f 5205 5150 5152
f 5205 5152 5207
f 5206 5205 5207
f 5206 5207 5148
f 5147 5206 5148
f 5147 5148 5149
f 5208 5147 5149
f 5208 5149 5210
f 5209 5208 5210
f 5209 5210 5145
f 5144 5209 5145
f 5144 5145 5146
f 5211 5144 5146
f 5211 5146 5213
f 5212 5211 5213
f 5212 5213 5143
f 5142 5212 5143
f 5142 5143 4799
f 5214 5142 4799
f 3067 5142 5214
f 5214 5215 3067
f 3064 3067 5215
f 5215 1573 3064
f 1573 3063 3064
f 3064 3063 3077
f 3064 3077 3312
f 3064 3312 3314
f 3064 3314 3313
f 3064 3313 3310
f 3064 3310 3311
f 3309 3064 3311
f 3159 3064 3308
f 3305 3067 3159
f 3307 3067 3305
f 3306 3067 3307
f 3171 3067 3172
f 3161 3067 3171
f 3304 3069 3068
f 3067 3068 3069
f 3165 3069 3304
f 3184 3069 3164
f 3302 3069 3184
f 3303 3069 3302
f 3081 3071 3070
f 3069 3070 3071
f 3069 3071 5142
f 3183 3071 3081
f 3089 3071 3090
f 3071 3089 3078
f 5211 3071 3078
f 3299 3078 3089
f 3297 3078 3299
f 3079 3078 3155
f 3078 3079 3080
f 3078 3080 5144
f 3080 3073 5144
f 3080 3082 3073
f 3295 3073 3082
f 3198 3080 3206
f 3206 3080 3083
f 3108 3055 3217
f 3217 3055 3054
f 704 3054 3055
f 3055 5137 704
f 5182 704 5137
f 5136 5182 5137
f 5135 5136 5137
f 5135 5137 5172
f 5139 5135 5172
f 5139 5172 5140
f 5138 5139 5140
f 5138 5140 5179
f 5178 5138 5179
f 5178 5179 5133
f 5132 5178 5133
f 5132 5133 5134
f 5130 5132 5134
f 5130 5134 5131
f 5129 5130 5131
f 5129 5131 5177
f 5176 5129 5177
f 5176 5177 5200
f 5186 5176 5200
f 5186 5200 5187
f 5174 5186 5187
f 5174 5187 5175
f 5173 5174 5175
f 5173 5175 5199
f 5191 5173 5199
f 5191 5199 5192
f 5189 5191 5192
f 5189 5192 5190
f 5188 5189 5190
f 5188 5190 5128
f 5127 5188 5128
f 5127 5128 5126
f 5124 5127 5126
f 5124 5126 5125
f 5124 3331 5127
f 3327 5127 3331
f 3331 3338 3327
f 3342 3327 3338
f 729 3361 3371
f 3371 3361 3360
f 3360 3361 3362
f 3328 3327 3341
f 3341 3327 3455
f 3455 3327 3444
f 3327 3328 3329
f 3390 3329 3328
f 3389 3329 3390
f 3346 3329 3389
f 3141 3142 3143
f 3141 3147 3142
f 3142 3147 3365
f 894 3365 3147
f 894 3147 5166
f 5166 5171 894
f 892 894 5171
f 5171 5170 892
f 5170 5201 892
f 2323 892 5201
f 900 2323 5201
f 5201 5169 900
f 901 900 5169
f 5169 5168 901
f 3124 901 5168
f 5168 5165 3124
f 3125 3124 5165
f 5165 5164 3125
f 3116 3125 5164
f 5164 5161 3116
f 3117 3116 5161
f 5161 5160 3117
f 3113 3117 5160
f 5160 5157 3113
f 3114 3113 5157
f 5157 5202 3114
f 3109 3114 5202
f 5202 5203 3109
f 5203 5154 3109
f 3102 3109 5154
f 3103 3102 5154
f 5154 5153 3103
f 3093 3103 5153
f 5153 5150 3093
f 3091 3093 5150
f 3091 3092 3093
f 3099 3093 3092
f 3099 3092 3173
f 3221 3219 3252
f 3252 3219 3279
f 3237 3279 3219
f 3219 3129 3237
f 3237 3129 3244
f 3277 3103 3283
f 3283 3103 3284
f 3284 3103 3281
f 3281 3093 3218
f 3104 3103 3277
f 3104 3282 3102
f 3280 3102 3282
f 3241 3102 3280
f 3110 3102 3240
f 3232 3109 3225
f 3249 3109 3232
f 3234 3109 3249
f 3224 3236 3114
f 3222 3114 3236
f 3115 3114 3222
f 3115 3253 3113
f 3251 3113 3253
f 3250 3113 3251
f 861 862 863
f 863 862 3135
f 3134 3135 862
f 862 3230 3134
f 3134 3230 3229
f 3118 3117 3248
f 3248 3117 3238
f 3238 3117 3239
f 3242 3239 3117
f 3118 3246 3116
f 3272 3116 3246
f 3123 3116 3272
f 3125 3122 3257
f 3257 3258 3125
f 3265 3125 3258
f 3271 2834 3153
f 3153 2834 3154
f 836 3154 2834
f 2834 837 836
f 836 837 838
f 3269 3124 3132
f 3132 3124 3133
f 3126 3133 3124
f 3264 3124 3269
f 3264 3140 901
f 3139 901 3140
f 3266 901 3139
f 902 901 2844
f 902 3267 900
f 3459 900 3267
f 3138 900 3459
f 3274 2323 3275
f 3458 2323 3274
f 3460 2323 3458
f 3137 892 3460
f 3136 892 3137
f 3450 892 3136
f 3354 3351 3452
f 3452 3351 3451
f 3451 3351 3350
f 3350 3344 3348
f 3348 3344 3349
f 3349 3344 3453
f 3343 3329 3454
f 3454 3329 3345
f 3329 3343 3344
f 3344 5188 3329
f 3453 3344 3343
f 3366 3363 3368
f 3366 894 3363
f 3363 894 893
f 3363 893 3364
f 3363 3364 3448
f 893 892 3449
f 3344 3350 3351
f 3351 5189 3344
f 3353 3351 3354
f 3352 3351 3353
f 3373 2264 3352
f 3356 2264 3373
f 3355 2264 3356
f 3359 2266 2265
f 2264 2265 2266
f 2266 5174 2264
f 3358 2266 3359
f 3357 2266 3358
f 3447 3149 3367
f 2266 3367 3149
f 3149 5186 2266
f 837 5186 3149
f 3149 3148 837
f 3292 837 3148
f 3148 3149 3150
f 3150 3149 3446
f 3446 3149 3447
f 3367 2266 3357
f 2265 2264 3355
f 3351 3352 2264
f 2264 5173 3351
f 3449 892 3450
f 2324 3275 2323
f 2324 900 3138
f 2844 901 3266
f 3291 837 3292
f 838 837 3291
f 2834 5129 837
f 2833 5129 2834
f 2833 2834 2835
f 2835 3223 2833
f 3268 2833 3223
f 3227 2833 3228
f 3254 2833 3227
f 3230 2833 3254
f 3254 3231 3230
f 3230 5132 2833
f 3228 2833 3268
f 3247 2834 3270
f 2835 2834 3247
f 3270 2834 3271
f 3126 3125 3265
f 3122 3116 3123
f 3229 3230 3231
f 862 5178 3230
f 3255 862 861
f 916 862 3255
f 3255 3256 916
f 3112 916 3256
f 917 916 3111
f 915 916 917
f 3128 916 915
f 915 3127 3128
f 3259 3128 3127
f 3130 3260 3261
f 3261 3263 3130
f 3262 3130 3263
f 3131 3130 3262
f 3129 3130 3131
f 3131 3243 3129
f 3129 5135 3130
f 3130 5135 3128
f 3130 3128 3260
f 3260 3128 3259
f 3128 5138 916
f 3111 916 3112
f 916 5138 862
f 3242 3113 3250
f 3224 3109 3234
f 3110 3225 3109
f 3240 3102 3241
f 3245 3129 3243
f 3244 3129 3245
f 3219 5180 3129
f 5136 3129 5180
f 5180 3219 5183
f 5180 5183 5181
f 5180 5181 5182
f 5183 5185 5181
f 5185 3100 5181
f 702 5181 3100
f 3100 3101 702
f 3278 702 3101
f 3211 3100 3212
f 3212 3100 3213
f 3213 3100 3214
f 3203 3087 3287
f 3287 3087 3286
f 3286 3087 3086
f 3106 702 3276
f 3105 702 3106
f 703 702 3105
f 3208 704 703
f 3293 704 3208
f 3294 704 3293
f 3072 3073 3074
f 3207 3073 3072
f 3073 3207 3085
f 3073 3085 5208
f 3290 3085 3207
f 3288 3085 3290
f 3086 3085 3288
f 3185 704 3294
f 702 703 704
f 3085 3086 3087
f 3085 3087 5147
f 3087 3095 5147
f 3087 3094 3095
f 3210 3095 3094
f 3215 3095 3209
f 3095 3215 3091
f 5205 3095 3091
f 3201 3091 3215
f 3200 3091 3201
f 3119 3120 3121
f 3121 3120 3233
f 3233 3120 3235
f 3220 3235 3120
f 3120 3219 3220
f 2148 3120 3119
f 2148 5184 3120
f 5183 3120 5184
f 5184 2148 5185
f 3119 3157 2148
f 3156 2148 3157
f 3226 2148 3156
f 2147 2148 2149
f 2148 2147 3100
f 2149 2148 3226
f 3216 3091 3200
f 3201 3215 3285
f 3209 3095 3210
f 3094 3087 3202
f 3202 3087 3203
f 3214 3100 2147
f 3276 702 3278
f 3101 3100 3211
f 704 5181 702
f 3100 5185 2148
f 5183 5184 5185
f 3120 5183 3219
f 3220 3219 3221
f 3218 3093 3099
f 3092 3091 3216
f 3093 3281 3103
f 5153 5154 5156
f 5153 5156 5151
f 5154 5155 5156
f 5156 5155 855
f 855 3430 5156
f 5156 3430 3380
f 3430 3398 3380
f 3398 3430 854
f 854 5195 3398
f 5195 854 5196
f 855 854 3430
f 854 855 856
f 3417 855 5155
f 5155 5204 3417
f 3385 3417 5204
f 5204 5159 3385
f 5159 5158 3385
f 3376 3385 5158
f 5158 3145 3376
f 3145 3377 3376
f 3375 3376 3377
f 3379 3145 3374
f 3374 3145 3144
f 3144 3145 3146
f 3337 3335 3434
f 3434 3335 3435
f 3435 3335 3334
f 3441 3333 3391
f 3391 3333 3392
f 3442 3376 3388
f 3387 3376 3442
f 3383 3376 3387
f 3381 3376 3382
f 3382 3376 3383
f 3440 3333 3441
f 3334 3333 3440
f 3333 3334 3335
f 3335 5123 3333
f 5123 3335 5124
f 3336 3335 3337
f 3394 3335 3336
f 3335 3394 3331
f 3393 3331 3394
f 3330 3331 3332
f 3332 3331 3393
f 3370 728 727
f 727 728 729
f 3369 728 3370
f 728 3369 3145
f 728 3145 5162
f 3361 728 5162
f 5162 5167 3361
f 3147 3361 5167
f 3147 3445 3361
f 3445 3147 3372
f 5164 5167 5162
f 3145 5163 5162
f 5161 5162 5163
f 3146 3145 3369
f 3378 3145 3379
f 3388 3376 3375
f 3377 3145 3378
f 5163 3145 5158
f 5160 5163 5158
f 3376 3381 3385
f 5157 5158 5159
f 5202 5159 5204
f 3385 3418 3417
f 3436 3417 3418
f 3423 3417 3433
f 3421 3417 3423
f 3420 3417 3421
f 3437 3417 3422
f 3426 3417 3437
f 3425 3426 3427
f 3422 3417 3420
f 3431 3385 3428
f 3419 3385 3431
f 3433 3417 3436
f 3418 3385 3419
f 5203 5204 5155
f 3102 3103 3104
f 3109 3102 3110
f 5154 5203 5155
f 5203 5202 5204
f 3114 3109 3224
f 5202 5157 5159
f 3113 3114 3115
f 5157 5160 5158
f 3117 3113 3242
f 5160 5161 5163
f 3116 3117 3118
f 5161 5164 5162
f 3125 3116 3122
f 5164 5165 5167
f 5165 5166 5167
f 3124 3125 3126
f 5165 5168 5166
f 901 3124 3264
f 5168 5169 5171
f 900 901 902
f 2323 900 2324
f 2323 3460 892
f 5169 5201 5170
f 5169 5170 5171
f 892 893 894
f 5168 5171 5166
f 5167 5166 3147
f 3365 894 3366
f 3372 3147 3141
f 3345 3329 3346
f 3362 3361 3445
f 3361 729 728
f 727 729 3347
f 3444 3327 3342
f 3338 3331 3330
f 3329 5127 3327
f 3331 5124 3335
f 5127 3329 5188
f 5188 3344 5189
f 5190 5192 3322
f 3457 3322 5192
f 5192 2237 3457
f 2237 2236 3457
f 5189 3351 5191
f 2237 5192 5199
f 5191 3351 5173
f 5199 5175 2237
f 3318 2237 5175
f 5175 3316 3318
f 3316 3317 3318
f 3318 2238 2237
f 5173 2264 5174
f 3316 5175 5187
f 5187 3066 3316
f 3066 3315 3316
f 5174 2266 5186
f 3066 5187 5200
f 5186 837 5176
f 5200 5177 3066
f 1560 3066 5177
f 1560 5177 1558
f 1558 1559 1560
f 1559 1558 1573
f 1560 3065 3066
f 5176 837 5129
f 5131 1558 5177
f 1558 5131 3063
f 5129 2833 5130
f 5134 3063 5131
f 3063 5134 3151
f 3151 3152 3063
f 3169 3063 3152
f 3177 3151 3178
f 3178 3151 3298
f 3298 3151 3296
f 3180 3151 3186
f 3192 3186 3151
f 3151 5179 3192
f 3192 5179 3182
f 3182 3191 3192
f 3196 3192 3191
f 3195 3192 3197
f 3194 3192 3195
f 3193 3192 3194
f 3189 3182 3190
f 3190 3182 3301
f 3301 3182 3188
f 3181 3097 3300
f 3300 3097 3199
f 3199 3097 3096
f 3204 3055 3205
f 3205 3055 3107
f 3055 3204 3097
f 3097 5172 3055
f 3182 5172 3097
f 3098 3097 3204
f 3096 3097 3098
f 3097 3181 3182
f 3187 3182 3181
f 3188 3182 3187
f 3197 3192 3196
f 3191 3182 3189
f 3186 3192 3193
f 3179 3151 3180
f 3296 3151 3179
f 3176 3151 3177
f 3175 3151 3176
f 3167 3063 3168
f 3166 3063 3167
f 3163 3063 3166
f 3158 3063 3160
f 3160 3063 3162
f 3162 3063 3163
f 3168 3063 3169
f 3152 3151 3175
f 5130 2833 5132
f 5133 3151 5134
f 5132 3230 5178
f 5179 3151 5133
f 5178 862 5138
f 5140 3182 5179
f 5138 3128 5139
f 5172 3182 5140
f 5139 3128 5135
f 5135 3129 5136
f 5136 5180 5182
f 5181 704 5182
f 5137 3055 5172
f 3054 704 3185
f 3107 3055 3108
f 3083 3084 3174
f 3083 3080 3084
f 3074 3073 3295
f 3082 3080 3198
f 3084 3080 3079
f 3155 3078 3297
f 3090 3071 3170
f 3170 3071 3183
f 3070 3069 3303
f 3164 3069 3165
f 3068 3067 3161
f 3172 3067 3306
f 3308 3064 3309
f 3077 3063 3158
f 3063 1573 1558
f 1573 5215 5141
f 5141 5215 4838
f 3064 3159 3067
f 5215 5214 4836
f 5142 3067 3069
f 5212 5142 3071
f 5213 2171 5143
f 2172 5143 2171
f 2171 2169 2172
f 2172 2169 2168
f 1544 3461 3462
f 1544 2262 3461
f 3461 2262 3415
f 5306 3461 3415
f 3414 3415 2262
f 2262 5149 3414
f 3415 3414 2176
f 2176 5122 3415
f 4691 3415 5122
f 4691 5122 4435
f 5122 2176 2178
f 2176 2177 2178
f 2177 2176 3414
f 5207 2177 3414
f 2177 5207 3339
f 2262 1544 2263
f 2263 5210 2262
f 5210 2263 3075
f 2263 2173 3075
f 1623 3075 2173
f 3075 1623 3076
f 3076 5146 3075
f 1624 3076 1623
f 3076 1624 2171
f 2173 2263 1544
f 2171 1624 2169
f 5143 2172 3088
f 2171 5213 3076
f 3071 5211 5212
f 5146 3076 5213
f 5144 5211 3078
f 5145 3075 5146
f 5209 5144 3073
f 3075 5145 5210
f 5208 5209 3073
f 5149 2262 5210
f 5147 5208 3085
f 5148 3414 5149
f 3095 5206 5147
f 3414 5148 5207
f 5206 3095 5205
f 5150 5205 3091
f 5150 5153 5151
f 3380 5151 5156
f 5152 3339 5207
f 3340 3380 3398
f 3398 4880 3340
f 3339 2178 2177
f 5198 3340 4880
f 2178 4368 5122
f 5122 4368 4437
f 4366 4367 4368
f 4367 4437 4368
f 4437 4436 5122
f 4436 4435 5122
f 4435 4434 4691
f 3415 4691 5306
f 2172 2168 3088
f 3088 4799 5143
f 4799 4798 5214
f 4798 4836 5214
f 4836 4837 5215
f 4837 4838 5215
f 4838 4839 5141
f 4839 4840 5141
f 5141 1559 1573
f 3065 1560 1559
f 3315 3066 3065
f 3317 3316 3315
f 2238 3318 3317
f 2236 2237 2238
f 3456 3457 2236
f 3321 4519 4518
f 4518 3319 3321
f 3319 4518 4879
f 4879 4518 5121
f 4518 4519 4520
f 3457 3456 3322
f 3322 5128 5190
f 5126 5128 3326
f 3319 3320 3321
f 3326 5125 5126
f 5123 5124 5125
f 3396 5116 3406
f 4704 3333 5123
f 3404 3333 3405
f 3424 3333 3404
f 3392 3333 3424
f 3443 3385 3381
f 3428 3385 3429
f 3409 3396 3403
f 3413 3396 3410
f 3406 3407 3396
f 3425 3417 3426
f 3417 856 855
f 5193 3406 5116
f 856 5196 854
f 5193 5116 5117
f 5194 3325 3324
f 5116 4706 5117
f 3399 4706 4705
f 3323 3324 3325
f 3401 3402 3399
f 3324 5197 5194
f 4878 3402 3400
f 5195 5196 5197
f 4880 3398 5195
f 4879 4878 3319
f 5198 4880 4439
f 4881 4440 4879
f 5121 4881 4879
f 5120 5121 4518
f 4520 5120 4518
f 4529 4520 4519
f 4528 4529 4519
f 4548 4528 4549
f 4547 4548 4549
f 4411 4547 4412
f 4410 4411 4412
f 4883 4410 4884
f 4882 4883 4884
f 5119 4882 4885
f 5118 5119 4885
f 4888 5118 4886
f 4265 4888 4887

usemtl Green_0
f 1030 2184 334
f 1030 334 125
f 103 1030 125
f 1154 1152 2028
f 2028 2175 1154
f 1811 2083 2084
f 1811 2084 2085
f 2085 2174 1811
f 2028 1811 2174
f 1810 2014 2081
f 1810 2081 2082
f 2082 2083 1810
f 2079 2014 2080
f 2081 2014 2079
f 1104 2080 2014
f 2080 1104 2073
f 2073 1104 2074
f 1800 2074 1104
f 1686 2042 89
f 2042 605 240
f 1800 1686 212
f 2074 1800 271
f 4851 4732 4731
f 4731 4827 4851
f 221 4857 4862
f 505 4857 221
f 523 4857 505
f 461 403 4857
f 461 4857 459
f 403 465 4857
f 465 393 4857
f 451 4857 393
f 469 471 4857
f 471 467 4857
f 467 457 4857
f 457 473 4857
f 473 475 4857
f 475 477 4857
f 477 463 4857
f 481 4857 463
f 411 519 4857
f 519 443 4857
f 517 4857 443
f 479 495 4857
f 495 515 4857
f 515 513 4857
f 513 511 4857
f 431 4857 511
f 397 4857 419
f 231 4857 397
f 5287 316 387
f 316 5287 4857
f 38 5287 387
f 5287 38 379
f 5286 5287 379
f 5286 379 380
f 5286 380 386
f 359 5286 386
f 5285 359 378
f 378 385 5285
f 381 5285 385
f 5284 507 384
f 383 5284 384
f 5284 137 203
f 5284 203 493
f 339 5284 493
f 2184 276 329
f 2184 274 276
f 274 2185 327
f 327 2185 227
f 2092 339 227
f 225 4945 370
f 4945 225 466
f 4945 466 460
f 4945 460 524
f 4945 524 506
f 4945 506 504
f 504 484 4945
f 484 526 4945
f 526 522 4945
f 4945 522 456
f 456 454 4945
f 454 436 4945
f 436 406 4945
f 4945 406 410
f 4945 410 492
f 4945 492 502
f 502 430 4945
f 430 486 4945
f 486 488 4945
f 488 528 4945
f 528 498 4945
f 4945 498 500
f 500 530 4945
f 530 450 4945
f 450 422 4945
f 4945 422 418
f 418 434 4945
f 434 448 4945
f 448 446 4945
f 4945 446 426
f 4945 426 414
f 4945 414 442
f 4944 4945 442
f 4944 442 5279
f 5288 4649 4658
f 4658 4649 4454
f 4658 4454 4666
f 4658 4666 4665
f 4658 4665 4664
f 4658 4664 4663
f 4658 4663 4662
f 4658 4662 4891
f 4891 4702 4658
f 4452 4658 4702
f 291 2377 402
f 402 2377 376
f 376 2377 377
f 438 376 377
f 440 438 377
f 362 5280 408
f 5280 373 408
f 5280 396 356
f 5280 372 396
f 5279 428 353
f 428 5279 416
f 5279 224 416
f 404 462 460
f 424 400 410
f 5279 353 371
f 8 5279 371
f 5280 8 372
f 5280 356 374
f 373 5280 374
f 5280 362 375
f 377 2377 375
f 290 2377 291
f 2377 290 92
f 2254 2377 92
f 2254 92 239
f 239 292 2254
f 2267 2254 292
f 220 2267 292
f 2267 2382 2380
f 2381 2380 2382
f 1589 2380 2381
f 1609 2380 1589
f 1604 1605 1606
f 1606 1605 1610
f 1602 1610 1605
f 1610 1602 1601
f 1601 1602 1603
f 1603 1602 1609
f 1580 1605 1604
f 1605 1580 2389
f 1571 2389 1580
f 1404 2389 1571
f 1404 1571 1566
f 1566 1567 1404
f 1565 1404 1567
f 1404 1565 1405
f 1403 1404 1405
f 1403 1405 1561
f 1561 1563 1403
f 1540 1403 1563
f 1040 1540 1563
f 1403 1091 1404
f 2390 1404 1091
f 2390 2388 1404
f 2388 2387 1404
f 1404 2387 57
f 2387 1538 143
f 1565 1561 1405
f 2391 2389 1404
f 1012 2274 1010
f 1021 2274 1012
f 897 2274 1022
f 898 2274 897
f 1121 2274 898
f 713 2274 711
f 1543 2274 713
f 1549 2274 1543
f 2281 2274 2280
f 2282 2274 2281
f 2283 2274 2282
f 2285 2274 2284
f 1556 2274 2285
f 1557 2274 1556
f 2287 2274 2286
f 1578 2274 2287
f 1579 2274 1578
f 1038 2274 1037
f 2239 2274 1038
f 5299 2239 1038
f 5298 2239 5299
f 5304 5288 5303
f 5303 5288 5302
f 5302 5288 5301
f 5301 5288 5289
f 5289 5288 5290
f 5290 5288 5300
f 5300 5288 5291
f 5291 5288 5292
f 5293 5292 5288
f 5292 5293 5294
f 5294 5293 5295
f 5295 5293 5296
f 2239 5296 5293
f 5296 2239 5297
f 5297 2239 5298
f 2239 995 2274
f 1037 2274 1579
f 2286 2274 1557
f 2284 2274 2283
f 2280 2274 1549
f 711 2274 1121
f 1022 2274 1021
f 1010 2274 988
f 2274 995 1031
f 1031 995 1032
f 997 1032 995
f 995 996 997
f 997 996 2275
f 2275 996 2391
f 2380 1609 1602
f 2382 2267 229
f 36 2267 220
f 1 2267 36
f 2267 1 293
f 11 2267 293
f 2267 11 294
f 2267 294 229
f 1538 95 185
f 177 1538 185
f 143 1538 177
f 296 2387 143
f 2387 296 57
f 1704 2246 3544
f 2246 2245 3544
f 3544 2245 2222
f 3544 2222 328
f 3543 2222 2245
f 2245 2230 3543
f 2227 3543 2230
f 2230 2228 2227
f 2227 2228 2229
f 2227 2229 3546
f 2227 3546 238
f 2229 2243 3546
f 3546 2243 3545
f 3546 3545 2621
f 2621 307 3546
f 2621 3545 305
f 3545 2243 144
f 2243 2229 2228
f 3543 2227 218
f 3543 330 2222
f 1703 3544 2191
f 2191 3544 2190
f 2189 3544 2186
f 2186 3544 2183
f 2183 3544 2181
f 314 2181 3544
f 2190 3544 2189
f 2228 2244 2243
f 1671 2243 2244
f 331 2243 1671
f 331 1671 215
f 144 2243 331
f 3545 144 337
f 305 3545 337
f 88 3546 307
f 3546 88 332
f 3546 332 238
f 2227 238 333
f 218 2227 333
f 3543 218 330
f 277 2222 330
f 2222 277 275
f 2222 275 328
f 3544 328 228
f 166 3544 228
f 3544 166 176
f 3544 176 340
f 3544 340 341
f 3544 341 342
f 3544 342 343
f 315 3544 343
f 94 3544 315
f 3544 94 317
f 53 3544 317
f 3544 53 344
f 213 3544 344
f 3544 213 345
f 24 3544 345
f 3544 24 346
f 3544 346 347
f 314 3544 347
f 80 2181 314
f 4945 4718 4946
f 4946 4718 4947
f 4947 4718 4948
f 1153 5266 5237
f 5266 5267 5237
f 5267 5268 5237
f 5268 5265 5237
f 5265 5269 5236
f 5269 5275 5236
f 5275 5276 5236
f 5276 5283 5236
f 5283 5282 5236
f 5282 5278 5236
f 5278 5273 5236
f 5273 5274 5236
f 5274 5270 5236
f 5270 5272 5234
f 5272 5271 5234
f 5271 5281 5235
f 5281 5277 5235
f 5277 4681 4821
f 4821 4681 4822
f 4568 4567 4730
f 4730 4746 4568
f 4280 4281 4282
f 4282 4825 4280
f 4280 4824 4707
f 4832 4707 4824
f 4832 4708 4707
f 4311 4709 4832
f 4724 4311 4832
f 4832 4709 4708
f 4280 4707 4281
f 4825 4282 4826
f 4825 4826 4827
f 4567 4569 4724
f 4336 4822 4703
f 4703 4822 4710
f 4710 4822 4700
f 4700 4822 4716
f 4716 4822 4680
f 4819 4822 4336
f 4822 4819 4831
f 4757 4831 4819
f 4757 4758 4759
f 5232 4759 4758
f 4745 4730 4828
f 4842 4828 5233
f 4828 4842 4829
f 4842 5232 4829
f 5232 4842 5233
f 4757 4819 4820
f 4757 4820 4758
f 5232 4758 4864
f 5232 4864 4829
f 4828 4829 4830
f 4828 4830 4745
f 4730 4745 4746
f 4567 4568 4569
f 4680 4822 4681
f 4948 4718 4949
f 4949 4718 4941
f 4726 4941 4718
f 4901 4686 4950
f 4901 4950 4944
f 4950 4718 4944
f 4901 4714 4686
f 4714 4901 4900
f 4524 4873 4900
f 4896 4524 4900
f 4524 4896 4902
f 4895 4902 4896
f 4895 4896 4897
f 4897 4877 4895
f 4897 5095 4877
f 5095 4897 4939
f 4939 5094 5095
f 4896 4900 4901
f 4939 4899 5094
f 4899 4939 4874
f 4874 4898 4899
f 4874 4445 4898
f 4445 4372 4898
f 4383 4451 4697
f 4383 4697 4696
f 4696 4384 4383
f 4699 4385 4384
f 4384 4698 4699
f 4385 4699 4449
f 4384 4696 4698
f 4383 4452 4451
f 4385 4449 4448
f 4385 4448 4447
f 4447 4874 4385
f 4874 4447 4446
f 4874 4446 4445
f 4372 4990 4898
f 4452 4383 4658
f 4649 5288 5304
f 2389 2391 996
f 375 2377 5280
f 8 5280 5279
f 5279 442 224
f 4944 4718 4945
f 400 492 410
f 466 404 460
f 339 2092 5284
f 137 5284 383
f 507 5284 489
f 5284 382 489
f 5284 381 382
f 5284 5285 381
f 509 385 378
f 359 5285 5286
f 4857 231 316
f 419 4857 431
f 517 479 4857
f 481 411 4857
f 469 4857 451
f 459 4857 523
f 4860 4861 4862
f 4861 4860 4866
f 4834 4833 4866
f 4835 4865 4833
f 4827 4731 4825
f 4732 4851 4865
f 4865 4835 4732
f 4833 4834 4835
f 4834 4866 4860
f 4862 4857 4860
f 4724 4832 4567
f 4821 5235 5277
f 5235 5234 5271
f 5234 5236 5270
f 5236 5237 5265
f 5237 2023 1153
f 2023 2028 1153
f 1811 1810 2083
f 2028 2174 2175
f 1152 1153 2028
f 96 2074 271
f 271 1800 272
f 1800 212 272
f 1686 64 212
f 64 1686 235
f 1686 89 235
f 2042 48 89
f 48 2042 148
f 2042 240 148
f 605 219 240
f 605 23 219
f 23 605 29
f 605 335 29
f 605 2226 335
f 335 2226 336
f 2226 127 336
f 2226 204 127
f 2226 2225 204
f 2225 1030 283
f 2225 71 204
f 71 2225 278
f 278 2225 284
f 2225 283 284
f 1030 107 283
f 1030 103 107
f 334 2184 329
f 2184 2185 274
f 227 2185 2092

usemtl Turquoise_0
f 4956 4944 5279
f 4956 5279 5280
f 4956 5280 2377
f 2377 2253 4956
f 2253 2410 4956
f 4952 4956 2410
f 4942 4952 2410
f 2410 2431 4942
f 4943 4942 2431
f 2431 2433 4943
f 4940 4943 2433
f 2433 2449 4940
f 4875 4940 2449
f 2449 2467 4875
f 2467 2251 4875
f 4876 4875 2251
f 4694 4876 2251
f 2251 2248 4694
f 2248 2250 4694
f 4695 4694 2250
f 4904 4695 2250
f 2250 2550 4904
f 5004 4904 2550
f 2550 2556 5004
f 5005 5004 2556
f 2556 2554 5005
f 5005 2554 2552
f 2552 5027 5005
f 5025 5005 5027
f 5026 5025 5027
f 5026 5027 5021
f 5020 5026 5021
f 5020 5021 5022
f 5015 5020 5022
f 5015 5022 5016
f 5014 5015 5016
f 5014 5016 5040
f 5039 5014 5040
f 5039 5040 5043
f 5041 5039 5043
f 5041 5043 5037
f 5036 5041 5037
f 5036 5037 5038
f 5042 5036 5038
f 5042 5038 5018
f 5017 5042 5018
f 5017 5018 5019
f 5047 5017 5019
f 5047 5019 5048
f 5046 5047 5048
f 5046 5048 5045
f 5013 5046 5045
f 5013 5045 4992
f 4991 5013 4992
f 4991 4992 4993
f 5051 4991 4993
f 5051 4993 5052
f 5050 5051 5052
f 5052 4994 5050
f 4996 5050 4994
f 4994 4995 4996
f 5000 4996 4995
f 4995 4997 5000
f 4999 5000 4997
f 4997 4998 4999
f 5002 4999 4998
f 4998 5001 5002
f 5049 5002 5001
f 5001 4965 5049
f 4966 5049 4965
f 4965 4957 4966
f 4959 4966 4957
f 4957 4958 4959
f 4967 4959 4958
f 4958 4963 4967
f 4963 4964 4967
f 2507 4967 4964
f 4964 2508 2507
f 2506 2507 2508
f 2506 2508 2509
f 4955 2506 2509
f 2509 2510 4955
f 5054 4955 2510
f 2510 4962 5054
f 4961 5054 4962
f 4960 4961 4962
f 4960 4962 4964
f 4960 2770 4961
f 2491 4961 2770
f 2770 2550 2491
f 2491 2550 2562
f 2491 2562 2557
f 2491 2557 2558
f 2491 2558 2769
f 2491 2769 2501
f 2491 2501 2502
f 2491 2502 2767
f 2492 2491 2767
f 2498 2482 2492
f 2497 2482 2498
f 2771 2482 2563
f 2496 2482 2771
f 2489 2482 2496
f 2494 2250 2495
f 2495 2250 2477
f 2477 2250 2249
f 2477 2249 2772
f 2483 2482 2488
f 2482 2483 2479
f 2479 4954 2482
f 4953 2482 4954
f 4953 4954 4955
f 4954 4894 4955
f 4954 4892 4894
f 4892 4893 4894
f 4894 4893 2506
f 2511 2506 4893
f 4893 2512 2511
f 2512 2513 2511
f 2511 2513 2507
f 2513 2512 2503
f 2513 2503 4967
f 2504 2503 2512
f 2504 2512 4971
f 4971 2519 2504
f 2519 2505 2504
f 2505 2519 2518
f 5049 2505 2518
f 2517 2518 2519
f 2517 2519 4975
f 4975 2523 2517
f 2523 2520 2517
f 2520 2523 2522
f 4999 2520 2522
f 2521 2522 2523
f 2521 2523 4979
f 4979 2527 2521
f 2527 2524 2521
f 2524 2527 2526
f 4996 2524 2526
f 2525 2526 2527
f 4982 2525 2527
f 2525 4982 5053
f 5053 4986 2525
f 2516 2525 4986
f 2516 4986 2514
f 2514 2515 2516
f 2528 2516 2515
f 5051 2528 2515
f 2515 2514 2609
f 4991 2515 2609
f 2630 2609 2514
f 2514 4988 2630
f 5012 2630 4988
f 4987 5012 4988
f 4985 4987 4988
f 4985 4988 4986
f 4984 4985 4986
f 4984 2436 4985
f 2620 4985 2436
f 2620 2436 2622
f 2622 2623 2620
f 2624 2620 2623
f 2417 1605 2800
f 2800 1605 2397
f 2396 2397 1605
f 1605 2589 2396
f 2392 2389 2393
f 2393 2389 2801
f 1412 2801 2389
f 2389 996 1412
f 1412 996 1413
f 1536 995 1537
f 1545 1537 995
f 995 1014 1545
f 1552 1013 1554
f 1409 1554 1013
f 1013 1408 1409
f 1409 1408 1622
f 2543 2576 2413
f 2413 2576 2414
f 2413 2414 2415
f 1575 1576 1577
f 1577 2590 1575
f 1577 2591 2590
f 2590 2591 2592
f 2593 2428 2587
f 2587 2428 2588
f 2588 2428 2625
f 2426 2424 2764
f 2764 2424 2423
f 2408 2162 2411
f 2411 2162 2412
f 2457 2412 2162
f 2162 2620 2457
f 2457 2620 2626
f 2626 2620 2627
f 2407 2162 2408
f 2163 2162 2407
f 2161 2162 2163
f 2163 2791 2161
f 2794 2161 2791
f 2402 2161 2794
f 2401 2161 2402
f 2424 2161 2401
f 2424 5007 2161
f 5006 2161 5007
f 5006 5007 5008
f 5006 5008 5012
f 5008 2599 5012
f 5011 2599 5008
f 2599 5011 2597
f 2597 2598 2599
f 2760 2599 2598
f 2714 2599 2759
f 2713 2599 2714
f 2618 2599 2619
f 2635 2599 2618
f 2629 2599 2634
f 2599 2629 2630
f 2758 2630 2629
f 2742 2630 2758
f 2757 2630 2741
f 2756 2630 2757
f 2754 2630 2755
f 2752 2630 2754
f 2750 2630 2752
f 2636 2751 2641
f 2636 2641 2640
f 2636 2640 2749
f 2636 2749 2638
f 2637 2636 2638
f 2637 2638 2639
f 2747 2632 2637
f 2633 2632 2747
f 2633 2747 2748
f 2649 2631 2746
f 2649 2632 2631
f 2745 2632 2649
f 2744 2607 2745
f 2738 2607 2744
f 2743 2607 2737
f 2740 2607 2743
f 2739 2607 2740
f 2763 2541 2753
f 2542 2541 2763
f 2540 2541 2542
f 2716 2541 2687
f 2541 2716 2610
f 5042 2541 2610
f 2715 2610 2716
f 2686 2610 2715
f 2611 2610 2685
f 2610 2611 2612
f 2610 2612 5036
f 2612 2616 5036
f 2612 2680 2616
f 2679 2616 2680
f 2681 2612 2682
f 2682 2612 2683
f 2719 2672 2704
f 2704 2672 2658
f 2655 2658 2672
f 2672 5035 2655
f 5030 2655 5035
f 5028 5030 5035
f 5034 5028 5035
f 5034 5035 5024
f 5023 5034 5024
f 5023 5024 5010
f 5009 5023 5010
f 5009 5010 5011
f 5007 5009 5011
f 5010 2603 5011
f 5009 2591 5023
f 2591 5009 2428
f 2428 5009 2424
f 5024 2603 5010
f 2603 5024 2670
f 2670 2606 2603
f 2605 2603 2606
f 2671 2670 2712
f 2712 2670 2710
f 2710 2670 2675
f 2675 2672 2676
f 2676 2672 2718
f 2672 2675 2670
f 2669 2670 2671
f 2691 2603 2709
f 2604 2603 2691
f 2602 2603 2604
f 2761 2597 2762
f 2603 2762 2597
f 2601 2597 2761
f 2614 2597 2600
f 2613 2597 2614
f 2600 2597 2601
f 2762 2603 2602
f 2709 2603 2605
f 2606 2670 2669
f 2670 5024 2672
f 5023 2591 5034
f 5034 2586 5028
f 5028 2586 5029
f 2277 5029 2586
f 2277 2586 2661
f 2661 2662 2277
f 2726 2277 2662
f 2572 2657 2727
f 2727 2657 2728
f 2728 2657 2674
f 2663 2277 2664
f 2278 2277 2663
f 2276 2277 2278
f 2276 5031 2277
f 5031 2276 5044
f 5031 5044 5032
f 5031 5032 5033
f 5029 5031 5033
f 5029 5033 5030
f 5032 2568 5033
f 2579 5033 2568
f 2568 2578 2579
f 2667 2579 2578
f 2567 2568 2569
f 2569 2568 2595
f 2595 2568 2673
f 2708 2690 2711
f 2711 2690 2693
f 2693 2690 2689
f 2689 2678 2692
f 2692 2678 2688
f 2677 2616 2615
f 2615 2616 2617
f 2616 2677 2678
f 2616 2678 5039
f 2654 2655 2656
f 2656 2655 2665
f 2579 2665 2655
f 2665 2579 2721
f 2722 2579 2666
f 2721 2579 2722
f 2720 2655 2654
f 2701 2655 2720
f 2659 2655 2701
f 2688 2678 2677
f 2678 2689 2690
f 2678 2690 5014
f 2690 2547 5014
f 2690 2695 2547
f 2694 2547 2695
f 2548 2547 2696
f 2547 2548 2271
f 2547 2271 5020
f 2702 2271 2548
f 2272 2271 2702
f 2270 2271 2272
f 2674 2271 2270
f 2702 2548 2703
f 2698 2276 2707
f 2707 2276 2706
f 2706 2276 2705
f 2234 2276 2698
f 2698 2699 2234
f 2700 2234 2699
f 2235 2234 2700
f 2668 2234 2233
f 2234 2668 2568
f 2233 2234 2235
f 2696 2547 2694
f 2695 2690 2697
f 2697 2690 2708
f 2673 2568 2668
f 2666 2579 2667
f 2578 2568 2567
f 2655 5033 2579
f 2568 5032 2234
f 5044 2234 5032
f 2234 5044 2276
f 2278 2705 2276
f 2271 2674 2657
f 2271 2657 5026
f 2574 2657 2572
f 2657 2574 2581
f 2657 2581 5025
f 5003 5025 2581
f 2581 2576 5003
f 2576 1408 5003
f 4951 5003 1408
f 4903 4951 1408
f 4951 4903 4904
f 5003 4951 5004
f 2576 2581 2580
f 2580 2583 2576
f 2582 2581 2660
f 2580 2581 2582
f 2660 2581 2574
f 2660 2574 2573
f 2664 2277 2726
f 2723 2586 2724
f 2724 2586 2585
f 2584 2585 2586
f 2586 1577 2584
f 2584 1577 2394
f 2394 1577 2395
f 2661 2586 2723
f 5029 2277 5031
f 2586 5034 1577
f 5028 5029 5030
f 5033 2655 5030
f 5035 2672 5024
f 2658 2655 2659
f 2718 2672 2719
f 2683 2684 2717
f 2683 2612 2684
f 2617 2616 2679
f 2680 2612 2681
f 2684 2612 2611
f 2685 2610 2686
f 2687 2541 2540
f 2753 2541 2608
f 2607 2608 2541
f 2607 2541 5047
f 5047 2632 2607
f 2608 2607 2739
f 2737 2607 2738
f 2632 2745 2607
f 2631 2632 2633
f 2636 2637 2632
f 2636 2632 5013
f 5013 2609 2636
f 2640 2641 2642
f 2636 2750 2751
f 2636 2630 2750
f 2755 2630 2756
f 2741 2630 2742
f 2634 2599 2635
f 2619 2599 2713
f 2759 2599 2760
f 2598 2597 2613
f 2597 5011 2603
f 5007 5011 5008
f 5007 2424 5009
f 2161 5006 2162
f 4987 2162 5006
f 2401 2425 2424
f 2423 2424 2425
f 2428 2424 2426
f 2426 2427 2428
f 2625 2428 2427
f 2591 2428 2593
f 2593 2594 2591
f 2592 2591 2594
f 1577 5034 2591
f 2395 1577 1576
f 2414 2576 2583
f 1408 2576 2543
f 2543 2419 1408
f 2418 1408 2419
f 2596 1408 2418
f 1622 1408 2596
f 1408 1013 4903
f 4658 4903 1013
f 1013 5288 4658
f 2380 2254 2267
f 1602 1605 2386
f 1013 2239 5293
f 1013 995 2239
f 996 995 2273
f 2380 1602 2420
f 2420 2765 2380
f 2430 2380 2765
f 2378 2379 2254
f 2400 2254 2379
f 2399 2254 2400
f 2255 2406 2253
f 2253 2254 2255
f 2790 2253 2406
f 2409 2253 2793
f 2628 2410 2409
f 2792 2410 2628
f 2796 2410 2792
f 2473 2445 2778
f 2778 2445 2780
f 2780 2445 2444
f 2444 2257 2455
f 2455 2257 2256
f 2256 2257 2258
f 2461 2410 2797
f 2789 2462 2461
f 2460 2461 2462
f 2460 2431 2461
f 2788 2431 2460
f 2458 2431 2788
f 2432 2431 2458
f 2440 2433 2432
f 2463 2433 2440
f 2464 2433 2463
f 2465 2464 2469
f 2786 2433 2465
f 2450 2449 2786
f 2448 2449 2450
f 2784 2449 2448
f 2783 2449 2785
f 2470 2467 2471
f 2468 2467 2470
f 2466 2467 2468
f 2534 2251 2779
f 2779 2251 2774
f 2774 2251 2775
f 2775 2251 2466
f 2533 2251 2534
f 2252 2251 2533
f 2776 2248 2252
f 2781 2248 2776
f 2529 2248 2777
f 2454 2248 2529
f 2249 2248 2454
f 2777 2248 2781
f 2490 2479 2486
f 2486 2479 2487
f 2773 2479 2490
f 2480 2479 2773
f 2577 2481 2480
f 2766 2481 2577
f 2485 2481 2766
f 2484 2481 2485
f 2479 2480 2481
f 2481 4892 2479
f 4892 2481 4968
f 2441 4968 2481
f 2481 2478 2441
f 4968 2441 4970
f 4968 4970 4969
f 4968 4969 4893
f 4970 4971 4969
f 4970 4972 4971
f 4972 4973 4971
f 4972 4974 4973
f 4974 4975 4973
f 4974 4976 4975
f 4976 4977 4975
f 4976 4978 4977
f 4978 4979 4977
f 4978 4981 4979
f 4981 4982 4979
f 4981 4983 4982
f 4981 2438 4983
f 2404 4983 2438
f 2438 2799 2404
f 2798 2404 2799
f 2405 2404 2434
f 2403 2404 2405
f 2404 2403 2436
f 2435 2436 2403
f 2459 2436 2456
f 2456 2436 2435
f 2437 2438 2439
f 2439 2438 2787
f 1572 1511 1510
f 1510 1511 1512
f 1512 1511 2472
f 2446 2445 2447
f 2445 2446 1511
f 1511 4978 2445
f 2472 1511 2446
f 1511 1572 2438
f 2787 2438 1572
f 2434 2404 2798
f 2799 2438 2437
f 2436 4983 2404
f 2438 4981 1511
f 4978 1511 4981
f 4976 2445 4978
f 4974 2445 4976
f 2445 4974 2257
f 4972 2257 4974
f 2257 4972 2452
f 2452 2451 2257
f 2451 2452 2453
f 2531 2443 2536
f 2536 2443 2537
f 2537 2443 2538
f 2442 2441 2474
f 2474 2441 2475
f 2475 2441 2476
f 2441 2442 2443
f 2539 2443 2442
f 2538 2443 2539
f 2443 2531 2452
f 2452 4970 2443
f 2530 2452 2531
f 2535 2452 2530
f 2532 2452 2535
f 2453 2452 2532
f 4970 2452 4972
f 2443 4970 2441
f 2478 2481 2484
f 2476 2441 2478
f 2471 2467 2782
f 2782 2467 2783
f 2785 2449 2784
f 2465 2433 2464
f 2258 2257 2451
f 2257 2444 2445
f 2447 2445 2473
f 2797 2410 2796
f 2793 2253 2790
f 2255 2254 2399
f 2378 2380 2795
f 2795 2380 2429
f 2429 2380 2430
f 2421 1602 2422
f 2422 1602 2416
f 2420 1602 2421
f 2254 2380 2378
f 4939 4897 4940
f 4897 4896 4943
f 4896 4901 4942
f 4383 4384 4385
f 4383 4385 4694
f 4385 4874 4876
f 4874 4939 4875
f 1013 5293 5288
f 4903 4658 4383
f 4903 4383 4695
f 1014 1013 1552
f 995 1013 1014
f 2725 995 1536
f 2273 995 2725
f 2273 2279 996
f 2398 996 2279
f 1413 996 2398
f 2589 2389 2392
f 1605 2389 2589
f 2386 1605 2417
f 2386 2416 1602
f 2627 2620 2624
f 2622 2436 2459
f 2162 4985 2620
f 4983 2436 4984
f 4983 4984 5053
f 4985 2162 4987
f 4987 5006 5012
f 2630 5012 2599
f 2609 2630 2636
f 4988 2514 4986
f 2516 2528 2525
f 4984 4986 5053
f 4983 5053 4982
f 2526 2525 2528
f 5050 2526 2528
f 2527 4979 4982
f 4977 4979 2523
f 2522 2521 2524
f 5000 2522 2524
f 2523 4975 4977
f 4973 4975 2519
f 2518 2517 2520
f 5002 2518 2520
f 2519 4971 4973
f 4969 4971 2512
f 2503 2504 2505
f 4966 2503 2505
f 2512 4893 4969
f 4892 4968 4893
f 2482 4953 2491
f 4954 2479 4892
f 2500 2479 2483
f 2499 2479 2500
f 2487 2479 2499
f 2493 2250 2494
f 2566 2250 2493
f 2575 2250 2565
f 2570 2550 2571
f 2571 2550 2768
f 2551 2550 2570
f 2549 2550 2551
f 2549 2551 2564
f 2559 2549 2560
f 2561 2550 2559
f 2559 2550 2549
f 2768 2550 2575
f 2565 2250 2566
f 2488 2482 2489
f 2563 2482 2497
f 2491 2492 2482
f 2562 2550 2561
f 4961 2491 4953
f 2770 4960 2555
f 2555 2556 2770
f 4963 2555 4960
f 2555 4963 2553
f 2553 2554 2555
f 4961 4953 5054
f 4962 2510 2508
f 4953 4955 5054
f 2506 4955 4894
f 2509 2508 2510
f 2511 2507 2506
f 2508 4964 4962
f 4967 2507 2513
f 4963 4960 4964
f 4958 2553 4963
f 2553 4958 2546
f 2546 2552 2553
f 2552 2546 2545
f 2545 5021 2552
f 2544 2545 2546
f 2546 4957 2544
f 2545 2544 2653
f 2653 5022 2545
f 5022 2653 2647
f 2653 2648 2647
f 2646 2647 2648
f 2648 5001 2646
f 5001 2648 2544
f 2647 2646 2650
f 2650 5040 2647
f 2652 2650 2646
f 2646 4998 2652
f 2650 2652 2729
f 2729 5043 2650
f 5043 2729 2643
f 2729 2730 2643
f 2644 2643 2730
f 4994 2644 2730
f 2644 4994 2651
f 2651 2645 2644
f 2645 2651 2731
f 2731 5018 2645
f 2731 2651 2732
f 2731 2732 2733
f 2733 5019 2731
f 5019 2733 2735
f 2733 2734 2735
f 2735 2734 2736
f 2736 5045 2735
f 5045 2736 2734
f 2733 2732 2734
f 2732 4993 2734
f 2651 5052 2732
f 2643 2644 2645
f 2645 5038 2643
f 2730 2729 2652
f 2652 4997 2730
f 2648 2653 2544
f 4959 4967 2503
f 4957 2546 4958
f 2503 4966 4959
f 4965 2544 4957
f 2505 5049 4966
f 2544 4965 5001
f 2518 5002 5049
f 4998 2646 5001
f 2520 4999 5002
f 4997 2652 4998
f 2522 5000 4999
f 4995 2730 4997
f 2524 4996 5000
f 2730 4995 4994
f 2526 5050 4996
f 5052 2651 4994
f 2528 5051 5050
f 4993 2732 5052
f 2515 4991 5051
f 4992 2734 4993
f 2609 5013 4991
f 2734 4992 5045
f 5046 5013 2632
f 5048 2735 5045
f 2632 5047 5046
f 2735 5048 5019
f 5017 5047 2541
f 5018 2731 5019
f 2541 5042 5017
f 5038 2645 5018
f 5036 5042 2610
f 5037 2643 5038
f 5041 5036 2616
f 2643 5037 5043
f 5039 5041 2616
f 5040 2650 5043
f 5014 5039 2678
f 5016 2647 5040
f 5015 5014 2547
f 2647 5016 5022
f 5020 5015 2547
f 5021 2545 5022
f 5026 5020 2271
f 5025 5026 2657
f 5025 5003 5005
f 5027 2552 5021
f 2554 2553 2552
f 2556 2555 2554
f 5003 5004 5005
f 2550 2770 2556
f 4951 4904 5004
f 2250 2575 2550
f 4903 4695 4904
f 4383 4694 4695
f 2248 2249 2250
f 2251 2252 2248
f 4385 4876 4694
f 4874 4875 4876
f 2467 2466 2251
f 2449 2783 2467
f 4939 4940 4875
f 2433 2786 2449
f 4897 4943 4940
f 2431 2432 2433
f 4896 4942 4943
f 2410 2461 2431
f 4901 4952 4942
f 4901 4956 4952
f 2253 2409 2410
f 2254 2253 2377
f 4901 4944 4956

usemtl Green_0
f 5316 355 508
f 5316 508 490
f 35 5316 490
f 5316 391 510
f 310 5316 510
f 5318 310 153
f 5318 153 361
f 361 5317 5318
f 56 5316 2193
f 2193 2194 255
f 2194 2195 41
f 2196 2197 160
f 2197 2198 256
f 2199 2200 133
f 2200 2201 257
f 2201 2202 258
f 2203 2204 260
f 2204 2205 261
f 2205 2206 262
f 2207 2208 263
f 2208 2209 264
f 2209 2210 265
f 2213 2214 267
f 2212 2213 37
f 2214 1004 268
f 1004 1006 17
f 287 2215 2268
f 288 2268 1535
f 1535 2231 150
f 230 2231 2232
f 102 2232 1542
f 129 102 1542
f 1542 2 129
f 1105 280 1542
f 2218 1105 2221
f 139 2218 2219
f 113 2219 1608
f 2219 113 279
f 273 2219 279
f 2241 146 1608
f 55 146 2241
f 2241 3 55
f 2241 2242 3
f 2242 1016 74
f 1016 136 74
f 136 1016 281
f 91 1016 1015
f 1017 2240 5
f 2240 2216 164
f 2071 2216 2217
f 2071 2217 2220
f 2070 2071 2072
f 2070 2384 2071
f 2385 2071 2384
f 1597 1596 2118
f 2088 2118 1596
f 1596 1607 3472
f 1599 1690 1689
f 1688 1689 1690
f 1598 1599 1600
f 1600 1599 2103
f 1690 1599 1598
f 2180 2103 1599
f 1697 1696 2180
f 2101 1698 1697
f 2076 2075 2101
f 2118 2087 2143
f 2118 2143 2142
f 2118 2142 2141
f 2118 2141 2140
f 2118 2140 2139
f 2118 2139 2138
f 2118 2138 2137
f 2118 2137 2136
f 2118 2136 2135
f 2118 2135 2134
f 2118 2134 2133
f 2118 2133 2132
f 2118 2132 2131
f 2118 2131 2130
f 2118 2130 2129
f 2118 2129 2128
f 2118 2128 2127
f 2118 2127 2126
f 2118 2126 2125
f 2118 2125 2124
f 2118 2124 2123
f 2118 2123 2122
f 2118 2122 2121
f 2118 2121 2119
f 2118 2119 2120
f 4851 4827 4287
f 4865 4851 4287
f 4833 4865 4287
f 4866 4833 4287
f 4861 4866 4287
f 4862 4861 4287
f 4286 4862 4287
f 4285 4286 4287
f 4287 4314 4285
f 4297 4285 4314
f 4314 4299 4297
f 4298 4297 4299
f 4299 4692 4298
f 4266 4298 4692
f 4692 4267 4266
f 4265 4266 4267
f 4267 5098 4265
f 5098 5097 4265
f 5097 5096 4265
f 5096 4685 4265
f 4685 4413 4265
f 4413 4414 4265
f 4888 4265 4414
f 5118 4888 4414
f 5119 5118 4414
f 4882 5119 4414
f 4883 4882 4414
f 4410 4883 4414
f 4411 4410 4414
f 4547 4411 4414
f 4548 4547 4414
f 4528 4548 4414
f 4529 4528 4414
f 4520 4529 4414
f 5120 4520 4414
f 5121 5120 4414
f 4881 5121 4414
f 4440 4881 4414
f 4414 4889 4440
f 4889 4890 4440
f 4890 4689 4440
f 4689 4690 4440
f 4690 4684 4440
f 4684 4431 4440
f 4431 4439 4440
f 4265 4841 4285
f 4841 4840 4285
f 4840 4839 4285
f 4839 4838 4285
f 4838 4837 4285
f 4837 4836 4285
f 4836 4798 4285
f 4798 4800 4285
f 2166 2167 70
f 2166 70 401
f 2166 401 123
f 2166 123 369
f 368 2166 369
f 367 5258 368
f 5258 367 357
f 367 439 357
f 5244 357 365
f 47 5244 365
f 47 407 286
f 5244 286 364
f 43 5244 364
f 5244 43 363
f 360 5244 363
f 366 395 427
f 4800 366 427
f 4800 427 441
f 4286 4800 441
f 413 4286 441
f 447 433 445
f 433 4286 445
f 433 417 4286
f 417 313 4286
f 525 483 521
f 455 521 4862
f 453 455 4862
f 453 4862 405
f 453 405 435
f 485 429 487
f 527 487 501
f 497 527 501
f 501 4862 497
f 499 497 4862
f 529 499 4862
f 529 4862 421
f 529 421 449
f 421 4862 313
f 491 4862 501
f 423 4862 491
f 423 491 399
f 429 501 487
f 423 409 4862
f 409 405 4862
f 503 4862 521
f 503 221 4862
f 5313 254 388
f 5313 5317 254
f 254 5317 358
f 5115 5313 389
f 5115 389 432
f 5115 432 512
f 5115 512 514
f 514 516 5115
f 516 496 5115
f 496 480 5115
f 480 518 5115
f 518 444 5115
f 5115 444 520
f 520 412 5115
f 412 482 5115
f 482 464 5115
f 5115 464 478
f 478 476 5115
f 476 474 5115
f 474 458 5115
f 458 468 5115
f 468 472 5115
f 472 470 5115
f 470 452 5115
f 5115 452 394
f 5115 394 370
f 4945 5115 370
f 4899 4990 4989
f 5094 4899 4989
f 4877 5094 4989
f 4877 4989 4668
f 4877 4668 4667
f 4524 4877 4667
f 4524 4667 4525
f 4524 4525 4526
f 4524 4526 4725
f 4524 4725 4980
f 4524 4980 4717
f 4714 4524 4717
f 4714 4717 4715
f 4714 4715 4687
f 4686 4714 4687
f 4686 4687 4688
f 4718 4686 4688
f 4718 4688 4719
f 4718 4719 4720
f 4726 4718 4720
f 4726 4720 4729
f 4728 4726 4729
f 4728 4729 4727
f 4728 4727 4693
f 4692 4728 4693
f 4692 4693 4401
f 5319 5306 5309
f 5305 5309 5306
f 4431 4433 4434
f 4431 4434 4435
f 4431 4435 4436
f 4431 4436 4437
f 4431 4437 4367
f 4431 4367 4366
f 4431 4366 4438
f 2168 2169 39
f 2168 39 83
f 83 242 2168
f 241 2167 242
f 2391 1404 1544
f 2275 2391 1544
f 997 2275 1544
f 1032 997 1544
f 1031 1032 1544
f 2274 1031 1544
f 988 2274 1544
f 989 988 1544
f 991 989 1544
f 814 991 1544
f 815 814 1544
f 1654 815 1544
f 1673 1654 1544
f 1674 1673 1544
f 1695 1674 1544
f 3462 1695 1544
f 3461 5306 5307
f 3461 5307 5312
f 3461 5312 5310
f 3461 5310 5311
f 3461 5311 5321
f 3461 5321 5320
f 3461 5320 1695
f 5307 5306 5308
f 2173 245 1623
f 1624 1623 207
f 1544 246 2173
f 3461 1695 3462
f 1544 1404 321
f 57 321 1404
f 320 1544 321
f 30 1544 320
f 1544 30 151
f 151 2244 1544
f 1544 2244 2228
f 1544 2228 1704
f 1703 1544 1704
f 3544 1703 1704
f 2228 2230 2246
f 2245 2246 2230
f 2190 1544 2191
f 2189 1544 2190
f 2186 1544 2189
f 2181 1544 2183
f 1544 2181 138
f 2183 1544 2186
f 2191 1544 1703
f 1704 2228 2246
f 2244 338 1671
f 2244 151 338
f 1671 338 7
f 1671 7 214
f 1671 214 215
f 2621 305 306
f 2621 306 307
f 2181 80 138
f 1544 138 253
f 222 1544 253
f 4 1544 222
f 1544 4 246
f 246 140 2173
f 2173 140 142
f 2173 142 245
f 1623 245 145
f 1623 145 163
f 1623 163 243
f 27 1623 243
f 1623 27 205
f 205 207 1623
f 1624 207 244
f 237 1624 244
f 236 1624 237
f 132 1624 236
f 2169 1624 132
f 2169 132 187
f 39 2169 187
f 4431 4432 4433
f 5305 4432 5315
f 5315 5314 5305
f 4432 5305 4433
f 5309 5305 5314
f 5308 5306 5319
f 4728 4692 4726
f 4941 4726 4692
f 4941 4692 5057
f 4949 4941 5057
f 4949 5057 4938
f 4948 4949 4938
f 4948 4938 4937
f 4947 4948 4937
f 4946 4947 4937
f 4946 4937 4773
f 4945 4946 4773
f 4647 4287 4310
f 4647 4310 5259
f 4647 5259 5260
f 4647 5260 5261
f 4647 5261 5262
f 4647 5262 5256
f 4647 5256 5257
f 4647 5257 5255
f 5255 5241 4647
f 5241 5255 5240
f 5239 5240 5253
f 5253 5263 5239
f 5263 5249 5239
f 5249 5250 5239
f 5250 5254 5239
f 5254 5251 5239
f 5248 5239 5251
f 5238 5246 2120
f 5238 5245 5246
f 5245 5238 5264
f 5247 5264 5238
f 5239 5247 5238
f 5239 5248 5247
f 4568 4746 4287
f 4569 4568 4287
f 4724 4569 4287
f 4312 4724 4287
f 4313 4312 4287
f 4826 4313 4287
f 4746 4745 4287
f 4745 4830 4287
f 4830 4829 4287
f 4829 4864 4287
f 4864 4758 4287
f 4758 4820 4287
f 4820 4819 4287
f 4819 4336 4287
f 4336 4335 4287
f 4335 4337 4287
f 4337 4527 4287
f 4527 4863 4287
f 5242 5243 5240
f 5243 5252 5240
f 5252 5253 5240
f 5255 5242 5240
f 4863 4310 4287
f 4718 4950 4686
f 4714 4900 4873
f 4902 4895 4877
f 4714 4873 4524
f 4524 4902 4877
f 4877 5095 5094
f 4899 4898 4990
f 4945 4773 5115
f 65 5313 390
f 390 5313 398
f 420 5313 65
f 420 354 5313
f 389 5313 354
f 5313 388 398
f 483 503 521
f 445 4286 425
f 425 4286 413
f 427 415 441
f 4800 304 366
f 304 4800 360
f 5244 47 286
f 367 437 439
f 70 2167 241
f 2167 2168 242
f 5258 2166 368
f 5244 5258 357
f 4800 5244 360
f 4431 4438 4439
f 4692 4401 4267
f 4298 4266 4265
f 4297 4298 4265
f 4285 4297 4265
f 4286 4285 4800
f 4862 4286 313
f 4827 4826 4287
f 295 303 2385
f 2120 2119 5238
f 3472 2383 2076
f 2118 2088 2087
f 1595 1596 1597
f 1607 1596 1595
f 2383 3472 1607
f 2077 2076 2383
f 2075 2076 2077
f 2102 2101 2075
f 1698 2101 2102
f 1696 1697 1698
f 2103 2180 1696
f 2078 1689 1688
f 1689 2078 2070
f 303 2071 2385
f 2384 2070 2078
f 2216 2071 302
f 104 1015 1017
f 2218 124 1105
f 2105 2215 270
f 2104 2105 149
f 1006 2104 269
f 2211 2212 158
f 2210 2211 266
f 2206 2207 45
f 2202 2203 259
f 2198 2199 10
f 2195 2196 223
f 5317 361 358
f 310 5318 5316
f 5316 35 391
f 355 5316 494
f 5316 106 494
f 56 106 5316
f 56 2193 255
f 2194 41 255
f 2195 223 41
f 2196 160 223
f 2197 256 160
f 2198 10 256
f 2199 133 10
f 2200 257 133
f 2201 258 257
f 2202 259 258
f 2203 260 259
f 2204 261 260
f 2205 262 261
f 2206 45 262
f 2207 263 45
f 2208 264 263
f 2209 265 264
f 2210 266 265
f 2211 158 266
f 2212 37 158
f 2213 267 37
f 2214 268 267
f 1004 17 268
f 1006 269 17
f 2104 149 269
f 2105 270 149
f 2215 206 270
f 206 2215 287
f 289 287 2268
f 2268 288 289
f 175 288 1535
f 1535 150 175
f 230 150 2231
f 154 230 2232
f 2232 102 154
f 2 1542 280
f 211 280 1105
f 1105 52 211
f 52 1105 124
f 26 124 2218
f 26 2218 141
f 2218 139 141
f 273 139 2219
f 73 113 1608
f 73 1608 200
f 1608 146 200
f 22 3 2242
f 22 2242 74
f 1016 91 281
f 104 91 1015
f 101 104 1017
f 101 1017 155
f 155 1017 156
f 1017 5 156
f 164 5 2240
f 2216 285 164
f 2216 121 285
f 121 2216 302
f 2071 303 302

usemtl Turquoise_0
f 1584 3699 1585
f 3699 3697 1585
f 3697 1581 1585
f 1581 3697 1582
f 3697 1570 1582
f 3697 3799 1570
f 3799 1569 1570
f 1569 3799 1083
f 1083 3799 1084
f 3799 1082 1084
f 3708 1082 3799
f 3799 3800 3708
f 3709 3708 3800
f 1425 3709 3800
f 1425 3800 1426
f 3561 549 550
f 3561 550 3551
f 3550 3561 3551
f 3550 3551 3552
f 3552 1313 3550
f 1183 3550 1313
f 1175 3558 1184
f 3550 1184 3558
f 3558 1175 1177
f 3558 1177 3556
f 3556 3557 3558
f 3561 3558 3557
f 3557 551 3561
f 3561 551 541
f 1724 3557 1723
f 3557 3565 1723
f 3565 1721 1723
f 1721 3565 548
f 3567 1722 547
f 3567 547 3565
f 3565 3566 3567
f 3564 3567 3566
f 3564 3566 1262
f 1263 3564 1262
f 3564 1301 1304
f 3564 1304 3562
f 3562 3563 3564
f 3563 3562 3762
f 3762 1316 3563
f 3563 1316 1168
f 3563 1168 555
f 3563 555 3567
f 3567 555 538
f 1315 3762 1314
f 3762 3752 1314
f 3752 1308 1314
f 3752 1305 1308
f 3764 1297 1298
f 3764 1298 3752
f 3752 3751 3764
f 3760 3764 3751
f 3760 3751 1257
f 1257 1280 3760
f 1280 1281 3760
f 1320 3760 1281
f 1319 3758 1321
f 3758 3760 1321
f 3758 3759 3760
f 3759 3758 3757
f 3757 1285 3759
f 3759 1285 1266
f 1300 3759 1266
f 3764 1323 1299
f 3759 1323 3764
f 3759 1300 1323
f 1291 3757 1287
f 1287 3757 1286
f 3754 1286 3757
f 3757 3755 3754
f 3750 3754 3755
f 3750 3755 1277
f 1277 1250 3750
f 1278 3750 1250
f 1324 1275 3748
f 3748 3750 1324
f 3748 3749 3750
f 3749 3748 3756
f 3756 1178 3749
f 3749 1178 1180
f 1293 3749 1180
f 3749 1289 1290
f 3749 1290 3754
f 1292 3754 1290
f 1289 3749 1293
f 1264 3756 1236
f 3744 1236 3756
f 3756 3747 3744
f 3745 3744 3747
f 3745 3747 1341
f 1341 1330 3745
f 3745 1330 1329
f 3745 1329 1331
f 1331 1339 3745
f 3740 3745 1339
f 1339 1340 3740
f 3740 1340 1863
f 3723 3740 1863
f 1863 3058 3723
f 3058 1332 3723
f 1332 1338 3723
f 1335 3723 1338
f 1217 3721 1215
f 3721 3723 1215
f 3721 3724 3723
f 3722 3723 3724
f 3722 3724 1261
f 1322 3722 1261
f 3746 1268 1269
f 1272 3746 1269
f 3746 1273 1274
f 3746 1274 3744
f 3744 1274 1270
f 1235 3744 1270
f 1273 3746 1272
f 3722 1268 3746
f 3746 3740 3722
f 1254 3724 1224
f 3724 3720 1224
f 1224 3720 1279
f 1249 3726 1248
f 1248 3726 1252
f 3726 1255 1252
f 1234 3728 1232
f 1232 3728 1350
f 1350 3728 1245
f 3741 1349 1246
f 1247 3741 1246
f 1243 3741 1247
f 3741 1243 1245
f 3743 1349 3741
f 3741 3742 3743
f 3812 3743 3742
f 3812 3742 1231
f 3812 1231 1205
f 3812 1205 1229
f 1362 3812 1229
f 3733 1363 1354
f 3733 1354 1355
f 1459 3733 1355
f 3731 1494 1202
f 3817 3731 1202
f 1202 1485 3817
f 1490 3817 1485
f 1491 1479 1495
f 1495 3817 1491
f 1495 3780 3817
f 3818 3817 3780
f 3818 3780 1334
f 1361 3818 1334
f 1486 3732 1220
f 3732 1486 1493
f 3774 3732 1493
f 1336 3774 1493
f 1239 3743 1237
f 1348 3743 1239
f 3743 1337 1237
f 3774 1337 3743
f 3774 1336 1337
f 3774 3733 3732
f 3731 3732 3733
f 3731 3733 1484
f 3732 3731 3818
f 3818 1357 3732
f 3733 3774 3812
f 3732 1357 1220
f 1334 1358 1333
f 1210 3780 1208
f 1208 3780 1521
f 3780 1519 1521
f 1071 3779 1069
f 1069 3779 1214
f 3779 3785 1214
f 1214 3785 1199
f 3807 1487 1356
f 3807 1356 3785
f 3785 3806 3807
f 3783 3807 3806
f 3783 3806 1488
f 3783 1488 1388
f 3783 1388 1192
f 1193 3783 1192
f 3783 1193 1188
f 3783 1188 1497
f 1497 1498 3783
f 3781 3783 1498
f 1498 1499 3781
f 3781 1499 1370
f 3802 3781 1370
f 1370 1369 3802
f 1455 3802 1369
f 1467 3809 1468
f 3809 3802 1468
f 3809 3803 3802
f 3801 3802 3803
f 3801 3803 1461
f 1460 3801 1461
f 3782 1483 1500
f 1492 3782 1500
f 3782 1492 1207
f 1359 3782 1207
f 1400 3699 1068
f 3699 1400 1066
f 1072 3699 1066
f 1074 3691 1073
f 3691 3699 1073
f 3691 3690 3699
f 3698 3699 3690
f 1417 3698 3690
f 1417 3690 1419
f 1415 1414 3698
f 3696 3698 1414
f 3696 1414 1095
f 3696 1095 1097
f 3800 3696 1097
f 3800 1097 1418
f 3696 3697 3698
f 3690 1503 1419
f 3690 1504 1503
f 3692 1344 1416
f 3690 3692 1416
f 1344 3692 1342
f 3692 3789 1342
f 3789 1505 1342
f 1506 3789 1507
f 3789 1407 1507
f 3789 1508 1407
f 3694 1078 1508
f 1078 3694 1076
f 3694 3784 1076
f 3784 1399 1076
f 1399 3784 1401
f 3784 3787 1401
f 3787 1509 1401
f 1398 1513 1396
f 3791 1395 1513
f 3787 3791 1513
f 3787 3786 3791
f 3795 3791 3786
f 3786 1514 3795
f 3795 1514 1372
f 1386 3795 1372
f 3795 1387 1385
f 3795 1385 3793
f 3793 3792 3795
f 3792 3793 3794
f 3792 3794 1472
f 1472 1389 3792
f 3792 1389 1391
f 3791 3792 1391
f 1391 1394 3791
f 1471 3794 1469
f 3794 1470 1469
f 1469 1470 1453
f 3797 1451 1470
f 1451 3797 1454
f 3797 1375 1454
f 3797 1376 1375
f 3797 3809 1376
f 3797 3796 3809
f 3796 3797 3798
f 3798 1476 3796
f 3796 1476 1194
f 1196 3796 1194
f 3796 1477 1478
f 3796 1478 3803
f 3803 1478 1463
f 1464 3803 1463
f 3693 1379 1365
f 1380 3693 1365
f 1381 3693 1380
f 1383 3788 1382
f 3693 1382 3788
f 3788 3784 3693
f 3788 1383 1402
f 1045 3788 1402
f 1515 3786 1047
f 3786 3788 1047
f 1047 3788 1045
f 3693 1381 1382
f 3695 1379 3693
f 3693 3694 3695
f 3789 3695 3694
f 3695 3789 3790
f 3695 3790 1368
f 1378 3695 1368
f 1368 1374 1367
f 3790 1373 1374
f 1373 3790 1075
f 3691 1075 3790
f 3790 3692 3691
f 1368 3790 1374
f 3695 1378 1379
f 3793 1384 1393
f 3793 1393 3798
f 3798 1393 1466
f 1475 3798 1466
f 1480 3803 1464
f 1477 3796 1196
f 3798 1475 1476
f 3794 3798 3797
f 3794 3797 1470
f 1471 1472 3794
f 3798 3794 3793
f 3793 1385 1384
f 1387 3795 1386
f 3786 1515 1514
f 3791 3795 3792
f 3786 3787 3788
f 1395 3791 1394
f 3787 1513 1398
f 1509 3787 1398
f 3784 3788 3787
f 3694 3693 3784
f 3789 3694 1508
f 3789 1506 1505
f 3692 3790 3789
f 1504 3690 1416
f 1415 3698 1417
f 3690 3691 3692
f 3691 1074 1075
f 1073 3699 1072
f 1360 3782 1359
f 3807 3782 1360
f 3782 3801 1483
f 3782 3781 3801
f 3801 1460 1483
f 3803 1480 1461
f 3803 3809 3796
f 3809 1467 1376
f 3802 1455 1468
f 3802 3801 3781
f 3781 3782 3783
f 1496 3806 1489
f 3806 3778 1489
f 3778 1465 1489
f 3778 1191 1465
f 3778 1197 1191
f 1495 1482 1197
f 1482 1495 1481
f 3778 1495 1197
f 3778 3779 1495
f 3806 1496 1488
f 3807 3783 3782
f 3806 3785 3778
f 1487 3807 1360
f 3785 1356 1199
f 3779 3778 3785
f 3779 1071 1519
f 3779 1519 3780
f 3780 1210 1358
f 3818 1361 1357
f 1334 3780 1358
f 3780 1495 3779
f 1481 1495 1479
f 3817 1490 1491
f 3817 3818 3731
f 1494 3731 1484
f 3733 1459 1484
f 3733 3812 1363
f 3812 1362 1363
f 1230 3742 1520
f 1523 1520 3742
f 3742 3727 1523
f 1226 1523 3727
f 3727 3725 1226
f 3725 1522 1226
f 1524 3725 1222
f 1211 1222 3725
f 1212 1211 3725
f 3725 3719 1212
f 3719 1228 1212
f 1227 3719 1525
f 3719 3721 1525
f 3719 3720 3721
f 3720 3719 3726
f 1228 3719 1227
f 3725 3726 3719
f 3726 3725 3728
f 3725 1524 1522
f 3727 3728 3725
f 3728 3727 3741
f 3742 1230 1231
f 3743 3812 3774
f 3742 3741 3727
f 3743 1348 1349
f 3741 1245 3728
f 1234 3726 3728
f 1255 3726 1234
f 1249 3720 3726
f 1279 3720 1249
f 3722 1322 1268
f 3724 1254 1261
f 3724 3721 3720
f 3721 1217 1525
f 3723 1335 1215
f 3723 3722 3740
f 3740 3746 3745
f 1327 3748 1325
f 3748 1241 1325
f 3748 1253 1241
f 1327 3747 3748
f 1326 3747 1327
f 1326 1341 3747
f 3744 3745 3746
f 3744 1235 1236
f 3756 1264 1178
f 3747 3756 3748
f 1253 3748 1275
f 1278 1324 3750
f 1276 3755 1284
f 1283 1284 3755
f 3755 3758 1283
f 3758 1282 1283
f 3755 1276 1277
f 3754 3750 3749
f 3754 1292 1286
f 3757 1291 1285
f 3755 3757 3758
f 3758 1319 1282
f 3760 1320 1321
f 1257 3751 1307
f 3753 1318 1307
f 1318 3753 1306
f 3753 3562 1306
f 3562 1174 1306
f 1172 3562 1303
f 3562 1172 1174
f 3753 1307 3751
f 3764 3760 3759
f 3751 3752 3753
f 1297 3764 1299
f 1298 1305 3752
f 3762 3753 3752
f 3762 1315 1316
f 3753 3762 3562
f 1304 1303 3562
f 3556 1185 1302
f 3556 1302 3566
f 3556 1182 1185
f 1182 3556 1176
f 3564 1263 1301
f 1302 1262 3566
f 3567 3564 3563
f 3566 3565 3556
f 1722 3567 538
f 3565 547 548
f 3557 1724 551
f 3557 3556 3565
f 3556 1177 1176
f 1312 3552 1317
f 3716 1317 3552
f 3552 3717 3716
f 3716 3717 3718
f 3718 1169 3716
f 1171 3716 1169
f 3718 1165 1169
f 3718 3717 1166
f 3716 1171 1317
f 3550 1183 1184
f 3552 1312 1313
f 3552 3551 3717
f 3551 542 3717
f 3558 3561 3550
f 549 3561 541
f 543 3551 550
f 3551 543 542
f 1167 3717 542
f 3717 1167 1166
f 1165 3718 1166
f 3711 1119 1133
f 3713 3711 1133
f 3712 3711 3713
f 3712 3713 3714
f 3712 3714 1127
f 1122 3712 1127
f 1128 3714 1131
f 1131 3714 3715
f 3715 1126 1131
f 1120 3712 1122
f 3712 1120 3702
f 1033 3702 1120
f 3702 1033 1035
f 3700 3702 1035
f 3700 1035 1106
f 3700 1106 1672
f 3700 1672 833
f 833 983 3700
f 983 982 3700
f 982 597 3700
f 3700 597 1098
f 1539 3700 1098
f 3706 3700 1539
f 3706 1539 1092
f 3706 1092 1094
f 3706 1094 3704
f 3704 3703 3706
f 3707 3706 3703
f 3707 3703 1123
f 1109 3707 1123
f 1132 3707 1110
f 1132 3701 3707
f 3701 3700 3707
f 1118 3701 1132
f 3701 1118 1117
f 3711 3701 1117
f 3702 3701 3711
f 1044 3703 1042
f 1042 3703 1431
f 3705 1430 1431
f 1430 3705 1429
f 992 994 3808
f 3808 3804 992
f 3804 1411 992
f 1411 3804 1410
f 3709 1501 1502
f 3804 3709 1502
f 3804 3710 3709
f 3710 3804 3805
f 3710 3805 1080
f 3710 1080 1574
f 3710 1574 1039
f 1041 3710 1039
f 3710 1041 3708
f 1562 3708 1041
f 1080 3805 1550
f 1550 3805 1553
f 3805 3815 1553
f 1553 3815 1086
f 3815 1087 1086
f 1087 3813 1085
f 3813 1546 1085
f 1546 3813 1547
f 3813 1548 1547
f 3813 3810 1548
f 1089 1548 3810
f 1089 3810 1090
f 1090 3704 1088
f 3704 1093 1088
f 3810 3704 1090
f 3810 3705 3704
f 3705 3810 3811
f 3705 3811 1428
f 1424 1428 3811
f 1424 3811 1423
f 3814 1422 1423
f 1422 3814 1420
f 1420 3814 1427
f 3814 3808 1427
f 3814 3815 3808
f 3815 3814 3813
f 3811 3813 3814
f 3811 3814 1423
f 3813 3811 3810
f 3815 3813 1087
f 3805 3808 3815
f 1501 3709 1124
f 1502 1410 3804
f 3808 3805 3804
f 3808 994 1427
f 3705 1428 1429
f 3703 3705 1431
f 3707 1109 1110
f 3703 1044 1123
f 3703 3704 3705
f 3704 1094 1093
f 3706 3707 3700
f 3700 3701 3702
f 3714 1128 1127
f 3714 3713 3715
f 3715 3713 1137
f 3702 3711 3712
f 1119 3711 1117
f 1136 3713 1133
f 3713 1136 1137
f 1126 3715 1137
f 3800 1418 1426
f 1124 3709 1425
f 3708 3709 3710
f 3800 3799 3696
f 1082 3708 1562
f 3697 3696 3799
f 3699 3698 3697
f 1068 3699 1584

usemtl Turquoise_0
f 2767 4072 2492
f 4072 2498 2492
f 4070 2497 2498
f 2497 4070 2563
f 4070 3841 2563
f 3841 2771 2563
f 3841 2489 2496
f 4063 2489 3841
f 3841 3840 4063
f 3883 4063 3840
f 3883 3840 2494
f 2495 3883 2494
f 3883 2477 2772
f 3883 2772 3881
f 3881 3882 3883
f 3882 3881 4068
f 4068 2487 3882
f 3882 2487 2499
f 3882 2499 2500
f 3882 2500 4063
f 4063 2500 2483
f 2488 4063 2483
f 4035 2624 2623
f 4035 2623 4039
f 4039 4040 4035
f 4028 4035 4040
f 4028 4040 2416
f 4028 2416 2386
f 4028 2386 2417
f 2800 4028 2417
f 4026 2396 2589
f 4025 4026 2589
f 2589 2392 4025
f 2393 4025 2392
f 1413 1555 1412
f 2398 1555 1413
f 1555 2398 2279
f 4030 1555 2279
f 4030 2279 2273
f 4030 2273 2725
f 4030 2725 1536
f 3934 4030 1536
f 1537 3934 1536
f 3993 1545 1014
f 3993 1014 1552
f 1554 3993 1552
f 3993 1409 1622
f 1622 2596 3993
f 4077 3993 2596
f 2596 2418 4077
f 4077 2418 2419
f 3963 4077 2419
f 2419 2543 3963
f 2413 3963 2543
f 2414 3961 2415
f 3961 3963 2415
f 3961 3962 3963
f 4078 3963 3962
f 4078 3962 1576
f 1575 4078 1576
f 4076 2590 2592
f 2594 4076 2592
f 4076 2594 2593
f 2587 4076 2593
f 2625 3935 2588
f 3935 4076 2588
f 3935 3993 4076
f 3993 3935 3934
f 3933 3934 3935
f 3935 2427 3933
f 3933 2427 2426
f 2764 3933 2426
f 2423 4029 2764
f 2425 4029 2423
f 4029 2425 2401
f 4029 2401 4024
f 4024 1555 4029
f 1555 4024 4025
f 1555 4025 2801
f 4034 4025 4024
f 4034 4024 2408
f 2411 4034 2408
f 2626 4027 2457
f 4027 2626 2627
f 4035 4027 2627
f 4027 2412 2457
f 4034 2412 4027
f 4027 4026 4034
f 4026 4027 4028
f 4026 4028 2397
f 2408 2163 2407
f 2791 4024 2794
f 2794 4024 2402
f 2598 4090 2760
f 4090 4092 2760
f 4092 2759 2760
f 2759 4092 2714
f 2714 4086 2713
f 2713 4086 2619
f 2619 4086 2618
f 4088 2635 2618
f 2635 4088 2634
f 2634 4088 4098
f 2634 4098 2629
f 4098 2742 2758
f 4098 3912 2742
f 3912 2741 2742
f 2741 3912 2757
f 2757 3905 2756
f 2756 3905 2755
f 3905 3900 2755
f 3900 2754 2755
f 3902 2750 2752
f 2752 3900 3902
f 3900 3901 3902
f 3902 3901 2751
f 3901 2641 2751
f 2639 4094 2637
f 4094 2747 2637
f 4087 2633 2748
f 4094 4087 2748
f 4094 4088 4087
f 4086 4087 4088
f 4087 4086 4091
f 4087 4091 2746
f 2631 4087 2746
f 2649 4091 2745
f 4091 2744 2745
f 2738 2744 4093
f 2738 4093 2737
f 4093 4089 2737
f 4089 2743 2737
f 2740 4089 2739
f 4089 4082 2739
f 4082 2608 2739
f 2753 2608 4082
f 4082 3921 2753
f 3921 2763 2753
f 2540 2542 3921
f 3921 3914 2540
f 3914 2687 2540
f 2687 3914 2716
f 2715 3916 2686
f 3916 2685 2686
f 3916 2611 2685
f 4100 2679 2680
f 4100 2680 2681
f 2682 4100 2681
f 2683 3931 2682
f 3931 2683 2717
f 4103 3931 2717
f 2684 4103 2717
f 2684 2611 4103
f 4103 3932 3931
f 3930 3931 3932
f 3932 2718 3930
f 3930 2718 2719
f 2704 3930 2719
f 3915 2605 2606
f 4104 3915 2606
f 2669 4104 2606
f 4104 2669 2671
f 2712 4104 2671
f 3932 2710 2675
f 2676 3932 2675
f 4104 2710 3932
f 4104 2712 2710
f 4104 3916 3915
f 3914 3915 3916
f 3915 3914 3920
f 3915 3920 2709
f 3920 2691 2709
f 2604 3920 2602
f 3920 3922 2602
f 3922 2762 2602
f 2762 3922 2761
f 4083 2601 2761
f 2601 4083 2600
f 4090 2600 4083
f 4083 4089 4090
f 2600 4090 2614
f 4090 2613 2614
f 3922 4083 2761
f 3922 4082 4083
f 3920 3921 3922
f 2691 3920 2604
f 3916 4104 4103
f 2605 3915 2709
f 3997 2726 2662
f 3997 2662 3995
f 3995 3996 3997
f 4095 3997 3996
f 4095 3996 2573
f 4095 2573 2572
f 2727 4095 2572
f 2728 2674 3965
f 3965 4095 2728
f 3965 3964 4095
f 3964 3965 3966
f 3966 2705 3964
f 3964 2705 2278
f 3964 2278 2663
f 3964 2663 3997
f 3997 2663 2664
f 4074 2667 2578
f 2567 4074 2578
f 2569 4074 2567
f 2673 4099 2595
f 4074 2595 4099
f 4099 4075 4074
f 4073 4074 4075
f 4073 4075 2708
f 2711 4073 2708
f 2692 2693 2689
f 2688 4085 2692
f 4085 2688 2677
f 4080 4085 2677
f 2615 4080 2677
f 2615 2617 4080
f 4100 4080 2617
f 4100 4081 4080
f 4079 4080 4081
f 4081 2654 4079
f 2656 4079 2654
f 2722 2665 2721
f 2722 4079 2665
f 4084 4079 2722
f 2666 4084 2722
f 4084 2666 2667
f 4084 4085 4079
f 4085 4084 4073
f 4085 4073 2693
f 2720 4081 2701
f 4081 3930 2701
f 2701 3930 2659
f 2659 3930 2658
f 4079 2656 2665
f 4081 2720 2654
f 4081 4100 3930
f 4080 4079 4085
f 4085 2693 2692
f 4101 2694 2695
f 4075 4101 2695
f 2697 4075 2695
f 2694 4101 2696
f 4101 2703 2696
f 2696 2703 2548
f 2702 4096 2272
f 2270 2272 4096
f 4096 3965 2270
f 4096 2702 2703
f 4101 4096 2703
f 4101 4097 4096
f 3966 4096 4097
f 4097 2699 3966
f 3966 2699 2698
f 2707 3966 2698
f 2706 3966 2707
f 2700 4097 2235
f 4097 4099 2235
f 2235 4099 2668
f 2235 2668 2233
f 4097 2700 2699
f 4097 4101 4099
f 4073 2711 2693
f 4075 2697 2708
f 4074 4073 4084
f 4075 4099 4101
f 4099 2673 2668
f 4074 2569 2595
f 4084 2667 4074
f 3966 2706 2705
f 4096 3966 3965
f 3965 2674 2270
f 3996 2583 2580
f 3996 2580 2582
f 2660 3996 2582
f 3996 3961 2583
f 2727 2728 4095
f 2572 2573 2574
f 3996 2660 2573
f 3997 4095 3964
f 3996 3995 3961
f 2726 3997 2664
f 3995 2662 2661
f 2723 3995 2661
f 2724 3995 2723
f 2394 3962 2584
f 2395 3962 2394
f 3962 2585 2584
f 3995 2585 3962
f 3995 2724 2585
f 3930 2704 2658
f 3932 2676 2718
f 3931 3930 4100
f 3932 4103 4104
f 2682 3931 4100
f 2679 4100 2617
f 3916 4103 2611
f 2715 3914 3916
f 2716 3914 2715
f 3921 3920 3914
f 2763 3921 2542
f 4082 3922 3921
f 4089 4083 4082
f 2743 4089 2740
f 4093 4090 4089
f 4091 4093 2744
f 4091 4092 4093
f 4091 2649 2746
f 4092 4091 4086
f 2633 4087 2631
f 2747 4094 2748
f 2639 3913 4094
f 3913 4098 4094
f 2638 3913 2639
f 3913 2638 2749
f 3906 3913 2749
f 3912 3913 3906
f 3912 3906 3905
f 3905 3906 3901
f 3901 3906 2642
f 3906 2640 2642
f 2640 3906 2749
f 2641 3901 2642
f 2750 3902 2751
f 2754 3900 2752
f 3905 3901 3900
f 3905 2757 3912
f 4098 3913 3912
f 4098 2758 2629
f 4088 4094 4098
f 4086 4088 2618
f 4086 2714 4092
f 4090 4093 4092
f 2613 4090 2598
f 4024 2791 2163
f 4034 2411 2412
f 2408 4024 2163
f 4024 2401 2402
f 4029 3933 2764
f 4029 4030 3933
f 3935 2625 2427
f 2588 4076 2587
f 4076 4078 2590
f 4076 4077 4078
f 4078 1575 2590
f 3962 2395 1576
f 3962 3961 3995
f 3961 2414 2583
f 3963 2413 2415
f 3963 4078 4077
f 4077 4076 3993
f 4031 2430 2765
f 4040 4031 2765
f 2430 4031 2429
f 2795 2429 4031
f 4031 4033 2795
f 2378 2795 4033
f 4033 4037 2378
f 4037 2379 2378
f 2400 4037 2399
f 4037 2406 2399
f 2399 2406 2255
f 4044 2790 2406
f 2790 4044 2793
f 2793 4044 2409
f 4044 3865 2409
f 3865 2628 2409
f 4046 2796 2792
f 3865 4046 2792
f 3865 3864 4046
f 4045 4046 3864
f 4045 3864 2473
f 2778 4045 2473
f 4107 2780 2444
f 2455 4107 2444
f 4107 2256 2258
f 4107 2258 4051
f 4051 4050 4107
f 4053 4107 4050
f 4053 4050 2788
f 2788 2460 4053
f 4053 2460 2462
f 4046 4053 2462
f 2462 2789 4046
f 2789 2461 4046
f 2461 2797 4046
f 4050 2432 2458
f 4050 2440 2432
f 2464 2463 4052
f 2464 4052 2469
f 2469 4062 2465
f 4062 2786 2465
f 4062 2450 2786
f 2784 2448 4062
f 4062 4056 2784
f 2785 2784 4056
f 2785 4056 2783
f 2782 2783 4056
f 4056 3861 2782
f 2471 2782 3861
f 2471 3861 2470
f 3863 2466 2468
f 3861 3863 2468
f 3861 3862 3863
f 4060 3863 3862
f 3862 2476 4060
f 4060 2476 2478
f 4060 2478 2484
f 4060 2484 4058
f 4058 4059 4060
f 4059 4058 4064
f 4059 4064 2252
f 2252 2533 4059
f 2533 2534 4059
f 2779 4059 2534
f 2775 3863 2774
f 3863 4059 2774
f 4059 2779 2774
f 2252 4064 2776
f 4066 2781 2776
f 2781 4066 2777
f 4066 3881 2777
f 3881 2529 2777
f 2454 3881 2249
f 3881 2454 2529
f 4066 2776 4064
f 4064 4065 4066
f 4068 4066 4065
f 4068 4065 2490
f 2486 4068 2490
f 4065 2480 2773
f 4065 2577 2480
f 4058 2766 2577
f 2766 4058 2485
f 4058 2577 4065
f 2799 4038 2798
f 4032 2798 4038
f 4038 4033 4032
f 4032 2434 2798
f 2434 4032 2405
f 4032 2435 2403
f 4039 2435 4032
f 4032 4031 4039
f 4039 2456 2435
f 2456 4039 2459
f 2459 4039 2622
f 2405 4032 2403
f 2437 4038 2799
f 2439 4038 2437
f 2787 4036 2439
f 4036 2787 1572
f 1510 4036 1572
f 2472 3866 1512
f 1512 3866 4036
f 3866 4044 4036
f 4037 4036 4044
f 4036 4037 4038
f 2446 3866 2472
f 3864 3866 2446
f 2447 3864 2446
f 1512 4036 1510
f 2439 4036 4038
f 2453 4051 2451
f 4051 2453 2532
f 4051 2532 4069
f 4069 4052 4051
f 4052 4069 4062
f 4061 4062 4069
f 4069 2530 4061
f 4061 2530 2531
f 2536 4061 2531
f 4061 2537 2538
f 4061 2538 4057
f 4057 4056 4061
f 2539 4057 2538
f 4057 2539 2442
f 4057 2442 3862
f 2474 3862 2442
f 2475 3862 2474
f 2537 4061 2536
f 4069 2535 2530
f 2535 4069 2532
f 4065 2773 2490
f 4065 4064 4058
f 4058 2484 2485
f 3862 2475 2476
f 3863 4060 4059
f 3862 3861 4057
f 3863 2775 2466
f 2468 2470 3861
f 4056 4057 3861
f 4062 4061 4056
f 2450 4062 2448
f 2469 4052 4062
f 4050 4052 2463
f 2463 2440 4050
f 2458 2788 4050
f 4107 4053 4045
f 4050 4051 4052
f 4051 2258 2451
f 2256 4107 2455
f 4045 2780 4107
f 4045 2778 2780
f 3864 2447 2473
f 4046 4045 4053
f 3864 3865 3866
f 2796 4046 2797
f 2628 3865 2792
f 4044 3866 3865
f 4037 4044 2406
f 4037 2400 2379
f 4033 4038 4037
f 4031 4032 4033
f 4040 2765 2420
f 4040 2420 2421
f 2422 4040 2421
f 3993 1554 1409
f 3993 3934 1545
f 3934 1537 1545
f 3934 3933 4030
f 4030 4029 1555
f 2801 1412 1555
f 4025 2393 2801
f 4025 4034 4026
f 2396 4026 2397
f 4028 2800 2397
f 4040 2422 2416
f 4035 4028 4027
f 4040 4039 4031
f 2624 4035 2627
f 4039 2623 2622
f 4068 2486 2487
f 4066 4068 3881
f 3881 2772 2249
f 3842 2566 2493
f 3842 2493 3840
f 3842 2565 2566
f 2565 3842 2575
f 2768 2575 3842
f 4071 2768 3842
f 3842 4070 4071
f 4072 4071 4070
f 4071 4072 4067
f 4067 2570 4071
f 2571 4071 2570
f 4054 2549 2564
f 4054 2564 4067
f 4067 4055 4054
f 4054 4055 4048
f 4054 4048 4047
f 4054 4047 2560
f 4047 2559 2560
f 2559 4047 2561
f 4049 2561 4047
f 4049 2562 2561
f 4047 4048 4049
f 4049 4048 2557
f 4055 2769 4048
f 2549 4054 2560
f 2551 4067 2564
f 4067 2551 2570
f 4067 4072 4055
f 4072 2502 4055
f 4071 2571 2768
f 3883 2495 2477
f 2493 2494 3840
f 4063 3883 3882
f 3840 3841 3842
f 4063 2488 2489
f 2771 3841 2496
f 4070 3842 3841
f 4070 2498 4072
f 4072 2767 2502
f 2501 4055 2502
f 4055 2501 2769
f 2558 4048 2769
f 4048 2558 2557
f 2562 4049 2557

usemtl Turquoise_0
f 4012 2341 2342
f 4012 2342 4018
f 4018 4013 4012
f 4011 4012 4013
f 4011 4013 3025
f 4011 3025 534
f 4011 534 536
f 3030 4011 536
f 4152 2864 2863
f 4017 4152 2863
f 2863 3021 4017
f 3029 4017 3021
f 2867 2889 2865
f 2969 2889 2867
f 2889 2969 2967
f 3763 2889 2967
f 3763 2967 2876
f 3763 2876 2877
f 3763 2877 2966
f 3766 3763 2966
f 2872 3766 2966
f 4124 1260 1259
f 4124 1259 2907
f 2948 4124 2907
f 4124 2947 2971
f 2971 2972 4124
f 3736 4124 2972
f 2972 2953 3736
f 3736 2953 2952
f 3734 3736 2952
f 2952 2902 3734
f 2955 3734 2902
f 2956 4130 2957
f 4130 3734 2957
f 4130 4131 3734
f 3735 3734 4131
f 3735 4131 2111
f 2887 3735 2111
f 3761 2862 3023
f 3024 3761 3023
f 3761 3024 1527
f 1529 3761 1527
f 2886 3767 2885
f 3767 3761 2885
f 3767 4124 3761
f 4124 3767 3766
f 3765 3766 3767
f 3767 3026 3765
f 3765 3026 2881
f 3027 3765 2881
f 3028 3730 3027
f 2884 3730 3028
f 3730 2884 1445
f 3730 1445 3729
f 3729 2889 3730
f 2889 3729 4017
f 2889 4017 3020
f 4019 4017 3729
f 4019 3729 1629
f 2345 4019 1629
f 2340 4153 2338
f 4153 2340 2347
f 4012 4153 2347
f 4153 2346 2338
f 4019 2346 4153
f 4153 4152 4019
f 4152 4153 4011
f 4152 4011 3022
f 1627 3729 2356
f 3729 2357 2356
f 3006 3729 2359
f 1457 3737 2933
f 3737 3739 2933
f 3739 2932 2933
f 2932 3739 2154
f 2154 3987 2153
f 2153 3987 2094
f 2094 3987 2093
f 3991 3013 2093
f 3013 3991 3012
f 3012 3991 4255
f 3012 4255 2095
f 4255 3468 2097
f 4255 4252 3468
f 4252 2151 3468
f 2151 4252 2150
f 2150 3992 2215
f 3992 2268 2215
f 3992 1535 2268
f 3992 2231 1535
f 3992 3982 2231
f 3982 2232 2231
f 2232 3982 1542
f 3982 3984 1542
f 1542 3984 1105
f 3984 2221 1105
f 3983 2218 2221
f 3983 2219 2218
f 3983 3994 2219
f 2219 3994 1608
f 3994 2241 1608
f 2241 4253 2242
f 2242 4253 1016
f 4254 1016 4253
f 4253 4255 4254
f 1016 4254 1015
f 1017 1015 4254
f 1017 4254 2240
f 4254 3990 2240
f 3990 2216 2240
f 2216 3990 2217
f 3986 2071 2220
f 3990 3986 2220
f 3990 3987 3986
f 3739 3986 3987
f 3986 3739 3738
f 3986 3738 2070
f 2072 3986 2070
f 3775 2088 1596
f 3472 3775 1596
f 3775 3472 2076
f 3738 3775 2076
f 3738 2076 2101
f 3738 2101 1697
f 3738 1697 2180
f 3738 2180 1599
f 1599 1689 3738
f 3738 3737 3775
f 3776 3775 3737
f 3737 3470 3776
f 1473 3776 3470
f 2106 3985 1474
f 3985 3776 1474
f 3985 3777 3776
f 3777 3985 3989
f 3777 3989 2144
f 2144 2145 3777
f 3777 2145 3466
f 3775 3777 3466
f 2086 3775 3466
f 2822 4112 2821
f 4112 2819 2821
f 4110 3049 2819
f 3049 4110 3048
f 4110 4118 3048
f 4118 3046 3048
f 4118 2824 2825
f 4116 2824 4118
f 4118 4119 4116
f 4117 4116 4119
f 4117 4119 2984
f 2982 4117 2984
f 4117 2979 2981
f 4117 2981 4002
f 4002 4001 4117
f 4001 4002 4003
f 4003 3043 4001
f 4001 3043 3044
f 4001 3044 3045
f 4001 3045 4116
f 4116 3045 2828
f 3047 4116 2828
f 2320 4144 2335
f 4142 2335 4144
f 4144 4143 4142
f 4141 4142 4143
f 4141 4143 3007
f 2348 4141 3007
f 4141 2350 2855
f 4013 4141 2855
f 4013 2855 2856
f 4013 2856 2860
f 3031 4013 2860
f 3053 3979 3052
f 3052 3979 3981
f 3052 3981 2372
f 3981 2371 2372
f 3768 3011 2367
f 3768 2367 2368
f 3010 3768 2368
f 2117 3555 3010
f 2117 2114 3555
f 3553 3555 2114
f 3553 2114 2116
f 3553 2116 2370
f 3981 3553 2370
f 3981 4020 3553
f 3554 3553 4020
f 4020 2354 3554
f 3554 2354 2355
f 2365 3554 2355
f 3816 2366 2868
f 2893 3816 2868
f 3816 2893 2894
f 1309 3816 2894
f 2961 3769 1311
f 3769 3816 1311
f 3769 3768 3816
f 3555 3816 3768
f 3816 3555 3554
f 3768 3769 3770
f 3768 3770 2929
f 2925 2929 3770
f 2925 3770 2923
f 4022 3014 2923
f 4022 3015 3014
f 3015 4022 3016
f 3772 3018 2919
f 4127 3772 2919
f 3017 4127 2919
f 4127 3017 2916
f 4129 4127 2916
f 2918 4129 2916
f 4129 2918 2921
f 4022 4129 2921
f 4022 2921 2931
f 4022 4021 4129
f 4128 4129 4021
f 4021 1345 4128
f 4128 1345 1347
f 2896 4128 1347
f 4128 2898 2958
f 4128 2958 3773
f 3773 4127 4128
f 2899 3773 2958
f 3773 2899 2900
f 1296 3773 2900
f 1296 2900 1294
f 2954 3771 1296
f 3771 2954 3019
f 3771 3019 4140
f 4140 4135 3771
f 3772 3771 4135
f 3772 4135 1353
f 3772 1353 2363
f 2363 1353 1352
f 1351 4135 2962
f 2963 2962 4135
f 4135 4132 2963
f 4132 2950 2963
f 4134 2959 2960
f 2960 4132 4134
f 4132 4133 4134
f 4138 4134 4133
f 4133 2882 4138
f 4138 2882 2883
f 2968 4138 2883
f 2970 4136 2875
f 2891 4136 2970
f 4136 2891 2892
f 4136 2892 4131
f 4131 2892 2888
f 2890 4131 2888
f 3980 2113 2108
f 4020 3980 2108
f 4020 2108 3056
f 4020 3056 2360
f 2361 4020 2360
f 2113 3980 2922
f 3980 3988 2922
f 3988 1050 2922
f 1048 3988 2112
f 3988 3985 2112
f 1050 3988 1048
f 3980 3979 3988
f 3989 3988 3979
f 3989 3979 2098
f 2098 2100 3989
f 3467 3989 2100
f 3979 2373 2098
f 2914 4140 2910
f 2915 4140 2914
f 4140 2915 2913
f 4140 2913 4133
f 4133 2913 2912
f 4023 2895 2336
f 2337 4023 2336
f 2343 4023 2337
f 2344 4021 2343
f 4021 4023 2343
f 2895 4023 2964
f 3769 2964 4023
f 2109 4131 2890
f 4136 2965 2875
f 4138 2965 4136
f 4136 4137 4138
f 4137 4136 4130
f 4137 4130 2879
f 4137 2879 2878
f 4137 2878 2908
f 2903 4137 2908
f 2949 2951 2905
f 4134 2951 2949
f 4134 4137 2951
f 4137 2903 2951
f 4138 2968 2965
f 4133 2912 2882
f 4134 4138 4137
f 4133 4132 4140
f 2959 4134 2949
f 2950 4132 2960
f 4135 1351 1353
f 3771 3772 3773
f 4135 4140 4132
f 4140 3019 2910
f 3771 3773 1296
f 2898 4128 2896
f 4021 2344 1345
f 4021 4022 4023
f 3770 4023 4022
f 4129 4128 4127
f 4127 3773 3772
f 3018 3772 2363
f 4022 2931 3016
f 3770 4022 2923
f 4023 3770 3769
f 3769 2961 2964
f 1311 3816 1309
f 3554 2366 3816
f 3554 2365 2366
f 4020 2361 2354
f 4020 3981 3980
f 3553 3554 3555
f 3010 3555 3768
f 3011 3768 2929
f 3981 2370 2371
f 3979 3980 3981
f 2373 3979 3053
f 2992 2993 4109
f 4111 2992 4109
f 4109 4110 4111
f 4112 4111 4110
f 4111 4112 3943
f 3943 2830 4111
f 2994 4111 2830
f 3945 2986 2991
f 3945 2991 3943
f 3943 3944 3945
f 3945 3944 4125
f 3945 4125 4126
f 3945 4126 2990
f 4126 2989 2990
f 2989 4126 2988
f 4139 2988 4126
f 4139 2812 2988
f 4126 4125 4139
f 4139 4125 2987
f 3944 2832 4125
f 2986 3945 2990
f 2829 3943 2991
f 3943 2829 2830
f 3943 4112 3944
f 4112 2811 3944
f 4111 2994 2992
f 2995 4109 2993
f 4109 2995 2816
f 4109 2816 2818
f 4109 2818 4119
f 2978 4115 2977
f 4122 2977 4115
f 4115 4121 4122
f 4003 4122 4121
f 4003 4121 3041
f 3042 4003 3041
f 4121 2827 2831
f 4121 2996 2827
f 4114 2319 2996
f 2319 4114 2317
f 4114 2837 2317
f 4151 2836 2837
f 4151 3040 2836
f 4149 2998 3040
f 2998 4149 2997
f 2997 4149 2297
f 4007 2302 2303
f 3061 4007 2303
f 2304 4007 3061
f 2983 4005 2305
f 4007 2305 4005
f 4005 4004 4007
f 4000 4007 4004
f 4000 4004 3037
f 3037 2843 4000
f 2842 4000 2843
f 4147 3008 1517
f 4145 4147 1517
f 4145 4146 4147
f 4148 4147 4146
f 2261 4148 4146
f 2261 4146 2259
f 2322 4148 3057
f 4016 4148 2322
f 2315 4016 2322
f 3060 4014 2316
f 4014 4016 2316
f 4014 4015 4016
f 4123 4016 4015
f 4123 4015 2851
f 2852 4123 2851
f 3032 4015 2091
f 2089 2091 4015
f 3548 2089 4015
f 3547 3548 4015
f 4015 4120 3547
f 4120 3034 3547
f 2850 3033 4009
f 4009 2849 2850
f 4009 2846 2849
f 3998 2845 2847
f 4009 3998 2847
f 4009 4008 3998
f 3999 3998 4008
f 4008 2870 3999
f 3002 3999 2870
f 2869 4008 2300
f 4008 2973 2300
f 4010 2309 2973
f 2309 4010 2307
f 2307 4010 2306
f 4010 3059 2306
f 4014 3059 4010
f 4010 4120 4014
f 4120 4010 4009
f 4010 2973 4008
f 3999 3002 2302
f 4008 2869 2870
f 3998 3999 4000
f 3998 4000 3035
f 2327 3035 4000
f 4000 2325 2327
f 4008 4009 4010
f 3035 2845 3998
f 2846 4009 2847
f 4120 4009 3033
f 3033 3034 4120
f 4123 2852 2857
f 4147 4123 2857
f 3009 4147 2857
f 4015 3032 2851
f 4015 4014 4120
f 4014 3060 3059
f 4016 2315 2316
f 4016 4123 4148
f 4146 2839 2313
f 2839 4146 2838
f 2838 4146 4144
f 2838 4144 2321
f 2259 4146 2313
f 3057 4148 2261
f 4147 4148 4123
f 4146 4145 4144
f 3008 4147 3009
f 1517 1516 4145
f 1516 2351 4145
f 2353 4145 2351
f 4145 2358 2858
f 4143 4145 2858
f 4145 2353 2358
f 4150 3005 2823
f 4150 2823 2310
f 4006 4150 2310
f 2310 2312 4006
f 3038 4006 2312
f 3039 2841 4004
f 4004 4006 3039
f 3036 4004 2841
f 3038 3039 4006
f 4006 4149 4150
f 4151 4150 4149
f 4150 4151 4113
f 4150 4113 3004
f 4113 2976 3004
f 3003 2974 4113
f 2978 3003 4113
f 2976 4113 2974
f 4114 4113 4151
f 4113 4114 4115
f 4149 4006 4005
f 3005 4150 3004
f 4000 2842 2325
f 3036 3037 4004
f 4007 4000 3999
f 4004 4005 4006
f 4005 2983 2297
f 4007 2304 2305
f 3999 2302 4007
f 4005 2297 4149
f 4149 3040 4151
f 4151 2837 4114
f 4114 2996 4121
f 4121 2831 3041
f 4121 4115 4114
f 4122 3001 2977
f 3001 4122 2999
f 4002 2815 2999
f 4002 2813 2815
f 2813 4002 2980
f 4122 4002 2999
f 4113 4115 2978
f 2350 4141 2348
f 4143 2858 3007
f 4142 4141 4018
f 4018 2854 4142
f 4142 2854 2329
f 2330 4142 2329
f 2334 4142 2330
f 2853 4018 2333
f 2333 4018 2331
f 4018 2853 2854
f 4143 4144 4145
f 4142 2334 2335
f 2321 4144 2320
f 4003 3042 3043
f 4122 4003 4002
f 4002 2981 2980
f 4117 2982 2979
f 2818 2984 4119
f 4116 4117 4001
f 4119 4118 4109
f 4116 3047 2824
f 3046 4118 2825
f 4110 4109 4118
f 4110 2819 4112
f 4112 2822 2811
f 2810 3944 2811
f 3944 2810 2832
f 2985 4125 2832
f 4125 2985 2987
f 2812 4139 2987
f 3989 3467 2144
f 3988 3989 3985
f 3985 2106 2112
f 3737 3469 3471
f 3776 1473 1474
f 3470 3737 3471
f 3775 3776 3777
f 3775 2086 2088
f 2070 3738 1689
f 3987 3990 3991
f 3986 2072 2071
f 3990 2220 2217
f 4254 3991 3990
f 4253 2241 3994
f 4252 4253 3994
f 4252 3994 3992
f 3992 3994 3983
f 3984 3983 2221
f 3982 3983 3984
f 3992 3983 3982
f 3992 2150 4252
f 4255 4253 4252
f 4255 2097 2095
f 3991 4254 4255
f 3987 3991 2093
f 3987 2154 3739
f 3737 3738 3739
f 3469 3737 1457
f 2357 3729 3006
f 4019 2345 2346
f 1629 3729 1627
f 3729 1445 2359
f 3730 3765 3027
f 3730 3763 3765
f 3767 2886 3026
f 2885 3761 1529
f 3761 3735 2862
f 3761 3736 3735
f 3735 2887 2862
f 4131 2109 2111
f 4131 4130 4136
f 4130 2956 2879
f 3734 2955 2957
f 3734 3735 3736
f 3736 3761 4124
f 4124 2948 2947
f 4124 3766 1260
f 3766 2872 1260
f 3766 3765 3763
f 3763 3730 2889
f 3020 2865 2889
f 4017 3029 3020
f 4017 4019 4152
f 2864 4152 3022
f 4011 3030 3022
f 4013 3031 3025
f 4012 4011 4153
f 4013 4018 4141
f 2341 4012 2347
f 4018 2342 2331

usemtl Turquoise_0
f 3416 4243 3407
f 4243 3408 3407
f 4245 3410 3408
f 3410 4245 3413
f 4245 4239 3413
f 4239 3397 3413
f 4239 3403 3395
f 4247 3403 4239
f 4239 4238 4247
f 4250 4247 4238
f 4250 4238 3429
f 3384 4250 3429
f 4250 3386 3443
f 4250 3443 4237
f 4237 4251 4250
f 4251 4237 4236
f 4236 3392 4251
f 4251 3392 3424
f 4251 3424 3404
f 4251 3404 4247
f 4247 3404 3405
f 3409 4247 3405
f 3309 3311 3623
f 3623 3308 3309
f 3623 3619 3308
f 3308 3619 3159
f 3619 3305 3159
f 3306 3307 3621
f 3306 3621 3172
f 3621 3171 3172
f 3161 3171 4167
f 3161 4167 3068
f 4167 3304 3068
f 3165 3304 4169
f 3165 4169 3164
f 4169 4174 3164
f 4174 3184 3164
f 3302 4174 3303
f 4174 4175 3303
f 4175 3070 3303
f 4175 3081 3070
f 4177 3183 3081
f 3183 4177 3170
f 3090 3170 4177
f 4177 4178 3090
f 4178 3089 3090
f 3299 4180 3297
f 4180 3155 3297
f 4180 3079 3155
f 4183 3295 3082
f 4183 3082 3198
f 3206 4183 3198
f 3083 4172 3206
f 4172 3083 3174
f 4170 4172 3174
f 3084 4170 3174
f 4170 3084 3079
f 4170 4171 4172
f 4186 4172 4171
f 4171 3107 4186
f 4186 3107 3108
f 3217 4186 3108
f 3670 3342 3338
f 3670 3338 4221
f 4221 4220 3670
f 3659 3670 4220
f 3659 4220 3347
f 3347 729 3659
f 3371 3659 729
f 3362 3657 3360
f 3657 3659 3360
f 3657 3658 3659
f 3658 3657 4229
f 4229 3390 3658
f 3658 3390 3328
f 3341 3658 3328
f 3658 3455 3444
f 3658 3444 3670
f 3455 3658 3341
f 3389 4229 3346
f 4229 3345 3346
f 4226 3345 4229
f 4229 4228 4226
f 4225 4226 4228
f 4225 4228 3143
f 3142 4225 3143
f 4201 3099 3173
f 3173 4197 4201
f 4197 4204 4201
f 4202 4201 4204
f 4204 3221 4202
f 3252 4202 3221
f 3244 4207 3237
f 3245 4207 3244
f 4207 3245 3243
f 4207 3243 4199
f 4199 4198 4207
f 4203 4207 4198
f 4203 4198 3282
f 4203 3282 3104
f 4203 3104 3277
f 3283 4203 3277
f 3284 3281 4201
f 4201 4203 3284
f 3281 3218 4201
f 3283 3284 4203
f 3280 4198 3241
f 4198 4200 3241
f 4200 3240 3241
f 3240 4200 3110
f 3225 3110 4200
f 4200 4206 3225
f 4206 3232 3225
f 3234 3249 4213
f 4213 3224 3234
f 4213 3236 3224
f 4213 3115 3222
f 4213 4208 3115
f 4208 3253 3115
f 4159 3250 3251
f 4208 4159 3251
f 4208 4209 4159
f 4160 4159 4209
f 4160 4209 861
f 863 4160 861
f 3229 4210 3134
f 4160 3134 4210
f 4210 3273 4160
f 3273 4210 4211
f 3273 4211 3246
f 3246 3118 3273
f 3248 3273 3118
f 3273 3238 3239
f 4159 3273 3239
f 4159 3239 3242
f 3238 3273 3248
f 3272 4211 3123
f 3122 3123 4211
f 4211 4215 3122
f 4215 3257 3122
f 4217 3265 3258
f 4215 4217 3258
f 4215 4216 4217
f 4158 4217 4216
f 4158 4216 3271
f 3153 4158 3271
f 838 3673 836
f 3291 3673 838
f 3673 3291 3292
f 3673 3292 3671
f 3671 3672 3673
f 4157 3673 3672
f 4157 3672 3140
f 4157 3140 3264
f 4157 3264 3269
f 3132 4157 3269
f 4217 3133 3126
f 4217 4157 3133
f 4157 3132 3133
f 3139 3672 3266
f 3672 4154 3266
f 4154 2844 3266
f 2844 4154 902
f 4154 3600 902
f 3600 3267 902
f 3459 3600 3138
f 2324 3138 3600
f 3275 2324 3600
f 3600 3677 3275
f 3677 3274 3275
f 3458 3677 3460
f 3677 4156 3460
f 4156 3137 3460
f 4231 3450 3136
f 4156 4231 3136
f 4156 4227 4231
f 4230 4231 4227
f 4230 4227 3354
f 3452 4230 3354
f 4224 3451 3350
f 3348 4224 3350
f 4224 3349 3453
f 4224 3453 4226
f 4226 3453 3343
f 3454 4226 3343
f 3349 4224 3348
f 4230 3451 4224
f 4224 4223 4230
f 4223 4224 4225
f 3368 4223 4225
f 3368 4225 3366
f 4223 3363 3448
f 4231 4223 3448
f 3448 3364 4231
f 3364 893 4231
f 893 3449 4231
f 4225 3365 3366
f 3363 4223 3368
f 3353 4227 3352
f 4227 4155 3352
f 3352 4155 3373
f 3356 3599 3355
f 3355 3599 2265
f 3599 3359 2265
f 3358 3601 3357
f 3357 3601 3367
f 3367 3601 3447
f 3150 3671 3148
f 3446 3671 3150
f 3671 3446 3447
f 3671 3447 3601
f 3601 4154 3671
f 3358 3599 3601
f 3599 3600 3601
f 3359 3599 3358
f 3356 4155 3599
f 4155 3677 3599
f 3373 4155 3356
f 4230 3452 3451
f 4227 3353 3354
f 4231 4230 4223
f 4227 4156 4155
f 3450 4231 3449
f 3137 4156 3136
f 3677 4155 4156
f 3274 3677 3458
f 3600 3599 3677
f 3600 3459 3267
f 4154 3601 3600
f 3672 3139 3140
f 3673 4157 4158
f 4158 3154 3673
f 3672 3671 4154
f 3671 3292 3148
f 4218 3268 3223
f 4218 3223 4216
f 3268 4218 3228
f 4218 4210 3228
f 3228 4210 3227
f 4210 3231 3254
f 3227 4210 3254
f 4216 3223 2835
f 3247 4216 2835
f 4216 3247 3270
f 3673 3154 836
f 4158 3153 3154
f 4216 3270 3271
f 4217 4158 4157
f 4216 4215 4218
f 4217 3126 3265
f 3257 4215 3258
f 4211 4218 4215
f 4211 3272 3246
f 4218 4211 4210
f 3231 4210 3229
f 4160 3135 3134
f 4214 3112 3256
f 4214 3256 4209
f 3112 4214 3111
f 4214 4212 3111
f 3111 4212 917
f 3127 4212 3259
f 4212 3260 3259
f 4212 4205 3260
f 4205 3261 3260
f 4199 3262 3263
f 4205 4199 3263
f 4205 4200 4199
f 3262 4199 3131
f 3261 4205 3263
f 4212 4206 4205
f 4206 4212 4213
f 4212 3127 915
f 917 4212 915
f 4214 4213 4212
f 4209 3256 3255
f 3135 4160 863
f 861 4209 3255
f 4159 4160 3273
f 4209 4208 4214
f 4159 3242 3250
f 3253 4208 3251
f 4213 4214 4208
f 3236 4213 3222
f 4206 4213 3249
f 3249 3232 4206
f 4200 4205 4206
f 4198 3280 3282
f 4207 4203 4202
f 4202 3279 4207
f 4198 4199 4200
f 4199 3243 3131
f 4219 3278 3101
f 3211 4219 3101
f 3212 4219 3211
f 3214 4190 3213
f 4219 3213 4190
f 4190 4189 4219
f 4196 4219 4189
f 4196 4189 3203
f 3287 4196 3203
f 3286 3086 3289
f 3289 4196 3286
f 3289 4192 4196
f 4192 3289 4188
f 4192 4188 3106
f 3276 4192 3106
f 3105 4188 703
f 4188 3208 703
f 4184 3294 3293
f 4184 3293 4188
f 4188 4185 4184
f 4183 4184 4185
f 4183 4185 3074
f 4185 3072 3074
f 3289 3290 3207
f 4185 3289 3207
f 3290 3289 3288
f 3072 4185 3207
f 4184 4183 4186
f 4184 4186 3185
f 3185 4186 3054
f 3294 4184 3185
f 3208 4188 3293
f 4192 3276 3278
f 3106 4188 3105
f 4185 4188 3289
f 3288 3289 3086
f 4191 3210 3094
f 4189 4191 3094
f 3202 4189 3094
f 3210 4191 3209
f 4191 3285 3209
f 3209 3285 3215
f 3201 4194 3200
f 3216 3200 4194
f 4194 4197 3216
f 4197 3092 3216
f 4194 4193 4197
f 4193 4194 4195
f 4195 3157 4193
f 4193 3157 3119
f 3121 4193 3119
f 4193 3233 3235
f 4193 3235 4204
f 4204 3235 3220
f 3233 4193 3121
f 3156 4195 3226
f 4195 4190 3226
f 3226 4190 2149
f 2149 4190 2147
f 4195 4191 4190
f 4195 3156 3157
f 4191 4195 4194
f 4194 3201 3285
f 4191 4194 3285
f 4196 3287 3286
f 4189 3202 3203
f 4219 4196 4192
f 4189 4190 4191
f 4190 3214 2147
f 4219 3212 3213
f 4192 3278 4219
f 4207 3279 3237
f 4202 3252 3279
f 4204 3220 3221
f 4201 4202 4203
f 4204 4197 4193
f 3099 4201 3218
f 3092 4197 3173
f 4242 3375 3377
f 4233 4242 3377
f 3377 3378 4233
f 3378 3379 4233
f 3374 4233 3379
f 3146 4222 3144
f 4222 4233 3144
f 4222 4232 4233
f 4234 4233 4232
f 4232 3336 4234
f 4234 3336 3337
f 3434 4234 3337
f 4241 3435 3334
f 4241 3334 3440
f 4241 3440 3441
f 4236 4241 3441
f 3391 4236 3441
f 4236 4235 4241
f 4242 4241 4235
f 4235 3388 4242
f 4235 3442 3388
f 4237 3383 3387
f 4235 4237 3387
f 4237 3382 3383
f 3382 4237 3381
f 3442 4235 3387
f 4241 4242 4234
f 4234 3435 4241
f 4234 3434 3435
f 4232 3393 3394
f 4221 3393 4232
f 4221 3332 3393
f 3332 4221 3330
f 4232 3394 3336
f 4232 4222 4221
f 4222 3146 3369
f 4220 4222 3369
f 3369 3370 4220
f 727 4220 3370
f 3657 3445 3372
f 4228 3657 3372
f 3372 3141 4228
f 4233 3374 3144
f 4233 4234 4242
f 3375 4242 3388
f 3436 3418 4240
f 4244 3436 4240
f 4240 4245 4244
f 4243 4244 4245
f 4244 4243 4246
f 4246 3423 4244
f 3433 4244 3423
f 3421 4246 3420
f 3667 3420 4246
f 4246 3668 3667
f 3667 3668 3669
f 3667 3669 4248
f 4248 3437 3667
f 3422 3667 3437
f 4248 3426 3437
f 3426 4248 3427
f 4249 3425 3427
f 4249 3427 4248
f 4248 3669 4249
f 4249 3669 3438
f 3668 3411 3669
f 3667 3422 3420
f 4246 3421 3423
f 4246 4243 3668
f 4243 3439 3668
f 4244 3433 3436
f 3419 4240 3418
f 4240 3419 3431
f 4240 3431 3428
f 4240 3428 4238
f 4225 3142 3365
f 4228 3141 3143
f 4226 4225 4224
f 4226 3454 3345
f 4229 3389 3390
f 4228 4229 3657
f 3657 3362 3445
f 3659 3371 3360
f 4220 727 3347
f 3670 3659 3658
f 4220 4221 4222
f 3330 4221 3338
f 3342 3670 3444
f 3622 3169 3152
f 3175 3622 3152
f 3175 3620 3622
f 3620 3619 3622
f 3619 3620 3621
f 4161 3621 3620
f 4161 3620 3177
f 3178 4161 3177
f 3296 4161 3298
f 4161 3296 4168
f 4168 4167 4161
f 4167 4168 4169
f 4173 4169 4168
f 4173 4168 3180
f 3186 4173 3180
f 3191 4176 3196
f 4176 4182 3196
f 4182 3197 3196
f 3197 4182 3195
f 3195 4173 3194
f 4173 3193 3194
f 4173 3195 4182
f 4182 4174 4173
f 4176 4175 4182
f 4175 4176 4177
f 4181 4177 4176
f 4181 4176 3189
f 3190 4181 3189
f 4181 3301 3188
f 4179 4181 3188
f 3187 4179 3188
f 4179 3187 3181
f 4187 4179 3181
f 3300 4187 3181
f 3096 4187 3199
f 4187 3096 3098
f 4187 3098 4171
f 4171 3098 3204
f 3205 4171 3204
f 4187 3300 3199
f 4187 4180 4179
f 4178 4179 4180
f 4180 4187 4170
f 4179 4178 4181
f 3301 4181 3190
f 4176 3191 3189
f 3193 4173 3186
f 4168 3179 3180
f 3179 4168 3296
f 3298 4161 3178
f 3620 3176 3177
f 3621 4161 4167
f 3176 3620 3175
f 3622 3168 3169
f 3622 3624 3168
f 3624 3167 3168
f 3166 4163 3163
f 3163 4163 3162
f 4163 4165 3162
f 3160 3162 4165
f 4165 3158 3160
f 3158 4165 4166
f 4166 3077 3158
f 4165 4164 4166
f 4166 4164 3312
f 4163 4164 4165
f 4163 4162 4164
f 4164 4162 3313
f 3624 4162 4163
f 3624 3623 4162
f 4163 3166 3624
f 3167 3624 3166
f 3622 3623 3624
f 4186 3217 3054
f 4171 3205 3107
f 4172 4186 4183
f 4171 4170 4187
f 3206 4172 4183
f 3295 4183 3074
f 4180 4170 3079
f 3299 4178 4180
f 3089 4178 3299
f 4177 4181 4178
f 4175 4177 3081
f 4174 4182 4175
f 3184 4174 3302
f 4169 4173 4174
f 4167 4169 3304
f 3621 4167 3171
f 3619 3621 3307
f 3619 3307 3305
f 3623 3622 3619
f 4162 3623 3311
f 3310 4162 3311
f 3310 3313 4162
f 4164 3313 3314
f 4164 3314 3312
f 3077 4166 3312
f 4236 3391 3392
f 4235 4236 4237
f 3443 3381 4237
f 4250 3384 3386
f 3428 3429 4238
f 4247 4250 4251
f 4238 4239 4240
f 4247 3409 3403
f 3397 4239 3395
f 4245 4240 4239
f 4245 3408 4243
f 4243 3416 3439
f 3412 3668 3439
f 3668 3412 3411
f 3432 3669 3411
f 3669 3432 3438
f 3425 4249 3438

usemtl Turquoise_0
f 6015 5871 5756
f 6014 6015 5756
f 5965 6014 5756
f 5664 6014 5965
f 5780 6013 5747
f 6013 6014 5747
f 6013 6036 6014
f 6036 6035 6014
f 6035 6036 5376
f 6035 5376 5377
f 6035 5377 5378
f 6035 5378 5381
f 6034 6035 5381
f 5359 6034 5381
f 6034 5359 5380
f 5343 6034 5380
f 6033 5497 5459
f 6033 5459 5610
f 6033 5610 5611
f 5611 5463 6033
f 5463 5612 6033
f 5612 5613 6033
f 5613 5508 6033
f 5508 5475 6033
f 5475 5614 6033
f 5614 5615 6033
f 5615 5462 6033
f 5462 5637 6033
f 5637 5524 6033
f 5524 5509 6033
f 5509 5636 6033
f 5636 5635 6033
f 5635 5623 6033
f 5623 5634 6033
f 5634 5633 6033
f 5633 5632 6033
f 5632 5471 6033
f 5471 5605 6033
f 5605 5348 6033
f 5873 6033 5348
f 5665 6032 5678
f 6032 6033 5678
f 6033 5695 5678
f 6033 6032 6017
f 6016 6033 6017
f 6017 5685 6016
f 5836 6016 5685
f 5714 6017 5858
f 5858 6017 5791
f 5776 6019 5967
f 5967 6019 5834
f 6019 6020 5834
f 6020 5652 5834
f 5794 6021 5964
f 6021 5754 5964
f 5857 6031 5849
f 6031 6032 5849
f 6032 6031 6018
f 6018 6031 6019
f 6019 5689 6018
f 6031 6030 6019
f 6030 6031 5758
f 5966 6030 5758
f 6031 5691 5758
f 5691 6031 5857
f 5658 6030 5966
f 6030 5658 5820
f 6029 6030 5820
f 5798 6029 5820
f 6029 5798 5963
f 5818 6029 5963
f 5818 6028 6029
f 6029 6028 6021
f 6020 6029 6021
f 6021 6028 6022
f 6021 6022 5726
f 6028 6027 6022
f 6022 6027 6023
f 6023 5686 6022
f 6027 6026 6023
f 6023 6026 6024
f 6023 6024 5854
f 6025 6024 6026
f 6025 6026 5811
f 5707 6025 5811
f 5733 6024 6025
f 6026 6027 5808
f 5648 6026 5808
f 6027 5724 5808
f 5724 6027 5851
f 6027 6028 5851
f 5667 6028 5818
f 6030 6029 6020
f 6028 5667 5851
f 6026 5648 5811
f 6025 5707 5733
f 5638 6024 5733
f 6024 5638 5854
f 5702 6023 5854
f 5686 6023 5702
f 5826 6022 5686
f 6022 5826 5726
f 6021 5726 5754
f 5794 6020 6021
f 5652 6020 5794
f 6019 6030 6020
f 5689 6019 5776
f 5764 6018 5689
f 6018 5764 5791
f 6017 6018 5791
f 6017 5714 5874
f 5799 6015 5802
f 6015 6016 5802
f 6015 6034 6016
f 6016 5836 5802
f 5685 6017 5874
f 6034 6033 6016
f 6034 5355 6033
f 6017 6032 6018
f 6032 5665 5849
f 5695 6033 5873
f 5453 5447 5781
f 5441 5453 5781
f 5781 6045 5896
f 6045 5745 5896
f 5745 5917 5896
f 5991 5842 5861
f 5701 5991 5861
f 5991 5701 5942
f 5991 5942 5688
f 5990 5991 5688
f 5829 5990 5688
f 5989 5725 5930
f 5928 5989 5930
f 5989 5715 5675
f 5989 5675 5988
f 5988 6061 5989
f 6061 6060 5989
f 5989 6060 5990
f 6060 6059 5990
f 6059 6060 5817
f 6059 5817 5929
f 6059 5929 5941
f 5723 6059 5941
f 5650 6058 5759
f 6058 6059 5759
f 6059 6058 5991
f 5991 6058 5992
f 6058 6057 5992
f 5992 6057 5993
f 5992 5993 5734
f 5653 5992 5734
f 5863 5734 5944
f 5710 6011 5877
f 6011 5807 5877
f 6012 5807 6011
f 6011 6038 6012
f 6038 6037 6012
f 6012 6037 6013
f 6012 6013 5879
f 5805 6012 5879
f 5669 6012 5878
f 6012 5805 5878
f 6038 5352 6037
f 5352 5398 6037
f 6037 5398 5399
f 6037 5399 5400
f 6037 5400 5401
f 6037 5401 5402
f 6037 5402 5404
f 6036 6037 5404
f 5403 6036 5404
f 6036 5403 5405
f 5375 6036 5405
f 5430 6038 5431
f 6038 6039 5431
f 6039 5432 5431
f 6039 5338 5432
f 5338 6039 5393
f 5393 6039 5397
f 6040 5371 5436
f 5429 6040 5436
f 5397 6040 5429
f 5371 6040 5428
f 6040 5396 5428
f 6041 5361 5426
f 5361 6041 5425
f 6042 5419 5424
f 6042 5353 5419
f 6043 5413 5414
f 6043 5414 5437
f 6042 6043 5437
f 5337 6042 5437
f 6043 6042 6007
f 6006 6043 6007
f 6007 5672 6006
f 6006 5672 5912
f 5872 6006 5912
f 5897 5773 5859
f 5773 6005 5859
f 6005 5722 5859
f 5722 6005 5731
f 6006 5831 5731
f 6006 5731 6005
f 6005 6044 6006
f 6045 6044 6005
f 6004 6045 6005
f 6046 6045 6004
f 6003 6046 6004
f 6004 5738 6003
f 6003 5738 5918
f 5916 6003 5918
f 6003 5713 5673
f 6003 5673 6002
f 6002 6047 6003
f 6048 6047 6002
f 6001 6048 6002
f 6002 5790 6001
f 6001 5790 5883
f 5704 6001 5883
f 6000 5677 5946
f 5924 6000 5946
f 6000 5839 5847
f 6000 5847 5999
f 5999 6050 6000
f 6050 6049 6000
f 6000 6049 6001
f 6049 6050 5762
f 6049 5762 5959
f 6049 5959 5923
f 5795 6049 5923
f 5793 5945 5882
f 6048 5793 5882
f 5670 6048 5882
f 5717 6047 5841
f 6047 5717 5913
f 6047 5913 5810
f 6046 6047 5810
f 5810 5915 6046
f 5828 6046 5915
f 6048 5670 5841
f 6048 6049 5793
f 5936 5982 5920
f 5982 5809 5920
f 5983 5809 5982
f 5982 6067 5983
f 6067 6066 5983
f 5983 6066 5984
f 5983 5984 5934
f 5845 5983 5934
f 5671 5984 5932
f 5932 5984 5785
f 5909 5789 5938
f 5789 5986 5938
f 5986 5765 5938
f 5681 5987 5940
f 5940 5987 5865
f 5987 5774 5865
f 5837 5988 5868
f 5868 5988 5876
f 5988 5837 5801
f 5988 5801 5987
f 5987 6062 5988
f 6063 6062 5987
f 5986 6063 5987
f 6064 6063 5986
f 5985 6064 5986
f 6065 6064 5985
f 5984 6065 5985
f 6064 6065 5679
f 5908 6064 5679
f 6064 5644 5848
f 5848 5937 5939
f 6063 5848 5939
f 5699 6063 5939
f 6063 5823 5864
f 6061 5718 5833
f 5718 6061 5867
f 5867 6061 5846
f 6062 5832 5846
f 5832 6062 5864
f 6061 6062 5846
f 6060 5833 5875
f 6060 5875 5927
f 5840 6060 5927
f 6057 5755 5743
f 6056 6057 5743
f 6056 5743 5961
f 5654 6056 5961
f 6055 5844 5900
f 6055 5900 5902
f 5697 6055 5902
f 5661 6054 5680
f 6054 6055 5680
f 6055 6054 5995
f 5994 6055 5995
f 5994 5995 5903
f 5814 5994 5903
f 5994 5649 5812
f 5994 5812 5993
f 5993 6056 5994
f 5993 5812 5901
f 5962 5993 5901
f 5753 5993 5962
f 5993 5753 5944
f 5721 5995 5891
f 5995 5816 5891
f 5819 5997 5881
f 5881 5997 5870
f 5997 5705 5870
f 5821 5997 5899
f 5997 5998 5899
f 5998 5660 5899
f 5694 5999 5895
f 5895 5999 5960
f 5999 5694 5822
f 5998 5999 5822
f 5998 6051 5999
f 6052 6051 5998
f 6051 6052 5739
f 5739 5898 6051
f 5777 6051 5898
f 5766 6050 5772
f 6050 6051 5772
f 6051 5894 5772
f 6077 5853 5886
f 5778 6077 5886
f 6077 5778 5892
f 6077 5892 5852
f 6076 6077 5852
f 5668 6076 5852
f 5716 6075 5757
f 6076 5757 6075
f 6076 6075 5974
f 5973 6076 5974
f 5973 5974 5730
f 5720 5973 5730
f 5830 5974 5954
f 5974 5684 5954
f 5712 5975 5952
f 5975 5736 5952
f 5976 5736 5975
f 5975 6074 5976
f 6074 6073 5976
f 5976 6073 5977
f 5977 5742 5976
f 5976 5742 5948
f 5656 5976 5948
f 5750 5979 5885
f 5979 5750 5813
f 5979 5813 5978
f 5978 6071 5979
f 6071 6070 5979
f 5979 6070 5980
f 5980 5806 5979
f 5979 5806 5926
f 5980 5642 5806
f 5779 5981 5922
f 5981 5748 5922
f 5982 5663 5748
f 5982 5748 5981
f 5981 6068 5982
f 6069 6068 5981
f 5980 6069 5981
f 5981 5804 5980
f 6068 6069 5690
f 5655 6068 5690
f 6068 5921 5935
f 5782 6068 5935
f 5706 6067 5782
f 6067 5706 5674
f 5674 5919 5933
f 6066 5674 5933
f 5769 6066 5933
f 5696 6065 5760
f 6065 6066 5760
f 6065 5696 5931
f 6066 5769 5760
f 5782 6067 6068
f 6070 5662 5925
f 6070 5925 5855
f 5729 6070 5855
f 5719 6069 5729
f 5729 6069 6070
f 5662 6070 5884
f 5884 6070 5786
f 5749 6071 5888
f 5735 5888 6071
f 6071 6072 5735
f 6072 5835 5735
f 5835 6072 5949
f 6073 5947 5741
f 6072 6073 5741
f 6073 5700 5947
f 5647 6074 5951
f 6074 5825 5951
f 5825 6074 5953
f 6074 6075 5953
f 6074 5647 5746
f 5700 6073 5746
f 5741 5949 6072
f 6071 5749 5786
f 6068 5655 5921
f 6069 5719 5690
f 5981 5779 5804
f 5980 5804 5856
f 5642 5980 5856
f 6070 6069 5980
f 6070 6071 5786
f 6072 6071 5978
f 5977 6072 5978
f 5978 5843 5977
f 5977 5843 5889
f 5950 5977 5889
f 5698 5977 5950
f 5978 5645 5843
f 5645 5978 5813
f 5885 5979 5926
f 5796 5971 5887
f 5971 5740 5887
f 5972 5740 5971
f 5971 6078 5972
f 6078 6077 5972
f 5972 6077 5973
f 5973 5770 5972
f 5972 5770 5838
f 6079 6078 5971
f 5970 6079 5971
f 5971 5784 5970
f 5970 5784 5958
f 5767 5970 5958
f 5703 5969 5792
f 5969 5970 5792
f 5969 6080 5970
f 6081 6080 5969
f 5968 6081 5969
f 5969 5676 5968
f 5968 5676 5956
f 5666 5968 5956
f 5693 6087 5788
f 5968 5788 6087
f 6087 6082 5968
f 6083 6082 6087
f 6086 6083 6087
f 6087 5687 6086
f 5659 6086 5687
f 5752 6085 5727
f 6085 6086 5727
f 6085 6084 6086
f 6085 5787 6084
f 5651 6084 5787
f 5775 6083 5783
f 6083 6084 5783
f 6083 5775 5771
f 5763 6082 5771
f 6082 5763 5761
f 6082 5761 6081
f 5709 6081 5761
f 6080 5682 5955
f 5640 6080 5955
f 6080 5957 5803
f 6080 5803 6079
f 5803 5800 6079
f 5815 6078 5800
f 6078 5815 5827
f 6080 5640 5957
f 6081 5709 5682
f 6084 5651 5783
f 6085 5752 5787
f 6086 5659 5727
f 6084 6083 6086
f 6083 5771 6082
f 6087 5693 5687
f 5968 5666 5788
f 6082 6081 5968
f 6081 5682 6080
f 5969 5703 5676
f 5970 5767 5792
f 6080 6079 5970
f 6078 6079 5800
f 5972 5838 5740
f 5971 5796 5784
f 5977 5698 5742
f 6073 6072 5977
f 6073 6074 5746
f 6075 6074 5975
f 5976 5656 5736
f 5975 5712 5684
f 5975 5684 5974
f 5974 5830 5893
f 5973 5720 5770
f 5974 5893 5730
f 5974 6075 5975
f 6075 5716 5953
f 6076 5668 5757
f 6077 6076 5973
f 6078 5853 6077
f 6078 5827 5853
f 6053 5728 5890
f 6053 5890 5880
f 5711 6053 5880
f 5641 6052 5683
f 5683 6052 6053
f 6053 6052 5997
f 5996 6053 5997
f 6054 6053 5996
f 5683 6053 5904
f 6053 5869 5904
f 6053 5711 5869
f 6053 6054 5728
f 6051 5777 5894
f 6052 5641 5739
f 5660 5998 5822
f 5997 6052 5998
f 5997 5821 5905
f 5705 5997 5905
f 5996 5997 5819
f 5639 5996 5819
f 5996 5639 5816
f 5996 5816 5995
f 5649 5994 5814
f 5995 5721 5903
f 6056 6055 5994
f 5995 6054 5996
f 6054 5661 5728
f 6055 5697 5680
f 6055 6056 5844
f 6056 5654 5844
f 5755 6057 5862
f 5862 6057 5850
f 6058 5860 5850
f 5743 5943 5961
f 6063 5699 5823
f 5644 6064 5908
f 6065 5931 5679
f 6063 6064 5848
f 6062 6063 5864
f 5774 5987 5801
f 5681 5986 5987
f 5765 5986 5681
f 5789 5985 5986
f 5797 5985 5789
f 5785 5985 5797
f 5984 5985 5785
f 5708 5983 5845
f 5984 5671 5934
f 6066 6065 5984
f 6066 6067 5674
f 6068 6067 5982
f 5983 5708 5809
f 5663 5982 5936
f 6049 5795 5793
f 6050 5766 5762
f 6051 6050 5999
f 5999 5847 5960
f 5839 6000 5924
f 6001 5677 6000
f 6001 5704 5677
f 5768 6002 5914
f 6002 5768 5790
f 6049 6048 6001
f 5841 6047 6048
f 6002 5673 5914
f 5713 6003 5916
f 5657 6004 5773
f 6004 5657 5738
f 6047 6046 6003
f 6044 6045 5410
f 5394 6044 5410
f 5394 5609 5480
f 5394 5480 5479
f 5394 5479 5478
f 5478 5445 5568
f 6044 5478 5568
f 5411 6044 5568
f 5488 5603 6045
f 5601 5488 6045
f 5603 5602 6045
f 6045 5602 5604
f 6045 5604 5606
f 6045 5606 5607
f 5607 5461 6045
f 5461 5444 6045
f 6045 5444 5469
f 6045 5469 5575
f 5575 5516 6045
f 5516 5518 6045
f 6045 5518 5490
f 6045 5490 5500
f 5500 5499 6045
f 5499 5496 6045
f 6045 5496 5498
f 6045 5498 5494
f 6045 5494 5493
f 5493 5487 6045
f 5487 5492 6045
f 6045 5492 5477
f 6045 5477 5468
f 5468 5608 6045
f 5608 5491 6045
f 6045 5491 5489
f 6045 5489 5460
f 5460 5470 6045
f 5470 5486 6045
f 6045 5486 5485
f 5485 5484 6045
f 5484 5483 6045
f 6045 5483 5481
f 6045 5481 5482
f 5482 5567 6045
f 5567 5395 6045
f 6044 5411 5412
f 5445 5579 5568
f 6044 5394 5478
f 6045 5395 5410
f 6004 6005 5773
f 5910 6010 5906
f 6010 5646 5906
f 5646 6010 5907
f 6010 5824 5907
f 6011 5824 6010
f 6010 6039 6011
f 6040 6039 6010
f 6009 6040 6010
f 6009 6010 5744
f 5692 6009 5744
f 5643 6008 5732
f 6009 5732 6008
f 6008 6041 6009
f 6042 6041 6008
f 6008 5643 5911
f 5737 6008 5911
f 5866 5737 5911
f 5751 6007 5737
f 6007 6008 5737
f 6009 5692 5732
f 6041 6040 6009
f 6041 5336 6040
f 5744 6010 5910
f 5831 6006 5872
f 6007 5751 5672
f 6044 6043 6006
f 6007 6042 6008
f 6043 6044 5413
f 6044 5370 5413
f 5370 6044 5412
f 6042 5337 5353
f 6042 5424 5425
f 6041 6042 5425
f 5336 6041 5426
f 5336 5396 6040
f 6039 6040 5397
f 5352 6038 5430
f 6039 6038 6011
f 6012 5669 5807
f 6011 5710 5824
f 5992 5653 5842
f 5734 5993 5944
f 6057 6056 5993
f 6057 6058 5850
f 6058 5650 5860
f 6059 5723 5759
f 6060 5840 5817
f 6060 6061 5833
f 6062 6061 5988
f 5988 5675 5876
f 5715 5989 5928
f 5990 5725 5989
f 5990 5829 5725
f 5990 6059 5991
f 5992 5842 5991
f 6046 5828 5745
f 6045 6046 5745
f 6045 5781 5513
f 5513 5535 6045
f 5535 5538 6045
f 5538 5456 6045
f 5456 5510 6045
f 5510 5541 6045
f 5541 5544 6045
f 5544 5504 6045
f 5504 5547 6045
f 5547 5550 6045
f 5550 5553 6045
f 5553 5556 6045
f 5556 5559 6045
f 5559 5520 6045
f 5520 5562 6045
f 5562 5576 6045
f 5576 5580 6045
f 5580 5583 6045
f 5583 5586 6045
f 5586 5589 6045
f 5589 5592 6045
f 5592 5595 6045
f 5595 5472 6045
f 5532 5513 5781
f 5529 5532 5781
f 5526 5529 5781
f 5465 5526 5781
f 5569 5465 5781
f 5572 5569 5781
f 5501 5572 5781
f 5450 5501 5781
f 5447 5450 5781
f 5472 5598 6045
f 5598 5601 6045
f 6033 5357 5497
f 5355 5357 6033
f 6034 5343 5355
f 6035 6034 6015
f 6036 5375 5376
f 6037 6036 6013
f 6013 5780 5879
f 6014 5664 5747
f 6014 6035 6015
f 6015 5799 5871

usemtl Turquoise_0
f 5455 6234 5628
f 5628 6234 5627
f 5449 5452 6234
f 5452 5503 6234
f 5503 5574 6234
f 5574 5571 6234
f 5571 5467 6234
f 5467 5528 6234
f 5528 5531 6234
f 5531 5534 6234
f 5534 5515 6234
f 5515 5537 6234
f 5537 5540 6234
f 5540 5458 6234
f 5458 5512 6234
f 5512 5543 6234
f 5543 5546 6234
f 5546 5506 6234
f 5506 5549 6234
f 5549 5552 6234
f 5552 5555 6234
f 5555 5558 6234
f 5558 5561 6234
f 5561 5522 6234
f 5522 5564 6234
f 5564 5578 6234
f 5578 5582 6234
f 5582 5585 6234
f 5585 5588 6234
f 5588 5591 6234
f 5591 5594 6234
f 5594 5597 6234
f 5597 5474 6234
f 5474 5600 6234
f 5600 5406 6234
f 6234 5406 5454
f 5333 6234 5454
f 6234 5358 5427
f 5373 6234 5427
f 5351 6234 5373
f 6237 5351 5423
f 5422 6237 5423
f 5421 6237 5422
f 6237 5420 5438
f 6237 5438 6239
f 6238 6237 6239
f 6239 6240 6238
f 6240 6241 6238
f 6241 6299 6238
f 6299 6300 6238
f 6238 6300 6236
f 6300 6302 6236
f 6236 6302 6235
f 6235 6234 6236
f 6236 6234 6237
f 5434 6234 6235
f 5434 6235 5525
f 5342 5629 5517
f 6225 5342 5517
f 5517 6224 6225
f 6224 6223 6225
f 6225 6223 6180
f 6179 6225 6180
f 6179 6180 6178
f 6178 6177 6179
f 5345 6179 6177
f 5345 6177 5363
f 6179 5347 5346
f 6175 5364 5443
f 5443 6177 6175
f 6176 6175 6177
f 6174 6175 6176
f 6176 6139 6174
f 6139 6140 6174
f 6174 6140 6173
f 6173 6172 6174
f 6172 6173 6170
f 6171 6172 6170
f 6170 6168 6171
f 5871 6171 6168
f 5871 6168 5756
f 5965 6168 5664
f 6168 5747 5664
f 6168 5780 5747
f 5873 5348 5382
f 5873 5382 5695
f 5442 5695 5382
f 5442 5383 5678
f 5678 5383 5665
f 6171 5836 5685
f 5874 6171 5685
f 6171 5874 5714
f 5858 6171 5714
f 6172 5858 5791
f 6172 5791 5764
f 6172 5764 5689
f 6172 5689 5776
f 5967 6172 5776
f 6172 5834 5652
f 5794 6172 5652
f 5964 6172 5794
f 6175 5964 5754
f 6175 5754 5726
f 6175 5726 5826
f 6175 5826 5686
f 6175 5686 5702
f 6175 5702 5854
f 6175 5854 5638
f 6175 5638 5733
f 6175 5733 5707
f 5340 6175 5707
f 5340 5707 5344
f 5344 5811 5365
f 5811 5648 5365
f 5365 5648 5366
f 5648 5724 5366
f 5366 5724 5367
f 5367 5851 5368
f 5851 5667 5368
f 5369 5368 5667
f 5369 5667 5963
f 5963 5356 5369
f 5388 5387 5798
f 5388 5798 5658
f 5332 5388 5658
f 5332 5658 5966
f 5966 5374 5332
f 5691 5386 5374
f 5386 5691 5857
f 5857 5385 5386
f 5384 5385 5857
f 5384 5857 5665
f 5849 5665 5857
f 5758 5691 5966
f 5374 5966 5691
f 5820 5658 5798
f 5387 5963 5798
f 5963 5387 5356
f 5818 5963 5667
f 5724 5851 5367
f 5648 5808 5724
f 5707 5811 5344
f 5964 6175 6172
f 6172 5967 5834
f 6171 5802 5836
f 6171 5799 5802
f 5384 5665 5383
f 5442 5678 5695
f 5599 5473 5454
f 5473 5596 5454
f 5596 5593 5454
f 5593 5590 5454
f 5590 5587 5454
f 5587 5584 5454
f 5584 5581 5454
f 5581 5577 5454
f 5577 5563 5454
f 5563 5521 5454
f 5521 5560 5454
f 5560 5557 5454
f 5557 5554 5454
f 5554 5551 5454
f 5551 5548 5454
f 5548 5505 5454
f 5505 5545 5454
f 5545 5542 5454
f 5542 5511 5454
f 5511 5457 5454
f 5457 5539 5454
f 5539 5536 5454
f 5536 5514 5454
f 5514 5533 5454
f 5533 5530 5454
f 5530 5527 5454
f 5527 5466 5454
f 5466 5570 5454
f 5570 5573 5454
f 5573 5502 5454
f 5502 5451 5454
f 5451 5448 5454
f 5441 5781 5409
f 5417 6239 5418
f 5416 6239 5417
f 5415 6239 5416
f 6239 5415 5439
f 6239 5439 5440
f 5379 6239 5440
f 6240 5379 5360
f 6240 5360 5409
f 5781 6240 5409
f 5896 6240 5781
f 5745 5828 5917
f 5828 6243 5917
f 6243 6240 5917
f 6242 6240 6243
f 6242 6243 6244
f 6244 6294 6242
f 6294 6296 6242
f 6242 6296 6241
f 6294 6295 6296
f 6296 6295 6297
f 6297 6298 6296
f 6298 6299 6296
f 6298 6297 6099
f 6097 6298 6099
f 6098 6097 6099
f 6099 6100 6098
f 6100 6101 6098
f 6098 6101 6214
f 6216 6098 6214
f 6214 6215 6216
f 6216 6215 6217
f 6216 6217 6218
f 6218 6096 6216
f 6094 6096 6218
f 6220 6094 6218
f 6218 6219 6220
f 6220 6219 6221
f 6220 6221 6222
f 6222 6093 6220
f 6090 6093 6222
f 6224 6090 6222
f 6088 6090 6224
f 6226 6088 6224
f 6318 6088 6226
f 6227 6318 6226
f 6226 5349 6227
f 6227 5349 5350
f 6227 5350 5392
f 6227 5392 6228
f 6228 6317 6227
f 6314 6317 6228
f 6229 6314 6228
f 6228 5335 6229
f 6229 5335 5372
f 6229 5372 6230
f 6230 6313 6229
f 6310 6313 6230
f 6231 6310 6230
f 6230 5339 6231
f 6231 5339 5390
f 6231 5390 6232
f 6232 6308 6231
f 6306 6308 6232
f 6233 6306 6232
f 6232 5408 6233
f 6233 5408 5362
f 6233 5362 5435
f 5435 5433 6233
f 6235 6233 5433
f 5464 6235 5433
f 6235 6305 6233
f 6232 5407 5408
f 6305 6306 6233
f 6305 6304 6306
f 6306 6304 6307
f 6307 6304 6091
f 6089 6307 6091
f 6090 6089 6091
f 6091 6092 6090
f 6309 6307 6089
f 6319 6309 6089
f 6088 6319 6089
f 6311 6309 6319
f 6316 6311 6319
f 6318 6316 6319
f 6317 6316 6318
f 6312 6311 6316
f 6315 6312 6316
f 6315 6316 6314
f 6314 6312 6315
f 6313 6312 6314
f 6311 6312 6310
f 6310 6309 6311
f 6308 6309 6310
f 6308 6307 6309
f 6091 6304 6092
f 6304 6303 6092
f 6092 6303 6095
f 6094 6092 6095
f 6093 6092 6094
f 6303 6301 6095
f 6095 6301 6097
f 6096 6095 6097
f 6302 6301 6303
f 6303 6304 6302
f 6304 6305 6302
f 6306 6307 6308
f 6232 5390 5407
f 5339 6230 5354
f 5354 6230 5389
f 6308 6310 6231
f 6312 6313 6310
f 6230 5372 5389
f 6228 5334 5335
f 5334 6228 5391
f 6313 6314 6229
f 6316 6317 6314
f 6228 5392 5391
f 5349 6226 5341
f 6226 5626 5341
f 5625 5626 6226
f 5624 5625 6226
f 5624 6226 5507
f 5495 5507 6226
f 5565 5495 6226
f 5616 5565 6226
f 5566 5616 6226
f 5566 6226 5476
f 5476 6226 5523
f 5519 5523 6226
f 5446 5519 6226
f 5622 5446 6226
f 5620 5622 6226
f 5621 5620 6226
f 5619 5621 6226
f 5618 5619 6226
f 5618 6226 5617
f 5617 6226 5517
f 6317 6318 6227
f 6318 6319 6088
f 6088 6089 6090
f 6092 6093 6090
f 6222 6221 6223
f 6223 6221 6183
f 6183 6221 6185
f 6184 6183 6185
f 6185 6186 6184
f 6186 6187 6184
f 6187 6128 6184
f 6128 6130 6184
f 6184 6130 6182
f 6130 6132 6182
f 6182 6132 6181
f 6181 6180 6182
f 6182 6180 6183
f 6132 6135 6181
f 6181 6135 6178
f 6135 6136 6178
f 6178 6136 6176
f 6135 6134 6136
f 6136 6134 6137
f 6137 6138 6136
f 6138 6139 6136
f 6138 6137 5861
f 5842 6138 5861
f 6137 5829 5688
f 6137 5725 5829
f 5725 6137 5930
f 5928 5930 6134
f 5928 6134 5715
f 6134 5675 5715
f 5941 6261 5723
f 5723 6261 5759
f 6261 5650 5759
f 6138 5653 5734
f 5863 6138 5734
f 6138 5863 5944
f 6138 5944 6141
f 6140 6138 6141
f 6140 6141 6142
f 6142 6141 6143
f 6142 6143 6144
f 6142 6144 6170
f 6170 6144 6169
f 6144 6147 6169
f 6169 6147 6166
f 6168 6169 6166
f 6167 6168 6166
f 6166 6165 6167
f 5877 6167 6165
f 5877 6165 5710
f 5879 6167 5805
f 6167 5878 5805
f 5878 6167 5669
f 6167 5807 5669
f 6159 5872 5912
f 5912 6161 6159
f 6160 6159 6161
f 6161 6162 6160
f 6162 6163 6160
f 6163 6152 6160
f 6152 6154 6160
f 6160 6154 6158
f 6154 6156 6158
f 6156 6157 6158
f 6158 6157 6159
f 5859 6159 6157
f 5859 6157 5897
f 6159 5722 5731
f 6159 5731 5831
f 5916 5918 6155
f 5916 6155 5713
f 6155 5673 5713
f 5883 6153 5704
f 6153 5677 5704
f 5677 6153 5946
f 5924 5946 6150
f 5924 6150 5839
f 6150 5847 5839
f 5923 6247 5795
f 5795 6247 5945
f 5793 5795 5945
f 5882 6245 5670
f 5670 6245 5717
f 5841 5670 5717
f 5810 6243 5915
f 5913 6243 5810
f 6245 6243 5913
f 5717 6245 5913
f 6245 5882 5945
f 6247 6245 5945
f 6246 6245 6247
f 6246 6247 6248
f 6248 6290 6246
f 6290 6293 6246
f 6246 6293 6244
f 6292 6293 6290
f 6291 6292 6290
f 6290 6289 6291
f 6291 6289 6107
f 6105 6291 6107
f 6106 6105 6107
f 6106 6107 6108
f 6106 6108 6206
f 6208 6106 6206
f 6206 6207 6208
f 6208 6207 6209
f 6209 6210 6208
f 6210 6211 6208
f 6211 6104 6208
f 6102 6104 6211
f 6212 6102 6211
f 6101 6102 6212
f 6102 6103 6104
f 6104 6103 6105
f 6103 6292 6105
f 6295 6292 6103
f 6100 6295 6103
f 6102 6100 6103
f 6211 6210 6212
f 6212 6210 6213
f 6212 6213 6214
f 6213 6210 6193
f 6190 6213 6193
f 6192 6190 6193
f 6193 6194 6192
f 6194 6195 6192
f 6195 6120 6192
f 6120 6123 6192
f 6192 6123 6191
f 6123 6125 6191
f 6191 6125 6188
f 6190 6191 6188
f 6189 6190 6188
f 6188 6186 6189
f 6186 6217 6189
f 6219 6217 6186
f 6189 6215 6190
f 6125 6127 6188
f 6188 6127 6187
f 6126 6127 6125
f 6124 6126 6125
f 5920 6126 6124
f 6124 5936 5920
f 5934 6126 5845
f 6126 5708 5845
f 6126 5809 5708
f 6126 5934 5671
f 5932 6126 5671
f 6129 5932 5785
f 6129 5785 5797
f 6129 5797 5789
f 5909 6129 5789
f 6131 5938 5765
f 6131 5765 5681
f 5940 6131 5681
f 6133 5865 5774
f 6133 5774 5801
f 6133 5801 5837
f 5868 6133 5837
f 6133 5868 5876
f 5876 6134 6133
f 6133 6134 6132
f 6132 6131 6133
f 5908 5679 6269
f 5908 6269 5644
f 5644 6269 5848
f 5848 6269 5937
f 5939 6267 5699
f 5699 6267 5823
f 6267 5864 5823
f 6265 5864 6267
f 6266 6265 6267
f 6266 6267 6268
f 6268 6271 6266
f 6271 6272 6266
f 6266 6272 6264
f 6272 6274 6264
f 6264 6274 6262
f 6262 6263 6264
f 6264 6263 6265
f 6263 5875 6265
f 6265 5875 5833
f 5718 6265 5833
f 5846 5832 5867
f 5867 5832 6265
f 5867 6265 5718
f 5927 6263 5840
f 5840 6263 5817
f 5875 6263 5927
f 6262 6261 6263
f 6261 5929 6263
f 6260 6261 6262
f 6262 6276 6260
f 6276 6278 6260
f 6260 6278 6258
f 6258 6259 6260
f 6258 6257 6259
f 6257 5943 6259
f 6259 5943 5743
f 5755 6259 5743
f 5961 6257 5654
f 5654 6257 5844
f 6257 5900 5844
f 5902 6255 5697
f 5697 6255 5680
f 5680 6255 5661
f 5903 6143 5814
f 6143 5649 5814
f 5649 6143 5812
f 5962 5901 6141
f 5753 5962 6141
f 6141 5901 5812
f 6143 5903 5721
f 5891 6143 5721
f 5816 6145 5891
f 6145 5816 5639
f 6145 5639 5819
f 5881 6145 5819
f 5705 6146 5870
f 6146 6145 5870
f 6145 6146 6144
f 5705 5905 6146
f 6146 5905 5821
f 5899 6146 5821
f 5660 6149 5899
f 6149 5660 5822
f 6149 5822 5694
f 5895 6149 5694
f 6149 5895 5960
f 6149 5960 6150
f 6149 6150 6148
f 6148 6146 6149
f 6147 6146 6148
f 6150 6151 6148
f 6148 6151 6164
f 6166 6148 6164
f 6164 6151 6163
f 6151 6150 6152
f 6152 6150 6153
f 5898 6249 5777
f 5777 6249 5894
f 5894 6249 5766
f 5772 5894 5766
f 5766 6249 5762
f 6249 5898 6250
f 6249 6250 6248
f 6250 6251 6248
f 6251 6288 6248
f 6286 6288 6251
f 6252 6286 6251
f 6285 6286 6252
f 6254 6285 6252
f 6252 6253 6254
f 6254 6253 6255
f 6254 6255 6256
f 6256 6282 6254
f 6281 6282 6256
f 6258 6281 6256
f 6281 6280 6282
f 6282 6280 6283
f 6283 6284 6282
f 6284 6285 6282
f 6284 6283 5886
f 5827 6284 5886
f 5853 5827 5886
f 5852 6283 5668
f 5668 6283 5757
f 5757 6283 5716
f 6115 5720 5730
f 5893 6115 5730
f 6115 5893 5830
f 5954 6115 5830
f 6117 5954 5684
f 6117 5684 5712
f 5952 6117 5712
f 5948 6117 5656
f 6117 5736 5656
f 5948 6119 6117
f 6118 6117 6119
f 6118 6119 6120
f 6120 6119 6121
f 6121 6122 6120
f 5926 6122 6121
f 5885 5926 6121
f 5885 6121 5750
f 6122 5806 5642
f 5856 6122 5642
f 6122 5856 5804
f 6122 5804 5779
f 5922 6122 5779
f 6124 5922 5748
f 6124 5748 5663
f 5690 5719 5655
f 5719 6275 5655
f 6275 5921 5655
f 6275 6273 5921
f 6273 5935 5921
f 5782 5935 5706
f 5674 5706 5919
f 5933 6270 5769
f 5769 6270 5760
f 5760 6270 5696
f 5696 6270 5931
f 6270 6269 5931
f 6269 6270 6268
f 6270 5933 5919
f 6273 6270 5919
f 6272 6270 6273
f 5706 6273 5919
f 5935 6273 5706
f 6274 6273 6275
f 6274 6275 6276
f 6276 6275 6277
f 6277 6275 5925
f 5662 6277 5925
f 5729 5855 5719
f 5786 5749 5884
f 5749 6277 5884
f 5888 6277 5749
f 5949 6279 5835
f 5835 6279 5888
f 5949 5741 6279
f 5947 6279 5741
f 5700 6280 5947
f 5746 6280 5700
f 6280 5746 5647
f 5951 6280 5647
f 5825 5953 5951
f 5951 5953 6280
f 6280 6279 5947
f 6279 6280 6278
f 6278 6277 6279
f 5735 5835 5888
f 6279 6277 5888
f 5884 6277 5662
f 5855 5925 6275
f 5855 6275 5719
f 5922 6124 6122
f 6122 6124 6123
f 5889 6119 5950
f 5950 6119 5698
f 6119 5742 5698
f 6121 5889 5843
f 6121 5843 5645
f 6121 5645 5813
f 6121 5813 5750
f 6122 5926 5806
f 5889 6121 6119
f 6116 6117 6118
f 6116 6118 6196
f 6199 6116 6196
f 6198 6199 6196
f 6197 6198 6196
f 6196 6194 6197
f 6194 6209 6197
f 6197 6207 6198
f 6207 6205 6198
f 6198 6205 6201
f 6200 6198 6201
f 6201 6202 6200
f 6202 6203 6200
f 6203 6112 6200
f 6112 6114 6200
f 6200 6114 6199
f 6112 6113 6114
f 6114 6113 6115
f 6114 6115 6116
f 5887 6115 6113
f 5887 6113 5796
f 6115 5838 5770
f 6115 5740 5838
f 5958 6113 5767
f 6113 5792 5767
f 6113 5703 5792
f 5666 5956 6111
f 5666 6111 5788
f 5788 6111 5693
f 5687 6111 5659
f 5659 6111 5727
f 5727 6111 5752
f 5787 5752 5651
f 5752 6287 5651
f 5651 6287 5775
f 5783 5651 5775
f 5771 5775 5763
f 5761 6287 5709
f 5709 6287 5955
f 5682 5709 5955
f 6284 5640 5955
f 5640 6284 5957
f 5957 6284 5803
f 5803 6284 5800
f 5800 6284 5815
f 6287 6284 5955
f 6286 6284 6287
f 5763 6287 5761
f 5775 6287 5763
f 6111 6287 5752
f 6109 6287 6111
f 6110 6109 6111
f 6110 6111 6112
f 6108 6109 6110
f 6108 6110 6204
f 6204 6110 6203
f 6289 6287 6109
f 6288 6287 6289
f 5693 6111 5687
f 5956 6113 6111
f 6113 5956 5676
f 6113 5676 5703
f 5784 6113 5958
f 6113 5784 5796
f 6115 5887 5740
f 6112 6111 6113
f 6110 6112 6203
f 6203 6202 6204
f 6204 6202 6205
f 6204 6205 6206
f 6202 6201 6205
f 6199 6198 6200
f 6114 6116 6199
f 6196 6118 6195
f 6116 6115 6117
f 6119 5948 5742
f 6117 5952 5736
f 5954 6117 6115
f 6115 5770 5720
f 5716 6283 5953
f 5892 6283 5852
f 5778 6283 5892
f 5815 6284 5827
f 5886 6283 5778
f 5953 6283 6280
f 6280 6281 6278
f 6256 6255 6257
f 6255 6253 5890
f 5728 6255 5890
f 6253 5711 5880
f 6253 5869 5711
f 6250 5869 6253
f 5904 5869 6250
f 5904 6250 5641
f 5683 5904 5641
f 5641 6250 5739
f 6253 5880 5890
f 6252 6250 6253
f 6282 6285 6254
f 6285 6284 6286
f 6286 6287 6288
f 6251 6250 6252
f 6250 5898 5739
f 6146 5899 6149
f 5870 6145 5881
f 5891 6145 6143
f 6255 5728 5661
f 6255 5902 5900
f 6255 5900 6257
f 5850 5860 5862
f 5862 5860 6259
f 6261 6259 5860
f 5862 6259 5755
f 5961 5943 6257
f 6256 6257 6258
f 6278 6281 6258
f 6276 6277 6278
f 6260 6259 6261
f 6274 6276 6262
f 6272 6273 6274
f 6271 6270 6272
f 6270 6271 6268
f 6268 6267 6269
f 6264 6265 6266
f 5864 6265 5832
f 6267 5939 5937
f 5937 6269 6267
f 5931 6269 5679
f 5865 6133 6131
f 5865 6131 5940
f 5938 6131 6129
f 6130 6129 6131
f 6129 5909 5938
f 5932 6129 6126
f 6128 6126 6129
f 5936 6124 5663
f 6126 5920 5809
f 6127 6126 6128
f 6124 6125 6123
f 6122 6123 6120
f 6118 6120 6195
f 6195 6194 6196
f 6191 6190 6192
f 6215 6213 6190
f 6193 6210 6194
f 6210 6209 6194
f 6209 6207 6197
f 6206 6205 6207
f 6104 6106 6208
f 6206 6108 6204
f 6108 6107 6109
f 6104 6105 6106
f 6107 6289 6109
f 6288 6289 6290
f 6292 6291 6105
f 6293 6292 6294
f 6288 6290 6248
f 6248 6247 6249
f 6247 5959 6249
f 6244 6245 6246
f 5959 6247 5923
f 6249 5959 5762
f 5847 6150 5960
f 5946 6153 6150
f 6153 5883 5790
f 6153 5790 5768
f 5914 6153 5768
f 6153 5914 6155
f 6154 6153 6155
f 5673 6155 5914
f 5918 6157 6155
f 6157 5918 5738
f 6157 5738 5657
f 6157 5657 5773
f 5897 6157 5773
f 6159 5859 5722
f 6156 6155 6157
f 6154 6155 6156
f 6152 6153 6154
f 6151 6152 6163
f 6163 6162 6164
f 6164 6162 6165
f 5906 6165 6162
f 5906 6162 5910
f 5907 6165 5646
f 6165 5907 5824
f 6162 5692 5744
f 6162 5732 5692
f 6162 5643 5732
f 6161 5866 5911
f 5866 6161 5737
f 6161 5751 5737
f 6161 5672 5751
f 6162 5911 5643
f 5910 6162 5744
f 6165 5906 5646
f 5911 6162 6161
f 6158 6159 6160
f 5872 6159 5831
f 6161 5912 5672
f 6165 5824 5710
f 6167 5877 5807
f 6164 6165 6166
f 5879 6168 6167
f 6147 6148 6166
f 6146 6147 6144
f 6144 6143 6145
f 6143 6141 5812
f 5753 6141 5944
f 5650 6261 5860
f 6261 5941 5929
f 6263 5929 5817
f 6134 5876 5675
f 5942 6137 5688
f 6137 5942 5701
f 6138 5842 5653
f 5861 6137 5701
f 6134 5930 6137
f 6134 6135 6132
f 6130 6131 6132
f 6128 6129 6130
f 6127 6128 6187
f 6187 6186 6188
f 6185 6219 6186
f 6182 6183 6184
f 6221 6219 6185
f 6093 6094 6220
f 6094 6095 6096
f 6218 6217 6219
f 6217 6215 6189
f 6214 6213 6215
f 6096 6098 6216
f 6214 6101 6212
f 6101 6100 6102
f 6096 6097 6098
f 6301 6298 6097
f 6300 6298 6301
f 6099 6297 6100
f 6297 6295 6100
f 6294 6292 6295
f 6293 6294 6244
f 6244 6243 6245
f 5915 6243 5828
f 5917 6240 5896
f 6168 5879 5780
f 6168 5965 5756
f 6171 5871 5799
f 6169 6168 6170
f 5858 6172 6171
f 6173 6142 6170
f 6140 6142 6173
f 6139 6138 6140
f 6136 6139 6176
f 6174 6172 6175
f 5364 6175 5340
f 5443 5363 6177
f 5345 5347 6179
f 6176 6177 6178
f 6180 6181 6178
f 6225 6179 5346
f 6225 5346 5630
f 6180 6223 6183
f 6222 6223 6224
f 6226 6224 5517
f 6225 5630 5342
f 5346 5631 5630
f 5525 6235 5464
f 6302 6305 6235
f 6300 6301 6302
f 6299 6298 6300
f 6296 6299 6241
f 6241 6240 6242
f 6240 6239 5379
f 6236 6237 6238
f 6239 5438 5418
f 5420 6237 5421
f 6234 5351 6237
f 6234 5333 5358
f 5406 5599 5454
f 6234 5434 5627
f 5455 5449 6234

usemtl Turquoise_0
f 6567 6893 6539
f 6893 6894 6539
f 6894 6467 6539
f 6467 6894 6496
f 6895 6502 6496
f 6502 6895 6603
f 6776 6603 6895
f 6895 6890 6776
f 6890 6889 6776
f 6776 6889 6777
f 6777 6485 6776
f 6776 6485 6763
f 6474 6776 6763
f 6784 6557 6755
f 6785 6557 6784
f 6784 6881 6785
f 6881 6880 6785
f 6785 6880 6786
f 6786 6652 6785
f 6785 6652 6700
f 6757 6785 6700
f 6341 6795 6363
f 6795 6330 6363
f 6330 6795 6361
f 6361 6796 6367
f 6367 6796 6437
f 6796 6362 6437
f 6796 6358 6362
f 6358 6796 6441
f 6796 6484 6441
f 6339 6441 6484
f 6860 6447 6553
f 6859 6860 6553
f 6860 6859 6806
f 6805 6860 6806
f 6805 6806 6710
f 6630 6805 6710
f 6805 6515 6678
f 6693 6805 6678
f 6445 6804 6628
f 6804 6805 6628
f 6804 6861 6805
f 6862 6861 6804
f 6803 6862 6804
f 6804 6625 6803
f 6803 6625 6702
f 6532 6803 6702
f 6623 6802 6714
f 6802 6803 6714
f 6802 6863 6803
f 6864 6863 6802
f 6801 6864 6802
f 6802 6622 6801
f 6801 6622 6712
f 6769 6801 6712
f 6801 6568 6751
f 6547 6801 6751
f 6672 6547 6751
f 6460 6800 6547
f 6800 6460 6651
f 6800 6651 6799
f 6799 6866 6800
f 6866 6865 6800
f 6800 6865 6801
f 6865 6866 6658
f 6671 6865 6658
f 6865 6570 6558
f 6864 6865 6558
f 6864 6558 6768
f 6461 6864 6768
f 6863 6653 6711
f 6863 6711 6713
f 6506 6863 6713
f 6469 6862 6489
f 6862 6863 6489
f 6862 6469 6540
f 6861 6540 6701
f 6861 6701 6692
f 6521 6861 6692
f 6888 6491 6762
f 6446 6888 6762
f 6888 6446 6764
f 6888 6764 6616
f 6888 6616 6887
f 6888 6887 6778
f 6777 6888 6778
f 6777 6778 6606
f 6778 6887 6779
f 6779 6600 6778
f 6779 6611 6600
f 6887 6886 6779
f 6779 6886 6780
f 6780 6555 6779
f 6886 6885 6780
f 6780 6885 6781
f 6781 6588 6780
f 6781 6530 6588
f 6885 6884 6781
f 6781 6884 6782
f 6781 6782 6542
f 6884 6883 6782
f 6782 6883 6783
f 6783 6493 6782
f 6782 6493 6761
f 6639 6782 6761
f 6883 6882 6783
f 6783 6882 6784
f 6784 6549 6783
f 6882 6883 6760
f 6634 6882 6760
f 6454 6882 6758
f 6882 6454 6561
f 6881 6882 6561
f 6510 6881 6561
f 6881 6754 6556
f 6645 6880 6756
f 6880 6645 6548
f 6879 6880 6548
f 6548 6699 6879
f 6564 6879 6699
f 6696 6878 6601
f 6878 6879 6601
f 6879 6878 6787
f 6786 6879 6787
f 6787 6349 6786
f 6349 6429 6786
f 6786 6429 6438
f 6451 6786 6438
f 6353 6794 6370
f 6370 6794 6399
f 6398 6399 6794
f 6795 6398 6794
f 6794 6871 6795
f 6871 6870 6795
f 6795 6870 6796
f 6870 6869 6796
f 6796 6869 6797
f 6869 6868 6797
f 6797 6868 6798
f 6798 6536 6797
f 6797 6536 6742
f 6740 6797 6742
f 6475 6836 6627
f 6627 6836 6837
f 6837 6836 6829
f 6828 6837 6829
f 6608 6828 6829
f 6608 6829 6771
f 6828 6459 6643
f 6827 6828 6643
f 6775 6827 6643
f 6593 6827 6775
f 6582 6826 6498
f 6827 6498 6826
f 6826 6839 6827
f 6839 6838 6827
f 6838 6839 6575
f 6774 6838 6575
f 6612 6837 6629
f 6837 6838 6629
f 6837 6612 6770
f 6838 6466 6629
f 6500 6839 6665
f 6665 6839 6657
f 6473 6840 6487
f 6840 6841 6487
f 6841 6504 6487
f 6504 6841 6683
f 6585 6842 6679
f 6480 6679 6842
f 6842 6843 6480
f 6843 6609 6480
f 6844 6449 6554
f 6843 6844 6554
f 6844 6843 6822
f 6821 6844 6822
f 6821 6822 6563
f 6596 6821 6563
f 6472 6822 6773
f 6773 6822 6572
f 6822 6823 6572
f 6823 6680 6572
f 6520 6819 6687
f 6819 6618 6687
f 6820 6618 6819
f 6819 6846 6820
f 6846 6845 6820
f 6820 6845 6821
f 6820 6821 6691
f 6617 6820 6691
f 6477 6820 6689
f 6820 6617 6689
f 6845 6846 6537
f 6845 6537 6686
f 6845 6686 6688
f 6845 6688 6531
f 6490 6845 6531
f 6690 6844 6490
f 6853 6660 6667
f 6852 6853 6667
f 6644 6852 6667
f 6852 6644 6681
f 6852 6681 6574
f 6851 6852 6574
f 6566 6851 6574
f 6571 6726 6674
f 6850 6571 6674
f 6453 6850 6674
f 6850 6562 6724
f 6849 6850 6724
f 6508 6849 6724
f 6722 6848 6545
f 6848 6849 6545
f 6849 6848 6817
f 6816 6849 6817
f 6817 6544 6816
f 6448 6816 6544
f 6559 6818 6723
f 6723 6818 6718
f 6818 6452 6718
f 6818 6633 6720
f 6819 6633 6818
f 6818 6847 6819
f 6848 6847 6818
f 6551 6847 6848
f 6551 6848 6719
f 6471 6846 6481
f 6846 6847 6481
f 6847 6518 6481
f 6848 6464 6717
f 6848 6717 6719
f 6518 6847 6551
f 6675 6550 6725
f 6550 6816 6725
f 6815 6816 6550
f 6565 6815 6550
f 6814 6479 6727
f 6682 6814 6727
f 6814 6640 6543
f 6814 6543 6813
f 6813 6852 6814
f 6533 6813 6543
f 6813 6533 6668
f 6591 6813 6668
f 6708 6591 6668
f 6465 6812 6591
f 6812 6465 6552
f 6812 6552 6811
f 6811 6854 6812
f 6854 6853 6812
f 6812 6853 6813
f 6853 6854 6560
f 6853 6560 6707
f 6597 6853 6707
f 6560 6732 6707
f 6637 6854 6730
f 6620 6730 6854
f 6854 6855 6620
f 6855 6728 6620
f 6527 6855 6650
f 6650 6855 6856
f 6856 6855 6810
f 6809 6856 6810
f 6810 6604 6809
f 6809 6604 6695
f 6514 6809 6695
f 6808 6486 6753
f 6737 6808 6753
f 6808 6648 6655
f 6808 6655 6807
f 6807 6858 6808
f 6858 6857 6808
f 6808 6857 6809
f 6857 6858 6580
f 6857 6580 6766
f 6857 6766 6736
f 6610 6857 6736
f 6607 6752 6694
f 6856 6607 6694
f 6478 6856 6694
f 6856 6857 6607
f 6857 6610 6607
f 6583 6858 6590
f 6858 6859 6590
f 6859 6705 6590
f 6859 6594 6705
f 6594 6859 6709
f 6858 6583 6580
f 6859 6858 6807
f 6807 6655 6767
f 6706 6807 6767
f 6807 6503 6631
f 6806 6807 6631
f 6468 6806 6631
f 6503 6807 6706
f 6648 6808 6737
f 6809 6486 6808
f 6809 6514 6486
f 6586 6810 6729
f 6810 6482 6729
f 6523 6811 6731
f 6731 6811 6733
f 6811 6523 6482
f 6811 6482 6810
f 6810 6586 6604
f 6857 6856 6809
f 6810 6855 6811
f 6856 6478 6650
f 6855 6527 6728
f 6854 6637 6560
f 6855 6854 6811
f 6811 6552 6733
f 6812 6813 6591
f 6640 6814 6682
f 6815 6479 6814
f 6814 6851 6815
f 6851 6850 6815
f 6815 6565 6479
f 6815 6850 6816
f 6452 6818 6720
f 6817 6818 6559
f 6501 6817 6559
f 6816 6448 6725
f 6817 6501 6544
f 6817 6848 6818
f 6464 6848 6722
f 6849 6508 6545
f 6850 6849 6816
f 6850 6453 6562
f 6850 6851 6571
f 6851 6566 6571
f 6852 6851 6814
f 6853 6852 6813
f 6853 6597 6660
f 6490 6844 6845
f 6846 6471 6537
f 6847 6846 6819
f 6820 6477 6618
f 6819 6520 6633
f 6524 6825 6666
f 6666 6825 6605
f 6825 6826 6605
f 6825 6840 6826
f 6825 6524 6684
f 6494 6825 6684
f 6646 6824 6494
f 6824 6646 6615
f 6823 6824 6615
f 6613 6823 6615
f 6823 6842 6824
f 6842 6841 6824
f 6824 6841 6825
f 6841 6842 6577
f 6825 6494 6824
f 6823 6613 6680
f 6821 6596 6691
f 6822 6472 6563
f 6845 6844 6821
f 6822 6843 6823
f 6449 6844 6690
f 6554 6772 6843
f 6609 6843 6772
f 6843 6842 6823
f 6842 6585 6577
f 6683 6841 6577
f 6841 6840 6825
f 6840 6473 6657
f 6839 6840 6657
f 6466 6838 6774
f 6839 6500 6575
f 6840 6839 6826
f 6826 6582 6605
f 6498 6827 6593
f 6827 6838 6828
f 6444 6832 6546
f 6546 6832 6833
f 6833 6517 6546
f 6833 6832 6834
f 6833 6834 6621
f 6831 6834 6832
f 6831 6832 6663
f 6835 6834 6831
f 6830 6835 6831
f 6831 6495 6830
f 6836 6835 6830
f 6835 6836 6659
f 6834 6835 6619
f 6455 6834 6619
f 6835 6535 6619
f 6832 6444 6663
f 6512 6831 6663
f 6495 6831 6512
f 6635 6830 6495
f 6830 6635 6538
f 6829 6830 6538
f 6829 6538 6569
f 6829 6569 6771
f 6459 6828 6608
f 6838 6837 6828
f 6829 6836 6830
f 6627 6837 6770
f 6836 6475 6659
f 6535 6835 6659
f 6834 6455 6621
f 6517 6833 6621
f 6511 6799 6670
f 6799 6511 6749
f 6799 6749 6497
f 6798 6799 6497
f 6638 6798 6497
f 6798 6867 6799
f 6525 6797 6740
f 6797 6525 6484
f 6798 6638 6536
f 6868 6867 6798
f 6867 6868 6626
f 6867 6626 6741
f 6867 6741 6748
f 6534 6867 6748
f 6457 6866 6576
f 6866 6867 6576
f 6866 6457 6669
f 6867 6534 6576
f 6885 6662 6697
f 6595 6885 6697
f 6885 6595 6703
f 6885 6703 6661
f 6476 6884 6661
f 6884 6476 6573
f 6526 6883 6573
f 6886 6636 6662
f 6886 6624 6636
f 6624 6886 6614
f 6878 6470 6738
f 6878 6738 6664
f 6541 6878 6664
f 6529 6877 6541
f 6877 6529 6499
f 6876 6877 6499
f 6462 6876 6499
f 6876 6462 6735
f 6876 6735 6745
f 6598 6876 6745
f 6516 6875 6598
f 6875 6516 6483
f 6874 6875 6483
f 6874 6483 6744
f 6587 6874 6744
f 6505 6873 6578
f 6873 6874 6578
f 6874 6873 6792
f 6791 6874 6792
f 6791 6792 6408
f 6791 6408 6409
f 6331 6791 6409
f 6791 6331 6410
f 6791 6410 6790
f 6790 6875 6791
f 6876 6875 6790
f 6789 6876 6790
f 6789 6790 6412
f 6345 6789 6412
f 6789 6345 6413
f 6789 6413 6434
f 6788 6789 6434
f 6414 6788 6434
f 6788 6414 6415
f 6355 6788 6415
f 6788 6355 6416
f 6788 6416 6392
f 6787 6788 6392
f 6382 6787 6392
f 6787 6382 6428
f 6384 6787 6428
f 6788 6877 6789
f 6878 6877 6788
f 6790 6381 6412
f 6381 6790 6418
f 6418 6790 6426
f 6790 6393 6426
f 6393 6790 6411
f 6410 6411 6790
f 6792 6407 6408
f 6792 6383 6407
f 6383 6792 6405
f 6792 6373 6405
f 6373 6792 6406
f 6792 6793 6406
f 6793 6357 6406
f 6357 6793 6380
f 6380 6793 6401
f 6793 6794 6401
f 6793 6872 6794
f 6873 6872 6793
f 6872 6873 6488
f 6721 6872 6488
f 6872 6450 6656
f 6871 6872 6656
f 6871 6656 6747
f 6509 6871 6747
f 6871 6632 6673
f 6641 6870 6673
f 6870 6641 6654
f 6676 6869 6654
f 6528 6869 6676
f 6868 6642 6685
f 6868 6685 6739
f 6649 6868 6739
f 6869 6528 6642
f 6871 6509 6632
f 6656 6746 6747
f 6450 6872 6721
f 6873 6743 6488
f 6792 6873 6793
f 6873 6505 6743
f 6874 6587 6578
f 6483 6734 6744
f 6875 6874 6791
f 6598 6875 6876
f 6877 6876 6789
f 6541 6877 6878
f 6868 6649 6626
f 6868 6869 6642
f 6869 6870 6654
f 6870 6871 6673
f 6872 6871 6794
f 6795 6397 6398
f 6794 6353 6401
f 6349 6787 6384
f 6787 6878 6788
f 6470 6878 6696
f 6879 6564 6601
f 6556 6756 6880
f 6881 6510 6754
f 6882 6634 6758
f 6883 6526 6760
f 6884 6573 6883
f 6884 6885 6661
f 6886 6662 6885
f 6886 6887 6614
f 6616 6614 6887
f 6889 6491 6888
f 6889 6519 6491
f 6519 6889 6579
f 6890 6581 6579
f 6581 6890 6589
f 6891 6592 6589
f 6592 6891 6599
f 6892 6458 6599
f 6458 6892 6602
f 6893 6602 6892
f 6891 6892 6599
f 6892 6891 6894
f 6894 6891 6895
f 6891 6589 6890
f 6861 6677 6715
f 6492 6861 6715
f 6492 6860 6861
f 6861 6521 6677
f 6863 6506 6489
f 6864 6461 6653
f 6558 6750 6768
f 6570 6865 6671
f 6866 6669 6658
f 6867 6866 6799
f 6799 6651 6670
f 6800 6801 6547
f 6568 6801 6769
f 6802 6456 6622
f 6865 6864 6801
f 6863 6864 6653
f 6456 6802 6623
f 6803 6532 6714
f 6863 6862 6803
f 6861 6862 6540
f 6804 6445 6625
f 6628 6805 6693
f 6515 6805 6716
f 6805 6630 6716
f 6806 6468 6710
f 6861 6860 6805
f 6806 6859 6807
f 6447 6860 6492
f 6553 6709 6859
f 6797 6484 6796
f 6795 6796 6361
f 6795 6341 6397
f 6438 6430 6451
f 6507 6785 6757
f 6786 6451 6652
f 6880 6879 6786
f 6880 6881 6556
f 6882 6881 6784
f 6785 6507 6557
f 6463 6784 6755
f 6784 6463 6549
f 6783 6549 6759
f 6522 6783 6759
f 6783 6522 6493
f 6782 6639 6704
f 6782 6704 6542
f 6530 6781 6542
f 6780 6588 6647
f 6780 6647 6555
f 6779 6555 6698
f 6611 6779 6698
f 6778 6600 6765
f 6584 6778 6765
f 6778 6584 6606
f 6513 6777 6606
f 6777 6513 6485
f 6889 6888 6777
f 6890 6579 6889
f 6891 6890 6895
f 6776 6474 6603
f 6895 6496 6894
f 6893 6892 6894
f 6893 6567 6602

usemtl Turquoise_0
f 6925 6390 6340
f 6926 6925 6340
f 6926 6340 6377
f 6925 6926 6991
f 6992 6925 6991
f 6991 6990 6992
f 6992 6990 6993
f 6993 6994 6992
f 6994 6995 6992
f 6995 6924 6992
f 6923 6924 6995
f 6996 6923 6995
f 6922 6923 6996
f 6999 6922 6996
f 6998 6999 6996
f 6997 6998 6996
f 6996 6994 6997
f 6994 7009 6997
f 7009 7007 6997
f 7008 7007 7009
f 7009 7010 7008
f 7010 7011 7008
f 7011 6912 7008
f 6912 6914 7008
f 7008 6914 7006
f 6914 6916 7006
f 7006 6916 7004
f 7004 7005 7006
f 7006 7005 7007
f 7007 7005 6998
f 6998 7005 7001
f 7000 6998 7001
f 7001 7002 7000
f 7002 7003 7000
f 7003 6920 7000
f 6920 6921 7000
f 7000 6921 6999
f 6921 6920 6336
f 6332 6921 6336
f 6922 6338 6347
f 6388 6922 6347
f 6385 6923 6388
f 6342 6923 6385
f 6924 6427 6360
f 6925 6924 6360
f 6924 6379 6427
f 6924 6342 6379
f 6921 6338 6922
f 6439 6920 6391
f 6920 6343 6391
f 6918 6344 6442
f 6918 6442 6436
f 6918 6436 6343
f 6344 6918 6919
f 6344 6919 6435
f 6929 6356 6404
f 6403 6929 6404
f 6402 6929 6403
f 6320 6929 6402
f 6929 6320 6386
f 6365 6929 6386
f 6365 6931 6929
f 6930 6929 6931
f 6930 6931 6932
f 6930 6932 6982
f 6984 6930 6982
f 6982 6983 6984
f 6984 6983 6985
f 6985 6986 6984
f 6986 6987 6984
f 6987 6928 6984
f 6927 6928 6987
f 6988 6927 6987
f 6926 6927 6988
f 6927 6926 6346
f 6440 6927 6346
f 6440 6928 6927
f 6443 6928 6440
f 6425 6928 6443
f 6929 6928 6425
f 6987 6986 6988
f 6988 6986 6989
f 6989 6990 6988
f 6989 7015 6990
f 7015 7013 6990
f 7014 7013 7015
f 7014 7015 7016
f 7016 6906 7014
f 6906 6909 7014
f 7014 6909 7012
f 6909 6910 7012
f 7012 6910 7011
f 6909 6908 6910
f 6910 6908 6911
f 6910 6911 6912
f 6912 6911 6913
f 6911 7100 6913
f 7100 7099 6913
f 6913 7099 6915
f 6914 6913 6915
f 7099 7097 6915
f 6915 7097 6917
f 6916 6915 6917
f 6916 6917 6918
f 7097 7095 6917
f 6917 7095 6919
f 6919 7095 6567
f 6539 6919 6567
f 6496 6919 6467
f 6502 6919 6496
f 6474 6763 6919
f 6474 6919 6603
f 6919 6763 6351
f 6324 6763 6485
f 6485 6325 6324
f 6485 6513 6325
f 6513 6328 6325
f 6513 6606 6328
f 6606 6329 6328
f 6606 6584 6329
f 6584 6322 6329
f 6765 6335 6322
f 6765 6600 6335
f 6600 6334 6335
f 6611 6333 6334
f 6611 6698 6333
f 6698 6326 6333
f 6698 6374 6326
f 6698 6555 6374
f 6555 6419 6374
f 6555 6647 6419
f 6647 6337 6419
f 6337 6647 6588
f 6588 6420 6337
f 6530 6421 6420
f 6530 6542 6421
f 6542 6422 6421
f 6542 6704 6422
f 6704 6348 6422
f 6348 6704 6639
f 6639 6389 6348
f 6761 6378 6389
f 6761 6423 6378
f 6493 6424 6423
f 6493 6522 6424
f 6522 6327 6424
f 6327 6522 6759
f 6759 6375 6327
f 6759 6549 6375
f 6549 6417 6375
f 6549 6463 6417
f 6463 6369 6417
f 6463 6755 6369
f 6755 6359 6369
f 6372 6359 6755
f 6557 6372 6755
f 6700 6387 6757
f 6387 6376 6757
f 6376 6507 6757
f 6507 6376 6433
f 6557 6507 6433
f 6387 6700 6432
f 6700 6321 6432
f 6431 6321 6652
f 6451 6431 6652
f 6451 6430 6431
f 6484 6934 6339
f 6934 6368 6339
f 6368 6934 6394
f 6933 6350 6394
f 6350 6933 6366
f 6933 6364 6366
f 6933 6323 6364
f 6323 6933 6395
f 6395 6933 6396
f 6931 6396 6933
f 6931 6354 6396
f 6354 6931 6400
f 6931 6371 6400
f 6931 6352 6371
f 6933 6394 6934
f 6933 6934 6932
f 6934 6935 6932
f 6932 6935 6981
f 6981 6935 6978
f 6980 6981 6978
f 6979 6980 6978
f 6978 6977 6979
f 6977 7027 6979
f 7027 7025 6979
f 7026 7025 7027
f 7026 7027 7028
f 7028 7126 7026
f 7126 6896 7026
f 7026 6896 7024
f 6896 6898 7024
f 7024 6898 7022
f 7022 7023 7024
f 7024 7023 7025
f 7025 7023 6980
f 6980 7023 6983
f 7023 7021 6983
f 7022 7021 7023
f 7020 7021 7022
f 7022 6901 7020
f 6901 6902 7020
f 7020 6902 7018
f 7018 7019 7020
f 7018 7017 7019
f 7019 7017 6986
f 7016 7017 7018
f 7018 6904 7016
f 6902 6904 7018
f 6902 6903 6904
f 6904 6903 6905
f 6904 6905 6906
f 6906 6905 6907
f 6907 6908 6906
f 6907 7105 6908
f 7105 7103 6908
f 7104 7103 7105
f 7105 7106 7104
f 7106 7107 7104
f 7104 7107 7049
f 7050 7104 7049
f 7049 7048 7050
f 7050 7048 7051
f 7050 7051 7052
f 7052 7102 7050
f 7101 7102 7052
f 7054 7101 7052
f 7052 7053 7054
f 7054 7053 7055
f 7054 7055 7056
f 7056 7098 7054
f 7096 7098 7056
f 7059 7096 7056
f 7058 7059 7056
f 7057 7058 7056
f 7057 6709 7058
f 7058 6709 6553
f 6447 7058 6553
f 6710 6946 6630
f 6946 6716 6630
f 6515 6716 6946
f 6515 6946 6678
f 6678 6945 6693
f 6693 6945 6628
f 6945 6445 6628
f 6702 6943 6532
f 6943 6714 6532
f 6714 6943 6623
f 6769 6712 6941
f 6568 6769 6941
f 6568 6941 6751
f 6938 6672 6751
f 6672 6938 6547
f 6938 6460 6547
f 6658 6669 6671
f 6671 6669 7067
f 6671 7067 6570
f 6570 7067 6558
f 6768 7065 6461
f 6461 7065 6653
f 7065 6711 6653
f 6713 7063 6506
f 6506 7063 6489
f 6489 7063 6469
f 7063 6540 6469
f 6540 7063 6701
f 7061 6521 6692
f 7061 6677 6521
f 7058 6677 7061
f 7060 7058 7061
f 7060 7061 7062
f 7062 7093 7060
f 7093 7094 7060
f 7060 7094 7059
f 7093 7092 7094
f 7094 7092 7095
f 7094 7095 7096
f 7095 7092 6762
f 6519 7095 6762
f 6491 6519 6762
f 6634 6760 6758
f 6758 6760 7088
f 6758 7088 6454
f 6561 7088 6510
f 6510 7088 6754
f 7088 7087 6754
f 6754 7087 6556
f 6756 6556 7087
f 6756 7087 6645
f 6699 7085 6564
f 6564 7085 6696
f 6601 6564 6696
f 6740 6742 6934
f 6740 6934 6525
f 6934 6742 6937
f 6936 6934 6937
f 6937 6938 6936
f 6938 6939 6936
f 6936 6939 6976
f 6978 6936 6976
f 6976 6939 6974
f 6974 6975 6976
f 6976 6975 6977
f 6975 7029 6977
f 7031 7029 6975
f 7031 6975 6517
f 7031 6517 6621
f 7031 6621 6455
f 7031 6455 6535
f 7031 6535 6659
f 7031 6659 6475
f 6770 7031 6475
f 6627 6770 6475
f 6771 6972 6608
f 6608 6972 6459
f 6972 6643 6459
f 6775 6972 6593
f 6972 6498 6593
f 6972 6582 6498
f 6575 6500 6774
f 6500 7032 6774
f 6774 7032 6466
f 6466 7032 6612
f 6629 6466 6612
f 6612 7032 6770
f 6665 7032 6500
f 6657 6473 6665
f 6473 7035 6665
f 6487 7035 6473
f 6683 7035 6504
f 6577 7035 6683
f 7035 6577 6585
f 6679 7035 6585
f 6609 7036 6480
f 6772 7036 6609
f 6772 6554 7036
f 6449 7036 6554
f 6968 6596 6563
f 6968 6563 6472
f 6773 6968 6472
f 6680 6968 6572
f 6680 6971 6968
f 6970 6968 6971
f 6971 6972 6970
f 6972 6973 6970
f 6973 6942 6970
f 6942 6944 6970
f 6970 6944 6969
f 6944 6947 6969
f 6969 6947 6966
f 6968 6969 6966
f 6967 6968 6966
f 6966 6965 6967
f 6687 6967 6965
f 6687 6965 6520
f 6691 6967 6617
f 6967 6689 6617
f 6689 6967 6477
f 6967 6618 6477
f 6531 7039 6490
f 6490 7039 6690
f 6690 7039 7036
f 7038 7036 7039
f 7038 7039 7040
f 7040 7114 7038
f 7114 7116 7038
f 7038 7116 7037
f 7116 7118 7037
f 7037 7118 7034
f 7036 7037 7034
f 7035 7036 7034
f 7034 7032 7035
f 7033 7032 7034
f 7034 7121 7033
f 7121 7122 7033
f 7033 7122 7030
f 7122 7125 7030
f 7030 7125 7028
f 7028 7029 7030
f 7124 7125 7122
f 7123 7124 7122
f 7122 7120 7123
f 7123 7120 7124
f 7120 7119 7124
f 7124 7119 7127
f 7126 7124 7127
f 7119 7117 7127
f 7127 7117 6897
f 6896 7127 6897
f 7117 7115 6897
f 6897 7115 6899
f 6898 6897 6899
f 6899 6900 6898
f 6900 6901 6898
f 6899 7112 6900
f 7112 7111 6900
f 6900 7111 6903
f 7111 7109 6903
f 7110 7109 7111
f 7108 7109 7110
f 7108 7110 7044
f 7046 7108 7044
f 7044 7045 7046
f 7046 7045 7047
f 7047 7048 7046
f 7048 7047 6667
f 6660 7048 6667
f 6574 7047 6566
f 6566 7047 6571
f 6571 7047 6726
f 6674 7045 6453
f 6453 7045 6562
f 6562 7045 6724
f 6724 7042 6508
f 6508 7042 6722
f 6545 6508 6722
f 6962 6448 6544
f 6962 6544 6501
f 6962 6501 6559
f 6723 6962 6559
f 6965 6718 6452
f 6720 6965 6452
f 6965 6720 6633
f 6719 7041 6551
f 6551 7041 6518
f 6518 7041 6471
f 6481 6518 6471
f 6471 7041 6686
f 7041 7039 6686
f 6719 6717 7041
f 6717 7042 7041
f 7041 7042 7040
f 7042 7043 7040
f 7043 7113 7040
f 7110 7113 7043
f 7112 7113 7110
f 7113 7112 7114
f 7114 7112 7115
f 7043 7042 7044
f 6464 7042 6717
f 6718 6965 6962
f 6964 6962 6965
f 6963 6962 6964
f 6964 6951 6963
f 6951 6952 6963
f 6963 6952 6960
f 6952 6954 6960
f 6960 6954 6958
f 6958 6959 6960
f 6960 6959 6961
f 6961 6962 6960
f 6725 6962 6961
f 6961 6675 6725
f 6961 6565 6550
f 6961 6479 6565
f 6961 6727 6479
f 6959 6682 6727
f 6682 6959 6640
f 6959 6543 6640
f 6668 6957 6708
f 6668 6959 6957
f 6708 6957 6591
f 6957 6465 6591
f 6707 7048 6597
f 6732 7048 6707
f 6560 6637 6732
f 6637 7051 6732
f 6730 7051 6637
f 6728 7051 6620
f 7053 7051 6728
f 6527 7053 6728
f 6478 7053 6527
f 6650 6478 6527
f 6695 6953 6514
f 6953 6486 6514
f 6486 6953 6753
f 6737 6753 6950
f 6737 6950 6648
f 6950 6655 6648
f 6736 7055 6610
f 6610 7055 6752
f 6607 6610 6752
f 7053 6694 6752
f 6766 7055 6736
f 7055 6766 7057
f 7057 6766 6580
f 6583 7057 6580
f 6705 7057 6583
f 6590 6705 6583
f 6594 7057 6705
f 6949 6706 6767
f 6949 6767 6950
f 6949 6950 6948
f 6948 6946 6949
f 6947 6946 6948
f 6950 6951 6948
f 6706 6949 6503
f 6949 6631 6503
f 6949 6468 6631
f 6468 6949 6710
f 6655 6950 6767
f 6753 6953 6950
f 6952 6950 6953
f 6953 6695 6604
f 6953 6604 6586
f 6729 6953 6586
f 6482 6955 6729
f 6955 6482 6523
f 6731 6955 6523
f 6731 6733 6955
f 6733 6957 6955
f 6956 6955 6957
f 6956 6957 6958
f 6954 6955 6956
f 6954 6953 6955
f 6957 6733 6552
f 6953 6729 6955
f 6694 7053 6478
f 6620 7051 6730
f 6957 6552 6465
f 6959 6668 6533
f 6959 6533 6543
f 6675 6961 6550
f 6727 6961 6959
f 6958 6957 6959
f 6954 6956 6958
f 6952 6953 6954
f 6951 6950 6952
f 6948 6951 6964
f 6966 6948 6964
f 6962 6963 6960
f 6718 6962 6723
f 6962 6725 6448
f 6722 7042 6464
f 7045 7042 6724
f 6726 7045 6674
f 6681 7047 6574
f 6681 6644 7047
f 6597 7048 6660
f 6667 7047 6644
f 7047 7045 6726
f 7044 7042 7045
f 7107 7108 7046
f 7044 7110 7043
f 7108 7106 7109
f 7109 7106 6905
f 7111 7112 7110
f 7115 7112 6899
f 7116 7115 7117
f 7118 7117 7119
f 7119 7120 7118
f 7120 7121 7118
f 7125 7124 7126
f 7121 7120 7122
f 7032 7033 7030
f 7031 7032 7030
f 7118 7121 7034
f 7116 7117 7118
f 7114 7115 7116
f 7113 7114 7040
f 7040 7039 7041
f 7037 7036 7038
f 6688 7039 6531
f 7039 6688 6686
f 6537 6471 6686
f 6965 6633 6520
f 6967 6687 6618
f 6964 6965 6966
f 6691 6968 6967
f 6947 6948 6966
f 6946 6947 6944
f 6945 6946 6944
f 6944 6943 6945
f 6942 6943 6944
f 6942 6941 6943
f 6943 6941 6622
f 6456 6943 6622
f 6940 6941 6942
f 6940 6938 6941
f 6940 6942 6973
f 6974 6940 6973
f 6973 6972 6974
f 6666 6972 6971
f 6666 6971 6524
f 6684 6971 6494
f 6971 6646 6494
f 6971 6613 6615
f 6971 6615 6646
f 6971 6684 6524
f 6972 6666 6605
f 6969 6968 6970
f 6971 6680 6613
f 6968 6773 6572
f 6968 6691 6596
f 6690 7036 6449
f 6480 7036 6679
f 7036 7035 6679
f 6504 7035 6487
f 7035 7032 6665
f 6972 6605 6582
f 6972 6775 6643
f 6771 6975 6972
f 6975 6771 6569
f 6975 6569 6538
f 6975 6538 6635
f 6975 6635 6495
f 6975 6495 6512
f 6975 6512 6663
f 6975 6663 6444
f 6975 6444 6546
f 7032 7031 6770
f 6455 6619 6535
f 6975 6546 6517
f 7030 7029 7031
f 6974 6972 6975
f 6939 6940 6974
f 6939 6938 6940
f 6938 6937 6670
f 6651 6938 6670
f 6670 6937 6511
f 6937 6638 6497
f 6937 6536 6638
f 6749 6937 6497
f 6937 6749 6511
f 6536 6937 6742
f 6748 7069 6534
f 6534 7069 6576
f 7069 6457 6576
f 6457 7069 6669
f 7069 6748 6741
f 7069 6741 7071
f 7070 7069 7071
f 7070 7071 7072
f 7072 7082 7070
f 7082 7084 7070
f 7070 7084 7068
f 7084 7086 7068
f 7068 7086 7066
f 7066 7067 7068
f 7068 7067 7069
f 7066 7065 7067
f 7065 6750 7067
f 7064 7065 7066
f 7066 7089 7064
f 7089 7090 7064
f 7064 7090 7062
f 7062 7063 7064
f 7089 7088 7090
f 7090 7088 7091
f 7091 7092 7090
f 7092 7091 6697
f 6636 7092 6697
f 6662 6636 6697
f 6703 7091 6661
f 6661 7091 6476
f 6476 7091 6573
f 6573 7091 6526
f 6526 7091 6760
f 6595 7091 6703
f 6614 7092 6624
f 6616 7092 6614
f 6624 7092 6636
f 6697 7091 6595
f 7088 7089 7086
f 7064 7063 7065
f 7086 7089 7066
f 7084 7085 7086
f 7086 7085 7087
f 7084 7083 7085
f 7085 7083 6738
f 6470 7085 6738
f 6541 6664 6529
f 6598 6745 6516
f 6744 7078 6587
f 6587 7078 6578
f 6578 7078 6505
f 6721 6488 7077
f 6721 7077 6450
f 6450 7077 6656
f 6747 7075 6509
f 6509 7075 6632
f 7075 6673 6632
f 7073 6673 7075
f 7074 7073 7075
f 7074 7075 7076
f 7076 7079 7074
f 7079 7080 7074
f 7074 7080 7072
f 7079 7078 7080
f 7080 7078 7081
f 7080 7081 7082
f 7082 7081 7083
f 7083 7081 6735
f 7081 7078 6734
f 6516 7081 6734
f 7078 7079 7076
f 7077 7078 7076
f 7078 7077 6743
f 7076 7075 7077
f 6746 7077 7075
f 7072 7073 7074
f 6673 7073 6641
f 6654 6641 6676
f 6676 7073 6528
f 6528 7073 6642
f 7073 6685 6642
f 6739 7071 6649
f 6649 7071 6626
f 6685 7071 6739
f 7071 6685 7073
f 6676 6641 7073
f 7075 6747 6746
f 6656 7077 6746
f 6743 7077 6488
f 6505 7078 6743
f 7078 6744 6734
f 6483 6516 6734
f 6745 7081 6516
f 7081 6745 6735
f 7083 6735 6462
f 6529 7083 6462
f 6499 6529 6462
f 6664 7083 6529
f 6664 6738 7083
f 7082 7083 7084
f 7080 7082 7072
f 7072 7071 7073
f 7068 7069 7070
f 7071 6741 6626
f 6696 7085 6470
f 7087 7085 6699
f 6548 6645 6699
f 6645 7087 6699
f 7087 7088 7086
f 7088 6561 6454
f 6760 7091 7088
f 6764 7092 6616
f 6446 7092 6764
f 6579 7095 6519
f 6581 7095 6579
f 6589 6592 6581
f 6599 6458 6592
f 6458 7095 6592
f 6602 6567 6458
f 6592 7095 6581
f 7092 6446 6762
f 7092 7093 7090
f 7090 7093 7062
f 7062 7061 7063
f 6715 6677 7058
f 6492 6715 6447
f 7061 6692 6701
f 7063 7061 6701
f 7063 6713 6711
f 7063 6711 7065
f 6768 6750 7065
f 7067 6750 6558
f 7069 7067 6669
f 6938 6651 6460
f 6938 6751 6941
f 6941 6712 6622
f 6943 6456 6623
f 6702 6945 6943
f 6625 6945 6702
f 6945 6625 6445
f 6946 6945 6678
f 6946 6710 6949
f 6715 7058 6447
f 6709 7057 6594
f 7059 7058 7060
f 7094 7096 7059
f 7096 7097 7098
f 7056 7055 7057
f 7055 7053 6752
f 7098 7101 7054
f 7100 7101 7098
f 7101 7100 7102
f 7102 7100 7103
f 7052 7051 7053
f 7051 7048 6732
f 7048 7049 7046
f 7102 7104 7050
f 7049 7107 7046
f 7107 7106 7108
f 7102 7103 7104
f 7106 7105 6907
f 6905 7106 6907
f 6903 7109 6905
f 6902 6900 6903
f 6901 6900 6902
f 7020 7019 7021
f 7021 7019 6985
f 6898 6901 7022
f 6896 6897 6898
f 7126 7127 6896
f 7125 7126 7028
f 7028 7027 7029
f 7024 7025 7026
f 7029 7027 6977
f 6976 6977 6978
f 6979 7025 6980
f 6981 6980 6982
f 6935 6936 6978
f 6935 6934 6936
f 6934 6484 6525
f 6321 6700 6652
f 6557 6433 6372
f 6761 6493 6423
f 6639 6761 6389
f 6588 6530 6420
f 6600 6611 6334
f 6322 6584 6765
f 6603 6919 6502
f 6467 6919 6539
f 6567 7095 6458
f 7096 7095 7097
f 7098 7097 7099
f 7099 7100 7098
f 7103 7100 6911
f 6908 7103 6911
f 6908 6909 6906
f 6904 6906 7016
f 7016 7015 7017
f 7012 7013 7014
f 7012 7010 7013
f 7013 7010 6993
f 7017 7015 6989
f 6986 7017 6989
f 6985 7019 6986
f 6983 7021 6985
f 6982 6980 6983
f 6928 6930 6984
f 6982 6932 6981
f 6932 6931 6933
f 6928 6929 6930
f 6352 6931 6365
f 6929 6425 6356
f 6763 6324 6351
f 6435 6919 6351
f 6918 6917 6919
f 6920 6918 6343
f 6338 6921 6332
f 6920 6439 6336
f 6918 6920 7003
f 7004 6918 7003
f 7003 7002 7004
f 7002 7001 7005
f 7004 7002 7005
f 6916 6918 7004
f 6914 6915 6916
f 6912 6913 6914
f 6910 6912 7011
f 7011 7010 7012
f 7006 7007 7008
f 7010 7009 6994
f 6997 7007 6998
f 6999 6998 7000
f 6921 6922 6999
f 6388 6923 6922
f 6342 6924 6923
f 6995 6994 6996
f 6993 7010 6994
f 6990 7013 6993
f 6990 6991 6988
f 6924 6925 6992
f 6991 6926 6988
f 6925 6360 6390
f 6926 6377 6346

usemtl Green_0
f 103 125 5455
f 107 103 5455
f 283 107 5455
f 284 283 5455
f 278 284 5455
f 71 278 5455
f 204 71 5455
f 127 204 5455
f 336 127 5455
f 335 336 5455
f 29 335 5455
f 23 29 5455
f 219 23 5455
f 240 219 5455
f 148 240 5455
f 48 148 5455
f 89 48 5455
f 235 89 5455
f 64 235 5455
f 212 64 5455
f 272 212 5455
f 271 272 5455
f 96 271 5455
f 247 96 5455
f 159 247 5455
f 226 159 5455
f 31 226 5455
f 252 31 5455
f 33 252 5455
f 217 33 5455
f 216 217 5455
f 234 216 5455
f 233 234 5455
f 13 233 5455
f 50 13 5455
f 32 50 5455
f 392 32 5455
f 34 392 5455
f 86 34 5455
f 98 86 5455
f 93 98 5455
f 282 93 5455
f 69 282 5455
f 232 69 5455
f 42 232 5455
f 186 42 5455
f 210 186 5455
f 208 210 5455
f 209 208 5455
f 19 209 5455
f 28 19 5455
f 14 28 5455
f 87 14 5455
f 122 87 5455
f 112 122 5455
f 178 112 5455
f 90 178 5455
f 179 90 5455
f 169 179 5455
f 170 169 5455
f 157 170 5455
f 174 157 5455
f 79 174 5455
f 128 79 5455
f 131 128 5455
f 182 131 5455
f 77 182 5455
f 181 77 5455
f 180 181 5455
f 49 180 5455
f 161 49 5455
f 12 161 5455
f 78 12 5455
f 6 78 5455
f 173 6 5455
f 105 173 5455
f 165 105 5455
f 184 165 5455
f 114 184 5455
f 118 114 5455
f 116 118 5455
f 195 116 5455
f 167 195 5455
f 108 167 5455
f 110 108 5455
f 171 110 5455
f 60 171 5455
f 20 60 5455
f 318 20 5455
f 75 318 5455
f 62 75 5455
f 323 62 5455
f 191 323 5455
f 15 191 5455
f 193 15 5455
f 134 193 5455
f 325 134 5455
f 99 325 5455
f 58 99 5455
f 297 58 5455
f 299 297 5455
f 303 299 5455
f 302 303 5455
f 121 302 5455
f 285 121 5455
f 164 285 5455
f 5 164 5455
f 156 5 5455
f 155 156 5455
f 101 155 5455
f 104 101 5455
f 91 104 5455
f 281 91 5455
f 74 281 5455
f 22 74 5455
f 3 22 5455
f 146 3 5455
f 200 146 5455
f 73 200 5455
f 113 73 5455
f 273 113 5455
f 139 273 5455
f 141 139 5455
f 26 141 5455
f 124 26 5455
f 52 124 5455
f 211 52 5455
f 280 211 5455
f 2 280 5455
f 102 2 5455
f 154 102 5455
f 230 154 5455
f 150 230 5455
f 175 150 5455
f 288 175 5455
f 289 288 5455
f 287 289 5455
f 206 287 5455
f 270 206 5455
f 149 270 5455
f 269 149 5455
f 17 269 5455
f 268 17 5455
f 267 268 5455
f 37 267 5455
f 158 37 5455
f 266 158 5455
f 265 266 5455
f 264 265 5455
f 263 264 5455
f 45 263 5455
f 262 45 5455
f 261 262 5455
f 260 261 5455
f 259 260 5455
f 258 259 5455
f 257 258 5455
f 133 257 5455
f 10 133 5455
f 256 10 5455
f 160 256 5455
f 223 160 5455
f 41 223 5455
f 255 41 5455
f 56 255 5455
f 106 56 5455
f 494 106 5455
f 5628 494 5455
f 5627 508 5628
f 5628 508 355
f 490 5627 35
f 35 5627 391
f 5627 510 391
f 510 5434 310
f 310 5434 153
f 130 249 31
f 251 130 31
f 250 130 251
f 248 226 249
f 369 123 368
f 368 123 367
f 357 439 365
f 47 365 407
f 286 407 364
f 363 43 360
f 43 407 360
f 407 6443 360
f 360 6443 395
f 366 360 395
f 441 6346 413
f 6346 425 413
f 6346 6377 425
f 445 425 6377
f 6377 447 445
f 6390 313 417
f 6340 6390 417
f 6377 6340 433
f 6332 6336 503
f 6332 503 483
f 525 6332 483
f 6332 525 521
f 455 6332 521
f 6347 453 435
f 6347 6338 453
f 6388 6347 409
f 6388 409 423
f 6388 423 6385
f 6342 6385 501
f 6379 6342 501
f 6379 501 429
f 485 6379 429
f 6427 485 487
f 527 6427 487
f 6360 529 449
f 6390 6360 449
f 6390 449 421
f 529 6360 499
f 6360 6427 499
f 499 6427 497
f 491 6385 399
f 6427 527 497
f 6427 6379 485
f 501 6385 491
f 423 399 6385
f 409 6347 405
f 6347 435 405
f 6338 455 453
f 6439 523 505
f 503 6439 505
f 6391 523 6439
f 461 6391 6343
f 461 6343 403
f 6436 451 393
f 6436 469 451
f 6436 471 469
f 6436 481 463
f 6436 411 481
f 6436 519 411
f 6436 517 443
f 517 6436 479
f 6436 495 479
f 511 6442 431
f 419 431 6442
f 6442 397 419
f 397 316 231
f 38 316 397
f 38 387 316
f 378 359 386
f 489 381 385
f 6344 489 385
f 6344 385 509
f 6442 6344 509
f 6442 509 378
f 6442 378 38
f 378 380 38
f 465 6343 6436
f 6344 6435 507
f 6435 384 507
f 137 383 384
f 493 137 384
f 493 203 137
f 493 6435 339
f 339 6435 5455
f 227 339 5455
f 327 227 5455
f 274 327 5455
f 276 274 5455
f 329 276 5455
f 334 329 5455
f 5449 5455 6435
f 6351 5449 6435
f 6351 6324 5449
f 6324 5452 5449
f 5333 5454 5427
f 5358 5333 5427
f 5454 5351 5373
f 5454 5423 5351
f 5454 5421 5422
f 5454 5420 5421
f 5454 5438 5420
f 5434 5525 398
f 5434 398 388
f 254 5434 388
f 242 83 6356
f 241 242 6356
f 70 241 6356
f 83 39 6356
f 39 187 6356
f 187 132 6356
f 132 236 6356
f 236 237 6356
f 237 244 6356
f 244 207 6356
f 207 205 6356
f 205 27 6356
f 27 243 6356
f 243 163 6356
f 163 145 6356
f 145 245 6356
f 245 142 6356
f 142 140 6356
f 140 246 6356
f 246 4 6356
f 4 222 6356
f 222 253 6356
f 253 138 6356
f 138 80 6356
f 80 314 6356
f 314 347 6356
f 347 346 6356
f 346 24 6356
f 24 345 6356
f 345 213 6356
f 213 344 6356
f 344 53 6356
f 53 317 6356
f 317 94 6356
f 94 315 6356
f 315 343 6356
f 343 342 6356
f 342 341 6356
f 341 340 6356
f 340 176 6356
f 176 166 6356
f 166 228 6356
f 228 328 6356
f 328 275 6356
f 275 277 6356
f 277 330 6356
f 330 218 6356
f 218 333 6356
f 333 238 6356
f 238 332 6356
f 332 88 6356
f 88 307 6356
f 307 306 6356
f 306 305 6356
f 305 337 6356
f 337 144 6356
f 144 331 6356
f 331 215 6356
f 215 214 6356
f 214 7 6356
f 7 338 6356
f 338 151 6356
f 151 30 6356
f 30 320 6356
f 320 321 6356
f 321 57 6356
f 57 296 6356
f 296 143 6356
f 143 177 6356
f 177 185 6356
f 185 95 6356
f 95 18 6356
f 18 9 6356
f 9 189 6356
f 189 190 6356
f 190 301 6356
f 301 322 6356
f 322 97 6356
f 97 120 6356
f 120 188 6356
f 188 126 6356
f 126 312 6356
f 312 115 6356
f 115 119 6356
f 119 198 6356
f 198 196 6356
f 196 168 6356
f 168 109 6356
f 109 111 6356
f 111 172 6356
f 172 61 6356
f 61 319 6356
f 319 76 6356
f 76 63 6356
f 63 324 6356
f 324 192 6356
f 192 16 6356
f 16 194 6356
f 194 135 6356
f 135 326 6356
f 326 100 6356
f 100 59 6356
f 59 298 6356
f 298 350 6356
f 350 199 6356
f 199 51 6356
f 51 309 6356
f 309 308 6356
f 308 229 6356
f 229 294 6356
f 294 11 6356
f 11 293 6356
f 293 1 6356
f 1 36 6356
f 36 220 6356
f 6356 220 291
f 5346 6356 291
f 5631 5346 291
f 402 5631 291
f 5630 440 377
f 5630 377 375
f 5630 375 362
f 408 5630 362
f 5342 408 373
f 5342 373 374
f 5342 374 356
f 396 5342 356
f 5629 396 372
f 5629 372 8
f 5629 8 371
f 5629 371 353
f 428 5629 353
f 5517 416 224
f 442 5517 224
f 5517 5629 416
f 5363 5605 5345
f 5345 5605 5347
f 5347 5605 5346
f 5443 5605 5363
f 5364 5605 5443
f 5359 5381 5380
f 5380 6437 5343
f 5355 5343 6437
f 5357 5355 6437
f 5497 5357 6437
f 6437 5459 5497
f 5382 5605 5442
f 5442 5605 5383
f 5344 5605 5340
f 5365 5605 5344
f 5367 5605 5366
f 5368 5605 5367
f 5356 5605 5369
f 5387 5605 5356
f 5388 5605 5387
f 5374 5605 5332
f 5386 5605 5374
f 5384 5605 5385
f 5385 5605 5386
f 5332 5605 5388
f 5369 5605 5368
f 5366 5605 5365
f 5383 5605 5384
f 5348 5605 5382
f 5471 6356 5605
f 5471 6404 6356
f 6403 5632 6402
f 6402 5633 6320
f 6386 5623 6365
f 441 6443 6440
f 6443 441 415
f 427 6443 415
f 6325 6328 5574
f 6328 6329 5571
f 6322 5467 6329
f 5467 6322 6335
f 6335 6334 5531
f 6334 6333 5531
f 6326 5515 6333
f 5515 6326 6374
f 6374 6419 5537
f 6337 5458 6419
f 6337 6420 5512
f 5512 6420 6421
f 6421 6422 5546
f 6348 5506 6422
f 6348 6389 5549
f 6389 6378 5549
f 6378 6423 5555
f 6423 6424 5555
f 6424 6327 5558
f 6327 6375 5561
f 6375 6417 5522
f 6417 6369 5578
f 6369 6359 5582
f 6359 6372 5582
f 6433 6376 5588
f 6376 6387 5591
f 6387 6432 5594
f 6321 5474 6432
f 5474 6321 6431
f 6430 6438 6431
f 6431 6438 5406
f 6438 5601 5406
f 5601 5598 5406
f 5598 5599 5406
f 5599 5598 5472
f 5599 5472 5473
f 5454 5448 5447
f 5453 5454 5447
f 5441 5409 5454
f 5454 5409 5360
f 5454 5360 5379
f 5454 5379 5440
f 5454 5440 5439
f 5454 5439 5415
f 5454 5415 5416
f 5454 5416 5417
f 5454 5417 5418
f 512 5464 5433
f 5433 5435 514
f 5362 516 5435
f 5408 496 5362
f 5408 5407 480
f 518 5407 5390
f 5390 5339 444
f 5354 412 5339
f 412 5354 5389
f 482 5389 5372
f 5372 5335 464
f 5335 5334 476
f 5334 5391 476
f 474 5391 5392
f 5392 5350 468
f 468 5350 5349
f 5349 5341 470
f 5626 470 5341
f 5624 5507 460
f 462 5624 460
f 404 5624 462
f 5624 404 466
f 406 5566 5476
f 5476 5523 424
f 410 5476 424
f 5523 400 424
f 400 5523 492
f 5523 5519 492
f 5618 5617 446
f 414 5617 5517
f 418 5619 5618
f 422 5621 5619
f 5620 5621 500
f 5622 5620 498
f 5446 5622 528
f 430 5519 5446
f 5616 5566 454
f 5565 5616 522
f 5495 5565 526
f 5507 5495 506
f 5624 466 5625
f 466 394 5625
f 452 5626 5625
f 5403 5404 5405
f 5404 6437 5405
f 5405 6437 5378
f 5375 5405 5377
f 5404 5402 6437
f 5402 5401 6437
f 5400 6437 5401
f 5430 6437 5400
f 5352 5430 5400
f 5338 6437 5430
f 5432 5338 5430
f 5431 5432 5430
f 5393 5397 5436
f 5436 6437 5393
f 5371 6437 5436
f 5396 5336 5428
f 5336 5426 5428
f 5426 6437 5428
f 5361 6437 5426
f 5361 5425 5419
f 5425 5424 5419
f 5353 5414 5419
f 5414 6437 5419
f 5412 6437 5414
f 5370 5412 5414
f 5413 5370 5414
f 5337 5437 5353
f 5394 5410 5567
f 5567 6398 5394
f 5394 6398 5609
f 6363 5478 5479
f 5479 6341 6363
f 6361 5478 6330
f 6361 5445 5478
f 5568 6437 5411
f 6367 6437 5568
f 6367 5568 5579
f 6361 6367 5579
f 6362 6358 5610
f 6358 6441 5611
f 6368 6394 5612
f 6394 6350 5612
f 6366 5508 6350
f 6364 5475 6366
f 6364 6323 5614
f 6323 6395 5615
f 6396 5462 6395
f 6396 6354 5637
f 6400 5524 6354
f 6371 5509 6400
f 6371 6352 5636
f 6438 6429 5488
f 5488 6429 5603
f 6370 5482 5481
f 5481 6353 6370
f 6331 6409 5477
f 6345 6412 5500
f 6434 5516 6414
f 6355 6415 5469
f 6382 6392 5607
f 6384 6428 5604
f 6428 6382 5606
f 6416 5461 6392
f 5444 6416 6355
f 6415 6414 5575
f 6434 6413 5518
f 5490 6413 6345
f 6381 5499 6412
f 5496 6381 6418
f 6418 6426 5498
f 6426 6393 5494
f 6393 6411 5493
f 6411 6410 5493
f 6410 6331 5492
f 6409 6408 5468
f 6408 6407 5608
f 6407 6383 5491
f 6383 6405 5489
f 5460 6405 6373
f 5460 6373 6406
f 6406 6357 5486
f 6357 6380 5485
f 6401 5484 6380
f 6399 6398 5482
f 5483 6401 6353
f 6370 6399 5482
f 6353 5481 5483
f 6401 5483 5484
f 5484 5485 6380
f 6357 5485 5486
f 6406 5486 5470
f 5460 6406 5470
f 6405 5460 5489
f 6383 5489 5491
f 6407 5491 5608
f 5468 6408 5608
f 6409 5468 5477
f 6331 5477 5492
f 6410 5492 5487
f 6410 5487 5493
f 6393 5493 5494
f 6426 5494 5498
f 6418 5498 5496
f 6381 5496 5499
f 5499 5500 6412
f 6345 5500 5490
f 6413 5490 5518
f 6434 5518 5516
f 5516 5575 6414
f 6415 5575 5469
f 6355 5469 5444
f 6416 5444 5461
f 5461 5607 6392
f 6382 5607 5606
f 6428 5606 5604
f 6384 5604 5602
f 6349 6384 5602
f 6349 5602 5603
f 6429 6349 5603
f 6441 6339 6368
f 6368 5463 6441
f 6361 5579 5445
f 5480 6397 6341
f 6363 6330 5478
f 6341 5479 5480
f 6397 5480 5609
f 6398 6397 5609
f 6398 5567 5482
f 5410 5395 5567
f 5411 6437 5412
f 5437 5414 5353
f 5419 6437 5361
f 5428 6437 5371
f 5397 5429 5436
f 5393 6437 5338
f 5399 5398 5400
f 5398 5352 5400
f 5596 5595 5592
f 5593 5592 5589
f 5590 5589 5586
f 5587 5586 5583
f 5584 5583 5580
f 5581 5580 5576
f 5577 5576 5562
f 5563 5562 5520
f 5559 5521 5520
f 5560 5559 5556
f 5557 5556 5553
f 5554 5553 5550
f 5551 5550 5547
f 5548 5547 5504
f 5544 5505 5504
f 5545 5544 5541
f 5542 5541 5510
f 5456 5511 5510
f 5538 5457 5456
f 5539 5538 5535
f 5535 5513 5514
f 5532 5514 5513
f 5501 5450 5451
f 5451 5450 5447
f 5501 5502 5572
f 5572 5573 5569
f 5569 5570 5465
f 5526 5465 5466
f 5529 5526 5527
f 5532 5529 5530
f 5453 5441 5454
f 5451 5447 5448
f 5502 5501 5451
f 5502 5573 5572
f 5573 5570 5569
f 5570 5466 5465
f 5527 5526 5466
f 5530 5529 5527
f 5533 5532 5530
f 5532 5533 5514
f 5536 5535 5514
f 5539 5535 5536
f 5538 5539 5457
f 5456 5457 5511
f 5542 5510 5511
f 5545 5541 5542
f 5544 5545 5505
f 5548 5504 5505
f 5551 5547 5548
f 5554 5550 5551
f 5557 5553 5554
f 5560 5556 5557
f 5559 5560 5521
f 5563 5520 5521
f 5577 5562 5563
f 5581 5576 5577
f 5584 5580 5581
f 5587 5583 5584
f 5590 5586 5587
f 5593 5589 5590
f 5596 5592 5593
f 5595 5596 5473
f 5595 5473 5472
f 6438 5488 5601
f 6372 6433 5585
f 6365 5635 6352
f 6386 6320 5634
f 437 6356 6425
f 6425 439 437
f 367 6356 437
f 6404 5471 6403
f 5471 5632 6403
f 5632 5633 6402
f 5633 5634 6320
f 5623 6386 5634
f 5623 5635 6365
f 5635 5636 6352
f 5509 6371 5636
f 5509 5524 6400
f 5524 5637 6354
f 5462 6396 5637
f 5462 5615 6395
f 6323 5615 5614
f 5475 6364 5614
f 5475 5508 6366
f 5508 5613 6350
f 6350 5613 5612
f 5463 6368 5612
f 5463 5611 6441
f 6358 5611 5610
f 6362 5610 5459
f 5459 6437 6362
f 5378 6437 5380
f 5381 5378 5380
f 5377 5405 5378
f 5376 5375 5377
f 5340 5605 5364
f 416 5629 428
f 396 5629 5342
f 408 5342 5630
f 438 440 5630
f 438 5630 5631
f 438 5631 376
f 85 67 298
f 82 85 298
f 352 82 298
f 300 352 298
f 202 85 82
f 292 239 220
f 239 92 220
f 92 290 220
f 5631 402 376
f 5605 6356 5346
f 220 290 291
f 67 350 298
f 21 319 61
f 117 198 119
f 414 5517 442
f 426 5617 414
f 5617 426 446
f 448 5618 446
f 434 5618 448
f 418 5618 434
f 5619 418 422
f 450 5621 422
f 5621 450 530
f 5621 530 500
f 5620 500 498
f 528 5622 498
f 5446 528 488
f 486 5446 488
f 430 5446 486
f 5519 430 502
f 492 5519 502
f 5476 410 406
f 436 5566 406
f 5566 436 454
f 5616 454 456
f 5616 456 522
f 526 5565 522
f 5495 526 484
f 5495 484 504
f 504 506 5495
f 524 5507 506
f 5507 524 460
f 394 466 225
f 370 394 225
f 394 452 5625
f 452 470 5626
f 5349 470 472
f 472 468 5349
f 458 5392 468
f 458 474 5392
f 5391 474 476
f 5335 476 478
f 478 464 5335
f 464 482 5372
f 412 5389 482
f 412 520 5339
f 520 444 5339
f 444 518 5390
f 5407 518 480
f 480 496 5408
f 5362 496 516
f 5435 516 514
f 514 512 5433
f 432 5464 512
f 5525 5464 432
f 420 5525 432
f 5525 420 65
f 390 5525 65
f 354 420 389
f 389 420 432
f 358 5434 254
f 361 5434 358
f 398 5525 390
f 5454 5418 5438
f 5454 5422 5423
f 5454 5373 5427
f 6431 5406 5600
f 5474 6431 5600
f 5474 5597 6432
f 6432 5597 5594
f 6387 5594 5591
f 6376 5591 5588
f 6433 5588 5585
f 6372 5585 5582
f 5578 6369 5582
f 6417 5578 5564
f 6417 5564 5522
f 6375 5522 5561
f 6327 5561 5558
f 6424 5558 5555
f 5552 6378 5555
f 6378 5552 5549
f 5506 6348 5549
f 5506 5546 6422
f 6421 5546 5543
f 5512 6421 5543
f 5458 6337 5512
f 5458 5540 6419
f 6419 5540 5537
f 5515 6374 5537
f 5515 5534 6333
f 6333 5534 5531
f 5528 6335 5531
f 5467 6335 5528
f 5467 5571 6329
f 6328 5571 5574
f 5503 6325 5574
f 6325 5503 5452
f 6324 6325 5452
f 6435 493 384
f 6344 507 489
f 489 382 381
f 378 386 380
f 380 379 38
f 6442 38 397
f 6436 6442 511
f 513 6436 511
f 515 6436 513
f 6436 515 495
f 519 6436 443
f 6436 463 477
f 6436 477 475
f 6436 475 473
f 6436 473 457
f 6436 457 467
f 471 6436 467
f 393 465 6436
f 6343 465 403
f 6391 461 459
f 459 523 6391
f 503 505 221
f 6338 6332 455
f 6336 6439 503
f 6390 421 313
f 6340 417 433
f 6377 433 447
f 6440 6346 441
f 304 360 366
f 6443 427 395
f 6425 6443 407
f 364 407 43
f 365 6425 407
f 439 6425 365
f 123 6356 367
f 401 6356 123
f 401 70 6356
f 348 201 46
f 46 201 25
f 72 46 25
f 295 162 303
f 152 25 162
f 25 299 162
f 351 299 25
f 81 351 25
f 84 201 66
f 66 201 349
f 201 81 25
f 349 201 348
f 153 5434 361
f 5434 510 5627
f 490 508 5627
f 494 5628 355
f 129 2 102
f 279 113 273
f 55 3 146
f 136 281 74
f 162 299 303
f 197 116 195
f 311 184 114
f 147 12 78
f 183 77 181
f 68 282 69
f 54 34 86
f 44 32 392
f 40 33 217
f 249 226 31
f 125 334 5455

