# Exported from 3D Builder
mtllib button.mtl

o Object.1
v -17.742725 -0.499997 0.000003
v -18.000000 -0.427488 0.000003
v -17.501884 -0.097675 0.500000
v -18.000000 0.123082 0.000003
v -17.536146 0.423664 0.500000
v -17.499325 -0.032283 0.500000
v -17.726017 -0.499997 0.000003
v -18.000000 -0.414977 0.000003
v -17.510420 -0.228234 0.500000
v -17.547241 0.488156 0.500000
v -17.509644 0.229194 0.500000
v -18.000000 -0.291925 0.000003
v -17.547909 -0.487121 0.500000
v -17.550468 -0.499997 0.399706
v -18.000000 0.493027 0.000003
v -18.000000 0.367391 0.000003
v -17.517347 0.294184 0.500000
v -17.978897 0.500003 0.000003
v -18.000000 0.381354 0.000003
v -17.525051 0.359169 0.500000
v -17.504446 -0.163066 0.500000
v -17.585419 0.500003 0.000003
v -17.549925 0.500003 0.000003
v -17.589275 0.500003 0.000003
v -17.516394 -0.293402 0.500000
v -17.550468 -0.499997 0.000003
v -18.000000 -0.009290 0.000003
v -17.535158 -0.422934 0.500000
v -17.525776 -0.358168 0.500000
v -18.000000 -0.278688 0.000003
v -18.000000 -0.157105 0.000003
v -18.000000 -0.143334 0.000003
v -18.000000 -0.023401 0.000003
v -18.000000 0.108825 0.000003
v -18.000000 0.239208 0.000003
v -17.501057 0.098589 0.500000
v -17.500191 0.033153 0.500000
v -17.505350 0.163893 0.500000
v -18.000000 0.253417 0.000003
v -17.543539 0.466631 0.500000
v -17.548502 0.493716 0.500000
v -17.544930 0.474721 0.500000
v -17.544483 0.472125 0.500000
v -17.542587 0.461108 0.500000
v -17.548132 0.492085 0.500000
v -17.546358 0.483016 0.500000
v -17.549839 0.499629 0.500000
v -17.548563 0.493992 0.500000
v -17.545935 0.480562 0.500000
v -17.548992 0.495882 0.500000
v -17.546265 0.482482 0.500000
v -17.546597 0.484408 0.500000
v -17.549688 0.498956 0.500000
v -17.546928 0.486331 0.500000
v -17.547264 0.488253 0.500000
v -17.547293 0.488384 0.500000
v -17.547699 0.490174 0.500000
v -17.549419 0.497767 0.500000
v -17.545424 0.477588 0.500000
v -17.543858 -0.466722 0.500000
v -17.544950 -0.472224 0.500000
v -17.550278 -0.499039 0.500000
v -17.542759 -0.461198 0.500000
v -18.000000 0.500003 0.000003
v -17.550468 -0.499997 0.500000
v -17.548182 -0.488484 0.500000
v -17.546036 -0.477691 0.500000
v -18.000000 0.000006 0.000003
v -17.550400 -0.499655 0.500000
v -17.550030 -0.497786 0.500000
v -17.549677 -0.496011 0.500000
v -17.549232 -0.493784 0.500000
v -17.547112 -0.483108 0.500000
v -18.000000 -0.499997 0.000003
v -17.549925 0.500003 0.500000
v -17.544949 0.474821 0.500000
v -17.545605 0.478640 0.500000
v -17.545277 0.476731 0.500000
v -17.541656 -0.455646 0.500000
v -21.112698 -1.538768 0.999993
v -21.374943 1.309564 0.999993
v -18.195486 -0.596386 0.999995
v -18.384897 1.001511 0.999995
v -18.855898 -1.516777 0.999994
v -19.242182 1.742008 0.999994
v -20.102858 -1.896748 0.999994
v -20.543423 1.819894 0.999993
v -20.086838 -1.897373 0.999994
v -20.431799 1.849429 0.999993
v -20.496798 -1.833255 0.999993
v -20.911592 1.666066 0.999993
v -18.729261 -1.412704 0.999994
v -19.008547 1.620792 0.999994
v -20.479700 -1.837592 0.999993
v -20.807138 1.718924 0.999993
v -19.581926 -1.852959 0.999994
v -20.026699 1.899125 0.999993
v -18.270647 -0.788515 0.999995
v -18.502907 1.170749 0.999994
v -18.839445 -1.504489 0.999994
v -19.133650 1.690931 0.999994
v -18.250854 -0.742415 0.999995
v -18.415800 1.049128 0.999995
v -20.365871 -1.863613 0.999993
v -20.791412 1.726176 0.999993
v -18.443926 -1.090399 0.999995
v -18.741949 1.423748 0.999994
v -21.812658 -0.566333 0.999992
v -21.885567 0.225616 0.999992
v -18.425444 -1.064248 0.999995
v -18.646215 1.333668 0.999994
v -18.353981 -0.949587 0.999995
v -18.621586 1.307872 0.999994
v -19.695070 -1.874946 0.999994
v -20.042532 1.898914 0.999993
v -19.191051 -1.718957 0.999994
v -19.518499 1.837568 0.999994
v -21.233530 -1.443683 0.999993
v -21.476376 1.194004 0.999993
v -21.613291 -1.001548 0.999993
v -21.802715 0.596362 0.999992
v -21.256250 -1.423763 0.999993
v -21.554274 1.090379 0.999993
v -19.710627 -1.877622 0.999994
v -20.157597 1.893007 0.999993
v -21.582388 -1.049158 0.999993
v -21.747334 0.742414 0.999992
v -19.439205 -1.815526 0.999994
v -19.780111 1.887211 0.999994
v -18.953403 -1.585606 0.999994
v -19.260504 1.749869 0.999994
v -19.454756 -1.819916 0.999994
v -19.895336 1.896718 0.999994
v -19.840603 -1.893029 0.999994
v -20.287573 1.877600 0.999993
v -19.824909 -1.891994 0.999994
v -20.173292 1.891976 0.999993
v -19.566399 -1.849443 0.999994
v -19.911358 1.897345 0.999994
v -18.539530 -1.216310 0.999995
v -18.864338 1.523826 0.999994
v -18.521816 -1.194019 0.999995
v -18.764654 1.443663 0.999994
v -20.737694 -1.749895 0.999993
v -21.044775 1.585600 0.999993
v -18.623241 -1.309566 0.999994
v -18.885487 1.538760 0.999994
v -18.640516 -1.327301 0.999994
v -18.988478 1.608133 0.999994
v -18.745987 -1.428179 0.999994
v -19.114630 1.681547 0.999994
v -19.086605 -1.666070 0.999994
v -19.501408 1.833230 0.999994
v -19.070681 -1.657688 0.999994
v -19.388956 1.799337 0.999994
v -18.969505 -1.596371 0.999994
v -19.371271 1.792829 0.999994
v -20.883551 -1.681610 0.999993
v -21.252199 1.428160 0.999993
v -21.009708 -1.608178 0.999993
v -21.357662 1.327297 0.999993
v -19.314013 -1.771632 0.999994
v -19.649006 1.866893 0.999994
v -21.133848 -1.523833 0.999993
v -21.458662 1.216300 0.999993
v -20.349176 -1.866934 0.999993
v -20.684181 1.771588 0.999993
v -20.234421 -1.885084 0.999993
v -20.668612 1.777802 0.999993
v -20.755997 -1.742036 0.999993
v -21.142292 1.516779 0.999993
v -20.864538 -1.690985 0.999993
v -21.158741 1.504488 0.999993
v -20.989641 -1.620837 0.999993
v -21.268927 1.412688 0.999993
v -20.626921 -1.792843 0.999993
v -21.028679 1.596362 0.999993
v -20.609240 -1.799347 0.999993
v -20.927517 1.657685 0.999993
v -20.218084 -1.887234 0.999994
v -20.558989 1.815503 0.999993
v -19.971497 -1.899160 0.999994
v -20.416265 1.852946 0.999993
v -19.206785 -1.726206 0.999994
v -19.632307 1.863575 0.999994
v -21.376612 -1.307885 0.999993
v -21.644213 0.949574 0.999992
v -18.112621 -0.225590 0.999995
v -18.185520 0.566223 0.999995
v -21.351982 -1.333679 0.999993
v -21.572733 1.064227 0.999993
v -21.468193 -1.203932 0.999993
v -21.663319 0.915432 0.999992
v -21.495287 -1.170781 0.999993
v -21.727543 0.788519 0.999992
v -21.733370 -0.774821 0.999993
v -21.866444 0.347839 0.999992
v -21.695641 -0.854633 0.999993
v -21.823168 0.530454 0.999992
v -19.329576 -1.777846 0.999994
v -19.763777 1.885057 0.999994
v -19.955667 -1.898952 0.999994
v -20.303114 1.874927 0.999993
v -18.131748 -0.347830 0.999995
v -18.264818 0.774756 0.999995
v -18.334873 -0.915439 0.999995
v -18.529985 1.203903 0.999994
v -18.175022 -0.530472 0.999995
v -18.302540 0.854582 0.999995
v -18.118816 0.272960 0.999995
v -20.074038 1.898496 0.999993
v -21.781538 -0.657958 0.999992
v -19.531084 -1.841448 0.999994
v -21.460106 1.214651 0.999993
v -18.943811 1.579960 0.999994
v -18.317480 -0.884376 0.999995
v -20.702833 -1.764860 0.999993
v -21.579069 1.055277 0.999993
v -18.784439 1.460998 0.999994
v -18.673061 -1.360727 0.999994
v -21.490978 -1.176542 0.999993
v -18.100594 0.074919 0.999995
v -20.272070 1.880266 0.999993
v -20.123026 -1.895961 0.999994
v -21.879375 -0.272990 0.999992
v -18.216669 0.657927 0.999995
v -20.467113 1.841428 0.999993
v -19.924171 -1.898541 0.999994
v -21.054392 -1.579998 0.999993
v -21.680725 0.884345 0.999992
v -18.538092 -1.214666 0.999995
v -19.295364 1.764840 0.999994
v -18.126507 -0.321439 0.999995
v -21.897606 -0.074952 0.999992
v -19.875177 1.895930 0.999994
v -19.726128 -1.880291 0.999994
v -21.213766 -1.461018 0.999993
v -21.325136 1.360713 0.999993
v -18.419130 -1.055308 0.999995
v -18.507219 1.176527 0.999994
v -18.170347 -0.515422 0.999995
v -21.895039 0.123907 0.999992
v -18.103149 -0.123939 0.999995
v -21.605787 -1.014154 0.999993
v -18.638372 1.326028 0.999994
v -19.158457 -1.703921 0.999994
v -21.175627 1.491868 0.999993
v -19.056879 1.649221 0.999994
v -18.260406 -0.764682 0.999995
v -18.457397 -1.109472 0.999995
v -19.420364 1.809084 0.999994
v -20.941319 -1.649271 0.999993
v -20.779530 1.731656 0.999993
v -21.888977 0.190020 0.999992
v -19.612635 1.859668 0.999994
v -18.190008 -0.578749 0.999995
v -20.763758 -1.738699 0.999993
v -19.791985 -1.888093 0.999994
v -18.349863 -0.942245 0.999995
v -20.984756 1.623635 0.999993
v -21.802866 -0.595161 0.999992
v -19.563425 -1.848769 0.999994
v -21.737787 0.764658 0.999992
v -18.375450 0.985643 0.999995
v -18.150339 0.435675 0.999995
v -21.898485 -0.008668 0.999992
v -20.625643 1.793086 0.999993
v -18.281319 0.810525 0.999995
v -21.108559 -1.541699 0.999993
v -18.145891 -0.419002 0.999995
v -18.862566 1.522566 0.999994
v -21.898920 0.024511 0.999992
v -19.776121 1.886845 0.999994
v -18.199827 -0.610423 0.999995
v -20.794237 -1.725619 0.999993
v -19.824917 -1.891994 0.999994
v -21.632133 0.971143 0.999992
v -18.603657 -1.289458 0.999994
v -20.609507 -1.799264 0.999993
v -21.427359 -1.253016 0.999993
v -20.562849 1.814413 0.999993
v -18.135677 0.370990 0.999995
v -21.885948 0.222962 0.999992
v -19.580118 1.853204 0.999994
v -19.974566 1.899815 0.999994
v -20.970255 -1.633072 0.999993
v -18.107119 0.174179 0.999995
v -21.252104 1.428248 0.999993
v -18.476530 -1.136551 0.999995
v -21.813524 -0.563771 0.999992
v -18.709639 1.395426 0.999994
v -19.628099 -1.863411 0.999994
v -21.724703 0.795124 0.999992
v -19.388697 1.799256 0.999994
v -18.341539 0.928661 0.999995
v -20.749418 1.745545 0.999993
v -21.550510 -1.096846 0.999993
v -19.070429 -1.657556 0.999994
v -20.418091 -1.853223 0.999993
v -21.135637 -1.522570 0.999993
v -21.798361 0.610391 0.999992
v -18.366060 -0.971173 0.999995
v -20.173292 1.891976 0.999993
v -19.203962 1.725593 0.999994
v -20.222076 -1.886868 0.999994
v -18.099274 -0.024543 0.999995
v -20.687826 1.770127 0.999993
v -18.401442 -1.027258 0.999995
v -18.166672 0.499924 0.999995
v -21.893259 -0.141107 0.999992
v -19.693453 -1.874664 0.999994
v -21.161676 -1.502054 0.999993
v -21.786880 0.641501 0.999992
v -19.144484 1.696272 0.999994
v -18.889650 1.541698 0.999994
v -18.581812 -1.264529 0.999995
v -18.114925 0.240024 0.999995
v -20.434765 1.848752 0.999993
v -21.336073 -1.349168 0.999993
v -21.695387 0.854609 0.999992
v -18.999886 1.615335 0.999994
v -18.497047 -1.162590 0.999995
v -19.326475 1.776311 0.999994
v -19.499176 -1.832446 0.999994
v -18.302826 -0.854641 0.999995
v -21.836004 0.483240 0.999992
v -21.404846 -1.277355 0.999993
v -21.648323 0.942210 0.999992
v -19.990477 -1.899407 0.999994
v -18.836519 1.502045 0.999994
v -18.957384 -1.588267 0.999994
v -21.448566 -1.227527 0.999993
v -18.626801 -1.313214 0.999994
v -18.549633 1.227505 0.999994
v -21.348261 1.336959 0.999993
v -21.288559 -1.395430 0.999993
v -21.521664 1.136520 0.999993
v -19.027945 1.633025 0.999994
v -18.746098 -1.428269 0.999994
v -21.891071 -0.174208 0.999992
v -20.370104 1.863403 0.999993
v -18.184669 0.563739 0.999995
v -20.023632 -1.899839 0.999994
v -18.721752 -1.405756 0.999994
v -18.467535 1.123401 0.999994
v -21.587362 -1.041716 0.999993
v -18.797071 -1.470673 0.999994
v -18.139429 -0.386465 0.999995
v -20.189062 -1.889899 0.999994
v -18.222782 -0.672650 0.999995
v -20.853724 -1.696317 0.999993
v -21.831537 -0.499943 0.999992
v -19.310362 -1.770181 0.999994
v -21.840540 -0.468039 0.999992
v -18.295204 0.840637 0.999995
v -21.013252 1.606678 0.999993
v -19.341164 -1.782473 0.999994
v -21.871700 0.321406 0.999992
v -18.234249 -0.703754 0.999995
v -19.483690 1.828736 0.999994
v -20.883463 -1.681666 0.999993
v -21.808184 0.578728 0.999992
v -21.855177 -0.403361 0.999992
v -19.403954 -1.803785 0.999994
v -19.264900 1.751757 0.999994
v -20.927774 1.657553 0.999993
v -21.862509 -0.371023 0.999992
v -18.253536 0.750311 0.999995
v -19.435350 -1.814438 0.999994
v -21.656654 -0.928692 0.999993
v -21.394533 1.289447 0.999993
v -18.570841 1.252995 0.999994
v -18.902252 -1.551404 0.999994
v -20.998302 -1.615370 0.999993
v -21.868126 -0.338352 0.999992
v -21.858776 0.386431 0.999992
v -21.149078 1.511711 0.999993
v -21.263618 -1.417292 0.999993
v -21.887169 -0.207147 0.999992
v -21.896334 0.090853 0.999992
v -21.068369 1.569825 0.999993
v -19.515835 1.836892 0.999994
v -18.310650 0.869976 0.999995
v -21.881199 0.255790 0.999992
v -19.218658 -1.731690 0.999994
v -18.206011 0.626535 0.999995
v -18.273491 -0.795156 0.999995
v -19.248783 -1.745591 0.999994
v -21.852299 0.418970 0.999992
v -21.095943 1.551400 0.999993
v -18.112246 -0.222994 0.999995
v -18.447681 1.096835 0.999994
v -21.744658 -0.750341 0.999992
v -20.869087 1.688439 0.999993
v -18.410831 1.041701 0.999995
v -21.756941 -0.719552 0.999992
v -21.416391 1.264516 0.999993
v -18.593351 1.277341 0.999994
v -21.480633 1.188604 0.999993
v -18.662136 1.349162 0.999994
v -18.099709 0.008586 0.999995
v -21.276447 1.405735 0.999993
v -19.041937 -1.640605 0.999994
v -18.102762 0.108007 0.999995
v -20.304750 1.874645 0.999993
v -21.540796 1.109441 0.999993
v -20.206219 1.888072 0.999993
v -21.730768 -0.780456 0.999993
v -20.107109 1.896321 0.999993
v -20.287708 -1.877380 0.999993
v -18.106184 -0.156880 0.999995
v -20.040876 1.898936 0.999993
v -18.121744 -0.288598 0.999995
v -19.908304 1.897225 0.999994
v -19.842157 1.892903 0.999994
v -20.546175 -1.818929 0.999993
v -18.734566 1.417286 0.999994
v -21.530663 -1.123414 0.999993
v -18.157658 0.468008 0.999995
v -21.702995 -0.840668 0.999993
v -18.984955 -1.606698 0.999994
v -20.657042 1.782421 0.999993
v -21.763948 0.703722 0.999992
v -19.114742 1.681614 0.999994
v -20.514505 -1.828761 0.999993
v -20.385571 -1.859693 0.999993
v -18.228960 0.688722 0.999995
v -18.822557 -1.491878 0.999994
v -21.359812 -1.326038 0.999993
v -18.392408 1.014140 0.999995
v -20.839746 1.703882 0.999993
v -21.827843 0.515390 0.999992
v -19.677677 1.872589 0.999994
v -20.320532 -1.872635 0.999993
v -19.099773 -1.673000 0.999994
v -20.499029 1.832423 0.999993
v -21.596746 1.027228 0.999993
v -19.891079 -1.896360 0.999994
v -21.201113 1.470663 0.999993
v -20.482361 -1.836915 0.999993
v -19.710487 1.877342 0.999994
v -20.671715 -1.776330 0.999993
v -18.162203 -0.483271 0.999995
v -20.089895 -1.897253 0.999994
v -18.101868 -0.090884 0.999995
v -18.849131 -1.511722 0.999994
v -21.622749 -0.985665 0.999993
v -21.687538 -0.870008 0.999993
v -18.124447 0.305637 0.999995
v -22.493755 0.163046 0.000000
v -22.493755 0.163046 0.999992
v -22.481804 0.293382 0.000000
v -22.481804 0.293382 0.999992
v -22.463036 0.422914 0.999992
v -22.463036 0.422914 0.000000
v -22.437529 0.551288 0.000000
v -22.437529 0.551288 0.999992
v -22.405336 0.678156 0.000000
v -22.405336 0.678156 0.999992
v -22.366552 0.803157 0.000000
v -22.366552 0.803157 0.999992
v -22.321272 0.925961 0.999992
v -22.321272 0.925961 0.000000
v -22.269630 1.046226 0.000000
v -22.269630 1.046226 0.999992
v -22.211758 1.163622 0.000000
v -22.211758 1.163622 0.999992
v -22.147831 1.277830 0.000000
v -22.147831 1.277830 0.999992
v -22.078009 1.388534 0.000000
v -22.078009 1.388534 0.999992
v -22.002476 1.495433 0.000000
v -22.002476 1.495433 0.999992
v -21.921478 1.598235 0.000000
v -21.921478 1.598235 0.999992
v -21.835192 1.696653 0.000000
v -21.835192 1.696653 0.999992
v -21.743885 1.790422 0.000000
v -21.743885 1.790422 0.999992
v -21.647779 1.879285 0.000000
v -21.647779 1.879285 0.999992
v -21.547173 1.962997 0.000000
v -21.547173 1.962997 0.999993
v -21.442314 2.041327 0.999993
v -21.442314 2.041327 0.000001
v -21.333500 2.114060 0.999993
v -21.333500 2.114060 0.000001
v -21.221027 2.181000 0.999993
v -21.221027 2.181000 0.000001
v -21.105207 2.241959 0.000001
v -21.105207 2.241959 0.999993
v -20.986359 2.296779 0.000001
v -20.986359 2.296779 0.999993
v -20.864799 2.345301 0.000001
v -20.864799 2.345301 0.999993
v -20.740875 2.387396 0.999993
v -20.740875 2.387396 0.000001
v -20.614912 2.422943 0.000001
v -20.614912 2.422943 0.999993
v -20.487257 2.451856 0.999993
v -20.487257 2.451856 0.000001
v -20.358263 2.474044 0.000001
v -20.358263 2.474044 0.999993
v -20.228292 2.489452 0.000001
v -20.228292 2.489452 0.999993
v -20.097700 2.498030 0.000001
v -20.097698 2.498037 0.999993
v -19.966822 2.499774 0.999993
v -19.966822 2.499767 0.000001
v -19.836044 2.494654 0.000001
v -19.836044 2.494654 0.999994
v -19.705702 2.482706 0.999994
v -19.705702 2.482699 0.000002
v -19.576172 2.463942 0.000002
v -19.576170 2.463949 0.999994
v -19.447798 2.438437 0.000002
v -19.447798 2.438437 0.999994
v -19.320929 2.406242 0.000002
v -19.320929 2.406242 0.999994
v -19.195930 2.367452 0.000002
v -19.195930 2.367452 0.999994
v -19.073114 2.322168 0.000002
v -19.073114 2.322168 0.999994
v -18.952854 2.270527 0.999994
v -18.952854 2.270527 0.000002
v -18.835466 2.212659 0.000002
v -18.835466 2.212659 0.999994
v -18.721258 2.148728 0.000002
v -18.721258 2.148728 0.999994
v -18.610556 2.078903 0.999994
v -18.610556 2.078903 0.000002
v -18.503649 2.003386 0.000002
v -18.503649 2.003386 0.999994
v -18.400854 1.922376 0.999994
v -18.400854 1.922376 0.000002
v -18.302437 1.836098 0.000002
v -18.302437 1.836098 0.999995
v -18.208660 1.744784 0.000002
v -18.208660 1.744784 0.999995
v -18.119808 1.648689 0.000003
v -18.119808 1.648689 0.999995
v -18.036087 1.548073 0.999995
v -18.036087 1.548073 0.000003
v -17.957758 1.443215 0.000003
v -17.957758 1.443215 0.999995
v -17.885036 1.334404 0.000003
v -17.885036 1.334404 0.999995
v -17.818094 1.221933 0.999995
v -17.818094 1.221933 0.000003
v -17.757137 1.106112 0.000003
v -17.757137 1.106112 0.999995
v -17.702316 0.987262 0.999995
v -17.702316 0.987262 0.000003
v -17.653795 0.865704 0.000003
v -17.653795 0.865704 0.999995
v -17.611698 0.741774 0.999995
v -17.611698 0.741774 0.000003
v -17.576153 0.615810 0.000003
v -17.576153 0.615810 0.999995
v -17.547241 0.488156 0.999995
v -17.525051 0.359169 0.999995
v -17.509644 0.229198 0.999995
v -17.501057 0.098589 0.999995
v -17.499325 -0.032283 0.999995
v -17.504446 -0.163066 0.999995
v -17.516394 -0.293402 0.999995
v -17.535158 -0.422934 0.999995
v -17.560661 -0.551309 0.000003
v -17.560661 -0.551309 0.999995
v -17.592855 -0.678176 0.000003
v -17.592855 -0.678176 0.999995
v -17.631649 -0.803177 0.000003
v -17.631649 -0.803177 0.999995
v -17.676931 -0.925981 0.000003
v -17.676931 -0.925981 0.999995
v -17.728569 -1.046246 0.000003
v -17.728569 -1.046246 0.999995
v -17.786438 -1.163642 0.000003
v -17.786438 -1.163642 0.999995
v -17.850372 -1.277850 0.000003
v -17.850372 -1.277844 0.999995
v -17.920197 -1.388553 0.000003
v -17.920197 -1.388553 0.999995
v -17.995712 -1.495453 0.000003
v -17.995712 -1.495453 0.999995
v -18.076725 -1.598234 0.999995
v -18.076725 -1.598234 0.000003
v -18.162991 -1.696645 0.000003
v -18.162991 -1.696645 0.999995
v -18.254299 -1.790421 0.999995
v -18.254299 -1.790421 0.000003
v -18.350412 -1.879292 0.000003
v -18.350412 -1.879292 0.999995
v -18.451012 -1.962987 0.000002
v -18.451012 -1.962987 0.999995
v -18.555878 -2.041311 0.999995
v -18.555878 -2.041311 0.000002
v -18.664692 -2.114066 0.000002
v -18.664692 -2.114066 0.999994
v -18.777155 -2.180985 0.000002
v -18.777155 -2.180985 0.999994
v -18.892981 -2.241944 0.999994
v -18.892986 -2.242016 0.000002
v -19.011835 -2.296821 0.000002
v -19.011835 -2.296821 0.999994
v -19.133394 -2.345350 0.000002
v -19.133394 -2.345350 0.999994
v -19.257315 -2.387409 0.000002
v -19.257315 -2.387409 0.999994
v -19.383274 -2.422949 0.000002
v -19.383274 -2.422949 0.999994
v -19.510937 -2.451847 0.999994
v -19.510937 -2.451847 0.000002
v -19.639923 -2.474058 0.000002
v -19.639923 -2.474058 0.999994
v -19.769905 -2.489458 0.000002
v -19.769905 -2.489458 0.999994
v -19.900505 -2.498071 0.000002
v -19.900505 -2.498071 0.999994
v -20.031374 -2.499778 0.000002
v -20.031374 -2.499778 0.999994
v -20.162163 -2.494675 0.000001
v -20.162163 -2.494675 0.999994
v -20.292496 -2.482711 0.000001
v -20.292496 -2.482711 0.999993
v -20.422033 -2.463983 0.000001
v -20.422033 -2.463983 0.999993
v -20.550398 -2.438443 0.000001
v -20.550398 -2.438443 0.999993
v -20.677256 -2.406256 0.000001
v -20.677256 -2.406256 0.999993
v -20.802263 -2.367443 0.999993
v -20.802263 -2.367443 0.000001
v -20.925070 -2.322174 0.000001
v -20.925070 -2.322174 0.999993
v -21.045336 -2.270540 0.000001
v -21.045336 -2.270540 0.999993
v -21.162727 -2.212709 0.000001
v -21.162727 -2.212709 0.999993
v -21.276936 -2.148770 0.000001
v -21.276936 -2.148770 0.999993
v -21.387632 -2.078888 0.999993
v -21.387638 -2.078960 0.000001
v -21.494534 -2.003371 0.000001
v -21.494534 -2.003371 0.999993
v -21.597338 -1.922382 0.999993
v -21.597338 -1.922382 0.000001
v -21.695753 -1.836082 0.000001
v -21.695753 -1.836082 0.999993
v -21.789524 -1.744775 0.000000
v -21.789524 -1.744775 0.999993
v -21.878382 -1.648696 0.000000
v -21.878382 -1.648696 0.999992
v -21.962097 -1.548072 0.999992
v -21.962097 -1.548072 0.000000
v -22.040424 -1.443207 0.000000
v -22.040424 -1.443207 0.999992
v -22.113167 -1.334403 0.000000
v -22.113167 -1.334403 0.999992
v -22.180092 -1.221953 0.999992
v -22.180092 -1.221953 0.000000
v -22.241068 -1.106131 0.000000
v -22.241068 -1.106131 0.999992
v -22.295887 -0.987282 0.000000
v -22.295887 -0.987275 0.999992
v -22.344402 -0.865724 0.999992
v -22.344402 -0.865724 0.000000
v -22.386503 -0.741794 0.000000
v -22.386503 -0.741794 0.999992
v -22.422050 -0.615829 0.000000
v -22.422050 -0.615829 0.999992
v -22.450958 -0.488176 0.000000
v -22.450958 -0.488176 0.999992
v -22.473141 -0.359183 0.999992
v -22.473141 -0.359190 0.000000
v -22.488546 -0.229211 0.000000
v -22.488546 -0.229211 0.999992
v -22.497124 -0.098610 0.999992
v -22.497124 -0.098610 0.000000
v -22.498871 0.032263 0.000000
v -22.498871 0.032263 0.999992
v -21.895042 0.123906 2.999975
v -21.885952 0.222961 2.999975
v -21.871702 0.321406 2.999975
v -21.852303 0.418970 2.999975
v -21.827847 0.515390 2.999975
v -21.798363 0.610390 2.999975
v -21.763950 0.703721 2.999975
v -21.724707 0.795123 2.999975
v -21.680729 0.884344 2.999975
v -21.632137 0.971142 2.999975
v -21.579073 1.055276 2.999975
v -21.521666 1.136520 2.999975
v -21.460108 1.214650 2.999975
v -21.394537 1.289447 2.999975
v -21.325140 1.360712 2.999975
v -21.252106 1.428247 2.999975
v -21.175631 1.491867 2.999976
v -21.095947 1.551400 2.999976
v -21.013254 1.606677 2.999976
v -20.927776 1.657552 2.999976
v -20.839748 1.703882 2.999976
v -20.749420 1.745544 2.999976
v -20.657045 1.782421 2.999976
v -20.562853 1.814412 2.999976
v -20.467115 1.841427 2.999976
v -20.370108 1.863402 2.999976
v -20.272072 1.880265 2.999976
v -20.173296 1.891975 2.999976
v -20.074041 1.898499 2.999976
v -19.974567 1.899819 2.999976
v -19.875179 1.895929 2.999976
v -19.776125 1.886848 2.999976
v -19.677681 1.872592 2.999976
v -19.580122 1.853204 2.999977
v -19.483694 1.828735 2.999977
v -19.388699 1.799255 2.999977
v -19.295366 1.764839 2.999977
v -19.203966 1.725593 2.999977
v -19.114746 1.681613 2.999977
v -19.027946 1.633025 2.999977
v -18.943813 1.579959 2.999977
v -18.862568 1.522566 2.999977
v -18.784443 1.460997 2.999977
v -18.709641 1.395426 2.999977
v -18.638376 1.326027 2.999977
v -18.570845 1.252995 2.999977
v -18.507221 1.176527 2.999977
v -18.447683 1.096834 2.999977
v -18.392412 1.014139 2.999977
v -18.341543 0.928660 2.999977
v -18.295206 0.840636 2.999977
v -18.253540 0.750310 2.999977
v -18.216671 0.657926 2.999977
v -18.184673 0.563739 2.999977
v -18.157661 0.468007 2.999977
v -18.135681 0.370989 2.999977
v -18.118818 0.272959 2.999977
v -18.107122 0.174182 2.999977
v -18.100597 0.074918 2.999978
v -18.099276 -0.024544 2.999978
v -18.103151 -0.123939 2.999978
v -18.112247 -0.222995 2.999978
v -18.126509 -0.321439 2.999978
v -18.145895 -0.419003 2.999977
v -18.170351 -0.515423 2.999977
v -18.199831 -0.610424 2.999977
v -18.234251 -0.703754 2.999977
v -18.273493 -0.795156 2.999977
v -18.317484 -0.884377 2.999977
v -18.366060 -0.971170 2.999977
v -18.419134 -1.055309 2.999977
v -18.476534 -1.136552 2.999977
v -18.538094 -1.214666 2.999977
v -18.603661 -1.289459 2.999977
v -18.673063 -1.360728 2.999977
v -18.746099 -1.428270 2.999977
v -18.822561 -1.491879 2.999977
v -18.902256 -1.551405 2.999977
v -18.984957 -1.606699 2.999977
v -19.070433 -1.657557 2.999977
v -19.158459 -1.703885 2.999977
v -19.248785 -1.745592 2.999977
v -19.341167 -1.782474 2.999977
v -19.435354 -1.814438 2.999977
v -19.531088 -1.841449 2.999977
v -19.628101 -1.863412 2.999977
v -19.726130 -1.880291 2.999977
v -19.824919 -1.891995 2.999977
v -19.924173 -1.898542 2.999976
v -20.023636 -1.899840 2.999976
v -20.123030 -1.895962 2.999976
v -20.222078 -1.886869 2.999976
v -20.320534 -1.872635 2.999976
v -20.418095 -1.853224 2.999976
v -20.514509 -1.828761 2.999976
v -20.609510 -1.799265 2.999976
v -20.702837 -1.764861 2.999976
v -20.794239 -1.725619 2.999976
v -20.883467 -1.681666 2.999976
v -20.970259 -1.633073 2.999976
v -21.054396 -1.579963 2.999976
v -21.135641 -1.522570 2.999976
v -21.213770 -1.461019 2.999976
v -21.288563 -1.395431 2.999976
v -21.359816 -1.326039 2.999976
v -21.427362 -1.253017 2.999975
v -21.490982 -1.176543 2.999975
v -21.550512 -1.096846 2.999975
v -21.605791 -1.014155 2.999975
v -21.656656 -0.928692 2.999975
v -21.702999 -0.840669 2.999975
v -21.744658 -0.750338 2.999975
v -21.781540 -0.657959 2.999975
v -21.813526 -0.563772 2.999975
v -21.840542 -0.468040 2.999975
v -21.862513 -0.371023 2.999975
v -21.879377 -0.272987 2.999975
v -21.891075 -0.174209 2.999975
v -21.897610 -0.074952 2.999975
v -21.898924 0.024510 2.999975
v -12.494205 0.163046 0.500000
v -12.488231 0.228216 0.500000
v -10.357507 -0.499997 0.000001
v -9.925536 -0.499997 0.000002
v -10.141617 -0.499997 0.000001
v -10.784080 -0.499997 0.000001
v -10.610777 -0.499997 0.000001
v -11.073387 -0.499997 0.000001
v -11.204079 -0.499997 0.000001
v -12.413316 -0.499997 0.000000
v -11.616361 -0.499997 0.000001
v -12.409467 -0.499997 0.000000
v -11.528206 -0.499997 0.000001
v -7.743176 -0.499997 0.000003
v -11.291357 0.500003 0.000001
v -11.973973 -0.499997 0.000000
v -7.502337 -0.097682 0.500000
v -12.019818 -0.499997 0.000000
v -9.215106 0.500003 0.000002
v -12.493284 -0.163911 0.500000
v -7.536598 0.423664 0.500000
v -12.497572 -0.098610 0.500000
v -12.496763 0.097654 0.500000
v -12.481294 -0.294197 0.500000
v -7.499778 -0.032283 0.500000
v -7.726468 -0.499997 0.000003
v -10.949040 0.500003 0.000001
v -12.451408 -0.488176 0.500000
v -7.510870 -0.228234 0.500000
v -12.498446 -0.033173 0.500000
v -7.547692 0.488156 0.500000
v -12.482256 0.293382 0.500000
v -7.510098 0.229194 0.500000
v -10.810348 0.500003 0.000001
v -7.550917 -0.499997 0.399706
v -7.548358 -0.487122 0.500000
v -12.448170 0.500003 0.000000
v -12.488997 -0.229211 0.500000
v -8.225513 -0.499997 0.000003
v -11.773676 0.500003 0.000000
v -12.472870 0.358149 0.500000
v -8.025206 0.500003 0.000003
v -12.448731 -0.499997 0.092595
v -12.448731 -0.499997 0.000000
v -12.462500 -0.423681 0.500000
v -12.499322 0.032263 0.500000
v -12.463483 0.422914 0.500000
v -9.489342 -0.499997 0.000002
v -9.667206 -0.499997 0.000002
v -9.188841 -0.499997 0.000002
v -12.448170 0.500003 0.399492
v -12.450732 0.487101 0.500000
v -8.470983 0.500003 0.000002
v -7.517800 0.294182 0.500000
v -12.473591 -0.359186 0.500000
v -7.979350 0.500003 0.000003
v -8.382807 0.500003 0.000002
v -7.525504 0.359169 0.500000
v -7.504896 -0.163066 0.500000
v -7.585868 0.500003 0.000003
v -7.550375 0.500003 0.000003
v -7.589725 0.500003 0.000003
v -7.516844 -0.293402 0.500000
v -7.550917 -0.499997 0.000003
v -9.641681 0.500003 0.000002
v -9.050142 -0.499997 0.000002
v -12.272714 0.500003 0.000000
v -8.707835 -0.499997 0.000002
v -12.256015 0.500003 0.000000
v -8.609116 -0.499997 0.000002
v -11.831681 0.500003 0.000000
v -8.167499 -0.499997 0.000003
v -11.390067 0.500003 0.000001
v -7.535604 -0.422934 0.500000
v -7.526224 -0.358168 0.500000
v -10.509835 0.500003 0.000001
v -10.331985 0.500003 0.000001
v -10.073648 0.500003 0.000001
v -9.857575 0.500003 0.000002
v -9.388419 0.500003 0.000002
v -8.925795 0.500003 0.000002
v -7.501504 0.098589 0.500000
v -7.500641 0.033153 0.500000
v -7.505801 0.163897 0.500000
v -8.795088 0.500003 0.000002
v -8.999963 0.500003 0.000002
v -7.550375 0.500003 0.080535
v -12.458227 0.449372 0.500000
v -7.533280 0.404377 0.500000
v -12.469729 0.379821 0.500000
v -7.515189 0.272151 0.500000
v -12.462816 0.426273 0.500000
v -7.525738 0.360533 0.500000
v -10.224290 0.500003 0.000001
v -7.550375 0.500003 0.171942
v -12.466364 0.403043 0.500000
v -7.520432 0.316380 0.500000
v -12.453636 0.472482 0.500000
v -7.540802 0.448105 0.500000
v -12.449084 0.495397 0.500000
v -7.548410 0.491330 0.500000
v -12.448170 0.500003 0.500000
v -7.550375 0.500003 0.500000
v -9.355440 0.500003 0.000002
v -7.550375 0.500003 0.104407
v -12.479829 0.310131 0.500000
v -7.504162 0.138988 0.500000
v -12.457810 -0.450947 0.500000
v -7.533350 -0.407364 0.500000
v -7.501771 -0.083232 0.500000
v -12.491369 0.193968 0.500000
v -12.454060 -0.472755 0.500000
v -7.540708 -0.448621 0.500000
v -12.473100 0.356562 0.500000
v -7.510002 0.227753 0.500000
v -12.476468 0.333323 0.500000
v -7.507082 0.183365 0.500000
v -8.999962 -0.499997 0.000002
v -7.550917 -0.499997 0.080505
v -10.224570 -0.499997 0.000001
v -7.550917 -0.499997 0.171931
v -7.501451 0.094599 0.500000
v -12.482845 0.286957 0.500000
v -7.500870 0.050474 0.500000
v -12.484962 0.263872 0.500000
v -7.500288 0.006369 0.500000
v -12.487075 0.240818 0.500000
v -12.448731 -0.499997 0.500000
v -7.550917 -0.499997 0.500000
v -7.501683 -0.080962 0.500000
v -12.491261 0.195155 0.500000
v -12.449687 -0.495777 0.500000
v -7.549338 -0.492052 0.500000
v -7.499978 -0.037372 0.500000
v -12.489170 0.217967 0.500000
v -11.113148 -1.538768 0.999993
v -11.375396 1.309564 0.999993
v -8.195932 -0.596386 0.999995
v -8.385346 1.001511 0.999995
v -8.856345 -1.516777 0.999994
v -9.242635 1.742008 0.999994
v -10.103308 -1.896748 0.999994
v -10.543876 1.819894 0.999993
v -10.087284 -1.897373 0.999994
v -10.432248 1.849429 0.999993
v -10.497246 -1.833255 0.999993
v -10.912045 1.666066 0.999993
v -8.729712 -1.412704 0.999994
v -9.008994 1.620792 0.999994
v -10.480150 -1.837592 0.999993
v -10.807589 1.718924 0.999993
v -9.582373 -1.852959 0.999994
v -10.027149 1.899125 0.999993
v -8.271097 -0.788515 0.999995
v -8.503357 1.170749 0.999994
v -8.839897 -1.504489 0.999994
v -9.134096 1.690931 0.999994
v -8.251307 -0.742415 0.999995
v -8.416249 1.049128 0.999995
v -10.366324 -1.863613 0.999993
v -10.791862 1.726176 0.999993
v -8.444373 -1.090399 0.999995
v -8.742398 1.423748 0.999994
v -11.813105 -0.566333 0.999992
v -11.886017 0.225616 0.999992
v -8.425891 -1.064248 0.999995
v -8.646668 1.333668 0.999994
v -8.354432 -0.949587 0.999995
v -8.622039 1.307872 0.999994
v -9.695520 -1.874946 0.999994
v -10.042985 1.898914 0.999993
v -9.191505 -1.718957 0.999994
v -9.518950 1.837568 0.999994
v -11.233980 -1.443683 0.999993
v -11.476825 1.194004 0.999993
v -11.613741 -1.001548 0.999993
v -11.803162 0.596362 0.999992
v -11.256701 -1.423763 0.999993
v -11.554721 1.090379 0.999993
v -9.711078 -1.877622 0.999994
v -10.158046 1.893007 0.999993
v -11.582838 -1.049158 0.999993
v -11.747787 0.742414 0.999992
v -9.439655 -1.815526 0.999994
v -9.780562 1.887211 0.999994
v -8.953856 -1.585606 0.999994
v -9.260954 1.749869 0.999994
v -9.455207 -1.819916 0.999994
v -9.895786 1.896718 0.999994
v -9.841054 -1.893029 0.999994
v -10.288023 1.877600 0.999993
v -9.825363 -1.891994 0.999994
v -10.173743 1.891976 0.999993
v -9.566852 -1.849443 0.999994
v -9.911804 1.897345 0.999994
v -8.539983 -1.216310 0.999995
v -8.864787 1.523826 0.999994
v -8.522269 -1.194019 0.999995
v -8.765108 1.443663 0.999994
v -10.738147 -1.749895 0.999993
v -11.045225 1.585600 0.999993
v -8.623693 -1.309566 0.999994
v -8.885940 1.538760 0.999994
v -8.640969 -1.327301 0.999994
v -8.988926 1.608133 0.999994
v -8.746438 -1.428179 0.999994
v -9.115081 1.681547 0.999994
v -9.087054 -1.666070 0.999994
v -9.501855 1.833230 0.999994
v -9.071134 -1.657688 0.999994
v -9.389410 1.799337 0.999994
v -8.969958 -1.596371 0.999994
v -9.371720 1.792829 0.999994
v -10.884001 -1.681610 0.999993
v -11.252650 1.428160 0.999993
v -11.010162 -1.608178 0.999993
v -11.358112 1.327297 0.999993
v -9.314463 -1.771632 0.999994
v -9.649453 1.866893 0.999994
v -11.134295 -1.523833 0.999993
v -11.459111 1.216300 0.999993
v -10.349628 -1.866934 0.999993
v -10.684631 1.771588 0.999993
v -10.234871 -1.885084 0.999993
v -10.669062 1.777802 0.999993
v -10.756447 -1.742036 0.999993
v -11.142743 1.516779 0.999993
v -10.864992 -1.690985 0.999993
v -11.159190 1.504488 0.999993
v -10.990093 -1.620837 0.999993
v -11.269376 1.412688 0.999993
v -10.627367 -1.792843 0.999993
v -11.029129 1.596362 0.999993
v -10.609690 -1.799347 0.999993
v -10.927966 1.657685 0.999993
v -10.218538 -1.887234 0.999994
v -10.559439 1.815503 0.999993
v -9.971951 -1.899160 0.999994
v -10.416715 1.852946 0.999993
v -9.207238 -1.726206 0.999994
v -9.632757 1.863575 0.999994
v -11.377061 -1.307885 0.999993
v -11.644662 0.949574 0.999992
v -8.113070 -0.225590 0.999995
v -8.185970 0.566223 0.999995
v -11.352432 -1.333679 0.999993
v -11.573179 1.064227 0.999993
v -11.468643 -1.203932 0.999993
v -11.663768 0.915432 0.999992
v -11.495737 -1.170781 0.999993
v -11.727990 0.788519 0.999992
v -11.733816 -0.774821 0.999993
v -11.866893 0.347839 0.999992
v -11.696095 -0.854633 0.999993
v -11.823618 0.530454 0.999992
v -9.330027 -1.777846 0.999994
v -9.764230 1.885057 0.999994
v -9.956115 -1.898952 0.999994
v -10.303562 1.874927 0.999993
v -8.132195 -0.347830 0.999995
v -8.265272 0.774756 0.999995
v -8.335320 -0.915439 0.999995
v -8.530438 1.203903 0.999994
v -8.175476 -0.530472 0.999995
v -8.302987 0.854582 0.999995
v -8.119266 0.272960 0.999995
v -10.074488 1.898496 0.999993
v -11.781984 -0.657958 0.999992
v -9.531534 -1.841448 0.999994
v -11.460559 1.214651 0.999993
v -8.944263 1.579960 0.999994
v -8.317927 -0.884376 0.999995
v -10.703283 -1.764860 0.999993
v -11.579519 1.055277 0.999993
v -8.784886 1.460998 0.999994
v -8.673513 -1.360727 0.999994
v -11.491431 -1.176542 0.999993
v -8.101044 0.074919 0.999995
v -10.272520 1.880266 0.999993
v -10.123480 -1.895961 0.999994
v -11.879828 -0.272990 0.999992
v -8.217122 0.657927 0.999995
v -10.467566 1.841428 0.999993
v -9.924624 -1.898541 0.999994
v -11.054842 -1.579998 0.999993
v -11.681179 0.884345 0.999992
v -8.538541 -1.214666 0.999995
v -9.295817 1.764840 0.999994
v -8.126957 -0.321439 0.999995
v -11.898056 -0.074952 0.999992
v -9.875627 1.895930 0.999994
v -9.726574 -1.880291 0.999994
v -11.214213 -1.461018 0.999993
v -11.325586 1.360713 0.999993
v -8.419580 -1.055308 0.999995
v -8.507668 1.176527 0.999994
v -8.170801 -0.515422 0.999995
v -11.895489 0.123907 0.999992
v -8.103600 -0.123939 0.999995
v -11.606237 -1.014154 0.999993
v -8.638820 1.326028 0.999994
v -9.158907 -1.703921 0.999994
v -11.176074 1.491868 0.999993
v -9.057332 1.649221 0.999994
v -8.260857 -0.764682 0.999995
v -8.457848 -1.109472 0.999995
v -9.420815 1.809084 0.999994
v -10.941768 -1.649271 0.999993
v -10.779980 1.731656 0.999993
v -11.889427 0.190020 0.999992
v -9.613082 1.859668 0.999994
v -8.190458 -0.578749 0.999995
v -10.764211 -1.738699 0.999993
v -9.792438 -1.888093 0.999994
v -8.350314 -0.942245 0.999995
v -10.985207 1.623635 0.999993
v -11.803313 -0.595161 0.999992
v -9.563872 -1.848769 0.999994
v -11.738236 0.764658 0.999992
v -8.375899 0.985643 0.999995
v -8.150792 0.435675 0.999995
v -11.898934 -0.008668 0.999992
v -10.626096 1.793086 0.999993
v -8.281768 0.810525 0.999995
v -11.109012 -1.541699 0.999993
v -8.146341 -0.419002 0.999995
v -8.863012 1.522566 0.999994
v -11.899370 0.024511 0.999992
v -9.776571 1.886845 0.999994
v -8.200274 -0.610423 0.999995
v -10.794683 -1.725619 0.999993
v -9.825369 -1.891994 0.999994
v -11.632586 0.971143 0.999992
v -8.604108 -1.289458 0.999994
v -10.609957 -1.799264 0.999993
v -11.427809 -1.253016 0.999993
v -10.563296 1.814413 0.999993
v -8.136126 0.370990 0.999995
v -11.886399 0.222962 0.999992
v -9.580568 1.853204 0.999994
v -9.975015 1.899815 0.999994
v -10.970702 -1.633072 0.999993
v -8.107572 0.174179 0.999995
v -11.252553 1.428248 0.999993
v -8.476977 -1.136551 0.999995
v -11.813972 -0.563771 0.999992
v -8.710085 1.395426 0.999994
v -9.628549 -1.863411 0.999994
v -11.725150 0.795124 0.999992
v -9.389143 1.799256 0.999994
v -8.341993 0.928661 0.999995
v -10.749865 1.745545 0.999993
v -11.550961 -1.096846 0.999993
v -9.070879 -1.657556 0.999994
v -10.418544 -1.853223 0.999993
v -11.136087 -1.522570 0.999993
v -11.798807 0.610391 0.999992
v -8.366508 -0.971173 0.999995
v -10.173743 1.891976 0.999993
v -9.204411 1.725593 0.999994
v -10.222528 -1.886868 0.999994
v -8.099724 -0.024543 0.999995
v -10.688276 1.770127 0.999993
v -8.401892 -1.027258 0.999995
v -8.167125 0.499924 0.999995
v -11.893708 -0.141107 0.999992
v -9.693903 -1.874664 0.999994
v -11.162127 -1.502054 0.999993
v -11.787332 0.641501 0.999992
v -9.144936 1.696272 0.999994
v -8.890100 1.541698 0.999994
v -8.582264 -1.264529 0.999995
v -8.115372 0.240024 0.999995
v -10.435216 1.848752 0.999993
v -11.336523 -1.349168 0.999993
v -11.695834 0.854609 0.999992
v -9.000335 1.615335 0.999994
v -8.497500 -1.162590 0.999995
v -9.326925 1.776311 0.999994
v -9.499626 -1.832446 0.999994
v -8.303272 -0.854641 0.999995
v -11.836451 0.483240 0.999992
v -11.405299 -1.277355 0.999993
v -11.648774 0.942210 0.999992
v -9.990930 -1.899407 0.999994
v -8.836972 1.502045 0.999994
v -8.957835 -1.588267 0.999994
v -11.449017 -1.227527 0.999993
v -8.627254 -1.313214 0.999994
v -8.550083 1.227505 0.999994
v -11.348707 1.336959 0.999993
v -11.289009 -1.395430 0.999993
v -11.522117 1.136520 0.999993
v -9.028392 1.633025 0.999994
v -8.746547 -1.428269 0.999994
v -11.891522 -0.174208 0.999992
v -10.370551 1.863403 0.999993
v -8.185117 0.563739 0.999995
v -10.024085 -1.899839 0.999994
v -8.722202 -1.405756 0.999994
v -8.467985 1.123401 0.999994
v -11.587810 -1.041716 0.999993
v -8.797519 -1.470673 0.999994
v -8.139880 -0.386465 0.999995
v -10.189512 -1.889899 0.999994
v -8.223232 -0.672650 0.999995
v -10.854170 -1.696317 0.999993
v -11.831987 -0.499943 0.999992
v -9.310811 -1.770181 0.999994
v -11.840992 -0.468039 0.999992
v -8.295654 0.840637 0.999995
v -11.013699 1.606678 0.999993
v -9.341618 -1.782473 0.999994
v -11.872149 0.321406 0.999992
v -8.234702 -0.703754 0.999995
v -9.484141 1.828736 0.999994
v -10.883917 -1.681666 0.999993
v -11.808636 0.578728 0.999992
v -11.855629 -0.403361 0.999992
v -9.404404 -1.803785 0.999994
v -9.265350 1.751757 0.999994
v -10.928221 1.657553 0.999993
v -11.862957 -0.371023 0.999992
v -8.253990 0.750311 0.999995
v -9.435798 -1.814438 0.999994
v -11.657101 -0.928692 0.999993
v -11.394986 1.289447 0.999993
v -8.571291 1.252995 0.999994
v -8.902702 -1.551404 0.999994
v -10.998754 -1.615370 0.999993
v -11.868576 -0.338352 0.999992
v -11.859226 0.386431 0.999992
v -11.149526 1.511711 0.999993
v -11.264065 -1.417292 0.999993
v -11.887616 -0.207147 0.999992
v -11.896785 0.090853 0.999992
v -11.068819 1.569825 0.999993
v -9.516286 1.836892 0.999994
v -8.311102 0.869976 0.999995
v -11.881651 0.255790 0.999992
v -9.219108 -1.731690 0.999994
v -8.206457 0.626535 0.999995
v -8.273937 -0.795156 0.999995
v -9.249229 -1.745591 0.999994
v -11.852753 0.418970 0.999992
v -11.096392 1.551400 0.999993
v -8.112695 -0.222994 0.999995
v -8.448133 1.096835 0.999994
v -11.745104 -0.750341 0.999992
v -10.869534 1.688439 0.999993
v -8.411278 1.041701 0.999995
v -11.757391 -0.719552 0.999992
v -11.416842 1.264516 0.999993
v -8.593801 1.277341 0.999994
v -11.481082 1.188604 0.999993
v -8.662582 1.349162 0.999994
v -8.100160 0.008586 0.999995
v -11.276897 1.405735 0.999993
v -9.042386 -1.640605 0.999994
v -8.103211 0.108007 0.999995
v -10.305202 1.874645 0.999993
v -11.541246 1.109441 0.999993
v -10.206669 1.888072 0.999993
v -11.731218 -0.780456 0.999993
v -10.107559 1.896321 0.999993
v -10.288162 -1.877380 0.999993
v -8.106633 -0.156880 0.999995
v -10.041327 1.898936 0.999993
v -8.122197 -0.288598 0.999995
v -9.908751 1.897225 0.999994
v -9.842604 1.892903 0.999994
v -10.546625 -1.818929 0.999993
v -8.735017 1.417286 0.999994
v -11.531116 -1.123414 0.999993
v -8.158108 0.468008 0.999995
v -11.703446 -0.840668 0.999993
v -8.985401 -1.606698 0.999994
v -10.657489 1.782421 0.999993
v -11.764398 0.703722 0.999992
v -9.115190 1.681614 0.999994
v -10.514953 -1.828761 0.999993
v -10.386018 -1.859693 0.999993
v -8.229409 0.688722 0.999995
v -8.823008 -1.491878 0.999994
v -11.360262 -1.326038 0.999993
v -8.392862 1.014140 0.999995
v -10.840199 1.703882 0.999993
v -11.828293 0.515390 0.999992
v -9.678127 1.872589 0.999994
v -10.320985 -1.872635 0.999993
v -9.100225 -1.673000 0.999994
v -10.499480 1.832423 0.999993
v -11.597197 1.027228 0.999993
v -9.891529 -1.896360 0.999994
v -11.201563 1.470663 0.999993
v -10.482815 -1.836915 0.999993
v -9.710938 1.877342 0.999994
v -10.672162 -1.776330 0.999993
v -8.162650 -0.483271 0.999995
v -10.090342 -1.897253 0.999994
v -8.102322 -0.090884 0.999995
v -8.849581 -1.511722 0.999994
v -11.623200 -0.985665 0.999993
v -11.687985 -0.870008 0.999993
v -8.124898 0.305637 0.999995
v -12.494205 0.163046 0.999992
v -12.482256 0.293382 0.999992
v -12.463483 0.422914 0.999992
v -12.437983 0.551288 0.000000
v -12.437983 0.551288 0.999992
v -12.405789 0.678156 0.000000
v -12.405789 0.678156 0.999992
v -12.367002 0.803157 0.000000
v -12.367002 0.803157 0.999992
v -12.321722 0.925961 0.999992
v -12.321722 0.925961 0.000000
v -12.270078 1.046226 0.000000
v -12.270078 1.046226 0.999992
v -12.212209 1.163622 0.000000
v -12.212209 1.163622 0.999992
v -12.148283 1.277830 0.000000
v -12.148283 1.277830 0.999992
v -12.078460 1.388534 0.000000
v -12.078460 1.388534 0.999992
v -12.002925 1.495433 0.000000
v -12.002925 1.495433 0.999992
v -11.921928 1.598235 0.000000
v -11.921928 1.598235 0.999992
v -11.835645 1.696653 0.000000
v -11.835645 1.696653 0.999992
v -11.744335 1.790422 0.000000
v -11.744335 1.790422 0.999992
v -11.648229 1.879285 0.000000
v -11.648229 1.879285 0.999992
v -11.547624 1.962997 0.000000
v -11.547624 1.962997 0.999993
v -11.442760 2.041327 0.999993
v -11.442760 2.041327 0.000001
v -11.333949 2.114060 0.999993
v -11.333949 2.114060 0.000001
v -11.221480 2.181000 0.999993
v -11.221480 2.181000 0.000001
v -11.105657 2.241959 0.000001
v -11.105657 2.241959 0.999993
v -10.986811 2.296779 0.000001
v -10.986811 2.296779 0.999993
v -10.865252 2.345301 0.000001
v -10.865252 2.345301 0.999993
v -10.741325 2.387396 0.999993
v -10.741325 2.387396 0.000001
v -10.615364 2.422943 0.000001
v -10.615364 2.422943 0.999993
v -10.487707 2.451856 0.999993
v -10.487707 2.451856 0.000001
v -10.358712 2.474044 0.000001
v -10.358712 2.474044 0.999993
v -10.228742 2.489452 0.000001
v -10.228742 2.489452 0.999993
v -10.098148 2.498030 0.000001
v -10.098148 2.498037 0.999993
v -9.967276 2.499774 0.999993
v -9.967276 2.499767 0.000001
v -9.836493 2.494654 0.000001
v -9.836493 2.494654 0.999994
v -9.706154 2.482706 0.999994
v -9.706154 2.482699 0.000002
v -9.576620 2.463942 0.000002
v -9.576620 2.463949 0.999994
v -9.448248 2.438437 0.000002
v -9.448248 2.438437 0.999994
v -9.321379 2.406242 0.000002
v -9.321379 2.406242 0.999994
v -9.196381 2.367452 0.000002
v -9.196381 2.367452 0.999994
v -9.073568 2.322168 0.000002
v -9.073568 2.322168 0.999994
v -8.953305 2.270527 0.999994
v -8.953305 2.270527 0.000002
v -8.835918 2.212659 0.000002
v -8.835918 2.212659 0.999994
v -8.721712 2.148728 0.000002
v -8.721712 2.148728 0.999994
v -8.611005 2.078903 0.999994
v -8.611005 2.078903 0.000002
v -8.504102 2.003386 0.000002
v -8.504102 2.003386 0.999994
v -8.401304 1.922376 0.999994
v -8.401304 1.922376 0.000002
v -8.302884 1.836098 0.000002
v -8.302884 1.836098 0.999995
v -8.209110 1.744784 0.000002
v -8.209110 1.744784 0.999995
v -8.120259 1.648689 0.000003
v -8.120259 1.648689 0.999995
v -8.036537 1.548073 0.999995
v -8.036537 1.548073 0.000003
v -7.958211 1.443215 0.000003
v -7.958211 1.443215 0.999995
v -7.885486 1.334404 0.000003
v -7.885486 1.334404 0.999995
v -7.818545 1.221933 0.999995
v -7.818545 1.221933 0.000003
v -7.757587 1.106112 0.000003
v -7.757587 1.106112 0.999995
v -7.702770 0.987262 0.999995
v -7.702770 0.987262 0.000003
v -7.654244 0.865704 0.000003
v -7.654244 0.865704 0.999995
v -7.612144 0.741774 0.999995
v -7.612144 0.741774 0.000003
v -7.576602 0.615810 0.000003
v -7.576602 0.615810 0.999995
v -7.547692 0.488156 0.999995
v -7.525504 0.359169 0.999995
v -7.510098 0.229198 0.999995
v -7.501504 0.098589 0.999995
v -7.499778 -0.032283 0.999995
v -7.504896 -0.163066 0.999995
v -7.516844 -0.293402 0.999995
v -7.535604 -0.422934 0.999995
v -7.561112 -0.551309 0.000003
v -7.561112 -0.551309 0.999995
v -7.593305 -0.678176 0.000003
v -7.593305 -0.678176 0.999995
v -7.632098 -0.803177 0.000003
v -7.632098 -0.803177 0.999995
v -7.677378 -0.925981 0.000003
v -7.677378 -0.925981 0.999995
v -7.729016 -1.046246 0.000003
v -7.729016 -1.046246 0.999995
v -7.786891 -1.163642 0.000003
v -7.786891 -1.163642 0.999995
v -7.850823 -1.277850 0.000003
v -7.850823 -1.277844 0.999995
v -7.920647 -1.388553 0.000003
v -7.920647 -1.388553 0.999995
v -7.996163 -1.495453 0.000003
v -7.996163 -1.495453 0.999995
v -8.077171 -1.598234 0.999995
v -8.077171 -1.598234 0.000003
v -8.163443 -1.696645 0.000003
v -8.163443 -1.696645 0.999995
v -8.254753 -1.790421 0.999995
v -8.254753 -1.790421 0.000003
v -8.350859 -1.879292 0.000003
v -8.350859 -1.879292 0.999995
v -8.451465 -1.962987 0.000002
v -8.451465 -1.962987 0.999995
v -8.556327 -2.041311 0.999995
v -8.556327 -2.041311 0.000002
v -8.665138 -2.114066 0.000002
v -8.665138 -2.114066 0.999994
v -8.777607 -2.180985 0.000002
v -8.777607 -2.180985 0.999994
v -8.893431 -2.241944 0.999994
v -8.893437 -2.242016 0.000002
v -9.012283 -2.296821 0.000002
v -9.012283 -2.296821 0.999994
v -9.133842 -2.345350 0.000002
v -9.133842 -2.345350 0.999994
v -9.257762 -2.387409 0.000002
v -9.257762 -2.387409 0.999994
v -9.383723 -2.422949 0.000002
v -9.383723 -2.422949 0.999994
v -9.511386 -2.451847 0.999994
v -9.511386 -2.451847 0.000002
v -9.640369 -2.474058 0.000002
v -9.640369 -2.474058 0.999994
v -9.770351 -2.489458 0.000002
v -9.770351 -2.489458 0.999994
v -9.900958 -2.498071 0.000002
v -9.900958 -2.498071 0.999994
v -10.031824 -2.499778 0.000002
v -10.031824 -2.499778 0.999994
v -10.162612 -2.494675 0.000001
v -10.162612 -2.494675 0.999994
v -10.292946 -2.482711 0.000001
v -10.292946 -2.482711 0.999993
v -10.422486 -2.463983 0.000001
v -10.422486 -2.463983 0.999993
v -10.550846 -2.438443 0.000001
v -10.550846 -2.438443 0.999993
v -10.677703 -2.406256 0.000001
v -10.677703 -2.406256 0.999993
v -10.802713 -2.367443 0.999993
v -10.802713 -2.367443 0.000001
v -10.925520 -2.322174 0.000001
v -10.925520 -2.322174 0.999993
v -11.045783 -2.270540 0.000001
v -11.045783 -2.270540 0.999993
v -11.163175 -2.212709 0.000001
v -11.163175 -2.212709 0.999993
v -11.277382 -2.148770 0.000001
v -11.277382 -2.148770 0.999993
v -11.388083 -2.078888 0.999993
v -11.388088 -2.078960 0.000001
v -11.494987 -2.003371 0.000001
v -11.494987 -2.003371 0.999993
v -11.597784 -1.922382 0.999993
v -11.597784 -1.922382 0.000001
v -11.696203 -1.836082 0.000001
v -11.696203 -1.836082 0.999993
v -11.789978 -1.744775 0.000000
v -11.789978 -1.744775 0.999993
v -11.878829 -1.648696 0.000000
v -11.878829 -1.648696 0.999992
v -11.962551 -1.548072 0.999992
v -11.962551 -1.548072 0.000000
v -12.040877 -1.443207 0.000000
v -12.040877 -1.443207 0.999992
v -12.113614 -1.334403 0.000000
v -12.113614 -1.334403 0.999992
v -12.180543 -1.221953 0.999992
v -12.180543 -1.221953 0.000000
v -12.241519 -1.106131 0.000000
v -12.241519 -1.106131 0.999992
v -12.296336 -0.987282 0.000000
v -12.296336 -0.987275 0.999992
v -12.344855 -0.865724 0.999992
v -12.344855 -0.865724 0.000000
v -12.386950 -0.741794 0.000000
v -12.386950 -0.741794 0.999992
v -12.422498 -0.615829 0.000000
v -12.422498 -0.615829 0.999992
v -12.451408 -0.488176 0.999992
v -12.473591 -0.359183 0.999992
v -12.488997 -0.229211 0.999992
v -12.497572 -0.098610 0.999992
v -12.499322 0.032263 0.999992
v -11.895489 0.123906 2.999975
v -11.886399 0.222961 2.999975
v -11.872149 0.321406 2.999975
v -11.852753 0.418970 2.999975
v -11.828293 0.515390 2.999975
v -11.798807 0.610390 2.999975
v -11.764398 0.703721 2.999975
v -11.725150 0.795123 2.999975
v -11.681179 0.884344 2.999975
v -11.632586 0.971142 2.999975
v -11.579519 1.055276 2.999975
v -11.522117 1.136520 2.999975
v -11.460559 1.214650 2.999975
v -11.394986 1.289447 2.999975
v -11.325586 1.360712 2.999975
v -11.252553 1.428247 2.999975
v -11.176074 1.491867 2.999976
v -11.096392 1.551400 2.999976
v -11.013699 1.606677 2.999976
v -10.928221 1.657552 2.999976
v -10.840199 1.703882 2.999976
v -10.749865 1.745544 2.999976
v -10.657489 1.782421 2.999976
v -10.563296 1.814412 2.999976
v -10.467566 1.841427 2.999976
v -10.370551 1.863402 2.999976
v -10.272520 1.880265 2.999976
v -10.173743 1.891975 2.999976
v -10.074488 1.898499 2.999976
v -9.975015 1.899819 2.999976
v -9.875627 1.895929 2.999976
v -9.776571 1.886848 2.999976
v -9.678127 1.872592 2.999976
v -9.580568 1.853204 2.999977
v -9.484141 1.828735 2.999977
v -9.389143 1.799255 2.999977
v -9.295817 1.764839 2.999977
v -9.204411 1.725593 2.999977
v -9.115190 1.681613 2.999977
v -9.028392 1.633025 2.999977
v -8.944263 1.579959 2.999977
v -8.863012 1.522566 2.999977
v -8.784886 1.460997 2.999977
v -8.710085 1.395426 2.999977
v -8.638820 1.326027 2.999977
v -8.571291 1.252995 2.999977
v -8.507668 1.176527 2.999977
v -8.448133 1.096834 2.999977
v -8.392862 1.014139 2.999977
v -8.341993 0.928660 2.999977
v -8.295654 0.840636 2.999977
v -8.253990 0.750310 2.999977
v -8.217122 0.657926 2.999977
v -8.185117 0.563739 2.999977
v -8.158108 0.468007 2.999977
v -8.136126 0.370989 2.999977
v -8.119266 0.272959 2.999977
v -8.107572 0.174182 2.999977
v -8.101044 0.074918 2.999978
v -8.099724 -0.024544 2.999978
v -8.103600 -0.123939 2.999978
v -8.112695 -0.222995 2.999978
v -8.126957 -0.321439 2.999978
v -8.146341 -0.419003 2.999977
v -8.170801 -0.515423 2.999977
v -8.200274 -0.610424 2.999977
v -8.234702 -0.703754 2.999977
v -8.273937 -0.795156 2.999977
v -8.317927 -0.884377 2.999977
v -8.366508 -0.971170 2.999977
v -8.419580 -1.055309 2.999977
v -8.476977 -1.136552 2.999977
v -8.538541 -1.214666 2.999977
v -8.604108 -1.289459 2.999977
v -8.673513 -1.360728 2.999977
v -8.746547 -1.428270 2.999977
v -8.823008 -1.491879 2.999977
v -8.902702 -1.551405 2.999977
v -8.985401 -1.606699 2.999977
v -9.070879 -1.657557 2.999977
v -9.158907 -1.703885 2.999977
v -9.249229 -1.745592 2.999977
v -9.341618 -1.782474 2.999977
v -9.435798 -1.814438 2.999977
v -9.531534 -1.841449 2.999977
v -9.628549 -1.863412 2.999977
v -9.726574 -1.880291 2.999977
v -9.825369 -1.891995 2.999977
v -9.924624 -1.898542 2.999976
v -10.024085 -1.899840 2.999976
v -10.123480 -1.895962 2.999976
v -10.222528 -1.886869 2.999976
v -10.320985 -1.872635 2.999976
v -10.418544 -1.853224 2.999976
v -10.514953 -1.828761 2.999976
v -10.609957 -1.799265 2.999976
v -10.703283 -1.764861 2.999976
v -10.794683 -1.725619 2.999976
v -10.883917 -1.681666 2.999976
v -10.970702 -1.633073 2.999976
v -11.054842 -1.579963 2.999976
v -11.136087 -1.522570 2.999976
v -11.214213 -1.461019 2.999976
v -11.289009 -1.395431 2.999976
v -11.360262 -1.326039 2.999976
v -11.427809 -1.253017 2.999975
v -11.491431 -1.176543 2.999975
v -11.550961 -1.096846 2.999975
v -11.606237 -1.014155 2.999975
v -11.657101 -0.928692 2.999975
v -11.703446 -0.840669 2.999975
v -11.745104 -0.750338 2.999975
v -11.781984 -0.657959 2.999975
v -11.813972 -0.563772 2.999975
v -11.840992 -0.468040 2.999975
v -11.862957 -0.371023 2.999975
v -11.879828 -0.272987 2.999975
v -11.891522 -0.174209 2.999975
v -11.898056 -0.074952 2.999975
v -11.899370 0.024510 2.999975
v -2.494658 0.163046 0.500000
v -2.488683 0.228214 0.500000
v -0.357959 -0.499997 0.000001
v 0.000000 -0.477030 0.000002
v -0.142070 -0.499997 0.000001
v -0.784533 -0.499997 0.000001
v -0.611230 -0.499997 0.000001
v -1.073840 -0.499997 0.000001
v -1.204532 -0.499997 0.000001
v -2.413769 -0.499997 0.000000
v -1.616814 -0.499997 0.000001
v -2.409920 -0.499997 0.000000
v -1.528659 -0.499997 0.000001
v 0.000000 0.135926 0.000001
v -1.291810 0.500003 0.000001
v -1.974427 -0.499997 0.000000
v -2.020272 -0.499997 0.000000
v -2.493737 -0.163911 0.500000
v -2.498024 -0.098610 0.500000
v -2.497216 0.097654 0.500000
v -2.481746 -0.294197 0.500000
v 0.000000 0.205365 0.000001
v -0.949493 0.500003 0.000001
v -2.451861 -0.488176 0.500000
v -2.498900 -0.033173 0.500000
v -2.482709 0.293382 0.500000
v 0.000000 0.271491 0.000001
v -0.810801 0.500003 0.000001
v -2.448623 0.500003 0.000000
v -2.489450 -0.229211 0.500000
v 0.000000 -0.000010 0.000001
v -1.774128 0.500003 0.000000
v -2.473323 0.358148 0.500000
v -2.449184 -0.499997 0.092595
v -2.449184 -0.499997 0.000000
v -2.462952 -0.423679 0.500000
v -2.499775 0.032263 0.500000
v -2.463936 0.422914 0.500000
v 0.000000 -0.341674 0.000002
v 0.000000 -0.406331 0.000002
v 0.000000 -0.271511 0.000002
v -2.448623 0.500003 0.399492
v -2.451186 0.487100 0.500000
v -2.474043 -0.359186 0.500000
v 0.000000 -0.205386 0.000002
v -2.273166 0.500003 0.000000
v 0.000000 -0.135948 0.000001
v -2.256468 0.500003 0.000000
v 0.000000 -0.068530 0.000001
v -1.832134 0.500003 0.000000
v 0.000000 0.068509 0.000001
v -1.390521 0.500003 0.000001
v 0.000000 0.341655 0.000001
v -0.510289 0.500003 0.000001
v 0.000000 0.406311 0.000001
v -0.332437 0.500003 0.000001
v 0.000000 0.477008 0.000001
v -0.074101 0.500003 0.000001
v -2.449184 -0.499997 0.500000
v -2.473459 -0.362582 0.500000
v -2.448623 0.500003 0.500000
v 0.000000 -0.499997 0.000002
v -2.449184 -0.499997 0.363934
v 0.000000 0.000005 0.000001
v -2.448623 0.500003 0.363965
v 0.000000 0.500003 0.000001
v -1.113601 -1.538768 0.999993
v -1.375849 1.309564 0.999993
v 1.803614 -0.596386 0.999995
v 1.614200 1.001511 0.999995
v 1.143202 -1.516777 0.999994
v 0.756912 1.742008 0.999994
v -0.103761 -1.896748 0.999994
v -0.544328 1.819894 0.999993
v -0.087737 -1.897373 0.999994
v -0.432701 1.849429 0.999993
v -0.497699 -1.833255 0.999993
v -0.912499 1.666066 0.999993
v 1.269835 -1.412704 0.999994
v 0.990552 1.620792 0.999994
v -0.480603 -1.837592 0.999993
v -0.808042 1.718924 0.999993
v 0.417174 -1.852959 0.999994
v -0.027602 1.899125 0.999993
v 1.728449 -0.788515 0.999995
v 1.496190 1.170749 0.999994
v 1.159649 -1.504489 0.999994
v 0.865451 1.690931 0.999994
v 1.748240 -0.742415 0.999995
v 1.583297 1.049128 0.999995
v -0.366778 -1.863613 0.999993
v -0.792315 1.726176 0.999993
v 1.555174 -1.090399 0.999995
v 1.257148 1.423748 0.999994
v -1.813558 -0.566333 0.999992
v -1.886470 0.225616 0.999992
v 1.573656 -1.064248 0.999995
v 1.352879 1.333668 0.999994
v 1.645115 -0.949587 0.999995
v 1.377508 1.307872 0.999994
v 0.304027 -1.874946 0.999994
v -0.043438 1.898914 0.999993
v 0.808042 -1.718957 0.999994
v 0.480597 1.837568 0.999994
v -1.234433 -1.443683 0.999993
v -1.477278 1.194004 0.999993
v -1.614194 -1.001548 0.999993
v -1.803614 0.596362 0.999992
v -1.257154 -1.423763 0.999993
v -1.555174 1.090379 0.999993
v 0.288470 -1.877622 0.999994
v -0.158499 1.893007 0.999993
v -1.583291 -1.049158 0.999993
v -1.748240 0.742414 0.999992
v 0.559892 -1.815526 0.999994
v 0.218985 1.887211 0.999994
v 1.045691 -1.585606 0.999994
v 0.738593 1.749869 0.999994
v 0.544341 -1.819916 0.999994
v 0.103761 1.896718 0.999994
v 0.158493 -1.893029 0.999994
v -0.288476 1.877600 0.999993
v 0.174184 -1.891994 0.999994
v -0.174196 1.891976 0.999993
v 0.432695 -1.849443 0.999994
v 0.087743 1.897345 0.999994
v 1.459564 -1.216310 0.999995
v 1.134760 1.523826 0.999994
v 1.477278 -1.194019 0.999995
v 1.234439 1.443663 0.999994
v -0.738600 -1.749895 0.999993
v -1.045679 1.585600 0.999993
v 1.375855 -1.309566 0.999994
v 1.113607 1.538760 0.999994
v 1.358577 -1.327301 0.999994
v 1.010621 1.608133 0.999994
v 1.253109 -1.428179 0.999994
v 0.884466 1.681547 0.999994
v 0.912493 -1.666070 0.999994
v 0.497692 1.833230 0.999994
v 0.928414 -1.657688 0.999994
v 0.610137 1.799337 0.999994
v 1.029588 -1.596371 0.999994
v 0.627826 1.792829 0.999994
v -0.884454 -1.681610 0.999993
v -1.253103 1.428160 0.999993
v -1.010615 -1.608178 0.999993
v -1.358565 1.327297 0.999993
v 0.685084 -1.771632 0.999994
v 0.350094 1.866893 0.999994
v -1.134748 -1.523833 0.999993
v -1.459564 1.216300 0.999993
v -0.350082 -1.866934 0.999993
v -0.685084 1.771588 0.999993
v -0.235324 -1.885084 0.999993
v -0.669515 1.777802 0.999993
v -0.756900 -1.742036 0.999993
v -1.143196 1.516779 0.999993
v -0.865445 -1.690985 0.999993
v -1.159643 1.504488 0.999993
v -0.990546 -1.620837 0.999993
v -1.269829 1.412688 0.999993
v -0.627820 -1.792843 0.999993
v -1.029582 1.596362 0.999993
v -0.610143 -1.799347 0.999993
v -0.928420 1.657685 0.999993
v -0.218991 -1.887234 0.999994
v -0.559892 1.815503 0.999993
v 0.027596 -1.899160 0.999994
v -0.417168 1.852946 0.999993
v 0.792309 -1.726206 0.999994
v 0.366790 1.863575 0.999994
v -1.377514 -1.307885 0.999993
v -1.645115 0.949574 0.999992
v 1.886476 -0.225590 0.999995
v 1.813576 0.566223 0.999995
v -1.352885 -1.333679 0.999993
v -1.573632 1.064227 0.999993
v -1.469096 -1.203932 0.999993
v -1.664221 0.915432 0.999992
v -1.496190 -1.170781 0.999993
v -1.728443 0.788519 0.999992
v -1.734269 -0.774821 0.999993
v -1.867346 0.347839 0.999992
v -1.696547 -0.854633 0.999993
v -1.824071 0.530454 0.999992
v 0.669521 -1.777846 0.999994
v 0.235318 1.885057 0.999994
v 0.043432 -1.898952 0.999994
v -0.304015 1.874927 0.999993
v 1.867352 -0.347830 0.999995
v 1.734275 0.774756 0.999995
v 1.664227 -0.915439 0.999995
v 1.469108 1.203903 0.999994
v 1.824071 -0.530472 0.999995
v 1.696559 0.854582 0.999995
v 1.880281 0.272960 0.999995
v -0.074941 1.898496 0.999993
v -1.782437 -0.657958 0.999992
v 0.468013 -1.841448 0.999994
v -1.461012 1.214651 0.999993
v 1.055283 1.579960 0.999994
v 1.681620 -0.884376 0.999995
v -0.703736 -1.764860 0.999993
v -1.579973 1.055277 0.999993
v 1.214661 1.460998 0.999994
v 1.326033 -1.360727 0.999994
v -1.491884 -1.176542 0.999993
v 1.898503 0.074919 0.999995
v -0.272973 1.880266 0.999993
v -0.123933 -1.895961 0.999994
v -1.880281 -0.272990 0.999992
v 1.782425 0.657927 0.999995
v -0.468019 1.841428 0.999993
v 0.074923 -1.898541 0.999994
v -1.055295 -1.579998 0.999993
v -1.681632 0.884345 0.999992
v 1.461006 -1.214666 0.999995
v 0.703730 1.764840 0.999994
v 1.872590 -0.321439 0.999995
v -1.898509 -0.074952 0.999992
v 0.123920 1.895930 0.999994
v 0.272973 -1.880291 0.999994
v -1.214667 -1.461018 0.999993
v -1.326039 1.360713 0.999993
v 1.579967 -1.055308 0.999995
v 1.491878 1.176527 0.999994
v 1.828746 -0.515422 0.999995
v -1.895942 0.123907 0.999992
v 1.895948 -0.123939 0.999995
v -1.606691 -1.014154 0.999993
v 1.360727 1.326028 0.999994
v 0.840640 -1.703921 0.999994
v -1.176527 1.491868 0.999993
v 0.942215 1.649221 0.999994
v 1.738690 -0.764682 0.999995
v 1.541700 -1.109472 0.999995
v 0.578732 1.809084 0.999994
v -0.942221 -1.649271 0.999993
v -0.780433 1.731656 0.999993
v -1.889880 0.190020 0.999992
v 0.386465 1.859668 0.999994
v 1.809089 -0.578749 0.999995
v -0.764664 -1.738699 0.999993
v 0.207109 -1.888093 0.999994
v 1.649233 -0.942245 0.999995
v -0.985659 1.623635 0.999993
v -1.803766 -0.595161 0.999992
v 0.435675 -1.848769 0.999994
v -1.738690 0.764658 0.999992
v 1.623647 0.985643 0.999995
v 1.848755 0.435675 0.999995
v -1.899387 -0.008668 0.999992
v -0.626548 1.793086 0.999993
v 1.717779 0.810525 0.999995
v -1.109465 -1.541699 0.999993
v 1.853206 -0.419002 0.999995
v 1.136534 1.522566 0.999994
v -1.899823 0.024511 0.999992
v 0.222976 1.886845 0.999994
v 1.799272 -0.610423 0.999995
v -0.795137 -1.725619 0.999993
v 0.174178 -1.891994 0.999994
v -1.633040 0.971143 0.999992
v 1.395439 -1.289458 0.999994
v -0.610410 -1.799264 0.999993
v -1.428262 -1.253016 0.999993
v -0.563749 1.814413 0.999993
v 1.863422 0.370990 0.999995
v -1.886852 0.222962 0.999992
v 0.418979 1.853204 0.999994
v 0.024532 1.899815 0.999994
v -0.971156 -1.633072 0.999993
v 1.891975 0.174179 0.999995
v -1.253006 1.428248 0.999993
v 1.522569 -1.136551 0.999995
v -1.814424 -0.563771 0.999992
v 1.289456 1.395426 0.999994
v 0.370998 -1.863411 0.999994
v -1.725603 0.795124 0.999992
v 0.610404 1.799256 0.999994
v 1.657554 0.928661 0.999995
v -0.750324 1.745545 0.999993
v -1.551413 -1.096846 0.999993
v 0.928668 -1.657556 0.999994
v -0.418997 -1.853223 0.999993
v -1.136540 -1.522570 0.999993
v -1.799260 0.610391 0.999992
v 1.633040 -0.971173 0.999995
v -0.174196 1.891976 0.999993
v 0.795137 1.725593 0.999994
v -0.222982 -1.886868 0.999994
v 1.899823 -0.024543 0.999995
v -0.688730 1.770127 0.999993
v 1.597656 -1.027258 0.999995
v 1.832422 0.499924 0.999995
v -1.894161 -0.141107 0.999992
v 0.305644 -1.874664 0.999994
v -1.162580 -1.502054 0.999993
v -1.787784 0.641501 0.999992
v 0.854611 1.696272 0.999994
v 1.109447 1.541698 0.999994
v 1.417283 -1.264529 0.999995
v 1.884175 0.240024 0.999995
v -0.435669 1.848752 0.999993
v -1.336976 -1.349168 0.999993
v -1.696287 0.854609 0.999992
v 0.999212 1.615335 0.999994
v 1.502046 -1.162590 0.999995
v 0.672621 1.776311 0.999994
v 0.499921 -1.832446 0.999994
v 1.696275 -0.854641 0.999995
v -1.836903 0.483240 0.999992
v -1.405752 -1.277355 0.999993
v -1.649227 0.942210 0.999992
v 0.008617 -1.899407 0.999994
v 1.162574 1.502045 0.999994
v 1.041712 -1.588267 0.999994
v -1.449469 -1.227527 0.999993
v 1.372294 -1.313214 0.999994
v 1.449463 1.227505 0.999994
v -1.349161 1.336959 0.999993
v -1.289462 -1.395430 0.999993
v -1.522569 1.136520 0.999993
v 0.971150 1.633025 0.999994
v 1.253000 -1.428269 0.999994
v -1.891975 -0.174208 0.999992
v -0.371004 1.863403 0.999993
v 1.814430 0.563739 0.999995
v -0.024538 -1.899839 0.999994
v 1.277344 -1.405756 0.999994
v 1.531562 1.123401 0.999994
v -1.588263 -1.041716 0.999993
v 1.202028 -1.470673 0.999994
v 1.859667 -0.386465 0.999995
v -0.189965 -1.889899 0.999994
v 1.776315 -0.672650 0.999995
v -0.854623 -1.696317 0.999993
v -1.832440 -0.499943 0.999992
v 0.688736 -1.770181 0.999994
v -1.841445 -0.468039 0.999992
v 1.703893 0.840637 0.999995
v -1.014152 1.606678 0.999993
v 0.657930 -1.782473 0.999994
v -1.872602 0.321406 0.999992
v 1.764845 -0.703754 0.999995
v 0.515406 1.828736 0.999994
v -0.884369 -1.681666 0.999993
v -1.809089 0.578728 0.999992
v -1.856082 -0.403361 0.999992
v 0.595143 -1.803785 0.999994
v 0.734197 1.751757 0.999994
v -0.928674 1.657553 0.999993
v -1.863410 -0.371023 0.999992
v 1.745557 0.750311 0.999995
v 0.563749 -1.814438 0.999994
v -1.657554 -0.928692 0.999993
v -1.395439 1.289447 0.999993
v 1.428256 1.252995 0.999994
v 1.096844 -1.551404 0.999994
v -0.999206 -1.615370 0.999993
v -1.869030 -0.338352 0.999992
v -1.859679 0.386431 0.999992
v -1.149978 1.511711 0.999993
v -1.264518 -1.417292 0.999993
v -1.888069 -0.207147 0.999992
v -1.897238 0.090853 0.999992
v -1.069272 1.569825 0.999993
v 0.483261 1.836892 0.999994
v 1.688445 0.869976 0.999995
v -1.882104 0.255790 0.999992
v 0.780439 -1.731690 0.999994
v 1.793089 0.626535 0.999995
v 1.725609 -0.795156 0.999995
v 0.750318 -1.745591 0.999994
v -1.853206 0.418970 0.999992
v -1.096850 1.551400 0.999993
v 1.886852 -0.222994 0.999995
v 1.551413 1.096835 0.999994
v -1.745557 -0.750341 0.999992
v -0.869987 1.688439 0.999993
v 1.588269 1.041701 0.999995
v -1.757844 -0.719552 0.999992
v -1.417295 1.264516 0.999993
v 1.405746 1.277341 0.999994
v -1.481535 1.188604 0.999993
v 1.336964 1.349162 0.999994
v 1.899387 0.008586 0.999995
v -1.277351 1.405735 0.999993
v 0.957161 -1.640605 0.999994
v 1.896335 0.108007 0.999995
v -0.305656 1.874645 0.999993
v -1.541700 1.109441 0.999993
v -0.207122 1.888072 0.999993
v -1.731671 -0.780456 0.999993
v -0.108012 1.896321 0.999993
v -0.288615 -1.877380 0.999993
v 1.892914 -0.156880 0.999995
v -0.041779 1.898936 0.999993
v 1.877350 -0.288598 0.999995
v 0.090795 1.897225 0.999994
v 0.156943 1.892903 0.999994
v -0.547078 -1.818929 0.999993
v 1.264530 1.417286 0.999994
v -1.531568 -1.123414 0.999993
v 1.841439 0.468008 0.999995
v -1.703899 -0.840668 0.999993
v 1.014146 -1.606698 0.999994
v -0.657942 1.782421 0.999993
v -1.764851 0.703722 0.999992
v 0.884357 1.681614 0.999994
v -0.515406 -1.828761 0.999993
v -0.386471 -1.859693 0.999993
v 1.770138 0.688722 0.999995
v 1.176539 -1.491878 0.999994
v -1.360715 -1.326038 0.999993
v 1.606685 1.014140 0.999995
v -0.840652 1.703882 0.999993
v -1.828746 0.515390 0.999992
v 0.321419 1.872589 0.999994
v -0.321438 -1.872635 0.999993
v 0.899321 -1.673000 0.999994
v -0.499933 1.832423 0.999993
v -1.597650 1.027228 0.999993
v 0.108018 -1.896360 0.999994
v -1.202016 1.470663 0.999993
v -0.483267 -1.836915 0.999993
v 0.288609 1.877342 0.999994
v -0.672615 -1.776330 0.999993
v 1.836897 -0.483271 0.999995
v -0.090795 -1.897253 0.999994
v 1.897225 -0.090884 0.999995
v 1.149966 -1.511722 0.999994
v -1.623653 -0.985665 0.999993
v -1.688439 -0.870008 0.999993
v 1.874649 0.305637 0.999995
v -2.494658 0.163046 0.999992
v -2.482709 0.293382 0.999992
v -2.463936 0.422914 0.999992
v -2.438435 0.551288 0.000000
v -2.438435 0.551288 0.999992
v -2.406242 0.678156 0.000000
v -2.406242 0.678156 0.999992
v -2.367455 0.803157 0.000000
v -2.367455 0.803157 0.999992
v -2.322175 0.925961 0.999992
v -2.322175 0.925961 0.000000
v -2.270531 1.046226 0.000000
v -2.270531 1.046226 0.999992
v -2.212662 1.163622 0.000000
v -2.212662 1.163622 0.999992
v -2.148736 1.277830 0.000000
v -2.148736 1.277830 0.999992
v -2.078912 1.388534 0.000000
v -2.078912 1.388534 0.999992
v -2.003378 1.495433 0.000000
v -2.003378 1.495433 0.999992
v -1.922381 1.598235 0.000000
v -1.922381 1.598235 0.999992
v -1.836098 1.696653 0.000000
v -1.836098 1.696653 0.999992
v -1.744788 1.790422 0.000000
v -1.744788 1.790422 0.999992
v -1.648682 1.879285 0.000000
v -1.648682 1.879285 0.999992
v -1.548077 1.962997 0.000000
v -1.548077 1.962997 0.999993
v -1.443214 2.041327 0.999993
v -1.443214 2.041327 0.000001
v -1.334403 2.114060 0.999993
v -1.334403 2.114060 0.000001
v -1.221934 2.181000 0.999993
v -1.221934 2.181000 0.000001
v -1.106110 2.241959 0.000001
v -1.106110 2.241959 0.999993
v -0.987264 2.296779 0.000001
v -0.987264 2.296779 0.999993
v -0.865705 2.345301 0.000001
v -0.865705 2.345301 0.999993
v -0.741779 2.387396 0.999993
v -0.741779 2.387396 0.000001
v -0.615818 2.422943 0.000001
v -0.615818 2.422943 0.999993
v -0.488161 2.451856 0.999993
v -0.488161 2.451856 0.000001
v -0.359165 2.474044 0.000001
v -0.359165 2.474044 0.999993
v -0.229195 2.489452 0.000001
v -0.229195 2.489452 0.999993
v -0.098601 2.498030 0.000001
v -0.098601 2.498037 0.999993
v 0.032272 2.499774 0.999993
v 0.032272 2.499767 0.000001
v 0.163053 2.494654 0.000001
v 0.163053 2.494654 0.999994
v 0.293393 2.482706 0.999994
v 0.293393 2.482699 0.000002
v 0.422927 2.463942 0.000002
v 0.422927 2.463949 0.999994
v 0.551299 2.438437 0.000002
v 0.551299 2.438437 0.999994
v 0.678168 2.406242 0.000002
v 0.678168 2.406242 0.999994
v 0.803167 2.367452 0.000002
v 0.803167 2.367452 0.999994
v 0.925979 2.322168 0.000002
v 0.925979 2.322168 0.999994
v 1.046242 2.270527 0.999994
v 1.046242 2.270527 0.000002
v 1.163628 2.212659 0.000002
v 1.163628 2.212659 0.999994
v 1.277835 2.148728 0.000002
v 1.277835 2.148728 0.999994
v 1.388542 2.078903 0.999994
v 1.388542 2.078903 0.000002
v 1.495445 2.003386 0.000002
v 1.495445 2.003386 0.999994
v 1.598243 1.922376 0.999994
v 1.598243 1.922376 0.000002
v 1.696662 1.836098 0.000002
v 1.696662 1.836098 0.999995
v 1.790437 1.744784 0.000002
v 1.790437 1.744784 0.999995
v 1.879288 1.648689 0.000003
v 1.879288 1.648689 0.999995
v 1.963010 1.548073 0.999995
v 1.963010 1.548073 0.000003
v 2.041336 1.443215 0.000003
v 2.041336 1.443215 0.999995
v 2.114061 1.334404 0.000003
v 2.114061 1.334404 0.999995
v 2.181002 1.221933 0.999995
v 2.181002 1.221933 0.000003
v 2.241960 1.106112 0.000003
v 2.241960 1.106112 0.999995
v 2.296777 0.987262 0.999995
v 2.296777 0.987262 0.000003
v 2.345303 0.865704 0.000003
v 2.345303 0.865704 0.999995
v 2.387403 0.741774 0.999995
v 2.387403 0.741774 0.000003
v 2.422944 0.615810 0.000003
v 2.422944 0.615810 0.999995
v 2.451855 0.488156 0.999995
v 2.451855 0.488156 0.000003
v 2.474043 0.359169 0.000003
v 2.474043 0.359169 0.999995
v 2.489450 0.229198 0.999995
v 2.489450 0.229191 0.000003
v 2.498043 0.098589 0.000003
v 2.498043 0.098589 0.999995
v 2.499769 -0.032283 0.000003
v 2.499769 -0.032283 0.999995
v 2.494652 -0.163066 0.000003
v 2.494652 -0.163066 0.999995
v 2.482703 -0.293402 0.999995
v 2.482703 -0.293402 0.000003
v 2.463942 -0.422934 0.000003
v 2.463942 -0.422934 0.999995
v 2.438435 -0.551309 0.000003
v 2.438435 -0.551309 0.999995
v 2.406242 -0.678176 0.000003
v 2.406242 -0.678176 0.999995
v 2.367449 -0.803177 0.000003
v 2.367449 -0.803177 0.999995
v 2.322169 -0.925981 0.000003
v 2.322169 -0.925981 0.999995
v 2.270531 -1.046246 0.000003
v 2.270531 -1.046246 0.999995
v 2.212656 -1.163642 0.000003
v 2.212656 -1.163642 0.999995
v 2.148724 -1.277850 0.000003
v 2.148724 -1.277844 0.999995
v 2.078900 -1.388553 0.000003
v 2.078900 -1.388553 0.999995
v 2.003384 -1.495453 0.000003
v 2.003384 -1.495453 0.999995
v 1.922375 -1.598234 0.999995
v 1.922375 -1.598234 0.000003
v 1.836104 -1.696645 0.000003
v 1.836104 -1.696645 0.999995
v 1.744794 -1.790421 0.999995
v 1.744794 -1.790421 0.000003
v 1.648688 -1.879292 0.000003
v 1.648688 -1.879292 0.999995
v 1.548083 -1.962987 0.000002
v 1.548083 -1.962987 0.999995
v 1.443220 -2.041311 0.999995
v 1.443220 -2.041311 0.000002
v 1.334409 -2.114066 0.000002
v 1.334409 -2.114066 0.999994
v 1.221940 -2.180985 0.000002
v 1.221940 -2.180985 0.999994
v 1.106116 -2.241944 0.999994
v 1.106110 -2.242016 0.000002
v 0.987264 -2.296821 0.000002
v 0.987264 -2.296821 0.999994
v 0.865705 -2.345350 0.000002
v 0.865705 -2.345350 0.999994
v 0.741785 -2.387409 0.000002
v 0.741785 -2.387409 0.999994
v 0.615824 -2.422949 0.000002
v 0.615824 -2.422949 0.999994
v 0.488161 -2.451847 0.999994
v 0.488161 -2.451847 0.000002
v 0.359177 -2.474058 0.000002
v 0.359177 -2.474058 0.999994
v 0.229195 -2.489458 0.000002
v 0.229195 -2.489458 0.999994
v 0.098589 -2.498071 0.000002
v 0.098589 -2.498071 0.999994
v -0.032278 -2.499778 0.000002
v -0.032278 -2.499778 0.999994
v -0.163065 -2.494675 0.000001
v -0.163065 -2.494675 0.999994
v -0.293399 -2.482711 0.000001
v -0.293399 -2.482711 0.999993
v -0.422939 -2.463983 0.000001
v -0.422939 -2.463983 0.999993
v -0.551299 -2.438443 0.000001
v -0.551299 -2.438443 0.999993
v -0.678156 -2.406256 0.000001
v -0.678156 -2.406256 0.999993
v -0.803167 -2.367443 0.999993
v -0.803167 -2.367443 0.000001
v -0.925973 -2.322174 0.000001
v -0.925973 -2.322174 0.999993
v -1.046236 -2.270540 0.000001
v -1.046236 -2.270540 0.999993
v -1.163628 -2.212709 0.000001
v -1.163628 -2.212709 0.999993
v -1.277835 -2.148770 0.000001
v -1.277835 -2.148770 0.999993
v -1.388536 -2.078888 0.999993
v -1.388542 -2.078960 0.000001
v -1.495439 -2.003371 0.000001
v -1.495439 -2.003371 0.999993
v -1.598237 -1.922382 0.999993
v -1.598237 -1.922382 0.000001
v -1.696656 -1.836082 0.000001
v -1.696656 -1.836082 0.999993
v -1.790431 -1.744775 0.000000
v -1.790431 -1.744775 0.999993
v -1.879282 -1.648696 0.000000
v -1.879282 -1.648696 0.999992
v -1.963004 -1.548072 0.999992
v -1.963004 -1.548072 0.000000
v -2.041330 -1.443207 0.000000
v -2.041330 -1.443207 0.999992
v -2.114067 -1.334403 0.000000
v -2.114067 -1.334403 0.999992
v -2.180996 -1.221953 0.999992
v -2.180996 -1.221953 0.000000
v -2.241972 -1.106131 0.000000
v -2.241972 -1.106131 0.999992
v -2.296789 -0.987282 0.000000
v -2.296789 -0.987275 0.999992
v -2.345309 -0.865724 0.999992
v -2.345309 -0.865724 0.000000
v -2.387403 -0.741794 0.000000
v -2.387403 -0.741794 0.999992
v -2.422951 -0.615829 0.000000
v -2.422951 -0.615829 0.999992
v -2.451861 -0.488176 0.999992
v -2.474043 -0.359183 0.999992
v -2.489450 -0.229211 0.999992
v -2.498024 -0.098610 0.999992
v -2.499775 0.032263 0.999992
v -1.895942 0.123906 2.999975
v -1.886852 0.222961 2.999975
v -1.872602 0.321406 2.999975
v -1.853206 0.418970 2.999975
v -1.828746 0.515390 2.999975
v -1.799260 0.610390 2.999975
v -1.764851 0.703721 2.999975
v -1.725603 0.795123 2.999975
v -1.681632 0.884344 2.999975
v -1.633040 0.971142 2.999975
v -1.579973 1.055276 2.999975
v -1.522569 1.136520 2.999975
v -1.461012 1.214650 2.999975
v -1.395439 1.289447 2.999975
v -1.326039 1.360712 2.999975
v -1.253006 1.428247 2.999975
v -1.176527 1.491867 2.999976
v -1.096850 1.551400 2.999976
v -1.014152 1.606677 2.999976
v -0.928674 1.657552 2.999976
v -0.840652 1.703882 2.999976
v -0.750324 1.745544 2.999976
v -0.657942 1.782421 2.999976
v -0.563749 1.814412 2.999976
v -0.468019 1.841427 2.999976
v -0.371004 1.863402 2.999976
v -0.272973 1.880265 2.999976
v -0.174196 1.891975 2.999976
v -0.074941 1.898499 2.999976
v 0.024532 1.899819 2.999976
v 0.123920 1.895929 2.999976
v 0.222976 1.886848 2.999976
v 0.321419 1.872592 2.999976
v 0.418979 1.853204 2.999977
v 0.515406 1.828735 2.999977
v 0.610404 1.799255 2.999977
v 0.703730 1.764839 2.999977
v 0.795137 1.725593 2.999977
v 0.884357 1.681613 2.999977
v 0.971150 1.633025 2.999977
v 1.055283 1.579959 2.999977
v 1.136534 1.522566 2.999977
v 1.214661 1.460997 2.999977
v 1.289456 1.395426 2.999977
v 1.360727 1.326027 2.999977
v 1.428256 1.252995 2.999977
v 1.491878 1.176527 2.999977
v 1.551413 1.096834 2.999977
v 1.606685 1.014139 2.999977
v 1.657554 0.928660 2.999977
v 1.703893 0.840636 2.999977
v 1.745557 0.750310 2.999977
v 1.782425 0.657926 2.999977
v 1.814430 0.563739 2.999977
v 1.841439 0.468007 2.999977
v 1.863422 0.370989 2.999977
v 1.880281 0.272959 2.999977
v 1.891975 0.174182 2.999977
v 1.898503 0.074918 2.999978
v 1.899823 -0.024544 2.999978
v 1.895948 -0.123939 2.999978
v 1.886852 -0.222995 2.999978
v 1.872590 -0.321439 2.999978
v 1.853206 -0.419003 2.999977
v 1.828746 -0.515423 2.999977
v 1.799272 -0.610424 2.999977
v 1.764845 -0.703754 2.999977
v 1.725609 -0.795156 2.999977
v 1.681620 -0.884377 2.999977
v 1.633040 -0.971170 2.999977
v 1.579967 -1.055309 2.999977
v 1.522569 -1.136552 2.999977
v 1.461006 -1.214666 2.999977
v 1.395439 -1.289459 2.999977
v 1.326033 -1.360728 2.999977
v 1.253000 -1.428270 2.999977
v 1.176539 -1.491879 2.999977
v 1.096844 -1.551405 2.999977
v 1.014146 -1.606699 2.999977
v 0.928668 -1.657557 2.999977
v 0.840640 -1.703885 2.999977
v 0.750318 -1.745592 2.999977
v 0.657930 -1.782474 2.999977
v 0.563749 -1.814438 2.999977
v 0.468013 -1.841449 2.999977
v 0.370998 -1.863412 2.999977
v 0.272973 -1.880291 2.999977
v 0.174178 -1.891995 2.999977
v 0.074923 -1.898542 2.999976
v -0.024538 -1.899840 2.999976
v -0.123933 -1.895962 2.999976
v -0.222982 -1.886869 2.999976
v -0.321438 -1.872635 2.999976
v -0.418997 -1.853224 2.999976
v -0.515406 -1.828761 2.999976
v -0.610410 -1.799265 2.999976
v -0.703736 -1.764861 2.999976
v -0.795137 -1.725619 2.999976
v -0.884369 -1.681666 2.999976
v -0.971156 -1.633073 2.999976
v -1.055295 -1.579963 2.999976
v -1.136540 -1.522570 2.999976
v -1.214667 -1.461019 2.999976
v -1.289462 -1.395431 2.999976
v -1.360715 -1.326039 2.999976
v -1.428262 -1.253017 2.999975
v -1.491884 -1.176543 2.999975
v -1.551413 -1.096846 2.999975
v -1.606691 -1.014155 2.999975
v -1.657554 -0.928692 2.999975
v -1.703899 -0.840669 2.999975
v -1.745557 -0.750338 2.999975
v -1.782437 -0.657959 2.999975
v -1.814424 -0.563772 2.999975
v -1.841445 -0.468040 2.999975
v -1.863410 -0.371023 2.999975
v -1.880281 -0.272987 2.999975
v -1.891975 -0.174209 2.999975
v -1.898509 -0.074952 2.999975
v -1.899823 0.024510 2.999975
v 0.000000 0.500003 -0.500000
v -18.000000 -0.499997 -0.500000
v -18.000000 0.500003 -0.500000
v 0.000000 -0.499997 -0.500000

usemtl Turquoise_0
f 450 451 452
f 450 452 578
f 580 450 578
f 578 579 580
f 580 579 581
f 580 581 582
f 582 680 580
f 679 680 582
f 584 679 582
f 582 583 584
f 584 583 585
f 585 586 584
f 586 587 584
f 587 676 584
f 675 676 587
f 588 675 587
f 672 675 588
f 591 672 588
f 590 591 588
f 589 590 588
f 588 586 589
f 589 586 82
f 274 589 82
f 256 586 208
f 208 586 241
f 241 586 443
f 348 586 204
f 204 585 233
f 585 413 233
f 413 585 188
f 537 368 427
f 537 427 226
f 537 226 386
f 189 537 386
f 537 342 309
f 537 309 419
f 537 419 265
f 537 265 282
f 537 282 449
f 537 449 210
f 537 210 317
f 537 317 287
f 583 537 287
f 537 583 539
f 538 537 539
f 538 539 540
f 540 498 538
f 498 501 538
f 538 501 536
f 501 502 536
f 536 502 535
f 535 534 536
f 536 534 537
f 205 537 534
f 205 534 268
f 534 295 383
f 534 264 295
f 534 83 264
f 83 533 430
f 533 395 430
f 533 103 395
f 359 589 350
f 102 589 359
f 98 589 102
f 249 98 102
f 387 590 98
f 325 590 387
f 216 590 325
f 530 372 334
f 207 530 334
f 530 207 240
f 99 530 240
f 533 99 345
f 533 345 392
f 99 533 530
f 532 530 533
f 533 534 532
f 531 530 532
f 532 506 531
f 506 509 531
f 531 509 528
f 509 510 528
f 528 510 526
f 526 527 528
f 528 527 529
f 529 530 528
f 113 530 529
f 113 529 245
f 111 529 400
f 529 291 400
f 529 417 291
f 527 271 330
f 527 330 219
f 143 527 219
f 107 527 143
f 527 141 271
f 141 527 524
f 141 524 147
f 523 93 321
f 149 523 321
f 149 524 523
f 523 524 522
f 522 521 523
f 151 523 521
f 151 521 424
f 101 521 314
f 521 304 314
f 304 521 85
f 85 519 131
f 131 519 365
f 519 232 365
f 157 517 294
f 517 155 294
f 155 517 251
f 153 515 382
f 515 117 382
f 117 515 284
f 201 511 273
f 511 129 273
f 129 511 415
f 133 508 414
f 508 139 414
f 285 139 508
f 285 508 97
f 507 115 412
f 115 507 211
f 507 409 211
f 311 615 292
f 615 96 292
f 612 96 615
f 614 612 615
f 614 615 616
f 616 647 614
f 647 648 614
f 614 648 613
f 648 650 613
f 613 650 610
f 612 613 610
f 611 612 610
f 610 609 611
f 200 611 609
f 200 609 162
f 611 357 364
f 369 611 364
f 128 132 611
f 612 132 324
f 213 612 324
f 262 138 213
f 138 612 213
f 128 611 369
f 162 609 353
f 353 609 388
f 116 607 246
f 246 607 435
f 607 152 435
f 154 152 605
f 154 605 298
f 156 602 331
f 130 331 602
f 130 602 373
f 84 601 446
f 446 601 100
f 100 601 428
f 428 601 347
f 347 601 339
f 344 599 220
f 220 599 148
f 148 599 596
f 148 596 333
f 146 333 596
f 146 596 278
f 316 596 140
f 140 596 595
f 140 595 231
f 595 142 231
f 142 595 322
f 322 595 289
f 110 593 239
f 239 593 302
f 308 239 302
f 590 206 259
f 112 590 259
f 112 593 590
f 592 590 593
f 592 593 594
f 594 668 592
f 668 670 592
f 592 670 591
f 668 669 670
f 670 669 671
f 670 671 672
f 672 671 673
f 673 674 672
f 674 673 678
f 677 674 678
f 677 678 676
f 678 679 676
f 676 674 677
f 678 673 681
f 680 678 681
f 680 681 450
f 673 671 681
f 681 671 451
f 671 669 451
f 451 669 453
f 669 666 453
f 453 666 454
f 453 454 452
f 454 455 452
f 452 455 576
f 576 455 574
f 574 575 576
f 576 575 577
f 576 577 578
f 577 575 545
f 542 577 545
f 544 542 545
f 544 545 546
f 546 492 544
f 492 494 544
f 544 494 543
f 494 497 543
f 543 497 540
f 542 543 540
f 541 542 540
f 541 579 542
f 496 497 494
f 495 496 494
f 494 493 495
f 495 493 91
f 394 495 91
f 179 493 366
f 493 260 366
f 493 356 260
f 495 95 105
f 95 495 431
f 253 496 105
f 496 253 296
f 496 296 307
f 167 496 307
f 496 169 422
f 499 496 422
f 267 499 422
f 499 267 281
f 181 499 281
f 436 500 87
f 500 499 87
f 499 500 498
f 500 436 227
f 500 227 318
f 89 500 318
f 341 503 183
f 500 183 503
f 502 500 503
f 502 503 504
f 504 503 505
f 504 505 506
f 506 505 507
f 507 508 506
f 125 507 505
f 125 505 137
f 203 135 503
f 203 503 405
f 503 135 223
f 625 168 410
f 434 625 410
f 166 625 434
f 627 104 426
f 299 627 426
f 440 627 94
f 90 627 440
f 629 90 425
f 178 629 425
f 416 178 425
f 176 629 279
f 629 176 631
f 630 629 631
f 631 632 630
f 632 633 630
f 630 633 628
f 633 634 628
f 628 634 626
f 626 627 628
f 628 627 629
f 626 625 627
f 624 625 626
f 626 636 624
f 636 638 624
f 624 638 622
f 622 623 624
f 622 621 623
f 621 86 623
f 623 86 224
f 349 623 224
f 180 623 349
f 180 305 623
f 168 623 305
f 444 86 88
f 621 343 88
f 621 329 343
f 329 621 182
f 202 619 228
f 228 619 438
f 619 134 438
f 617 276 134
f 276 617 136
f 617 258 136
f 114 124 615
f 617 615 124
f 236 617 124
f 617 236 258
f 617 134 619
f 618 617 619
f 618 619 620
f 620 643 618
f 643 644 618
f 618 644 616
f 643 642 644
f 644 642 645
f 645 646 644
f 646 647 644
f 646 645 120
f 447 646 120
f 448 646 370
f 198 646 448
f 420 646 198
f 473 109 384
f 473 384 358
f 197 473 358
f 197 475 473
f 474 473 475
f 474 475 476
f 474 476 64
f 64 15 474
f 474 15 19
f 19 472 474
f 19 16 472
f 472 16 39
f 39 470 472
f 470 471 472
f 472 471 473
f 473 471 242
f 473 242 254
f 473 254 283
f 380 471 272
f 272 471 266
f 266 471 234
f 310 471 340
f 340 471 379
f 379 471 225
f 375 225 367
f 354 649 352
f 352 649 290
f 261 108 212
f 108 649 212
f 649 396 212
f 396 649 393
f 196 646 408
f 649 646 196
f 648 646 649
f 393 649 196
f 290 649 108
f 367 649 354
f 363 367 354
f 225 649 367
f 471 649 225
f 651 649 471
f 469 651 471
f 653 651 469
f 467 653 469
f 468 467 469
f 468 469 470
f 4 468 470
f 4 470 35
f 468 34 68
f 27 468 68
f 27 466 468
f 27 33 466
f 32 466 33
f 464 32 31
f 30 464 31
f 30 463 464
f 463 462 464
f 464 462 465
f 464 465 466
f 466 465 467
f 465 654 467
f 657 654 465
f 656 654 657
f 656 657 658
f 656 658 604
f 606 656 604
f 604 605 606
f 606 605 607
f 606 607 608
f 608 655 606
f 652 655 608
f 610 652 608
f 654 655 652
f 653 654 652
f 608 607 609
f 607 184 609
f 609 184 385
f 604 602 605
f 603 602 604
f 602 603 600
f 601 602 600
f 600 599 601
f 150 601 599
f 598 599 600
f 600 662 598
f 662 664 598
f 598 664 597
f 597 596 598
f 596 597 594
f 597 667 594
f 664 667 597
f 666 667 664
f 665 666 664
f 664 663 665
f 665 663 457
f 454 665 457
f 456 454 457
f 456 457 458
f 456 458 572
f 574 456 572
f 572 573 574
f 572 571 573
f 573 571 548
f 547 573 548
f 547 548 546
f 548 549 546
f 549 490 546
f 489 490 549
f 550 489 549
f 487 489 550
f 553 487 550
f 552 553 550
f 551 552 550
f 550 548 551
f 551 569 552
f 569 567 552
f 552 567 555
f 554 552 555
f 555 556 554
f 556 557 554
f 557 482 554
f 482 485 554
f 554 485 553
f 484 485 482
f 483 484 482
f 482 481 483
f 123 483 481
f 191 123 481
f 191 481 218
f 483 406 337
f 483 337 399
f 119 483 399
f 165 483 214
f 484 165 397
f 484 397 371
f 81 484 371
f 486 161 335
f 486 335 238
f 486 238 402
f 175 486 402
f 488 159 288
f 488 288 439
f 488 439 247
f 173 488 247
f 171 488 377
f 171 491 488
f 490 488 491
f 490 491 492
f 492 491 493
f 177 493 491
f 491 145 177
f 144 631 217
f 217 631 442
f 144 170 631
f 632 170 257
f 275 632 257
f 351 632 275
f 172 361 632
f 158 632 361
f 635 632 158
f 286 635 158
f 252 286 158
f 374 160 174
f 160 635 174
f 637 635 160
f 229 637 160
f 269 80 229
f 80 164 637
f 639 637 164
f 300 639 164
f 237 639 300
f 312 237 300
f 122 639 118
f 641 639 122
f 336 641 122
f 378 336 122
f 319 190 336
f 190 429 641
f 186 641 429
f 642 641 186
f 280 642 186
f 327 280 186
f 332 192 280
f 642 192 221
f 194 642 221
f 418 645 194
f 297 645 418
f 346 244 126
f 244 645 126
f 477 301 313
f 477 313 423
f 127 477 423
f 195 477 263
f 195 479 477
f 478 477 479
f 478 479 480
f 478 480 558
f 558 22 478
f 22 24 478
f 478 24 476
f 18 476 24
f 564 3 6
f 564 565 3
f 565 21 3
f 21 565 9
f 9 566 25
f 25 566 29
f 566 567 29
f 567 28 29
f 28 567 79
f 567 63 79
f 567 73 63
f 73 67 63
f 565 566 9
f 566 565 556
f 556 565 559
f 558 556 559
f 559 560 558
f 558 560 75
f 558 75 23
f 5 43 42
f 560 5 42
f 560 42 51
f 560 51 54
f 10 560 54
f 560 56 57
f 560 57 45
f 560 45 41
f 560 41 48
f 560 48 50
f 560 50 58
f 560 58 53
f 560 53 47
f 560 55 56
f 51 46 52
f 560 10 55
f 51 52 54
f 560 561 5
f 561 20 5
f 560 563 561
f 562 561 563
f 562 563 38
f 562 17 561
f 564 563 560
f 563 564 37
f 5 44 43
f 42 76 78
f 42 78 59
f 42 59 77
f 42 77 49
f 42 49 51
f 560 47 75
f 559 564 560
f 565 564 559
f 564 6 37
f 36 563 37
f 563 36 38
f 11 562 38
f 562 11 17
f 20 561 17
f 44 40 43
f 67 60 63
f 67 61 60
f 567 13 73
f 569 66 13
f 569 72 66
f 569 71 72
f 569 70 71
f 569 62 70
f 569 69 62
f 569 65 69
f 569 568 65
f 14 65 568
f 568 26 14
f 26 568 7
f 460 2 74
f 570 460 74
f 458 460 570
f 458 459 460
f 460 459 461
f 461 462 460
f 461 659 462
f 659 657 462
f 660 659 461
f 659 660 658
f 660 661 658
f 658 661 603
f 661 660 662
f 662 660 663
f 663 660 459
f 459 660 461
f 460 8 2
f 8 460 463
f 8 463 12
f 570 74 1
f 568 570 1
f 568 1 7
f 568 569 570
f 570 569 571
f 558 23 22
f 558 480 557
f 480 479 481
f 187 481 479
f 187 479 328
f 479 293 320
f 479 320 230
f 193 479 230
f 479 193 328
f 481 187 277
f 481 277 437
f 476 477 478
f 479 195 293
f 477 127 263
f 477 121 301
f 121 477 475
f 121 475 362
f 199 475 432
f 475 326 432
f 475 199 362
f 126 645 297
f 192 642 280
f 641 642 640
f 190 641 336
f 640 639 641
f 638 639 640
f 118 639 237
f 638 637 639
f 80 637 229
f 636 635 637
f 634 635 636
f 174 635 286
f 634 632 635
f 172 632 351
f 491 390 381
f 145 491 381
f 491 171 390
f 488 173 377
f 159 488 486
f 486 488 487
f 486 487 485
f 159 486 175
f 161 486 484
f 484 81 161
f 483 119 214
f 481 437 218
f 483 123 406
f 480 481 482
f 165 484 483
f 484 486 485
f 480 482 557
f 557 556 558
f 555 566 556
f 567 566 555
f 567 569 13
f 571 569 551
f 553 552 554
f 485 487 553
f 488 489 487
f 489 488 490
f 549 548 550
f 575 573 547
f 548 571 551
f 570 571 572
f 572 458 570
f 458 457 459
f 457 663 459
f 667 666 668
f 662 663 664
f 661 662 600
f 603 661 600
f 655 656 606
f 604 658 603
f 658 657 659
f 655 654 656
f 462 657 465
f 462 463 460
f 463 30 12
f 32 464 466
f 4 34 468
f 466 467 468
f 654 653 467
f 652 651 653
f 650 651 652
f 650 649 651
f 234 471 310
f 242 471 380
f 470 469 471
f 470 39 35
f 476 18 64
f 476 475 477
f 472 473 474
f 475 197 376
f 109 473 283
f 475 376 389
f 475 389 326
f 408 646 420
f 370 646 447
f 120 645 244
f 194 645 642
f 642 643 640
f 640 643 620
f 622 640 620
f 620 619 621
f 616 617 618
f 182 619 202
f 621 619 182
f 88 86 621
f 620 621 622
f 638 640 622
f 636 637 638
f 624 623 625
f 634 636 626
f 633 632 634
f 631 170 632
f 628 629 630
f 631 176 442
f 629 178 279
f 627 90 629
f 94 627 299
f 625 104 627
f 104 625 166
f 623 168 625
f 407 505 223
f 303 137 407
f 137 505 407
f 505 503 223
f 503 341 405
f 500 89 183
f 87 499 181
f 498 496 499
f 167 169 496
f 493 177 356
f 495 394 431
f 91 493 179
f 495 105 496
f 497 496 498
f 492 493 494
f 490 492 546
f 546 545 547
f 543 542 544
f 579 577 542
f 545 575 547
f 574 573 575
f 455 456 574
f 455 454 456
f 666 665 454
f 668 666 669
f 667 668 594
f 594 593 595
f 595 593 106
f 302 593 112
f 593 110 106
f 250 595 106
f 289 595 250
f 595 596 594
f 278 596 316
f 598 596 599
f 92 599 344
f 599 92 150
f 339 601 150
f 602 601 84
f 373 602 84
f 605 602 156
f 421 605 156
f 403 298 421
f 298 605 421
f 605 152 607
f 607 116 184
f 388 609 385
f 357 611 200
f 608 609 610
f 611 132 612
f 650 652 610
f 648 649 650
f 647 646 648
f 644 647 616
f 616 615 617
f 613 612 614
f 138 96 612
f 114 615 311
f 409 507 125
f 97 507 412
f 508 507 97
f 508 133 511
f 510 508 511
f 511 512 510
f 512 513 510
f 513 512 514
f 513 514 525
f 526 513 525
f 525 524 526
f 525 514 522
f 514 516 522
f 522 516 520
f 516 518 520
f 518 519 520
f 520 519 521
f 518 517 519
f 516 517 518
f 516 515 517
f 514 515 516
f 514 512 515
f 185 515 512
f 163 185 512
f 163 512 433
f 512 441 433
f 255 515 185
f 235 511 133
f 511 235 415
f 511 201 512
f 441 512 201
f 515 255 284
f 515 153 517
f 360 517 153
f 517 360 251
f 517 157 519
f 323 519 157
f 519 323 232
f 521 519 85
f 523 248 338
f 521 101 424
f 523 151 248
f 520 521 522
f 524 525 522
f 524 149 215
f 524 215 315
f 93 523 338
f 147 524 315
f 529 107 417
f 529 111 245
f 530 113 398
f 107 529 527
f 526 524 527
f 510 513 526
f 509 508 510
f 508 509 506
f 504 506 532
f 535 504 532
f 530 531 528
f 530 398 372
f 206 590 216
f 103 533 392
f 83 534 533
f 209 534 383
f 534 209 355
f 268 534 355
f 534 535 532
f 502 504 535
f 501 500 502
f 500 501 498
f 497 498 540
f 540 539 541
f 539 581 541
f 536 537 538
f 583 581 539
f 404 222 585
f 287 404 585
f 222 401 585
f 401 306 585
f 306 243 585
f 391 585 243
f 411 391 243
f 306 445 243
f 537 189 342
f 537 205 368
f 188 585 391
f 270 586 348
f 443 586 270
f 589 274 350
f 586 256 82
f 590 589 98
f 591 590 592
f 670 672 591
f 674 675 672
f 675 674 676
f 587 586 588
f 586 585 204
f 583 287 585
f 676 679 584
f 679 678 680
f 582 581 583
f 581 579 541
f 578 577 579
f 680 450 580
f 578 452 576
f 452 451 453
f 450 681 451

usemtl Turquoise_0
f 747 274 82
f 747 82 256
f 746 747 256
f 208 746 256
f 746 241 443
f 745 746 443
f 270 745 443
f 745 270 348
f 744 745 348
f 204 744 348
f 233 744 204
f 188 743 413
f 743 744 413
f 744 743 734
f 733 744 734
f 733 734 427
f 368 733 427
f 386 735 189
f 735 342 189
f 735 309 342
f 268 733 205
f 733 268 732
f 732 745 733
f 355 732 268
f 732 355 209
f 732 209 383
f 731 732 383
f 295 731 383
f 731 264 83
f 730 731 83
f 430 730 83
f 103 729 395
f 729 730 395
f 729 748 730
f 748 747 730
f 747 748 350
f 748 359 350
f 249 102 748
f 748 749 249
f 749 98 249
f 749 387 98
f 750 216 325
f 749 750 325
f 750 749 728
f 727 750 728
f 727 728 334
f 372 727 334
f 240 728 99
f 99 728 345
f 729 392 345
f 728 729 345
f 245 726 113
f 726 398 113
f 727 398 726
f 726 751 727
f 752 751 726
f 725 752 726
f 725 726 111
f 400 725 111
f 725 291 417
f 725 417 724
f 724 753 725
f 754 753 724
f 723 754 724
f 723 724 330
f 271 723 330
f 219 724 143
f 143 724 107
f 147 722 141
f 722 723 141
f 722 755 723
f 756 755 722
f 721 756 722
f 721 722 321
f 93 721 321
f 424 720 151
f 720 248 151
f 721 248 720
f 720 757 721
f 758 757 720
f 719 758 720
f 719 720 101
f 314 719 101
f 719 304 85
f 131 719 85
f 232 718 365
f 718 719 365
f 718 759 719
f 760 759 718
f 717 760 718
f 718 323 717
f 717 323 157
f 294 717 157
f 251 716 155
f 716 717 155
f 716 761 717
f 762 761 716
f 715 762 716
f 715 716 153
f 382 715 153
f 284 715 117
f 715 284 255
f 715 255 714
f 714 763 715
f 764 763 714
f 713 764 714
f 714 441 713
f 713 441 201
f 273 713 201
f 713 129 415
f 712 713 415
f 235 712 415
f 712 235 133
f 711 712 133
f 414 711 133
f 711 285 97
f 711 97 412
f 710 711 412
f 115 710 412
f 710 211 409
f 710 409 709
f 709 768 710
f 768 767 710
f 767 768 311
f 292 767 311
f 764 200 162
f 764 162 353
f 764 357 200
f 357 764 364
f 765 369 364
f 369 765 128
f 765 132 128
f 765 324 132
f 766 213 324
f 213 766 262
f 262 767 138
f 767 96 138
f 262 766 767
f 767 766 711
f 765 766 324
f 766 765 712
f 764 765 364
f 763 353 388
f 763 388 385
f 762 763 385
f 762 385 116
f 246 762 116
f 762 435 152
f 762 152 154
f 298 761 154
f 761 298 403
f 760 761 403
f 760 403 421
f 760 421 156
f 760 156 331
f 373 759 130
f 759 373 84
f 446 759 84
f 428 758 100
f 758 759 100
f 758 428 347
f 339 757 347
f 757 339 150
f 757 150 92
f 757 92 344
f 756 757 344
f 220 756 344
f 333 756 148
f 756 333 146
f 278 755 146
f 755 278 316
f 754 755 316
f 140 754 316
f 754 231 142
f 322 754 142
f 289 753 322
f 753 289 250
f 752 753 250
f 752 250 106
f 752 106 110
f 239 752 110
f 302 751 308
f 112 751 302
f 751 112 259
f 750 751 259
f 206 750 259
f 701 394 91
f 179 701 91
f 366 701 179
f 356 700 260
f 260 700 701
f 700 777 701
f 777 776 701
f 701 776 702
f 776 775 702
f 702 775 703
f 703 253 702
f 702 253 105
f 95 702 105
f 431 702 95
f 702 431 394
f 307 703 167
f 167 703 169
f 703 704 169
f 704 422 169
f 281 705 181
f 181 705 87
f 705 436 87
f 318 707 89
f 89 707 183
f 707 341 183
f 125 137 709
f 137 303 709
f 709 303 407
f 709 407 708
f 708 769 709
f 770 769 708
f 707 770 708
f 707 708 135
f 203 707 135
f 405 707 203
f 708 223 135
f 771 770 707
f 706 771 707
f 772 771 706
f 705 772 706
f 773 772 705
f 704 773 705
f 704 705 267
f 774 773 704
f 773 774 410
f 168 773 410
f 434 774 166
f 774 104 166
f 774 426 104
f 775 299 426
f 299 775 94
f 94 775 440
f 776 90 440
f 776 425 90
f 416 777 178
f 777 279 178
f 279 777 176
f 224 772 349
f 773 180 349
f 773 305 180
f 772 224 86
f 772 86 444
f 88 771 444
f 343 771 88
f 329 182 202
f 770 329 202
f 228 770 202
f 134 769 438
f 276 769 134
f 769 136 258
f 768 769 258
f 236 768 258
f 768 236 124
f 768 124 114
f 769 276 136
f 120 790 447
f 790 791 447
f 791 370 447
f 370 791 448
f 792 420 198
f 791 792 198
f 792 791 686
f 685 792 686
f 686 326 685
f 685 326 389
f 685 389 376
f 685 376 684
f 684 793 685
f 794 793 684
f 683 794 684
f 683 684 384
f 109 683 384
f 358 684 197
f 683 283 254
f 683 254 682
f 682 795 683
f 796 795 682
f 801 796 682
f 682 380 801
f 272 801 380
f 234 800 266
f 801 266 800
f 800 797 801
f 798 797 800
f 799 798 800
f 799 800 310
f 340 799 310
f 225 798 379
f 798 225 375
f 367 797 375
f 797 367 363
f 797 363 796
f 354 796 363
f 796 354 352
f 290 795 352
f 795 290 108
f 794 795 108
f 261 794 108
f 794 212 396
f 396 393 793
f 792 793 393
f 196 792 393
f 408 792 196
f 212 794 261
f 218 692 191
f 692 218 437
f 692 437 691
f 691 786 692
f 786 785 692
f 692 785 693
f 693 406 692
f 692 406 123
f 693 337 406
f 399 693 119
f 693 694 119
f 694 214 119
f 214 694 165
f 694 397 165
f 371 695 81
f 81 695 161
f 695 335 161
f 402 696 175
f 175 696 159
f 696 697 159
f 697 288 159
f 247 698 173
f 173 698 377
f 698 699 377
f 699 171 377
f 145 700 177
f 381 700 145
f 381 699 700
f 699 778 700
f 779 778 699
f 778 779 257
f 778 257 144
f 217 778 144
f 778 217 442
f 777 778 442
f 257 170 144
f 275 779 351
f 779 780 351
f 780 172 351
f 780 361 172
f 252 158 780
f 780 781 252
f 781 780 697
f 697 780 698
f 698 439 697
f 781 286 252
f 286 781 174
f 781 782 174
f 782 374 174
f 782 229 160
f 229 782 269
f 783 80 269
f 783 164 80
f 300 783 312
f 312 783 784
f 784 783 694
f 694 783 695
f 783 782 695
f 695 782 696
f 784 237 312
f 237 784 118
f 784 122 118
f 785 336 378
f 784 785 378
f 785 319 336
f 786 190 319
f 786 429 190
f 327 186 786
f 786 787 327
f 787 280 327
f 280 787 332
f 788 192 332
f 788 221 192
f 221 788 194
f 788 418 194
f 789 297 418
f 297 789 126
f 789 346 126
f 790 244 346
f 790 346 789
f 790 789 688
f 687 790 688
f 687 688 313
f 301 687 313
f 423 688 127
f 688 263 127
f 263 688 195
f 328 690 187
f 690 691 187
f 691 277 187
f 690 787 691
f 788 787 690
f 689 788 690
f 690 320 689
f 293 689 320
f 230 690 193
f 689 293 195
f 690 230 320
f 789 788 689
f 690 328 193
f 688 689 195
f 362 686 121
f 686 687 121
f 686 362 199
f 432 686 199
f 687 301 121
f 313 688 423
f 688 789 689
f 789 418 788
f 787 788 332
f 429 786 186
f 784 378 122
f 783 300 164
f 782 783 269
f 374 782 160
f 782 781 696
f 361 780 158
f 780 779 698
f 779 275 257
f 390 699 381
f 699 390 171
f 698 779 699
f 698 247 439
f 288 697 439
f 696 781 697
f 238 696 402
f 696 238 335
f 696 335 695
f 695 371 397
f 695 397 694
f 693 784 694
f 337 693 399
f 785 784 693
f 785 786 319
f 787 786 691
f 277 691 437
f 191 692 123
f 799 340 379
f 799 379 798
f 797 798 375
f 800 234 310
f 801 272 266
f 682 242 380
f 797 796 801
f 796 352 795
f 242 682 254
f 283 683 109
f 684 358 384
f 795 794 683
f 794 396 793
f 684 376 197
f 686 432 326
f 793 792 685
f 686 791 687
f 792 408 420
f 448 791 198
f 791 790 687
f 244 790 120
f 770 228 438
f 771 343 329
f 176 777 442
f 425 776 416
f 774 775 426
f 305 773 168
f 774 434 410
f 772 773 349
f 771 772 444
f 770 771 329
f 769 770 438
f 223 708 407
f 341 707 405
f 706 707 318
f 227 706 318
f 706 227 436
f 706 436 705
f 267 705 281
f 422 704 267
f 703 774 704
f 296 703 307
f 703 296 253
f 775 774 703
f 775 776 440
f 777 416 776
f 778 777 700
f 700 356 177
f 260 701 366
f 702 394 701
f 752 239 308
f 231 754 140
f 756 220 148
f 759 446 100
f 331 130 759
f 762 246 435
f 385 184 116
f 767 292 96
f 768 114 311
f 769 768 709
f 709 409 125
f 211 710 115
f 710 767 711
f 285 711 139
f 433 714 163
f 163 714 185
f 711 414 139
f 711 766 712
f 712 765 713
f 713 273 129
f 714 433 441
f 765 764 713
f 763 764 353
f 714 255 185
f 715 382 117
f 716 360 153
f 763 762 715
f 761 762 154
f 716 251 360
f 717 294 155
f 761 760 717
f 759 760 331
f 718 232 323
f 365 719 131
f 304 719 314
f 759 758 719
f 757 758 347
f 721 338 248
f 720 424 101
f 215 722 315
f 722 215 149
f 338 721 93
f 722 149 321
f 757 756 721
f 755 756 146
f 315 722 147
f 723 271 141
f 724 219 330
f 755 754 723
f 322 753 754
f 724 417 107
f 291 725 400
f 753 752 725
f 751 752 308
f 726 245 111
f 728 240 207
f 727 372 398
f 334 728 207
f 751 750 727
f 728 749 729
f 216 750 206
f 749 325 387
f 359 748 102
f 749 748 729
f 392 729 103
f 730 430 395
f 730 747 731
f 264 731 295
f 731 746 732
f 739 287 317
f 317 738 739
f 739 738 740
f 739 740 404
f 740 222 404
f 243 742 411
f 411 742 743
f 743 742 735
f 735 742 736
f 742 741 736
f 736 741 737
f 737 265 736
f 741 740 737
f 740 741 401
f 741 742 445
f 306 741 445
f 742 243 445
f 743 391 411
f 741 306 401
f 222 740 401
f 737 740 738
f 737 738 449
f 287 739 404
f 210 738 317
f 738 210 449
f 282 737 449
f 265 737 282
f 419 736 265
f 736 419 309
f 735 736 309
f 386 734 735
f 226 734 386
f 733 368 205
f 734 226 427
f 734 743 735
f 391 743 188
f 744 233 413
f 745 744 733
f 746 745 732
f 241 746 208
f 747 746 731
f 274 747 350

usemtl Turquoise_0
f 865 1422 827
f 1422 815 827
f 1422 1424 815
f 873 815 1424
f 873 1424 840
f 840 1426 871
f 871 1426 869
f 1426 1428 869
f 1428 919 869
f 867 1428 851
f 1428 1430 851
f 849 851 1430
f 849 1430 850
f 805 850 1432
f 805 1432 806
f 1432 1434 806
f 1434 921 806
f 804 1434 808
f 1434 1436 808
f 808 1436 807
f 807 1436 809
f 809 1438 810
f 810 1438 814
f 1438 1441 814
f 812 814 1441
f 812 1441 817
f 817 1442 819
f 1442 813 819
f 1442 1445 813
f 811 813 1445
f 811 1445 1524
f 811 1524 845
f 929 844 1525
f 929 1525 933
f 913 1526 909
f 909 1526 846
f 846 1527 856
f 1527 825 856
f 1528 839 825
f 839 1528 821
f 821 1529 823
f 823 1529 831
f 1530 847 831
f 1530 824 847
f 901 1309 903
f 1309 1311 903
f 903 1311 852
f 878 1320 895
f 1320 879 895
f 879 1320 880
f 881 1324 905
f 1324 820 905
f 820 1324 887
f 836 1422 922
f 922 1422 920
f 836 930 1422
f 1423 1422 930
f 1423 930 934
f 1423 934 837
f 1421 1423 837
f 837 914 1421
f 875 1421 914
f 864 1420 876
f 1420 1421 876
f 1421 1420 1409
f 1406 1421 1409
f 1408 1406 1409
f 1409 1410 1408
f 1410 1411 1408
f 1411 1336 1408
f 1336 1339 1408
f 1408 1339 1407
f 1339 1341 1407
f 1407 1341 1404
f 1406 1407 1404
f 1405 1406 1404
f 1404 1402 1405
f 1402 1425 1405
f 1425 1423 1405
f 1424 1423 1425
f 1424 1425 1426
f 1426 1425 1427
f 1427 1425 1402
f 1401 1427 1402
f 1401 1402 1400
f 1400 1399 1401
f 1399 1429 1401
f 1431 1429 1399
f 1396 1431 1399
f 1398 1396 1399
f 1397 1396 1398
f 1398 1348 1397
f 1348 1351 1397
f 1397 1351 1394
f 1351 1352 1394
f 1394 1352 1392
f 1392 1393 1394
f 1394 1393 1395
f 1395 1396 1394
f 1395 1433 1396
f 1435 1433 1395
f 1434 1433 1435
f 1393 1435 1395
f 1437 1435 1393
f 1391 1437 1393
f 1437 1391 1144
f 1437 1144 1439
f 1438 1437 1439
f 1439 1440 1438
f 1440 1439 1061
f 1205 1440 1061
f 1300 1440 1127
f 1098 1440 1300
f 1113 1440 1065
f 1440 1113 939
f 1443 1440 939
f 1131 1443 939
f 1216 1443 1207
f 959 1443 1216
f 955 1443 959
f 1106 955 959
f 1387 956 1202
f 1387 1202 1249
f 960 1387 1249
f 1387 1252 1287
f 940 1387 1287
f 940 1388 1387
f 1387 1388 1386
f 1386 1384 1387
f 1385 1384 1386
f 1386 1360 1385
f 1360 1363 1385
f 1385 1363 1382
f 1363 1364 1382
f 1382 1364 1380
f 1380 1381 1382
f 1382 1381 1383
f 1383 1384 1382
f 970 1384 1383
f 970 1383 1102
f 1384 1229 1191
f 1064 1384 1191
f 1384 1064 1097
f 956 1384 1097
f 1384 1255 1229
f 1444 1063 1116
f 969 1444 1116
f 969 1447 1444
f 1446 1444 1447
f 1446 1447 1448
f 1448 1522 1446
f 1522 1524 1446
f 1522 1523 1524
f 1524 1523 1525
f 1525 1523 1307
f 1530 1525 1307
f 1526 1525 1530
f 1529 1526 1530
f 1527 1526 1529
f 1528 1527 1529
f 1307 1523 1308
f 1307 1308 924
f 926 1307 924
f 803 1307 928
f 1307 803 936
f 932 1307 936
f 802 1307 912
f 1307 802 824
f 917 1308 915
f 915 1308 842
f 1309 853 899
f 889 1309 899
f 893 1309 889
f 848 1309 893
f 1309 848 897
f 842 1309 897
f 891 842 897
f 1308 1309 842
f 1308 1520 1309
f 1520 1519 1309
f 1519 1520 1518
f 1518 1517 1519
f 1519 1517 1311
f 1311 1517 1313
f 1312 1311 1313
f 1312 1313 1314
f 841 1312 1314
f 1314 1313 1315
f 1315 1316 1314
f 1316 1317 1314
f 1314 1317 816
f 1317 1316 1318
f 1317 1318 835
f 1318 1316 1319
f 1318 1319 1320
f 1320 1319 1321
f 1320 1321 1322
f 1322 1321 1323
f 1322 1323 1324
f 1324 1323 1325
f 1324 1325 1326
f 1324 1326 882
f 1326 1325 1327
f 1326 1327 1328
f 854 1326 1328
f 1328 1327 1329
f 1328 1329 1330
f 843 1328 1330
f 1330 1329 1331
f 1330 1331 1332
f 1332 863 1330
f 1332 1331 1333
f 1332 1333 1334
f 1332 1334 1412
f 1412 861 1332
f 1412 1334 1411
f 1334 1333 1335
f 1334 1335 1336
f 1336 1335 1337
f 1337 1338 1336
f 1022 1338 1337
f 1022 1337 1071
f 1338 938 1018
f 1018 1340 1338
f 1338 1340 1339
f 938 1338 1228
f 1338 1254 1228
f 1340 1018 1192
f 1340 1192 1095
f 1340 1095 1259
f 1032 1340 1259
f 1342 1016 1145
f 1342 1145 1296
f 1342 1296 1104
f 1030 1342 1104
f 1028 1342 1234
f 1028 1345 1342
f 1344 1342 1345
f 1344 1345 1346
f 1344 1346 1400
f 1403 1344 1400
f 1343 1344 1403
f 1404 1343 1403
f 1400 1346 1398
f 1346 1345 1347
f 1346 1347 1348
f 1348 1347 1349
f 1349 1350 1348
f 1349 962 1350
f 1110 1350 962
f 952 1349 1288
f 1349 1251 1288
f 1251 1349 948
f 948 1347 1036
f 1036 1347 1223
f 1347 1117 1223
f 1024 1026 1350
f 1024 1350 1164
f 1350 1153 1164
f 1350 1026 1279
f 1353 1350 1279
f 1124 1353 1279
f 1038 1353 1138
f 944 1353 1038
f 1354 1353 944
f 1293 1354 944
f 1354 1084 1175
f 946 1354 1175
f 1354 946 1040
f 1354 1040 1357
f 1356 1354 1357
f 1356 1357 1358
f 1356 1358 1389
f 1390 1356 1389
f 1389 1388 1390
f 1390 1388 1391
f 1390 1391 1392
f 1392 1355 1390
f 1062 1391 1388
f 1062 1388 1125
f 1391 1225 1284
f 1391 1284 1083
f 1391 1083 1243
f 1046 1391 1243
f 1391 1199 1166
f 1391 1166 1276
f 1391 1276 1122
f 1391 1122 1139
f 1391 1139 1306
f 1391 1306 1067
f 1391 1067 1174
f 1261 1079 1439
f 1079 1258 1439
f 1258 1163 1439
f 1163 1100 1439
f 1248 1439 1100
f 1268 1248 1100
f 1270 1439 1045
f 1439 1270 1090
f 1045 1439 1248
f 1163 1302 1100
f 1391 1046 1199
f 1388 1152 1240
f 1066 1388 1240
f 1388 1066 1212
f 1388 1121 1152
f 1125 1388 1212
f 1391 1062 1225
f 1355 1356 1390
f 1389 1358 1386
f 1358 1357 1359
f 1358 1359 1360
f 1360 1359 1361
f 1361 1362 1360
f 1362 1361 954
f 1142 1362 954
f 1361 972 1269
f 972 1361 1068
f 1361 1266 1068
f 1168 1469 1149
f 1469 953 1149
f 1466 953 1469
f 1468 1466 1469
f 1468 1469 1470
f 1470 1501 1468
f 1501 1502 1468
f 1468 1502 1467
f 1502 1504 1467
f 1467 1504 1464
f 1466 1467 1464
f 1465 1466 1464
f 1464 1463 1465
f 1057 1465 1463
f 1057 1463 1019
f 973 1461 1103
f 1103 1461 1292
f 1461 1009 1292
f 1011 1459 1155
f 1155 1459 1278
f 1260 1155 1278
f 987 1456 1230
f 1230 1456 941
f 1456 1455 941
f 941 1455 1303
f 957 1455 1285
f 1285 1455 1204
f 1204 1455 1196
f 958 1375 1171
f 1375 1161 1171
f 1161 1375 942
f 942 1373 988
f 988 1373 1222
f 1373 1089 1222
f 1012 1371 1108
f 1371 1217 1108
f 1217 1371 1010
f 1010 1369 1239
f 1369 974 1239
f 974 1369 1141
f 1020 1042 1366
f 1020 1366 1290
f 1366 1298 1290
f 1365 1092 1272
f 986 1365 1272
f 1365 986 1130
f 1058 1365 1130
f 1365 1058 1366
f 1365 1366 1364
f 1364 1362 1365
f 1362 990 1365
f 990 1362 1271
f 1119 995 1070
f 995 1466 1070
f 1070 1466 1181
f 985 1465 1226
f 1226 1465 1221
f 1465 1214 1221
f 985 989 1465
f 1466 989 1181
f 1362 996 1271
f 1366 1367 1364
f 1367 1366 1368
f 1367 1368 1379
f 1380 1367 1379
f 1379 1378 1380
f 1378 1379 1376
f 1377 1378 1376
f 1376 1375 1377
f 1008 1377 1375
f 1008 1375 1281
f 1377 1105 1195
f 950 1377 1195
f 1377 950 1178
f 1006 1377 1178
f 998 1378 1004
f 1004 1378 1172
f 1378 1072 1172
f 1378 1006 1072
f 998 1381 1378
f 1381 998 1128
f 1381 1128 1187
f 1381 1187 1076
f 1000 1381 1076
f 1383 964 1274
f 1383 1274 1148
f 1383 1148 1257
f 968 1383 1257
f 999 1449 1179
f 1179 1449 1146
f 1146 1449 1107
f 1107 1449 963
f 967 1447 1096
f 1096 1447 1159
f 1165 1096 1159
f 1447 967 963
f 1449 1447 963
f 1449 999 1088
f 997 1449 1088
f 1173 1450 997
f 1135 1450 1173
f 1003 1450 1135
f 1003 1190 1450
f 1005 1450 1190
f 1077 1453 1005
f 1201 1453 1077
f 949 1453 1201
f 1453 949 1007
f 1007 1455 1453
f 1454 1453 1455
f 1452 1453 1454
f 1454 1516 1452
f 1516 1518 1452
f 1452 1518 1451
f 1451 1450 1452
f 1450 1451 1448
f 1449 1450 1448
f 1451 1521 1448
f 1518 1521 1451
f 1515 1516 1454
f 1457 1515 1454
f 1456 1457 1454
f 1457 1456 1458
f 1458 1512 1457
f 1510 1512 1458
f 1460 1510 1458
f 1458 1459 1460
f 1460 1459 1461
f 1460 1461 1462
f 1462 1509 1460
f 1506 1509 1462
f 1464 1506 1462
f 1508 1509 1506
f 1507 1508 1506
f 1506 1505 1507
f 1507 1505 1323
f 1504 1505 1506
f 1504 1503 1505
f 1505 1503 1325
f 1325 1503 1082
f 1236 1325 1082
f 1167 1325 1197
f 1091 1325 1167
f 1123 1325 1091
f 1237 1325 1129
f 1099 1325 1237
f 1327 1099 1111
f 1327 1111 1140
f 966 1327 1140
f 1327 1241 1215
f 1054 1327 1215
f 1329 1054 1233
f 1329 1233 1246
f 1329 1246 1183
f 1329 1183 1289
f 1056 1329 1289
f 978 1329 1219
f 1331 978 1158
f 1331 1158 1170
f 1331 1170 1280
f 984 1331 1280
f 1052 1331 1120
f 1333 1052 1150
f 1333 1150 1177
f 1333 1177 1087
f 1050 1333 1087
f 1044 1333 1185
f 1335 1044 1134
f 1335 1134 1294
f 1335 1294 1075
f 1048 1335 1075
f 1337 980 1263
f 1337 1263 1194
f 1337 1194 1256
f 976 1337 1256
f 1043 1495 1286
f 1047 1286 1495
f 1047 1495 1193
f 1176 1047 1193
f 1235 1193 979
f 975 1493 1094
f 1094 1493 1157
f 1169 1094 1157
f 1126 937 1086
f 1231 1017 1031
f 1017 1489 1031
f 1031 1489 1143
f 1015 1486 1218
f 1029 1218 1486
f 1029 1486 1208
f 1001 1485 1074
f 1074 1485 1299
f 1485 1033 1299
f 1033 1483 1136
f 1483 1035 1136
f 1035 1483 1282
f 1273 1035 1282
f 947 1481 1297
f 1297 1481 951
f 1156 1481 1283
f 1481 961 1283
f 1023 1479 1291
f 1291 1479 1267
f 1479 1025 1267
f 1025 1477 1162
f 1037 1162 1477
f 1037 1477 1206
f 1301 943 945
f 1475 1200 945
f 1475 1186 1200
f 1186 1475 1039
f 1059 1473 1085
f 1085 1473 1295
f 1473 991 1295
f 1060 992 1357
f 1060 1357 1262
f 1357 1198 1262
f 1357 992 1080
f 1264 1359 1080
f 994 1359 1264
f 1160 994 1264
f 982 1359 994
f 1471 1133 991
f 1133 1471 993
f 1471 1115 993
f 971 981 1469
f 1471 1469 981
f 1093 1471 981
f 1471 1093 1115
f 1471 991 1473
f 1472 1471 1473
f 1472 1473 1474
f 1474 1497 1472
f 1497 1498 1472
f 1472 1498 1470
f 1497 1496 1498
f 1498 1496 1499
f 1499 1500 1498
f 1500 1501 1498
f 1500 1499 977
f 1304 1500 977
f 1305 1500 1227
f 1055 1500 1305
f 1277 1500 1055
f 1253 1503 1250
f 1250 1503 1053
f 1053 1500 1265
f 1503 1500 1053
f 1502 1500 1503
f 1503 1253 1069
f 965 1503 1069
f 1118 965 1069
f 1209 1503 1147
f 1211 1503 1209
f 1220 1224 1211
f 1232 1082 1224
f 1224 1503 1211
f 1147 1503 965
f 1265 1500 1277
f 983 1499 1154
f 1154 1499 1275
f 1275 1499 1051
f 1051 1496 1078
f 1496 1049 1078
f 1049 1496 1137
f 1189 1049 1137
f 1137 1496 1043
f 1101 1499 983
f 1203 1101 983
f 1227 1500 1304
f 977 1499 1101
f 1051 1499 1496
f 1496 1497 1494
f 1495 1496 1494
f 1494 1493 1495
f 1495 1493 979
f 1492 1493 1494
f 1492 1494 1476
f 1478 1492 1476
f 1476 1477 1478
f 1478 1477 1479
f 1478 1479 1480
f 1480 1490 1478
f 1488 1490 1480
f 1482 1488 1480
f 1480 1481 1482
f 1482 1481 1483
f 1482 1483 1484
f 1484 1487 1482
f 1486 1487 1484
f 1485 1486 1484
f 1485 1027 1486
f 1486 1027 1114
f 1487 1486 1488
f 1488 1486 1489
f 1484 1483 1485
f 1487 1488 1482
f 1488 1489 1490
f 1490 1489 1491
f 1490 1491 1492
f 1480 1479 1481
f 1476 1475 1477
f 1475 943 1477
f 1474 1475 1476
f 1490 1492 1478
f 1476 1494 1474
f 1492 1491 1493
f 1493 1491 1021
f 1494 1497 1474
f 1474 1473 1475
f 1470 1471 1472
f 1039 1473 1059
f 1475 1473 1039
f 945 943 1475
f 1477 943 1081
f 1206 1477 1081
f 1477 1025 1479
f 961 1479 1023
f 1479 961 1481
f 951 1481 1156
f 1481 947 1483
f 1483 947 1282
f 1483 1033 1485
f 1001 1027 1485
f 1002 1345 1238
f 1345 1247 1238
f 1345 1002 1034
f 1347 1034 1213
f 1132 1486 1114
f 1208 1486 1132
f 1489 1486 1015
f 1109 1143 1015
f 1143 1489 1015
f 1491 1489 1017
f 1086 1491 1017
f 937 1491 1086
f 937 1021 1491
f 1157 1493 1021
f 979 1493 975
f 1193 1495 979
f 1496 1495 1043
f 1184 1137 1043
f 1048 980 1335
f 1333 1050 1185
f 1331 984 1120
f 1329 1056 1219
f 1327 966 1241
f 1129 1325 1123
f 1197 1325 1236
f 1082 1503 1224
f 1508 1507 1321
f 1509 1508 1510
f 1510 1508 1511
f 1511 1508 1319
f 1462 1461 1463
f 1461 1041 1463
f 1463 1041 1242
f 1509 1510 1460
f 1510 1511 1512
f 1512 1511 1513
f 1513 1514 1512
f 1514 1515 1512
f 1514 1513 1315
f 1513 1511 1316
f 1458 1456 1459
f 1459 1456 1013
f 1512 1515 1457
f 1515 1514 1516
f 1516 1514 1517
f 1452 1450 1453
f 1005 1453 1450
f 997 1450 1449
f 964 1381 1000
f 1377 1008 1105
f 1374 1375 1376
f 1376 1370 1374
f 1370 1372 1374
f 1372 1373 1374
f 1372 1371 1373
f 1371 1014 1373
f 1180 1373 1014
f 1014 1371 1151
f 1370 1371 1372
f 1370 1369 1371
f 1368 1369 1370
f 1368 1370 1376
f 1374 1373 1375
f 1006 1378 1377
f 1379 1368 1376
f 1368 1366 1369
f 1092 1365 990
f 1298 1366 1058
f 1042 1369 1366
f 1112 1369 1042
f 1369 1112 1141
f 1369 1010 1371
f 1371 1012 1151
f 1373 1180 1089
f 1375 1373 942
f 1375 958 1281
f 1196 1455 1007
f 1303 1455 957
f 1455 1456 1454
f 987 1188 1456
f 1013 1456 1188
f 1278 1459 1013
f 1011 1009 1459
f 1459 1009 1461
f 1461 973 1041
f 1245 1463 1242
f 1210 1463 1245
f 1019 1463 1210
f 1214 1465 1057
f 1462 1463 1464
f 1465 989 1466
f 1504 1506 1464
f 1502 1503 1504
f 1501 1500 1502
f 1498 1501 1470
f 1470 1469 1471
f 1467 1466 1468
f 995 953 1466
f 971 1469 1168
f 1266 1361 982
f 1142 996 1362
f 954 1361 1269
f 982 1361 1359
f 1359 1357 1080
f 1355 1354 1356
f 1354 1355 1352
f 1198 1357 1040
f 1354 1293 1084
f 1353 1354 1352
f 1353 1124 1138
f 1352 1350 1353
f 1347 1213 1117
f 1350 1110 1153
f 1349 952 962
f 1349 1347 948
f 1034 1347 1345
f 1343 1342 1344
f 1342 1343 1341
f 1340 1342 1341
f 1345 1028 1247
f 1342 1030 1234
f 1016 1342 1340
f 1016 1340 1032
f 1337 976 1071
f 1338 1022 1254
f 980 1337 1335
f 1044 1335 1333
f 1052 1333 1331
f 978 1331 1329
f 1054 1329 1327
f 1327 1325 1099
f 1323 1505 1325
f 1321 1507 1323
f 1319 1508 1321
f 1316 1511 1319
f 1315 1513 1316
f 1313 1514 1315
f 1310 1311 1312
f 870 1310 1312
f 1517 1514 1313
f 1516 1517 1518
f 1520 1521 1518
f 1521 1520 1522
f 907 1308 917
f 833 1308 907
f 912 1307 932
f 928 1307 926
f 1308 833 924
f 1523 1520 1308
f 1522 1520 1523
f 1521 1522 1448
f 1448 1447 1449
f 1445 1444 1446
f 1159 1447 969
f 1063 1444 1073
f 1073 1444 1182
f 1244 1444 955
f 1182 1444 1244
f 1383 968 1102
f 1384 970 1255
f 964 1383 1381
f 1380 1378 1381
f 1364 1367 1380
f 1363 1362 1364
f 1362 1363 1360
f 1358 1360 1386
f 1384 1385 1382
f 1388 1389 1386
f 1388 940 1121
f 1387 960 1252
f 956 1387 1384
f 1444 1443 955
f 1443 1444 1442
f 1443 1131 1207
f 1442 1440 1443
f 1441 1440 1442
f 1065 1440 1098
f 1127 1440 1205
f 1061 1439 1090
f 1436 1437 1438
f 1144 1261 1439
f 1391 1174 1144
f 1436 1435 1437
f 1392 1391 1393
f 1352 1355 1392
f 1351 1350 1352
f 1350 1351 1348
f 1346 1348 1398
f 1396 1397 1394
f 1433 1431 1396
f 1432 1431 1433
f 1430 1431 1432
f 1430 1429 1431
f 1398 1399 1400
f 1402 1403 1400
f 1429 1427 1401
f 1428 1427 1429
f 1403 1402 1404
f 1405 1423 1406
f 1341 1343 1404
f 1340 1341 1339
f 1338 1339 1336
f 1334 1336 1411
f 1411 1410 1412
f 1412 1410 1413
f 1413 1414 1412
f 1412 1414 904
f 1412 904 896
f 1412 896 888
f 1412 888 862
f 896 906 888
f 884 925 923
f 1417 884 923
f 883 1417 923
f 1417 883 908
f 1417 908 885
f 1416 1417 885
f 1416 885 918
f 1416 918 916
f 1416 916 834
f 892 1416 834
f 892 855 1416
f 1416 855 898
f 1415 1416 898
f 1416 1415 1417
f 1414 1417 1415
f 1414 1415 822
f 822 900 1414
f 832 1414 900
f 1414 832 902
f 1415 890 822
f 1418 1417 1414
f 1417 1418 884
f 1418 927 884
f 818 911 931
f 818 931 935
f 1418 818 935
f 1418 1419 818
f 1419 860 818
f 860 1419 830
f 1419 1420 830
f 1420 1419 1410
f 1419 1418 1413
f 826 1418 935
f 1418 826 927
f 859 1415 898
f 1415 859 894
f 1415 894 890
f 1414 902 904
f 1413 1418 1414
f 1410 1419 1413
f 1407 1406 1408
f 1409 1420 1410
f 830 1420 864
f 1421 910 876
f 1421 875 910
f 1423 1421 1406
f 1412 862 861
f 861 863 1332
f 857 1330 863
f 857 843 1330
f 1328 843 858
f 858 854 1328
f 1326 854 886
f 886 882 1326
f 1324 882 887
f 1324 881 1322
f 866 1322 881
f 866 880 1322
f 880 1320 1322
f 1318 1320 878
f 877 1318 878
f 877 835 1318
f 828 1317 835
f 828 816 1317
f 1314 816 874
f 874 841 1314
f 1312 841 872
f 872 870 1312
f 870 868 1310
f 838 1310 868
f 1310 838 852
f 1311 1310 852
f 1309 1519 1311
f 853 1309 901
f 1307 824 1530
f 1530 831 1529
f 1528 1529 821
f 1528 825 1527
f 1526 1527 846
f 829 1526 913
f 1526 829 933
f 1525 1526 933
f 844 1524 1525
f 844 845 1524
f 1446 1524 1445
f 1444 1445 1442
f 1441 1442 817
f 1440 1441 1438
f 1436 1438 809
f 1434 1435 1436
f 1434 804 921
f 1432 1433 1434
f 1430 1432 850
f 1428 1429 1430
f 1428 867 919
f 1426 1427 1428
f 1424 1426 840
f 1422 1423 1424
f 1422 865 920

usemtl Turquoise_0
f 1061 1593 1205
f 1593 1594 1205
f 1594 1127 1205
f 1127 1594 1300
f 1595 1098 1300
f 1098 1595 1065
f 1065 1595 1113
f 1596 1131 939
f 1131 1596 1207
f 1596 1597 1207
f 1597 1216 1207
f 1106 959 1597
f 1597 1598 1106
f 1598 1597 1578
f 1577 1598 1578
f 1577 1578 1202
f 956 1577 1202
f 1249 1578 960
f 960 1578 1252
f 1578 1579 1252
f 1579 1287 1252
f 1102 1575 970
f 1575 1255 970
f 1576 1255 1575
f 1575 1600 1576
f 1600 1599 1576
f 1576 1599 1577
f 1576 1577 1191
f 1229 1576 1191
f 1577 1097 1064
f 1191 1577 1064
f 1599 1600 1116
f 1063 1599 1116
f 1071 1543 1022
f 1543 1254 1022
f 1544 1254 1543
f 1543 1632 1544
f 1632 1631 1544
f 1544 1631 1545
f 1545 1192 1544
f 1544 1192 1018
f 938 1544 1018
f 1228 1544 938
f 1259 1545 1032
f 1032 1545 1016
f 1545 1546 1016
f 1546 1145 1016
f 1104 1547 1030
f 1030 1547 1234
f 1547 1548 1234
f 1548 1028 1234
f 1551 1110 962
f 952 1551 962
f 1288 1551 952
f 1550 1251 948
f 1036 1550 948
f 1117 1550 1223
f 1117 1549 1550
f 1549 1626 1550
f 1626 1625 1550
f 1550 1625 1551
f 1625 1624 1551
f 1551 1624 1552
f 1624 1623 1552
f 1552 1623 1553
f 1552 1553 1026
f 1024 1552 1026
f 1153 1552 1164
f 1552 1153 1110
f 1279 1553 1124
f 1553 1554 1124
f 1124 1554 1138
f 1138 1554 1038
f 1554 1293 944
f 1555 1293 1554
f 1554 1621 1555
f 1621 1620 1555
f 1555 1620 1556
f 1555 1556 1175
f 1084 1555 1175
f 1125 1582 1062
f 1582 1225 1062
f 1225 1582 1284
f 1243 1584 1046
f 1584 1199 1046
f 1584 1166 1199
f 1067 1587 1174
f 1174 1587 1588
f 1588 1144 1174
f 1144 1588 1261
f 1588 1589 1261
f 1589 1079 1261
f 1100 1591 1268
f 1268 1591 1592
f 1592 1591 1584
f 1583 1592 1584
f 1593 1592 1583
f 1582 1593 1583
f 1592 1593 1270
f 1045 1592 1270
f 1248 1592 1045
f 1593 1090 1270
f 1584 1591 1585
f 1591 1590 1585
f 1585 1590 1586
f 1586 1122 1585
f 1590 1589 1586
f 1586 1589 1587
f 1586 1587 1306
f 1589 1590 1258
f 1590 1591 1302
f 1163 1590 1302
f 1591 1100 1302
f 1592 1248 1268
f 1590 1163 1258
f 1079 1589 1258
f 1588 1587 1589
f 1587 1067 1306
f 1139 1586 1306
f 1122 1586 1139
f 1276 1585 1122
f 1585 1276 1166
f 1584 1585 1166
f 1243 1583 1584
f 1083 1583 1243
f 1583 1083 1284
f 1582 1583 1284
f 1582 1125 1581
f 1581 1594 1582
f 1595 1594 1581
f 1580 1595 1581
f 1580 1581 1240
f 1152 1580 1240
f 1581 1212 1066
f 1121 1580 1152
f 1580 1121 940
f 1579 1580 940
f 1579 1596 1580
f 1581 1066 1240
f 1596 1595 1580
f 1212 1581 1125
f 1560 1142 954
f 1560 954 1269
f 1559 1560 1269
f 972 1559 1269
f 1559 1068 1266
f 1559 1266 1558
f 1558 1617 1559
f 1617 1616 1559
f 1616 1617 1168
f 1149 1616 1168
f 1613 1057 1019
f 1613 1019 1210
f 1612 1613 1210
f 1612 1210 1245
f 1612 1245 1242
f 1611 1612 1242
f 1611 1242 973
f 1103 1611 973
f 1611 1292 1009
f 1611 1009 1011
f 1610 1611 1011
f 1155 1610 1011
f 1609 1260 1278
f 1609 1278 1013
f 1609 1013 1188
f 1608 1609 1188
f 1188 987 1608
f 1230 1608 987
f 1303 1608 941
f 1608 1303 957
f 1607 1608 957
f 1285 1607 957
f 1196 1606 1204
f 1606 1607 1204
f 1607 1606 1569
f 1568 1607 1569
f 1568 1569 958
f 1171 1568 958
f 1568 1161 942
f 988 1568 942
f 1089 1567 1222
f 1567 1568 1222
f 1567 1608 1568
f 1567 1089 1180
f 1567 1180 1566
f 1566 1609 1567
f 1610 1609 1566
f 1565 1610 1566
f 1565 1566 1012
f 1108 1565 1012
f 1565 1217 1010
f 1564 1565 1010
f 1239 1564 1010
f 1141 1564 974
f 1564 1141 1112
f 1564 1112 1563
f 1563 1612 1564
f 1563 1112 1042
f 1020 1563 1042
f 1563 1290 1298
f 1563 1298 1562
f 1562 1613 1563
f 1614 1613 1562
f 1561 1614 1562
f 1561 1562 1272
f 1092 1561 1272
f 1130 1562 1058
f 1271 1560 990
f 1560 1561 990
f 1560 1615 1561
f 1616 1615 1560
f 1119 1615 1616
f 1119 1616 995
f 1615 1070 1181
f 1614 1615 1181
f 1614 1181 989
f 1614 989 985
f 1226 1614 985
f 1214 1613 1221
f 1614 1226 1221
f 1616 953 995
f 1070 1615 1119
f 1560 1271 996
f 1281 1569 1008
f 1569 1105 1008
f 1570 1105 1569
f 1570 1195 1105
f 1571 1006 1178
f 1570 1571 1178
f 1570 1605 1571
f 1605 1604 1571
f 1571 1604 1572
f 1571 1572 998
f 1004 1571 998
f 1072 1571 1172
f 1076 1573 1000
f 1000 1573 964
f 1573 1274 964
f 1257 1574 968
f 1574 1575 968
f 1574 1601 1575
f 1602 1601 1574
f 1573 1602 1574
f 1603 1602 1573
f 1572 1603 1573
f 1572 1573 1187
f 1179 1602 1603
f 1179 1603 999
f 1602 1146 1107
f 1601 1107 963
f 1601 963 967
f 1096 1601 967
f 1159 1600 1165
f 1600 1601 1165
f 969 1600 1159
f 1601 1096 1165
f 1088 1603 997
f 997 1603 1173
f 1604 1135 1173
f 1135 1604 1003
f 1190 1605 1005
f 1605 1077 1005
f 1606 949 1201
f 1605 1606 1201
f 1606 1007 949
f 1082 1647 1236
f 1648 1236 1647
f 1648 1647 1649
f 1648 1649 1167
f 1197 1648 1167
f 1091 1649 1123
f 1650 1123 1649
f 1649 1646 1650
f 1646 1645 1650
f 1650 1645 1531
f 1531 1237 1650
f 1129 1650 1237
f 1531 1099 1237
f 1099 1531 1111
f 1140 1532 966
f 966 1532 1241
f 1532 1533 1241
f 1533 1215 1241
f 1215 1533 1054
f 1533 1233 1054
f 1289 1535 1056
f 1535 1219 1056
f 1219 1535 978
f 1535 1536 978
f 1536 1158 978
f 1280 1537 984
f 1537 1120 984
f 1120 1537 1052
f 1537 1538 1052
f 1538 1150 1052
f 1087 1539 1050
f 1539 1185 1050
f 1185 1539 1044
f 1539 1540 1044
f 1540 1134 1044
f 1075 1541 1048
f 1048 1541 980
f 1541 1263 980
f 1256 1542 976
f 1542 1543 976
f 1542 1633 1543
f 1634 1633 1542
f 1541 1634 1542
f 1635 1634 1541
f 1540 1635 1541
f 1541 1294 1540
f 1636 1635 1540
f 1635 1636 1184
f 1184 1043 1635
f 1286 1635 1043
f 1634 1176 1193
f 1634 1193 1235
f 1633 1235 979
f 1633 979 975
f 1094 1633 975
f 1157 1632 1169
f 1169 1632 1633
f 1632 1157 1021
f 1632 1021 937
f 1632 937 1126
f 1086 1631 1126
f 1631 1086 1017
f 1231 1631 1017
f 1143 1630 1031
f 1630 1631 1031
f 1630 1143 1109
f 1629 1630 1109
f 1109 1015 1629
f 1218 1629 1015
f 1629 1029 1208
f 1628 1629 1208
f 1132 1628 1208
f 1628 1132 1114
f 1627 1628 1114
f 1627 1114 1001
f 1074 1627 1001
f 1033 1626 1299
f 1626 1627 1299
f 1136 1626 1033
f 1282 1625 1273
f 1625 1282 947
f 1625 947 1297
f 951 1624 1297
f 1156 1624 951
f 1624 1156 1283
f 1623 1283 961
f 1623 961 1023
f 1291 1623 1023
f 1025 1622 1267
f 1622 1623 1267
f 1162 1622 1025
f 1622 1037 1206
f 1621 1622 1206
f 1081 1621 1206
f 1621 1081 943
f 1621 943 1301
f 945 1620 1301
f 1200 1620 945
f 1186 1039 1059
f 1619 1186 1059
f 1085 1619 1059
f 991 1618 1295
f 1618 1619 1295
f 1619 1618 1557
f 1556 1619 1557
f 1556 1557 992
f 1060 1556 992
f 1198 1556 1262
f 1556 1198 1040
f 1262 1556 1060
f 1557 1080 992
f 1080 1557 1264
f 1558 1160 1264
f 994 1160 1558
f 982 994 1558
f 1558 1264 1557
f 1557 1618 1558
f 1133 1618 991
f 1618 993 1115
f 1617 1618 1115
f 1093 1617 1115
f 1617 1093 981
f 1617 981 971
f 1618 1133 993
f 977 1639 1304
f 1639 1640 1304
f 1640 1227 1304
f 1227 1640 1305
f 1641 1277 1055
f 1640 1641 1055
f 1641 1640 1535
f 1534 1641 1535
f 1535 1183 1534
f 1642 1641 1534
f 1533 1642 1534
f 1643 1642 1533
f 1643 1253 1642
f 1253 1250 1642
f 1053 1641 1250
f 1265 1641 1053
f 1069 1643 1118
f 1118 1643 965
f 1643 1644 965
f 1644 1147 965
f 1147 1644 1209
f 1645 1211 1209
f 1211 1645 1220
f 1646 1224 1220
f 1224 1646 1232
f 1646 1647 1232
f 1645 1209 1644
f 1644 1643 1532
f 1531 1644 1532
f 1643 1069 1253
f 1641 1642 1250
f 1641 1265 1277
f 1305 1640 1055
f 1640 1639 1536
f 1536 1639 1537
f 1536 1537 1170
f 1639 1638 1537
f 1639 1203 1638
f 1638 1203 983
f 1154 1638 983
f 1637 1275 1051
f 1078 1637 1051
f 1137 1636 1189
f 1636 1637 1189
f 1637 1636 1539
f 1538 1637 1539
f 1539 1177 1538
f 1638 1637 1538
f 1637 1049 1189
f 1637 1078 1049
f 1638 1275 1637
f 1638 1154 1275
f 1639 1101 1203
f 1101 1639 977
f 1619 1085 1295
f 1619 1620 1186
f 1620 1200 1186
f 1622 1162 1037
f 1623 1291 1267
f 1273 1626 1035
f 1626 1136 1035
f 1627 1074 1299
f 1114 1027 1001
f 1628 1627 1548
f 1548 1627 1549
f 1238 1548 1549
f 1238 1549 1002
f 1002 1549 1034
f 1549 1213 1034
f 1247 1548 1238
f 1629 1628 1547
f 1546 1629 1547
f 1547 1296 1546
f 1629 1218 1029
f 1630 1629 1546
f 1631 1231 1031
f 1633 1094 1169
f 1635 1047 1176
f 1635 1286 1047
f 1636 1137 1184
f 1634 1635 1176
f 1633 1634 1235
f 1194 1542 1256
f 1542 1194 1263
f 1542 1263 1541
f 1541 1075 1294
f 1134 1540 1294
f 1539 1636 1540
f 1539 1087 1177
f 1150 1538 1177
f 1537 1638 1538
f 1170 1537 1280
f 1158 1536 1170
f 1535 1640 1536
f 1535 1289 1183
f 1534 1183 1246
f 1534 1246 1233
f 1534 1233 1533
f 1532 1643 1533
f 1532 1140 1111
f 1532 1111 1531
f 1645 1644 1531
f 1646 1220 1645
f 1650 1129 1123
f 1649 1091 1167
f 1647 1646 1649
f 1648 1197 1236
f 1647 1082 1232
f 1077 1605 1201
f 1605 1190 1003
f 1603 1604 1173
f 1603 1088 999
f 1146 1602 1179
f 1601 1602 1107
f 1148 1574 1257
f 1574 1148 1274
f 1574 1274 1573
f 1573 1076 1187
f 1128 1572 1187
f 1172 1571 1004
f 1572 1128 998
f 1604 1603 1572
f 1604 1605 1003
f 1606 1605 1570
f 1571 1072 1006
f 950 1570 1178
f 1195 1570 950
f 1151 1566 1014
f 1562 1130 986
f 1561 1092 990
f 1562 986 1272
f 1615 1614 1561
f 1613 1614 1221
f 1562 1298 1058
f 1290 1563 1020
f 1564 1239 974
f 1564 1611 1565
f 1565 1108 1217
f 1566 1151 1012
f 1566 1180 1014
f 1222 1568 988
f 1161 1568 1171
f 1569 1281 958
f 1569 1606 1570
f 1606 1196 1007
f 1607 1285 1204
f 1608 1607 1568
f 1608 1230 941
f 1609 1608 1567
f 1609 1610 1260
f 1610 1155 1260
f 1611 1610 1565
f 1611 1103 1292
f 1242 1041 973
f 1612 1611 1564
f 1613 1612 1563
f 1613 1214 1057
f 1616 1149 953
f 1617 971 1168
f 1618 1617 1558
f 1558 1266 982
f 1068 1559 972
f 1559 1616 1560
f 1142 1560 996
f 946 1556 1040
f 1175 1556 946
f 1620 1619 1556
f 1620 1621 1301
f 1622 1621 1554
f 1555 1084 1293
f 1038 1554 944
f 1553 1622 1554
f 1164 1552 1024
f 1553 1279 1026
f 1623 1622 1553
f 1623 1624 1283
f 1624 1625 1297
f 1626 1273 1625
f 1627 1626 1549
f 1213 1549 1117
f 1223 1550 1036
f 1551 1251 1550
f 1551 1288 1251
f 1552 1110 1551
f 1548 1247 1028
f 1547 1628 1548
f 1547 1104 1296
f 1145 1546 1296
f 1545 1630 1546
f 1095 1545 1259
f 1545 1095 1192
f 1631 1630 1545
f 1631 1632 1126
f 1633 1632 1543
f 1544 1228 1254
f 1543 1071 976
f 1599 1073 1182
f 1598 1599 1182
f 1598 1182 1244
f 1598 1244 955
f 1073 1599 1063
f 1600 969 1116
f 1601 1600 1575
f 1576 1229 1255
f 1575 1102 968
f 1287 1579 940
f 1097 1577 956
f 1578 1249 1202
f 1599 1598 1577
f 1578 1597 1579
f 1598 955 1106
f 1216 1597 959
f 1597 1596 1579
f 1596 939 1113
f 1595 1596 1113
f 1594 1595 1300
f 1594 1593 1582
f 1090 1593 1061

usemtl Turquoise_0
f 1716 2204 1707
f 2204 2207 1707
f 1707 2207 1705
f 2207 1703 1705
f 1703 2208 1677
f 1677 2208 2210
f 1672 1677 2210
f 2210 1664 1672
f 1701 1664 2212
f 1701 2212 1714
f 1714 2212 1681
f 1699 1681 2214
f 1699 2214 1697
f 2216 1697 2214
f 2214 2215 2216
f 2216 2215 2217
f 2216 2217 2218
f 1691 2216 2218
f 1689 1691 2218
f 1689 2218 1690
f 1654 1690 2220
f 2220 1712 1654
f 1712 2220 1655
f 1655 2222 1653
f 1653 2222 1657
f 2222 2224 1657
f 1657 2224 1656
f 1658 2226 1659
f 1659 2226 1663
f 2226 2229 1663
f 1661 1663 2229
f 1661 2229 1666
f 1666 2230 1667
f 2230 1662 1667
f 2230 2233 1662
f 1660 1662 2233
f 1660 2233 2312
f 1660 2312 1685
f 1679 1715 2090
f 1679 2090 1696
f 2090 1698 1696
f 1708 1706 2100
f 1708 2100 1716
f 2098 2100 1706
f 2098 2099 2100
f 2100 2099 2101
f 2100 2101 2102
f 2100 2102 2204
f 2204 2102 2202
f 2202 2203 2204
f 2204 2203 2205
f 2205 2206 2204
f 2206 2205 2190
f 2189 2206 2190
f 2189 2190 2188
f 2188 2186 2189
f 2186 2209 2189
f 2211 2209 2186
f 2185 2211 2186
f 2185 2186 2184
f 2184 2182 2185
f 2182 2213 2185
f 2215 2213 2182
f 2181 2215 2182
f 2181 2182 2180
f 2180 2179 2181
f 2179 2217 2181
f 2219 2217 2179
f 2176 2219 2179
f 2178 2176 2179
f 2177 2176 2178
f 2178 2128 2177
f 2128 2131 2177
f 2177 2131 2174
f 2131 2132 2174
f 2174 2132 2172
f 2172 2173 2174
f 2174 2173 2175
f 2175 2176 2174
f 2175 2221 2176
f 2223 2221 2175
f 2222 2221 2223
f 2220 2221 2222
f 2220 2219 2221
f 2218 2219 2220
f 2173 2223 2175
f 2225 2223 2173
f 2171 2225 2173
f 2225 2171 1924
f 2225 1924 2227
f 2226 2225 2227
f 2227 2228 2226
f 2228 2227 1841
f 1985 2228 1841
f 2080 2228 1907
f 1878 2228 2080
f 1893 2228 1845
f 2228 1893 1719
f 2231 2228 1719
f 1911 2231 1719
f 1996 2231 1987
f 1739 2231 1996
f 1735 2231 1739
f 1886 1735 1739
f 2167 1736 1982
f 2167 1982 2029
f 1740 2167 2029
f 2167 2032 2067
f 1720 2167 2067
f 1720 2168 2167
f 2167 2168 2166
f 2166 2164 2167
f 2165 2164 2166
f 2166 2140 2165
f 2140 2143 2165
f 2165 2143 2162
f 2143 2144 2162
f 2162 2144 2160
f 2160 2161 2162
f 2162 2161 2163
f 2163 2164 2162
f 1750 2164 2163
f 1750 2163 1882
f 2164 2009 1971
f 1844 2164 1971
f 2164 1844 1877
f 1736 2164 1877
f 2164 2035 2009
f 2232 1843 1896
f 1749 2232 1896
f 1749 2235 2232
f 2234 2232 2235
f 2234 2235 2236
f 2236 2310 2234
f 2310 2312 2234
f 2310 2311 2312
f 2312 2311 2313
f 1684 2312 2313
f 1684 2313 1713
f 2313 1709 1713
f 1711 2091 1692
f 2091 2090 1692
f 2090 2091 2092
f 2092 2091 2093
f 2092 2093 2094
f 1682 2092 2094
f 2094 2093 2095
f 2095 2096 2094
f 2096 2097 2094
f 2094 2097 1665
f 2097 2096 2098
f 2097 2098 1678
f 2095 2301 2096
f 2301 2299 2096
f 2096 2299 2099
f 2299 2296 2099
f 2298 2296 2299
f 2298 2299 2300
f 2298 2300 2246
f 2248 2298 2246
f 2246 2247 2248
f 2248 2247 2249
f 2248 2249 2250
f 2250 2297 2248
f 2294 2297 2250
f 2252 2294 2250
f 2250 2251 2252
f 2252 2251 2253
f 2253 2254 2252
f 2254 2255 2252
f 2255 2292 2252
f 2290 2292 2255
f 2256 2290 2255
f 2289 2290 2256
f 2258 2289 2256
f 2256 2257 2258
f 2258 2257 2259
f 2258 2259 2260
f 2260 2286 2258
f 2285 2286 2260
f 2262 2285 2260
f 2260 2261 2262
f 2262 2261 2263
f 2262 2263 2264
f 2264 2282 2262
f 2280 2282 2264
f 2266 2280 2264
f 2264 2265 2266
f 2266 2265 2267
f 2266 2267 2268
f 2268 2278 2266
f 2276 2278 2268
f 2270 2276 2268
f 2268 2269 2270
f 2270 2269 2271
f 2270 2271 2272
f 2272 2275 2270
f 2274 2275 2272
f 2273 2274 2272
f 2273 1807 2274
f 2274 1807 1894
f 1912 2274 1894
f 1781 2273 1854
f 1854 2273 2079
f 2273 1813 2079
f 1782 2125 2018
f 2125 2027 2018
f 2125 1808 2027
f 2122 1810 2014
f 1810 2122 1884
f 2122 2076 1884
f 1809 2274 1988
f 1809 1998 2274
f 1795 2274 1998
f 1811 2277 1923
f 1923 2277 1795
f 1797 2277 1811
f 2011 1797 1811
f 1866 2279 1797
f 1717 2279 1866
f 1906 1717 1866
f 1802 2117 1851
f 2117 1756 1851
f 1756 2117 2036
f 1828 1760 2115
f 1828 2115 1855
f 2115 2074 1855
f 1824 2113 1965
f 2113 1830 1965
f 1830 2113 1867
f 1832 2111 1900
f 2111 1764 1900
f 1764 2111 2060
f 2111 1938 1950
f 2111 1758 1938
f 1758 2111 2109
f 1758 2109 1999
f 2084 2288 1757
f 2288 2287 1757
f 1757 2287 1881
f 1881 2287 1763
f 1983 1881 1763
f 1934 2287 2055
f 2055 2287 1831
f 1831 2284 1858
f 2284 1829 1858
f 1829 2284 1917
f 1969 1829 1917
f 1964 1917 1823
f 1823 2283 2066
f 1827 2066 2283
f 1827 2283 1973
f 1956 1827 1973
f 2015 1973 1759
f 1755 2281 1874
f 1874 2281 1937
f 1949 1874 1937
f 1937 2281 1801
f 2281 2279 1801
f 2280 2279 2281
f 2278 2279 2280
f 2278 2277 2279
f 1759 2281 1755
f 2283 2281 1759
f 2282 2281 2283
f 2283 2284 2282
f 2284 2285 2282
f 1973 2283 1759
f 2284 2283 1823
f 1917 2284 1823
f 1831 2287 2284
f 2286 2284 2287
f 1763 2287 1934
f 2287 2288 2286
f 2288 2289 2286
f 2007 2288 2084
f 2085 2288 2007
f 2057 2288 1835
f 2045 2288 2057
f 1833 2288 2045
f 2030 2291 1833
f 2033 2291 2030
f 2107 1746 2021
f 2107 2021 1995
f 1834 2107 1995
f 2109 1834 2013
f 2109 2013 2026
f 2109 2026 1963
f 2109 1963 2069
f 1836 2109 2069
f 1834 2109 2107
f 2108 2107 2109
f 2108 2109 2110
f 2108 2110 2196
f 2199 2108 2196
f 2198 2199 2196
f 2197 2198 2196
f 2196 2194 2197
f 2194 2201 2197
f 2203 2201 2194
f 2193 2203 2194
f 2193 2194 2192
f 2192 2190 2193
f 2191 2190 2192
f 2192 2114 2191
f 2114 2116 2191
f 2191 2116 2188
f 2116 2119 2188
f 2188 2119 2187
f 2119 2121 2187
f 2187 2121 2184
f 2121 2123 2184
f 2184 2123 2183
f 2123 2124 2183
f 2183 2124 2180
f 2124 2126 2180
f 2180 2126 2178
f 2124 2125 2126
f 2126 2125 2127
f 2126 2127 2128
f 2128 2127 2129
f 2129 2130 2128
f 2129 1742 2130
f 1890 2130 1742
f 1732 2129 2068
f 2129 2031 2068
f 2031 2129 1728
f 1728 2127 1816
f 1816 2127 2003
f 2127 1897 2003
f 2127 1814 1993
f 2127 1993 1897
f 1804 1806 2130
f 1804 2130 1944
f 2130 1933 1944
f 2130 1806 2059
f 2133 2130 2059
f 1904 2133 2059
f 1818 2133 1918
f 1724 2133 1818
f 2134 2133 1724
f 2073 2134 1724
f 2134 1864 1955
f 1726 2134 1955
f 2134 1726 1820
f 2134 1820 2137
f 2136 2134 2137
f 2136 2137 2138
f 2136 2138 2169
f 2170 2136 2169
f 2169 2168 2170
f 2170 2168 2171
f 2170 2171 2172
f 2172 2135 2170
f 1842 2171 2168
f 1842 2168 1905
f 2171 2005 2064
f 2171 2064 1863
f 2171 1863 2023
f 1826 2171 2023
f 2171 1979 1946
f 2171 1946 2056
f 2171 2056 1902
f 2171 1902 1919
f 2171 1919 2086
f 2171 2086 1847
f 2171 1847 1954
f 2041 1859 2227
f 1859 2038 2227
f 2038 1943 2227
f 1943 1880 2227
f 2028 2227 1880
f 2048 2028 1880
f 2050 2227 1825
f 2227 2050 1870
f 1825 2227 2028
f 1943 2082 1880
f 2171 1826 1979
f 2168 1932 2020
f 1846 2168 2020
f 2168 1846 1992
f 2168 1901 1932
f 1905 2168 1992
f 2171 1842 2005
f 2135 2136 2170
f 2169 2138 2166
f 2138 2137 2139
f 2138 2139 2140
f 2140 2139 2141
f 2141 2142 2140
f 2142 2141 1734
f 1922 2142 1734
f 2141 1752 2049
f 1752 2141 1848
f 2141 2046 1848
f 1948 2257 1929
f 2257 1733 1929
f 2254 1733 2257
f 1775 1733 2254
f 1775 2254 1850
f 1899 1775 1850
f 1770 2142 2051
f 2142 1776 2051
f 2142 1770 2145
f 2144 2142 2145
f 2145 2146 2144
f 2146 2147 2144
f 2147 2146 2148
f 2147 2148 2159
f 2160 2147 2159
f 2159 2158 2160
f 2158 2159 2156
f 2157 2158 2156
f 2156 2155 2157
f 1788 2157 2155
f 1788 2155 2061
f 2157 1730 1958
f 1786 2157 1958
f 1730 2157 1975
f 2157 1885 1975
f 2158 1786 1852
f 2158 1852 1952
f 1784 2158 1952
f 2161 1778 1908
f 2161 1908 1967
f 2161 1967 1856
f 1780 2161 1856
f 2163 1744 2054
f 2163 2054 1928
f 2163 1928 2037
f 1748 2163 2037
f 1953 2238 1777
f 1777 2238 2237
f 1777 2237 1868
f 2237 1779 1868
f 1779 2237 1959
f 1959 2237 1926
f 1926 2237 1887
f 1887 2237 1743
f 1747 2235 1876
f 1876 2235 1939
f 1945 1876 1939
f 2235 1747 1743
f 2237 2235 1743
f 2237 2238 2236
f 2238 2239 2236
f 2239 2309 2236
f 2306 2309 2239
f 2240 2306 2239
f 2304 2306 2240
f 2242 2304 2240
f 2240 2241 2242
f 2242 2241 2243
f 2243 2244 2242
f 2244 2245 2242
f 2245 2303 2242
f 2300 2303 2245
f 2302 2303 2300
f 2301 2302 2300
f 2303 2302 2304
f 2304 2302 2305
f 2305 2302 2093
f 2245 2244 2246
f 2244 2243 1721
f 2010 2244 1721
f 1737 2243 2065
f 2065 2243 1984
f 1984 2243 1976
f 1729 2241 1981
f 1981 2241 1857
f 1785 2238 1970
f 1783 1970 2238
f 1783 2238 1915
f 1785 2241 2238
f 1857 2241 1785
f 2241 1729 1787
f 1976 2243 1787
f 2153 1869 2002
f 1768 2153 2002
f 1722 2153 1768
f 1941 2155 1722
f 2155 1941 1951
f 1738 2155 1951
f 2155 2153 1722
f 2154 2153 2155
f 2152 2153 2154
f 2150 2152 2154
f 2156 2150 2154
f 2148 2150 2156
f 2148 2149 2150
f 2150 2149 2151
f 2149 1790 2151
f 1997 2151 1790
f 1754 2149 1921
f 2149 1892 1921
f 1892 2149 1822
f 1800 1822 2146
f 1800 2146 2070
f 2146 2078 2070
f 1753 2249 1883
f 1883 2249 2072
f 2249 1789 2072
f 1791 2247 1935
f 1935 2247 2058
f 2040 1935 2058
f 1767 1968 2244
f 1793 2244 1968
f 2247 2244 1793
f 1792 2151 1888
f 2151 1792 1931
f 1794 2151 1931
f 1960 2153 1794
f 2151 1794 2153
f 2058 2247 1793
f 1791 1789 2247
f 2249 1753 1821
f 2249 1821 2251
f 2251 1821 2022
f 2025 2251 2022
f 1990 2251 2025
f 1799 2251 1990
f 1994 2253 1837
f 2253 1994 2001
f 2006 2253 2001
f 1765 1769 2253
f 2254 1769 1961
f 1765 2253 2006
f 1837 2251 1799
f 2145 1872 2052
f 1766 2145 2052
f 2145 1766 1910
f 1838 2145 1910
f 2078 2146 1838
f 1822 2149 2146
f 2149 1754 2019
f 2151 1997 1888
f 1790 2149 2019
f 2150 2151 2152
f 2152 2151 2153
f 2153 1960 1869
f 2083 2243 1737
f 1767 2244 2010
f 1721 2243 2083
f 1787 2243 2241
f 2240 2238 2241
f 2303 2304 2242
f 2304 2305 2306
f 2306 2305 2307
f 2307 2308 2306
f 2308 2307 2089
f 2088 2308 2089
f 2088 2089 1683
f 1676 2088 1683
f 1651 2087 1652
f 2088 1652 2087
f 2087 2311 2088
f 2087 1651 1670
f 2087 1670 2318
f 2318 2313 2087
f 2314 2313 2318
f 2317 2314 2318
f 2318 1675 2317
f 1669 2317 1675
f 1693 1688 2089
f 1693 2089 1711
f 2316 1680 1671
f 2316 1671 2315
f 2316 2315 2317
f 2316 2317 1668
f 2315 1671 1694
f 1710 2315 1694
f 1686 2315 1710
f 2314 2315 1686
f 1674 2314 1686
f 2314 1674 1709
f 1680 2316 1668
f 1668 2317 1669
f 2318 1687 1675
f 2315 2314 2317
f 2318 1670 1687
f 2088 1676 1652
f 1683 2089 1688
f 2311 2308 2088
f 2089 2307 2091
f 2307 2305 2091
f 2308 2309 2306
f 2309 2308 2310
f 2239 2238 2240
f 1915 2238 1953
f 1744 2161 1780
f 1778 2161 2158
f 1778 2158 1784
f 2155 1738 2061
f 2157 1788 1885
f 2154 2155 2156
f 1786 2158 2157
f 2159 2148 2156
f 2148 2146 2149
f 2145 1838 2146
f 1872 2145 1770
f 1850 2254 1961
f 1751 2257 1948
f 1751 1761 2257
f 1873 2259 1761
f 2259 1873 1895
f 2259 1895 1773
f 1913 2259 1773
f 2261 1771 2075
f 1865 2261 2075
f 1819 2261 1839
f 1966 2263 1819
f 2263 1966 1980
f 2263 1980 1725
f 1725 1723 2263
f 2263 1723 2265
f 2265 1723 1861
f 1986 2265 1861
f 1817 1942 2265
f 1805 2265 1942
f 2267 1805 2047
f 2071 2267 2047
f 1741 2267 1803
f 2267 1741 2269
f 2269 1741 2063
f 1936 2269 2063
f 2077 2269 1731
f 1727 2269 2077
f 2271 1727 2062
f 1815 2271 2062
f 2053 1815 2062
f 2271 1815 1916
f 1813 2271 1916
f 1731 2269 1936
f 1803 2267 2071
f 1817 2265 1986
f 2081 1723 1725
f 1839 2261 1865
f 2259 1771 2261
f 1840 1772 2137
f 1840 2137 2042
f 2137 1978 2042
f 2137 1772 1860
f 2044 2139 1860
f 1774 2139 2044
f 1940 1774 2044
f 1762 2139 1774
f 2259 1913 1771
f 2046 2141 1762
f 1922 1776 2142
f 1734 2141 2049
f 1762 2141 2139
f 2139 2137 1860
f 2135 2134 2136
f 2134 2135 2132
f 1978 2137 1820
f 2134 2073 1864
f 2133 2134 2132
f 2133 1904 1918
f 2132 2130 2133
f 2130 1890 1933
f 2129 1732 1742
f 2129 2127 1728
f 1814 2127 2125
f 2124 2122 2125
f 2123 2122 2124
f 2122 2123 2121
f 2120 2122 2121
f 1796 2122 2120
f 1796 2120 1812
f 2120 1875 2039
f 2120 1972 1875
f 2120 1798 1972
f 2118 1718 1798
f 1718 2118 2008
f 2118 2034 2008
f 1798 2120 2118
f 2118 2120 2119
f 1812 2120 2039
f 2122 1796 1925
f 2120 2121 2119
f 2118 2119 2116
f 2117 2118 2116
f 2116 2115 2117
f 2114 2115 2116
f 2114 2113 2115
f 2112 2113 2114
f 2112 2111 2113
f 2110 2111 2112
f 2110 2112 2195
f 2195 2112 2192
f 2112 2114 2192
f 2194 2195 2192
f 2195 2194 2196
f 2198 2197 2201
f 2200 2198 2201
f 2200 2201 2202
f 2202 2104 2200
f 2104 2106 2200
f 2200 2106 2199
f 2104 2105 2106
f 2106 2105 2107
f 2107 2105 1879
f 2107 1879 1891
f 2107 1891 1920
f 2017 2105 1909
f 1909 2105 1903
f 1903 2105 1871
f 1947 2105 1977
f 1977 2105 2016
f 2016 2105 1862
f 2012 1862 2004
f 1991 2291 1989
f 1989 2291 1927
f 1898 1745 1849
f 1745 2291 1849
f 1927 2291 1745
f 2004 2291 1991
f 2000 2004 1991
f 1862 2291 2004
f 2105 2291 1862
f 2293 2291 2105
f 2103 2293 2105
f 2295 2293 2103
f 2101 2295 2103
f 2296 2295 2101
f 2295 2296 2294
f 2294 2293 2295
f 2292 2293 2294
f 2292 2291 2293
f 1871 2105 1947
f 1879 2105 2017
f 2104 2103 2105
f 2102 2103 2104
f 2199 2198 2200
f 2106 2108 2199
f 2196 2110 2195
f 2106 2107 2108
f 1746 2107 1920
f 2291 2033 1849
f 2291 2288 1833
f 2290 2288 2291
f 1835 2288 2085
f 2109 1836 1999
f 2110 2109 2111
f 2111 1950 2060
f 1832 2113 2111
f 2113 1832 1930
f 2113 1930 1957
f 2113 1957 1867
f 1824 2115 2113
f 2115 1824 1914
f 2115 1914 2074
f 1760 2117 2115
f 2117 1760 2043
f 2117 2043 1974
f 2117 1974 2036
f 1802 2118 2117
f 2118 1802 2034
f 1717 1801 2279
f 2279 2277 1797
f 1889 1923 1795
f 2277 2274 1795
f 2276 2274 2277
f 2122 1925 2076
f 1808 2122 2014
f 1808 2125 2122
f 2125 1782 1814
f 2271 1813 2273
f 1988 2274 1912
f 1781 1807 2273
f 2275 2274 2276
f 2272 2271 2273
f 2269 1727 2271
f 2275 2276 2270
f 2276 2277 2278
f 2268 2267 2269
f 2265 1805 2267
f 2278 2280 2266
f 2280 2281 2282
f 2264 2263 2265
f 2263 2261 1819
f 2282 2285 2262
f 2285 2284 2286
f 2260 2259 2261
f 2259 2257 1761
f 2256 2254 2257
f 2286 2289 2258
f 2289 2288 2290
f 2290 2291 2292
f 2255 2254 2256
f 2253 1769 2254
f 1837 2253 2251
f 2292 2294 2252
f 2296 2297 2294
f 2250 2249 2251
f 2247 1789 2249
f 2246 2244 2247
f 2297 2298 2248
f 2246 2300 2245
f 2297 2296 2298
f 2300 2299 2301
f 2302 2301 2095
f 2093 2302 2095
f 2091 2305 2093
f 2089 2091 1711
f 2314 1709 2313
f 2313 2311 2087
f 2310 2308 2311
f 2309 2310 2236
f 2236 2235 2237
f 2233 2232 2234
f 1939 2235 1749
f 1843 2232 1853
f 1853 2232 1962
f 2024 2232 1735
f 1962 2232 2024
f 2163 1748 1882
f 2164 1750 2035
f 1744 2163 2161
f 2160 2158 2161
f 2144 2147 2160
f 2143 2142 2144
f 2142 2143 2140
f 2138 2140 2166
f 2164 2165 2162
f 2168 2169 2166
f 2168 1720 1901
f 2167 1740 2032
f 1736 2167 2164
f 2232 2231 1735
f 2231 2232 2230
f 2231 1911 1987
f 2230 2228 2231
f 2229 2228 2230
f 1845 2228 1878
f 1907 2228 1985
f 1841 2227 1870
f 2224 2225 2226
f 1924 2041 2227
f 2171 1954 1924
f 2224 2223 2225
f 2172 2171 2173
f 2132 2135 2172
f 2131 2130 2132
f 2130 2131 2128
f 2126 2128 2178
f 2176 2177 2174
f 2221 2219 2176
f 2178 2179 2180
f 2182 2183 2180
f 2183 2182 2184
f 2186 2187 2184
f 2213 2211 2185
f 2212 2211 2213
f 2212 2213 2214
f 2210 2211 2212
f 2210 2209 2211
f 2187 2186 2188
f 2190 2191 2188
f 2209 2206 2189
f 2208 2206 2209
f 2207 2206 2208
f 2190 2205 2193
f 2205 2203 2193
f 2202 2201 2203
f 2102 2104 2202
f 2102 2101 2103
f 2099 2296 2101
f 2098 2096 2099
f 2098 1706 1704
f 1704 1678 2098
f 1673 2097 1678
f 1673 1665 2097
f 2094 1665 1702
f 1702 1682 2094
f 2092 1682 1700
f 1700 1698 2092
f 1698 2090 2092
f 1692 2090 1715
f 1684 1685 2312
f 2234 2312 2233
f 2232 2233 2230
f 2229 2230 1666
f 2228 2229 2226
f 2224 2226 1658
f 1656 2224 1658
f 2222 2223 2224
f 2220 2222 1655
f 1690 2218 2220
f 1695 2216 1691
f 2218 2217 2219
f 2217 2215 2181
f 2214 2213 2215
f 1695 1697 2216
f 2214 1681 2212
f 1664 2210 2212
f 2208 2209 2210
f 2207 2208 1703
f 2206 2207 2204
f 2100 2204 1716

usemtl Turquoise_0
f 1841 2381 1985
f 2381 2382 1985
f 2382 1907 1985
f 1907 2382 2080
f 2383 1878 2080
f 1878 2383 1845
f 1845 2383 1893
f 2384 1911 1719
f 1911 2384 1987
f 2384 2385 1987
f 2385 1996 1987
f 1886 1739 2385
f 2385 2386 1886
f 2386 2385 2366
f 2365 2386 2366
f 2365 2366 1982
f 1736 2365 1982
f 2029 2366 1740
f 1740 2366 2032
f 2366 2367 2032
f 2367 2067 2032
f 1882 2363 1750
f 2363 2035 1750
f 2364 2035 2363
f 2363 2388 2364
f 2388 2387 2364
f 2364 2387 2365
f 2364 2365 1971
f 2009 2364 1971
f 2365 1877 1844
f 1971 2365 1844
f 2387 2388 1896
f 1843 2387 1896
f 2416 1912 1894
f 2415 2416 1894
f 2415 1894 1781
f 1854 2415 1781
f 1813 2414 2079
f 2414 2415 2079
f 2415 2414 2337
f 2336 2415 2337
f 2018 2336 2337
f 2018 2337 1782
f 2336 2027 1808
f 2336 1808 2014
f 2335 2336 2014
f 1810 2335 2014
f 2335 1884 2076
f 2335 2076 2334
f 2334 2417 2335
f 2417 2416 2335
f 2416 2417 1988
f 2417 1809 1988
f 1998 2417 1795
f 1889 1795 2417
f 2417 2418 1889
f 2418 1923 1889
f 1923 2418 1811
f 2419 2011 1811
f 2011 2419 1797
f 2419 1866 1797
f 2420 1717 1906
f 2419 2420 1906
f 2420 2419 2332
f 2331 2420 2332
f 2332 2034 2331
f 2331 2034 1802
f 1851 2331 1802
f 2036 2330 1756
f 2330 2331 1756
f 2330 2421 2331
f 2422 2421 2330
f 2329 2422 2330
f 2330 2043 2329
f 2329 2043 1760
f 1828 2329 1760
f 2329 1855 2074
f 2329 2074 2328
f 2328 2423 2329
f 2424 2423 2328
f 2327 2424 2328
f 2327 2328 1824
f 1965 2327 1824
f 1867 2327 1830
f 2327 1867 1957
f 2327 1957 2326
f 2326 2425 2327
f 2426 2425 2326
f 2325 2426 2326
f 2325 2326 1832
f 1900 2325 1832
f 2060 2325 1764
f 1950 2325 2060
f 2324 2325 1950
f 1938 2324 1950
f 1999 2323 1758
f 2323 2324 1758
f 2323 2428 2324
f 2428 2427 2324
f 2427 2428 2084
f 1757 2427 2084
f 2426 1983 1763
f 1934 2426 1763
f 2426 1934 2055
f 2425 2055 1831
f 1858 2425 1831
f 1917 2424 1969
f 2424 2425 1969
f 2424 1917 1964
f 1964 1823 2423
f 2066 2423 1823
f 2422 1956 1973
f 2422 1973 2015
f 2421 2015 1759
f 2421 1759 1755
f 1874 2421 1755
f 1937 2420 1949
f 1949 2420 2421
f 2420 1937 1801
f 2421 1874 1949
f 2422 2423 1956
f 2423 1827 1956
f 2423 2066 1827
f 2425 1829 1969
f 2425 1858 1829
f 2427 1983 2426
f 2427 1881 1983
f 2007 2428 2085
f 2085 2428 1835
f 2428 2429 1835
f 2429 2057 1835
f 2045 2429 1833
f 1833 2429 2030
f 2033 2030 2430
f 2431 2033 2430
f 2431 2430 2321
f 2320 2431 2321
f 2320 2321 2021
f 1746 2320 2021
f 1995 2321 1834
f 2321 2013 1834
f 2069 2323 1836
f 2323 2069 1963
f 2323 1963 2322
f 2322 2429 2323
f 2430 2429 2322
f 2322 1963 2026
f 2322 2026 2013
f 2322 2013 2321
f 2339 1890 1742
f 1732 2339 1742
f 2068 2339 1732
f 2338 2031 1728
f 1816 2338 1728
f 1897 2338 2003
f 1897 2337 2338
f 1993 2337 1897
f 2337 1993 1814
f 2003 2338 1816
f 2339 2031 2338
f 2338 2413 2339
f 2413 2412 2339
f 2339 2412 2340
f 2412 2411 2340
f 2340 2411 2341
f 2340 2341 1806
f 1804 2340 1806
f 1933 2340 1944
f 2340 1933 1890
f 2059 2341 1904
f 2341 2342 1904
f 1904 2342 1918
f 1918 2342 1818
f 2342 2073 1724
f 2343 2073 2342
f 2342 2409 2343
f 2409 2408 2343
f 2343 2408 2344
f 2343 2344 1955
f 1864 2343 1955
f 1905 2370 1842
f 2370 2005 1842
f 2005 2370 2064
f 2023 2372 1826
f 2372 1979 1826
f 2372 1946 1979
f 1847 2375 1954
f 1954 2375 2376
f 2376 1924 1954
f 1924 2376 2041
f 2376 2377 2041
f 2377 1859 2041
f 1880 2379 2048
f 2048 2379 2380
f 2380 2379 2372
f 2371 2380 2372
f 2381 2380 2371
f 2370 2381 2371
f 2380 2381 2050
f 1825 2380 2050
f 2028 2380 1825
f 2381 1870 2050
f 2372 2379 2373
f 2379 2378 2373
f 2373 2378 2374
f 2374 1902 2373
f 2378 2377 2374
f 2374 2377 2375
f 2374 2375 2086
f 2377 2378 2038
f 2378 2379 2082
f 1943 2378 2082
f 2379 1880 2082
f 2380 2028 2048
f 2378 1943 2038
f 1859 2377 2038
f 2376 2375 2377
f 2375 1847 2086
f 1919 2374 2086
f 1902 2374 1919
f 2056 2373 1902
f 2373 2056 1946
f 2372 2373 1946
f 2023 2371 2372
f 1863 2371 2023
f 2371 1863 2064
f 2370 2371 2064
f 2370 1905 2369
f 2369 2382 2370
f 2383 2382 2369
f 2368 2383 2369
f 2368 2369 2020
f 1932 2368 2020
f 2369 1992 1846
f 1901 2368 1932
f 2368 1901 1720
f 2367 2368 1720
f 2367 2384 2368
f 2369 1846 2020
f 2384 2383 2368
f 1992 2369 1905
f 2348 1922 1734
f 2348 1734 2049
f 2347 2348 2049
f 1752 2347 2049
f 2347 1848 2046
f 2347 2046 2346
f 2346 2405 2347
f 2405 2404 2347
f 2404 2405 1948
f 1929 2404 1948
f 1850 2403 1899
f 1899 2403 2404
f 2404 2403 2348
f 2348 2403 2349
f 2348 2349 1770
f 2051 2348 1770
f 2061 2357 1788
f 2357 1885 1788
f 2358 1885 2357
f 2357 2394 2358
f 2394 2393 2358
f 2358 2393 2359
f 2358 2359 1958
f 1730 2358 1958
f 1975 2358 1730
f 2359 1786 1958
f 2359 1852 1786
f 1952 2359 1784
f 1784 2359 1778
f 2359 2360 1778
f 2360 1908 1778
f 1856 2361 1780
f 1780 2361 1744
f 2361 2054 1744
f 2037 2362 1748
f 2362 2363 1748
f 2362 2389 2363
f 2390 2389 2362
f 2361 2390 2362
f 2391 2390 2361
f 2360 2391 2361
f 2360 2361 1967
f 2392 2391 2360
f 2391 2392 1953
f 1777 2391 1953
f 2391 1868 1779
f 1959 2391 1779
f 1926 2390 1959
f 2390 1926 1887
f 2389 1887 1743
f 2389 1743 1747
f 1876 2389 1747
f 1939 2388 1945
f 2388 2389 1945
f 1749 2388 1939
f 2389 1876 1945
f 2396 2010 1721
f 2083 2396 1721
f 2396 2083 1737
f 2395 2396 1737
f 2065 2395 1737
f 1976 2394 1984
f 2394 2395 1984
f 2394 1976 1787
f 2394 1787 1729
f 2394 1729 1981
f 1857 2393 1981
f 2393 1857 1785
f 1970 2393 1785
f 1915 2392 1783
f 2392 2393 1783
f 2393 1970 1783
f 2395 2065 1984
f 2396 2395 2356
f 2355 2396 2356
f 2355 2356 2002
f 1869 2355 2002
f 1768 2356 1722
f 2356 1941 1722
f 1951 2356 1738
f 2356 2357 1738
f 1941 2356 1951
f 2353 1997 1790
f 2352 2353 1790
f 2019 2352 1790
f 2352 2019 1754
f 1921 2352 1754
f 2351 1892 1822
f 1800 2351 1822
f 2351 2070 2078
f 2351 2078 2350
f 2350 2401 2351
f 2401 2400 2351
f 2351 2400 2352
f 2400 2399 2352
f 2399 2400 2022
f 2399 2022 1753
f 1883 2399 1753
f 2399 2072 1789
f 2399 1789 1791
f 2398 2399 1791
f 1935 2398 1791
f 2397 2040 2058
f 2397 2058 1793
f 2397 1793 1968
f 2396 2397 1968
f 1968 1767 2396
f 2397 2398 2040
f 2398 2397 2354
f 2353 2398 2354
f 2353 2354 1792
f 1888 2353 1792
f 1931 2354 1794
f 2354 1960 1794
f 2355 1960 2354
f 2354 1931 1792
f 2354 2397 2355
f 2398 1935 2040
f 2399 2398 2353
f 2400 1990 2025
f 2401 1799 1990
f 2401 1837 1799
f 2401 1994 1837
f 2402 2006 2001
f 2401 2402 2001
f 2006 2402 1765
f 2402 1769 1765
f 2402 1961 1769
f 2402 2403 1961
f 1994 2401 2001
f 2399 1883 2072
f 2022 1821 1753
f 2400 2025 2022
f 2400 2401 1990
f 2402 2401 2350
f 2349 2402 2350
f 2349 2350 2052
f 1872 2349 2052
f 1910 2350 1838
f 2350 1910 1766
f 2350 1766 2052
f 2350 2078 1838
f 2070 2351 1800
f 2352 1892 2351
f 2352 1921 1892
f 2352 2399 2353
f 2353 1888 1997
f 2355 1869 1960
f 2002 2356 1768
f 2397 2396 2355
f 2356 2395 2357
f 2010 2396 1767
f 1868 2391 1777
f 2392 1915 1953
f 1959 2390 2391
f 2389 2390 1887
f 1928 2362 2037
f 2362 1928 2054
f 2362 2054 2361
f 2361 1856 1967
f 1908 2360 1967
f 2359 2392 2360
f 1852 2359 1952
f 2393 2392 2359
f 2393 2394 1981
f 2395 2394 2357
f 2358 1975 1885
f 2357 2061 1738
f 2348 2051 1776
f 2349 1872 1770
f 2403 2402 2349
f 2403 1850 1961
f 1899 2404 1775
f 2404 1733 1775
f 2405 1761 1751
f 2405 1873 1761
f 2406 1913 1773
f 1913 2406 1771
f 1771 2406 2075
f 2407 1865 2075
f 1865 2407 1839
f 2407 1966 1839
f 1966 1819 1839
f 1861 2409 1986
f 2409 2410 1986
f 2410 1817 1986
f 2410 1942 1817
f 1942 2410 1805
f 1805 2410 2047
f 2411 2071 2047
f 2071 2411 1803
f 2411 1741 1803
f 2412 1936 2063
f 1936 2412 1731
f 1731 2412 2077
f 2413 1727 2077
f 2413 2062 1727
f 2053 2414 1815
f 2414 1916 1815
f 2414 2053 2413
f 2062 2413 2053
f 2411 2063 1741
f 2410 2411 2047
f 2409 1861 1723
f 2409 1723 2081
f 1725 2408 2081
f 1980 2408 1725
f 2408 1980 1966
f 2407 2408 1966
f 2406 2407 2075
f 2407 2406 2345
f 2344 2407 2345
f 2344 2345 1772
f 1840 2344 1772
f 1978 2344 2042
f 2344 1978 1820
f 2042 2344 1840
f 2345 1860 1772
f 1860 2345 2044
f 2346 1940 2044
f 1774 1940 2346
f 1762 1774 2346
f 2346 2044 2345
f 2345 2406 2346
f 2406 1773 1895
f 2405 2406 1895
f 1873 2405 1895
f 2404 1929 1733
f 2405 1751 1948
f 2406 2405 2346
f 2346 2046 1762
f 1848 2347 1752
f 2347 2404 2348
f 1922 2348 1776
f 1726 2344 1820
f 1955 2344 1726
f 2408 2407 2344
f 2408 2409 2081
f 2410 2409 2342
f 2343 1864 2073
f 1818 2342 1724
f 2341 2410 2342
f 1944 2340 1804
f 2341 2059 1806
f 2411 2410 2341
f 2411 2412 2063
f 2412 2413 2077
f 2414 2413 2338
f 2339 2068 2031
f 2340 1890 2339
f 1812 2333 1796
f 2333 2334 1796
f 2334 1925 1796
f 2333 2418 2334
f 2419 2418 2333
f 2039 2333 1812
f 1875 2333 2039
f 2332 1972 1798
f 1718 2332 1798
f 2008 2332 1718
f 2333 1972 2332
f 2333 1875 1972
f 2320 1920 1891
f 2320 1891 2319
f 2319 2432 2320
f 2433 2432 2319
f 2438 2433 2319
f 2319 2017 2438
f 1909 2438 2017
f 1871 2437 1903
f 2438 1903 2437
f 2437 2434 2438
f 2435 2434 2437
f 2436 2435 2437
f 2436 2437 1947
f 1977 2436 1947
f 1862 2435 2016
f 2435 1862 2012
f 2004 2434 2012
f 2434 2004 2000
f 2434 2000 2433
f 1991 2433 2000
f 2433 1991 1989
f 1927 2432 1989
f 2432 1927 1745
f 2431 2432 1745
f 1898 2431 1745
f 1849 2431 1898
f 2436 1977 2016
f 2436 2016 2435
f 2434 2435 2012
f 2437 1871 1947
f 2438 1909 1903
f 2319 1879 2017
f 2434 2433 2438
f 2433 1989 2432
f 1879 2319 1891
f 1920 2320 1746
f 2321 1995 2021
f 2432 2431 2320
f 2321 2430 2322
f 2431 1849 2033
f 2429 2430 2030
f 2429 2045 2057
f 1881 2427 1757
f 2428 2007 2084
f 2429 2428 2323
f 2323 1999 1836
f 2324 1938 1758
f 2324 2427 2325
f 2325 1900 1764
f 2326 1930 1832
f 2427 2426 2325
f 2426 2055 2425
f 1930 2326 1957
f 2327 1965 1830
f 2328 1914 1824
f 2425 2424 2327
f 2423 2424 1964
f 1914 2328 2074
f 1855 2329 1828
f 2330 1974 2043
f 2423 2422 2329
f 2421 2422 2015
f 1974 2330 2036
f 2331 1851 1756
f 2332 2008 2034
f 2421 2420 2331
f 2332 2419 2333
f 2420 1801 1717
f 1866 2419 1906
f 2418 2419 1811
f 2417 1998 1809
f 2418 2417 2334
f 1925 2334 2076
f 1884 2335 1810
f 2335 2416 2336
f 1782 2337 1814
f 2027 2336 2018
f 2337 2414 2338
f 1916 2414 1813
f 2415 1854 2079
f 2416 2415 2336
f 1912 2416 1988
f 1894 1807 1781
f 2387 1853 1962
f 2386 2387 1962
f 2386 1962 2024
f 2386 2024 1735
f 1853 2387 1843
f 2388 1749 1896
f 2389 2388 2363
f 2364 2009 2035
f 2363 1882 1748
f 2067 2367 1720
f 1877 2365 1736
f 2366 2029 1982
f 2387 2386 2365
f 2366 2385 2367
f 2386 1735 1886
f 1996 2385 1739
f 2385 2384 2367
f 2384 1719 1893
f 2383 2384 1893
f 2382 2383 2080
f 2382 2381 2370
f 1870 2381 1841

usemtl Green_0
f 2440 4 35
f 2440 35 39
f 2440 34 4
f 2440 68 34
f 2440 32 33
f 2440 31 32
f 2441 18 24
f 18 2441 64
f 2441 2440 64
f 2439 2440 2441
f 2439 2441 1716
f 2442 2439 1716
f 1707 2442 1716
f 1703 2442 1705
f 1677 2442 1703
f 1664 2442 1672
f 1701 2442 1664
f 2442 1714 1681
f 1699 2442 1681
f 1690 2442 1689
f 1654 2442 1690
f 1655 2440 1712
f 2440 2442 1712
f 1653 2440 1655
f 1656 2440 1657
f 1658 2440 1656
f 1659 2440 1658
f 1666 2440 1661
f 1667 2440 1666
f 1685 2440 1660
f 1684 2440 1685
f 2440 1684 865
f 827 2440 865
f 840 2440 873
f 871 2440 840
f 919 2440 869
f 2440 919 867
f 851 2440 867
f 850 2440 849
f 805 2440 850
f 921 2440 806
f 2440 921 804
f 808 2440 804
f 809 2440 807
f 810 2440 809
f 817 2440 812
f 819 2440 817
f 845 2440 811
f 844 2440 845
f 929 2440 844
f 65 929 933
f 69 65 933
f 69 933 829
f 62 69 829
f 62 829 913
f 70 62 913
f 909 70 913
f 846 71 909
f 72 71 846
f 856 72 846
f 66 856 825
f 13 66 825
f 73 13 825
f 839 73 825
f 821 67 839
f 61 67 821
f 823 61 821
f 60 823 831
f 63 60 831
f 847 63 831
f 824 40 847
f 40 44 847
f 847 44 20
f 847 20 17
f 847 17 11
f 847 11 38
f 847 38 36
f 847 36 37
f 847 37 6
f 3 847 6
f 9 847 21
f 25 847 9
f 28 847 29
f 79 847 28
f 29 847 25
f 903 23 75
f 903 75 901
f 2441 903 852
f 2441 852 838
f 2441 838 868
f 2441 868 870
f 2441 870 872
f 2441 872 841
f 2441 841 874
f 2441 874 816
f 2441 816 828
f 2441 828 835
f 2441 835 877
f 2441 877 878
f 895 2441 878
f 2441 879 880
f 2441 880 866
f 2441 866 881
f 905 2441 881
f 887 2441 820
f 2441 887 882
f 2441 882 886
f 2441 886 854
f 2441 854 858
f 2441 858 843
f 2441 843 857
f 2441 857 863
f 2441 863 861
f 2441 861 862
f 1679 2441 862
f 1679 862 1715
f 2441 1696 1698
f 2441 1698 1700
f 2441 1700 1682
f 2441 1682 1702
f 2441 1702 1665
f 2441 1665 1673
f 2441 1673 1678
f 2441 1678 1704
f 2441 1704 1706
f 2441 1706 1708
f 922 1713 1709
f 1709 930 922
f 930 836 922
f 875 914 1710
f 910 875 1710
f 910 1710 864
f 876 910 864
f 924 51 926
f 926 51 49
f 926 49 928
f 49 77 928
f 928 77 803
f 936 78 932
f 932 78 76
f 932 76 912
f 912 76 42
f 912 42 802
f 802 43 824
f 42 43 802
f 10 54 917
f 55 10 917
f 915 55 917
f 842 56 915
f 842 57 56
f 47 53 853
f 901 47 853
f 853 53 899
f 899 58 889
f 889 50 893
f 893 48 848
f 897 45 891
f 848 41 897
f 53 58 899
f 889 58 50
f 893 50 48
f 848 48 41
f 41 45 897
f 45 57 891
f 891 57 842
f 907 52 833
f 833 52 46
f 833 46 924
f 907 54 52
f 915 56 55
f 917 54 907
f 59 78 936
f 803 59 936
f 803 77 59
f 46 51 924
f 888 906 1715
f 1715 906 1692
f 906 896 1692
f 1711 1692 896
f 1683 890 1676
f 890 894 1676
f 1676 894 1652
f 894 859 1652
f 859 898 1652
f 1652 898 1651
f 1669 1675 923
f 925 1669 923
f 892 834 1670
f 855 892 1651
f 834 916 1670
f 1670 916 1687
f 916 918 1687
f 1687 918 885
f 1688 832 900
f 1688 900 1683
f 902 832 1688
f 1693 902 1688
f 1711 904 1693
f 1693 904 902
f 900 822 1683
f 1687 885 908
f 1675 1687 908
f 1675 908 883
f 1668 884 927
f 1680 1668 927
f 826 1680 927
f 826 935 1680
f 1680 935 1671
f 911 1710 1694
f 931 911 1694
f 860 1710 818
f 830 1710 860
f 818 1710 911
f 934 1674 1686
f 914 934 1686
f 1671 931 1694
f 935 931 1671
f 1668 925 884
f 1668 1669 925
f 1675 883 923
f 1651 892 1670
f 898 855 1651
f 1683 822 890
f 1711 896 904
f 864 1710 830
f 914 1686 1710
f 837 934 914
f 934 930 1674
f 930 1709 1674
f 920 1713 922
f 865 1713 920
f 1715 862 888
f 2441 1679 1696
f 2441 905 820
f 2441 895 879
f 901 75 47
f 903 2441 23
f 2441 22 23
f 21 847 3
f 44 5 20
f 824 43 40
f 79 63 847
f 60 61 823
f 67 73 839
f 66 72 856
f 71 70 909
f 929 14 26
f 7 2440 26
f 1 2440 7
f 2440 1 74
f 2 2440 74
f 2440 8 12
f 2440 12 30
f 2440 2 8
f 929 65 14
f 2440 929 26
f 811 2440 813
f 813 2440 819
f 812 2440 814
f 814 2440 810
f 807 2440 808
f 806 2440 805
f 849 2440 851
f 869 2440 871
f 873 2440 815
f 815 2440 827
f 865 1684 1713
f 1660 2440 1662
f 1662 2440 1667
f 1661 2440 1663
f 1663 2440 1659
f 1657 2440 1653
f 1654 1712 2442
f 1689 2442 1691
f 1691 2442 1695
f 1695 2442 1697
f 1697 2442 1699
f 1714 2442 1701
f 1672 2442 1677
f 1705 2442 1707
f 2441 1708 1716
f 2440 2439 2442
f 2441 24 22
f 2440 30 31
f 2440 33 27
f 68 2440 27
f 2440 39 16
f 2440 16 19
f 2440 19 15
f 2440 15 64

