# Exported from 3D Builder
mtllib tinker.mtl

o Object.1
v -3.050540 26.481405 18.249996
v -2.618838 26.481405 19.243599
v -3.174366 26.481405 18.249996
v -2.632948 26.481405 19.243599
v -2.382376 26.481405 19.243599
v -2.375561 26.481405 19.149035
v -11.246697 26.481405 19.243599
v -2.979326 26.481405 18.249996
v -2.576653 26.481405 19.243599
v -25.366362 26.481405 19.517664
v -24.372763 26.481405 19.628273
v -3.131824 26.481405 18.249996
v -2.619358 26.481405 19.243599
v -2.820388 26.481405 18.249996
v -2.529468 26.481405 19.243599
v -2.810951 26.481405 18.249996
v -2.526745 26.481405 19.243599
v -3.323043 26.481405 18.249996
v -2.676516 26.481405 19.243599
v -2.471202 26.481405 18.249996
v -2.428683 26.481405 19.243599
v -3.377197 26.481405 18.249996
v -2.690180 26.481405 19.243599
v -2.839263 26.481405 18.249996
v -2.534916 26.481405 19.243599
v -4.404537 26.481405 18.249996
v -2.986700 26.481405 19.243599
v -3.455843 26.481405 18.249996
v -2.712880 26.481405 19.243599
v -3.190539 26.481405 18.249996
v -2.645481 26.481405 19.243599
v -25.366362 26.481405 18.935440
v -18.395096 26.481405 19.243599
v -2.381483 26.481405 19.243599
v -2.375561 26.481405 19.161346
v -11.547541 26.481405 18.249996
v -10.906500 26.481405 19.243599
v -2.520312 26.481405 18.249996
v -2.476941 26.481405 19.243599
v -3.223053 26.481405 18.249996
v -2.645689 26.481405 19.243599
v -3.179011 26.481405 18.249996
v -2.632978 26.481405 19.243599
v -25.366362 26.481405 24.557692
v -24.377930 26.481405 25.241999
v -3.134294 26.481405 18.249996
v -2.622037 26.481405 19.243599
v -25.366362 26.481405 19.646540
v -24.372763 26.481405 19.771910
v -4.754971 26.481405 18.249996
v -3.375245 26.481405 19.243599
v -2.983970 26.481405 18.249996
v -2.576683 26.481405 19.243599
v -3.012431 26.481405 18.249996
v -2.587519 26.481405 19.243599
v -2.825328 26.481405 18.249996
v -2.534827 26.481405 19.243599
v -3.021720 26.481405 18.249996
v -2.587579 26.481405 19.243599
v -2.472849 26.481405 18.249996
v -2.430469 26.481405 19.243599
v -2.468879 26.481405 18.249996
v -2.428668 26.481405 19.243599
v -2.653659 26.481405 18.249996
v -2.481345 26.481405 19.243599
v -18.248495 26.481405 19.243599
v -2.694831 26.481405 18.249996
v -2.526001 26.481405 19.243599
v -3.223876 26.481405 18.249996
v -2.646582 26.481405 19.243599
v -25.366362 26.481405 22.097052
v -24.372763 26.481405 22.503099
v -25.366362 26.481405 22.627083
v -24.372763 26.481405 23.093840
v -25.366362 26.481405 24.557680
v -24.377913 26.481405 25.241999
v -2.880138 26.481405 18.249996
v -2.574243 26.481405 19.243599
v -4.754971 26.481405 18.249996
v -3.375245 26.481405 19.243599
v -16.132523 26.481405 19.243599
v -25.366362 26.481405 18.860056
v -25.366362 26.481405 18.975140
v -19.862940 26.481405 19.243599
v -25.366362 26.481405 19.123766
v -23.548319 26.481405 19.243599
v -25.366362 26.481405 19.255783
v -24.372763 26.481405 19.336397
v -25.366362 26.481405 19.177849
v -24.372763 26.481405 19.249537
v -18.145037 26.481405 18.249996
v -14.371265 26.481405 19.243599
v -3.704166 26.481405 18.249996
v -2.982218 26.481405 19.243599
v -3.451199 26.481405 18.249996
v -2.712850 26.481405 19.243599
v -3.615197 26.481405 18.249996
v -2.885720 26.481405 19.243599
v -3.396136 26.481405 18.249996
v -2.710722 26.481405 19.243599
v -3.372553 26.481405 18.249996
v -2.690150 26.481405 19.243599
v -3.340715 26.481405 18.249996
v -2.688171 26.481405 19.243599
v -3.370906 26.481405 18.249996
v -2.688364 26.481405 19.243599
v -3.330011 26.481405 18.249996
v -2.676561 26.481405 19.243599
v -3.320573 26.481405 18.249996
v -2.673837 26.481405 19.243599
v -3.250901 26.481405 18.249996
v -2.673391 26.481405 19.243599
v -3.226198 26.481405 18.249996
v -2.646597 26.481405 19.243599
v -3.172719 26.481405 18.249996
v -2.631161 26.481405 19.243599
v -3.149495 26.481405 18.249996
v -2.631013 26.481405 19.243599
v -3.141261 26.481405 18.249996
v -2.622082 26.481405 19.243599
v -3.009137 26.481405 18.249996
v -2.583947 26.481405 19.243599
v -2.990558 26.481405 18.249996
v -2.583828 26.481405 19.243599
v -2.977679 26.481405 18.249996
v -2.574867 26.481405 19.243599
v -2.840909 26.481405 18.249996
v -2.536702 26.481405 19.243599
v -2.845554 26.481405 18.249996
v -2.536732 26.481405 19.243599
v -2.813421 26.481405 18.249996
v -2.529424 26.481405 19.243599
v -2.644370 26.481405 18.249996
v -2.481286 26.481405 19.243599
v -2.641077 26.481405 18.249996
v -2.477714 26.481405 19.243599
v -2.477494 26.481405 18.249996
v -2.430499 26.481405 19.243599
v -2.426885 26.481405 18.249996
v -2.383120 26.481405 19.243599
v -2.381468 26.481405 19.243599
v -2.375561 26.481405 19.164118
v -2.468056 26.481405 18.249996
v -2.427775 26.481405 19.243599
v -3.449551 26.481405 18.249996
v -2.711064 26.481405 19.243599
v -24.861204 26.481405 25.241999
v -24.372763 26.481405 25.241999
v -25.366362 26.481405 25.241999
v -25.366362 26.481405 18.738440
v -25.366362 26.481405 18.249996
v -8.116362 26.481405 18.249996
v -13.734209 26.481405 18.249996
v -21.603306 26.481405 18.249996
v -19.616362 26.481405 18.249996
v -14.016465 26.481405 18.249996
v -13.875563 26.481405 18.249996
v -6.261182 26.481405 18.249996
v -2.375561 26.481405 18.249996
v -25.366362 26.481405 19.243599
v -25.366362 26.481405 22.192337
v -24.372763 26.481405 22.192337
v -24.372763 26.481405 19.243599
v -13.758305 26.481405 19.243599
v -18.871161 26.481405 19.243599
v -13.369561 26.481405 19.243599
v -13.234529 26.481405 19.243599
v -7.867961 26.481405 19.243599
v -20.834618 26.481405 19.243599
v -6.093053 26.481405 19.243599
v -2.375561 26.481405 19.243599
v -2.375561 26.481405 18.738440
v -16.863012 26.481405 25.250002
v -4.191869 26.481405 25.250002
v -18.250629 26.481405 25.250002
v -25.366364 26.481405 26.231670
v -17.152481 26.481405 25.250002
v -3.131069 26.481405 25.250002
v -10.358189 26.481405 25.250002
v -17.370790 26.481405 26.250002
v -24.366371 26.481405 25.250002
v -25.366364 26.481405 25.475164
v -2.967544 26.481405 25.250002
v -7.657422 26.481405 25.250002
v -4.836377 26.481405 26.250002
v -2.366365 26.481405 26.011253
v -23.777468 26.481405 26.250002
v -3.366405 26.481405 25.250002
v -2.883041 26.481405 25.250002
v -2.423465 26.481405 25.250002
v -9.127626 26.481405 26.250002
v -21.286467 26.481405 26.250002
v -16.884272 26.481405 26.250002
v -20.104513 26.481405 25.250002
v -25.366364 26.481405 26.072475
v -2.825542 26.481405 25.250002
v -9.345138 26.481405 26.250002
v -7.657426 26.481405 25.250002
v -8.517143 26.481405 26.250002
v -2.366365 26.481405 25.398355
v -16.862993 26.481405 25.250002
v -18.584621 26.481405 26.250002
v -8.548766 26.481405 25.250002
v -19.720764 26.481405 26.250002
v -7.201043 26.481405 25.250002
v -5.717853 26.481405 25.250002
v -11.815348 26.481405 25.250002
v -17.327053 26.481405 25.250002
v -17.487219 26.481405 25.250002
v -18.250607 26.481405 25.250002
v -24.904121 26.481405 26.250002
v -15.084426 26.481405 25.250002
v -15.084439 26.481405 25.250002
v -16.830349 26.481405 25.250002
v -12.894124 26.481405 25.250002
v -8.548759 26.481405 25.250002
v -3.141453 26.481405 25.250002
v -3.357265 26.481405 25.250002
v -25.366364 26.481405 25.250002
v -13.652520 26.481405 26.250002
v -25.366364 26.481405 26.250002
v -14.080210 26.481405 25.250002
v -2.366365 26.481405 25.250002
v -2.366365 26.481405 26.250002
v -25.366364 26.481405 25.740704
v -2.366365 26.481405 25.740704
v -2.375162 26.481405 23.782635
v -3.366358 25.500000 21.624744
v -2.708095 26.481405 19.249998
v -3.366358 25.500000 19.343861
v -3.366358 25.500000 19.326420
v -2.570424 25.500000 20.435633
v -3.366358 25.500000 19.446688
v -2.375162 26.481405 24.646494
v -3.366358 26.312096 25.242796
v -3.366358 25.500000 25.208252
v -2.618738 26.481405 19.249998
v -2.375162 26.481405 24.177650
v -2.642864 26.481405 19.249998
v -2.375162 26.481405 24.798811
v -3.366358 25.500000 19.292257
v -2.427516 26.481405 19.249998
v -2.629461 26.481405 19.249998
v -2.375162 26.481405 25.124924
v -3.366358 25.500000 21.633833
v -3.366358 25.500000 19.258909
v -3.028449 26.481405 25.242796
v -2.375162 26.481405 25.201145
v -2.664532 25.500000 22.013792
v -2.375162 25.930212 23.408733
v -2.428409 26.481405 19.249998
v -2.590031 25.500000 20.563974
v -3.366358 25.500000 19.281109
v -2.584783 26.481405 19.249998
v -2.375162 25.830469 23.408733
v -2.590031 25.500000 22.457617
v -2.532956 26.481405 19.249998
v -2.618553 25.500000 20.906231
v -2.627673 26.481405 19.249998
v -3.366358 25.500000 19.344027
v -2.375162 26.481405 23.787365
v -2.375162 25.930212 19.587799
v -2.381944 26.481405 19.249998
v -3.366358 25.500000 19.726973
v -2.375162 25.830469 19.587801
v -2.382838 26.481405 19.249998
v -3.366358 25.500000 21.643898
v -3.366358 25.500000 21.644304
v -2.479361 25.500000 20.090563
v -2.375162 26.481405 25.070126
v -2.375162 26.481405 24.989683
v -2.375162 26.481405 24.908516
v -2.375162 26.481405 24.819275
v -2.375162 26.481405 24.811401
v -3.366358 25.500000 21.668665
v -3.366358 25.500000 21.669008
v -3.366358 25.500000 21.668116
v -3.366358 25.500000 21.661808
v -3.366358 25.500000 21.653915
v -3.366358 25.500000 21.644991
v -2.375162 26.481405 23.779833
v -2.375162 26.481405 23.408733
v -2.375162 25.685390 23.345261
v -2.375162 25.593765 23.285706
v -2.446022 25.500000 23.040527
v -2.375162 25.570858 23.270817
v -2.476759 25.500000 22.960611
v -2.479361 25.500000 22.960611
v -2.375162 26.481405 24.522949
v -2.375162 26.481405 24.293650
v -2.375162 26.481405 23.848766
v -2.500198 25.500000 22.801210
v -2.597162 25.500000 22.350662
v -2.664532 25.500000 21.778494
v -2.643142 25.500000 21.307882
v -2.643142 25.500000 21.037382
v -3.366358 25.500000 19.330996
v -3.366358 25.500000 19.331446
v -3.366358 25.500000 19.316095
v -3.366358 25.500000 19.315865
v -3.366358 25.500000 19.292957
v -3.366358 25.500000 19.292494
v -3.366358 25.500000 19.280830
v -3.366358 25.500000 19.269545
v -3.366358 25.500000 19.269270
v -3.366358 26.481405 19.249998
v -3.366358 26.481405 19.249998
v -2.375162 26.481405 19.587801
v -2.375162 25.624304 19.704002
v -2.375162 25.593765 19.715456
v -2.375162 25.531248 19.856123
v -2.375162 25.806288 19.594349
v -2.375162 25.685390 19.646740
v -2.430196 26.481405 19.249998
v -2.476662 26.481405 19.249998
v -2.480236 26.481405 19.249998
v -2.524914 26.481405 19.249998
v -2.527595 26.481405 19.249998
v -2.534743 26.481405 19.249998
v -2.572273 26.481405 19.249998
v -2.574060 26.481405 19.249998
v -2.581208 26.481405 19.249998
v -2.616057 26.481405 19.249998
v -2.641971 26.481405 19.249998
v -2.669671 26.481405 19.249998
v -2.672352 26.481405 19.249998
v -2.685755 26.481405 19.249998
v -2.683968 26.481405 19.249998
v -2.706307 26.481405 19.249998
v -2.977568 26.481405 19.249998
v -3.366358 25.500000 21.672897
v -3.366358 25.500000 21.675983
v -3.366358 26.481405 25.242796
v -3.366358 25.500000 21.677374
v -3.366358 26.479427 25.242796
v -3.366358 25.500000 23.493828
v -3.366358 26.477381 25.242796
v -3.366358 25.500000 24.555658
v -3.366358 26.471226 25.242796
v -3.283182 26.481405 25.242796
v -2.375162 26.481405 25.164173
v -3.245978 26.481405 25.242796
v -2.375162 26.481405 25.190699
v -2.778569 26.481405 25.242796
v -2.375162 26.481405 25.214975
v -3.366358 25.500000 25.242796
v -2.863703 26.481405 25.242796
v -2.375162 26.481405 25.242796
v -3.356566 26.481405 25.242796
v -3.366358 25.500000 19.269304
v -3.366358 25.506433 19.249998
v -2.881021 26.481405 19.249998
v -2.375162 26.481405 19.249998
v -3.366358 25.500000 19.249998
v -2.375162 25.500000 19.870771
v -2.375162 25.500000 23.187078
v -2.375162 25.644901 19.684696
v -8.548725 26.481405 25.249998
v -9.876250 25.475410 25.249998
v -3.366358 25.475410 24.597778
v -5.717814 26.481405 25.249998
v -3.366358 25.475410 23.141317
v -24.366358 25.475410 25.010593
v -3.366358 25.475410 19.642538
v -6.256300 25.475410 25.249998
v -3.366358 25.475410 24.969795
v -11.815322 26.481405 25.249998
v -15.084414 26.481405 25.249998
v -4.191825 26.481405 25.249998
v -7.201008 26.481405 25.249998
v -18.250608 26.481405 25.249998
v -3.366358 25.475410 23.152142
v -17.883520 25.475410 25.249998
v -3.898321 25.475410 25.249998
v -3.366358 25.475410 25.207207
v -24.366358 26.481405 22.505718
v -24.366358 26.481405 19.772718
v -3.366358 25.475410 23.449827
v -17.767681 25.475410 25.249998
v -18.625744 25.475410 25.249998
v -3.366358 25.475410 19.641649
v -3.366358 25.475410 19.355625
v -3.366358 25.475410 19.355232
v -18.881338 25.475410 19.249998
v -24.366358 25.475410 24.981745
v -24.366358 25.475410 25.040764
v -7.273520 25.475410 25.249998
v -3.366358 25.475410 24.834343
v -24.366358 26.481405 19.628986
v -11.010637 25.475410 25.249998
v -3.366358 25.475410 24.531551
v -11.857471 25.475410 25.249998
v -3.366358 25.475410 24.349422
v -10.352234 25.475410 25.249998
v -3.366358 25.475410 24.536882
v -10.199039 25.475410 25.249998
v -3.366358 25.475410 24.538261
v -9.562019 25.475410 25.249998
v -3.366358 25.475410 24.600927
v -8.149623 25.475410 25.249998
v -3.366358 25.475410 24.819235
v -4.477998 25.475410 25.249998
v -3.366358 25.475410 25.156670
v -16.029743 26.481405 19.249998
v -20.104494 26.481405 25.249998
v -24.366358 26.481405 19.336916
v -23.451229 26.481405 19.249998
v -19.731750 26.481405 19.249998
v -18.250324 26.481405 19.249998
v -14.181414 26.481405 19.249998
v -3.366358 25.475410 23.454935
v -14.221204 25.475410 25.249998
v -17.487204 26.481405 25.249998
v -17.327034 26.481405 25.249998
v -17.152456 26.481405 25.249998
v -10.358155 26.481405 25.249998
v -7.657390 26.481405 25.249998
v -12.894103 26.481405 25.249998
v -16.862984 26.481405 25.249998
v -12.834547 25.475410 25.249998
v -3.366358 25.475410 24.071009
v -3.366358 25.475410 23.451323
v -16.514410 25.475410 25.249998
v -13.610992 25.475410 25.249998
v -3.366358 25.475410 23.769560
v -24.366358 25.475410 25.128632
v -24.366358 25.475410 19.249998
v -24.366358 26.481405 19.249998
v -11.548873 25.475410 25.249998
v -16.830339 26.481405 25.249998
v -24.366358 26.481405 25.249998
v -24.366358 25.475410 25.249998
v -16.183842 25.475410 19.249998
v -10.902371 26.481405 19.249998
v -3.366358 25.475410 19.249998
v -3.366358 26.481405 19.249998
v -3.366358 25.475410 25.249998
v -3.366358 26.481405 25.249998
v -24.366358 25.475410 21.587860
v -24.366358 26.481405 23.096849
v -3.366358 25.475410 21.587860
v -0.902436 25.830469 18.190519
v -0.902436 25.830139 18.190519
v -0.073307 25.208952 18.190519
v -0.577134 25.386644 18.190519
v 8.950420 25.652937 18.190519
v 9.110017 26.481405 6.323844
v 8.831903 25.534258 18.190519
v -1.056622 25.468607 5.888245
v 9.110017 24.980379 5.888245
v 7.767557 25.179527 18.190519
v -0.576969 25.386644 18.190519
v 8.832564 25.534918 18.190519
v -0.754330 25.534588 18.190519
v 0.306361 25.179527 18.190519
v 9.110017 26.481405 4.663139
v 8.743470 25.445988 18.190519
v 8.181456 25.209116 18.190519
v 7.974341 25.179527 18.190519
v -1.056622 26.481405 6.491041
v 8.625282 25.386808 18.190519
v 8.980009 25.741869 18.190519
v -0.872850 25.652937 18.190519
v 8.624952 25.386644 18.190519
v 7.973846 25.179363 18.190519
v 7.974176 25.179527 18.190519
v 8.625282 25.386644 18.190519
v 8.181127 25.209116 18.190519
v 0.280593 25.179527 18.190519
v -0.902436 26.481405 18.190519
v -0.754660 25.534754 18.190519
v 8.625448 25.386808 18.190519
v -0.399274 25.268129 18.190519
v 8.950420 25.653103 18.190519
v -1.056622 25.475410 5.888245
v 9.110017 25.475410 5.888245
v 0.308674 25.179527 18.190519
v -0.902436 26.479092 18.190519
v 8.476844 25.268129 18.190519
v 8.743305 25.445822 18.190519
v 8.980009 26.481405 18.190519
v -1.056622 26.481405 6.340668
v 8.180962 25.209116 18.190519
v -1.056622 26.481405 6.002846
v 8.980009 25.741537 18.190519
v 8.980009 26.481237 18.190519
v 1.335525 25.475410 3.226105
v -1.056622 25.475410 5.739374
v 0.103559 25.179527 18.190519
v 8.299482 25.209116 18.190519
v 8.832398 25.534752 18.190519
v 9.110017 26.481405 5.948459
v 8.300143 25.209282 18.190519
v -0.665729 25.475410 18.190519
v 8.980009 25.830303 18.190519
v 8.300308 25.209282 18.190519
v -0.902436 25.830303 18.190519
v 7.974011 25.179527 18.190519
v -0.073968 25.209116 18.190519
v 7.767226 25.179527 18.190519
v 8.743139 25.445654 18.190519
v 8.180630 25.208952 18.190519
v -0.665399 25.445492 18.190519
v 0.281088 25.179527 18.190519
v 8.832068 25.534588 18.190519
v -1.056622 25.475410 5.864151
v 9.110017 25.475410 4.135410
v -0.665894 25.475410 18.190519
v -1.056622 26.481405 6.342550
v -1.056622 26.481405 6.109645
v -1.056622 26.481405 6.115053
v 9.110017 26.481405 5.826224
v -1.056622 26.481405 6.509596
v -1.056622 26.481405 6.479592
v 9.110017 26.481405 15.176863
v 9.110017 26.481405 6.075670
v 9.110017 26.481405 6.468388
v 9.110017 26.481405 6.509596
v 0.132321 26.481405 3.226105
v 9.110017 26.481405 13.592784
v -0.902767 26.481405 18.190519
v -1.056622 26.481405 14.110233
v -0.872685 25.652937 18.190519
v -0.902436 26.479258 18.190519
v -0.902436 26.481237 18.190519
v -0.902436 25.831627 18.190519
v -0.902436 26.478928 18.190519
v -0.754165 25.534258 18.190519
v -0.665564 25.445654 18.190519
v -0.665729 25.445822 18.190519
v -0.754495 25.534588 18.190519
v -0.872355 25.652439 18.190519
v -0.872355 25.652607 18.190519
v -0.872850 25.741537 18.190519
v -0.872850 25.741703 18.190519
v -0.872850 25.741373 18.190519
v -0.872850 25.653103 18.190519
v -0.399439 25.268295 18.190519
v -0.873016 25.741869 18.190519
v 8.625117 25.386644 18.190519
v -0.576638 25.386644 18.190519
v -0.576473 25.386314 18.190519
v -0.251498 25.209116 18.190519
v -0.251333 25.209116 18.190519
v 8.299317 25.209116 18.190519
v -0.251828 25.209116 18.190519
v 8.299812 25.209116 18.190519
v 8.299977 25.209116 18.190519
v 8.477009 25.268295 18.190519
v 8.477339 25.268459 18.190519
v 8.950585 25.653267 18.190519
v 8.980009 25.741703 18.190519
v 8.980009 25.742033 18.190519
v 8.980009 25.830469 18.190519
v 8.980009 26.480085 18.190519
v 8.980009 25.832783 18.190519
v 8.980009 25.832617 18.190519
v -0.665729 25.475243 18.190519
v 0.281253 25.179527 18.190519
v -0.754330 25.534258 18.190519
v -0.399604 25.268459 18.190519
v -0.576143 25.386148 18.190519
v -0.399604 25.268295 18.190519
v -0.251002 25.209116 18.190519
v -0.074464 25.209116 18.190519
v 8.181292 25.209116 18.190519
v -0.073473 25.208952 18.190519
v 0.103889 25.179527 18.190519
v 0.104054 25.179527 18.190519
v 0.307682 25.179527 18.190519
v 7.752690 25.179527 18.190519
v 7.766896 25.179527 18.190519
v 7.767392 25.179527 18.190519
v 7.973680 25.179527 18.190519
v 7.973846 25.179527 18.190519
v 7.767722 25.179527 18.190519
v 7.974672 25.179527 18.190519
v 0.103228 25.179527 18.190519
v 8.299151 25.209116 18.190519
v 8.624621 25.386314 18.190519
v 8.477505 25.268625 18.190519
v 8.743635 25.445988 18.190519
v 8.950255 25.652607 18.190519
v -1.056622 24.972410 5.888245
v 9.110017 24.972410 5.888245
v 6.071634 24.899998 5.897296
v 9.110017 24.968664 5.888713
v -0.398943 25.267963 18.190519
v -1.056622 25.475410 3.226105
v -1.056622 26.481405 3.226105
v -0.938472 26.481405 18.190519
v -0.902436 26.475733 18.190519
v 7.333846 25.179527 18.190519
v -1.056622 26.481405 18.190519
v 2.599625 25.475410 3.226105
v 8.991865 26.481405 3.226105
v 9.110017 25.475410 3.226105
v 9.110017 26.481405 3.226105
v 9.110017 26.481405 18.190519
v 9.110017 24.899998 5.897296
v 0.758152 24.899998 5.897296
v -1.056622 26.481405 18.016609
v -1.056622 25.184635 5.888245
v 9.110017 26.481405 18.016609
v 9.110017 25.184635 5.888245
v -1.056622 24.899998 5.897296
v 27.295084 -15.681725 0.976609
v 26.821671 -14.942020 0.976609
v 27.295084 -16.835663 0.976609
v 23.300682 -16.835663 0.976609
v 27.265490 -17.338663 0.976609
v 33.982002 -15.977607 0.976609
v 32.147545 -16.894842 0.976609
v 32.206715 -16.924427 0.976609
v 35.283890 16.036785 0.976609
v 33.271889 12.101559 0.976609
v 33.834068 11.332269 0.976609
v 33.479004 -11.805676 0.976609
v 33.834068 -11.302678 0.976609
v 31.940422 -13.403436 0.976609
v 32.236305 -13.107557 0.976609
v 0.429029 20.534187 0.976609
v 22.028387 15.622553 0.976609
v 2.470614 22.427830 0.976609
v 33.271889 -12.042381 0.976609
v 26.022791 19.469009 0.976609
v 25.963614 19.824068 0.976609
v 24.868853 -15.089961 0.976609
v 23.862850 -15.060375 0.976609
v 2.470614 23.197119 0.976609
v -21.081564 25.475410 0.976609
v 2.470614 23.049177 0.976609
v 2.914436 24.114353 0.976609
v 26.910437 22.782887 0.976609
v 2.973611 24.173531 0.976609
v 14.572169 -8.965213 0.976609
v 0.073973 -8.817272 0.976609
v 0.192325 -9.201918 0.976609
v 23.300682 -15.829666 0.976609
v 23.300682 -15.001198 0.976609
v 28.833672 15.297080 0.976609
v 29.514196 15.001201 0.976609
v 29.188725 16.303080 0.976609
v 29.188725 -16.332666 0.976609
v 28.596962 -15.297080 0.976609
v 28.833672 -16.421429 0.976609
v 19.868452 -25.504995 0.976609
v 25.963614 -19.883245 0.976609
v 14.897640 -9.616152 0.976609
v 3.476611 -25.504995 0.976609
v -14.838463 -9.616152 0.976609
v -14.512992 -8.728507 0.976609
v -26.022787 19.824068 0.976609
v -23.892439 16.007198 0.976609
v 16.554583 12.219910 0.976609
v -2.263490 18.877251 0.976609
v 16.406639 12.101559 0.976609
v -2.441020 18.670130 0.976609
v -2.588961 18.433426 0.976609
v 15.311877 -10.474210 0.976609
v 14.512998 -8.728507 0.976609
v 0.014795 -8.728507 0.976609
v 14.453820 -8.491800 0.976609
v -0.044382 -8.639743 0.976609
v 14.217116 -7.840862 0.976609
v -0.162732 -8.255095 0.976609
v 13.862057 5.029988 0.976609
v -13.832464 5.029988 0.976609
v 0.014795 0.917234 0.976609
v 0.014795 -7.840862 0.976609
v -14.217110 -7.840862 0.976609
v -1.997200 19.143541 0.976609
v 0.014795 9.645743 0.976609
v -14.838463 9.645743 0.976609
v -0.133146 9.320270 0.976609
v -14.009995 -6.894042 0.976609
v 13.921228 -5.917631 0.976609
v -13.891639 -5.917631 0.976609
v -13.832464 -5.000400 0.976609
v 31.171131 14.024792 0.976609
v 31.881250 16.687725 0.976609
v 35.283890 25.475410 0.976609
v 33.893246 20.978010 0.976609
v 33.952419 20.593361 0.976609
v 33.982002 20.238306 0.976609
v 33.508598 18.344662 0.976609
v 33.686123 18.699720 0.976609
v 35.106358 8.994798 0.976609
v 35.165535 8.758098 0.976609
v 33.893246 19.469009 0.976609
v 33.952419 19.824068 0.976609
v 33.804482 19.054777 0.976609
v 33.005596 17.634546 0.976609
v 33.035191 17.664135 0.976609
v 30.372246 24.173531 0.976609
v 28.034786 25.475410 0.976609
v 29.958015 24.203119 0.976609
v 32.798477 17.397839 0.976609
v 33.271889 17.989603 0.976609
v 32.532192 17.161135 0.976609
v 31.940422 13.462614 0.976609
v 32.650539 12.782086 0.976609
v 28.833672 16.391844 0.976609
v 28.034786 15.563375 0.976609
v 28.596962 15.356257 0.976609
v 30.372246 14.527789 0.976609
v 30.727306 16.303080 0.976609
v 28.064375 16.687725 0.976609
v 27.709316 15.622553 0.976609
v 32.828068 12.574970 0.976609
v 33.005596 -12.367852 0.976609
v 16.229111 11.835265 0.976609
v -2.322671 18.758896 0.976609
v 13.921228 5.976809 0.976609
v -13.891639 5.976809 0.976609
v -0.103557 7.426629 0.976609
v -14.217110 7.900041 0.976609
v -14.009995 6.953218 0.976609
v -0.517788 11.332269 0.976609
v -16.406631 12.101559 0.976609
v -15.814872 11.332269 0.976609
v -28.449017 23.907238 0.976609
v -29.307074 25.475410 0.976609
v -28.863251 24.025593 0.976609
v 2.470614 22.634947 0.976609
v 2.441025 22.871651 0.976609
v 15.874052 11.391443 0.976609
v 15.814875 11.332269 0.976609
v 14.009995 6.953218 0.976609
v -13.832464 -3.165932 0.976609
v -13.921228 -3.165932 0.976609
v 13.862057 -5.000400 0.976609
v -35.313473 25.475410 0.976609
v -30.756895 24.143942 0.976609
v -0.221909 10.918031 0.976609
v -15.311871 10.533386 0.976609
v -17.738100 -13.403436 0.976609
v -8.506593 -25.504995 0.976609
v -17.442219 -13.107557 0.976609
v -29.307074 -25.504995 0.976609
v -28.093960 -23.818470 0.976609
v -28.449017 -23.936823 0.976609
v -30.401834 -24.232704 0.976609
v -29.987600 -24.232704 0.976609
v -35.313473 -25.504995 0.976609
v -33.834061 -21.451418 0.976609
v -35.313473 -19.972010 0.976609
v -31.910833 16.687725 0.976609
v -32.177128 16.865252 0.976609
v -31.910833 13.462614 0.976609
v -26.081964 -19.469009 0.976609
v -26.022787 -19.883245 0.976609
v -33.922821 -21.037182 0.976609
v -27.798079 -23.611353 0.976609
v -27.472609 -23.374647 0.976609
v -16.406631 -12.042381 0.976609
v -16.199516 -11.805676 0.976609
v -1.198318 11.983207 0.976609
v -17.738100 13.462614 0.976609
v -17.057573 12.782086 0.976609
v 33.804482 -21.451418 0.976609
v 35.283890 -19.972010 0.976609
v 33.893246 -21.037182 0.976609
v -15.311871 -10.474210 0.976609
v -15.814872 -11.302678 0.976609
v 33.686123 -18.729307 0.976609
v 14.217116 7.900041 0.976609
v -0.162732 8.314272 0.976609
v 0.014795 7.900041 0.976609
v -0.872850 11.657736 0.976609
v 35.283890 -8.462214 0.976609
v 35.165535 -8.728507 0.976609
v 33.508598 -22.131947 0.976609
v 35.283890 -25.504995 0.976609
v 33.686123 -21.806473 0.976609
v 33.804482 -19.113953 0.976609
v 33.271889 -22.487001 0.976609
v 31.881250 -16.746901 0.976609
v 31.171131 -13.965611 0.976609
v 31.496603 -16.569370 0.976609
v 33.035191 -22.812473 0.976609
v -31.526186 16.539785 0.976609
v -35.313473 16.036785 0.976609
v -32.532185 17.131548 0.976609
v -32.561771 17.161135 0.976609
v -34.011593 20.238306 0.976609
v -30.342661 14.527789 0.976609
v -29.455015 15.001201 0.976609
v -29.987600 16.243902 0.976609
v -29.307074 15.060375 0.976609
v -29.632545 16.243902 0.976609
v -29.632545 24.173531 0.976609
v -29.218311 24.143942 0.976609
v -26.200317 19.054777 0.976609
v -26.081964 19.469009 0.976609
v -26.289080 18.699720 0.976609
v -23.093561 -16.835663 0.976609
v -27.147137 -17.427427 0.976609
v -26.999197 -17.634541 0.976609
v -26.022787 20.593361 0.976609
v -26.022787 20.238306 0.976609
v -26.703318 17.989603 0.976609
v -24.809673 16.036785 0.976609
v -26.496199 18.344662 0.976609
v -26.999197 17.634546 0.976609
v -26.022787 15.977610 0.976609
v -26.910433 17.664135 0.976609
v -32.591362 12.782086 0.976609
v -33.064774 -17.723309 0.976609
v -35.313473 -15.089961 0.976609
v -33.331066 -18.048777 0.976609
v -32.236301 16.894842 0.976609
v -32.532185 -17.161135 0.976609
v -32.828064 -17.427427 0.976609
v -32.620949 12.752501 0.976609
v -32.828064 23.049177 0.976609
v -33.005596 22.871651 0.976609
v -32.828064 17.397839 0.976609
v -33.922821 21.007595 0.976609
v -33.922821 20.978010 0.976609
v -33.331066 22.427830 0.976609
v -33.360649 22.339064 0.976609
v -31.141541 14.024792 0.976609
v -31.467010 -13.728907 0.976609
v -31.910833 -16.746901 0.976609
v -31.526186 -16.569370 0.976609
v -31.171129 16.391844 0.976609
v -30.756895 16.303080 0.976609
v -27.058374 -16.835663 0.976609
v -27.324667 -17.338663 0.976609
v -31.171129 24.025593 0.976609
v -31.526186 23.907238 0.976609
v -28.449017 16.539785 0.976609
v -27.650135 15.622553 0.976609
v -28.093960 16.687725 0.976609
v -29.218311 16.303080 0.976609
v -28.596958 15.356257 0.976609
v -28.863251 16.391844 0.976609
v -30.401834 16.243902 0.976609
v -29.040781 -15.089961 0.976609
v -29.632545 -16.303078 0.976609
v -29.218311 -16.332666 0.976609
v -26.762491 15.829669 0.976609
v -27.857254 16.865252 0.976609
v -27.147137 17.397839 0.976609
v -27.472609 17.131548 0.976609
v -27.413431 17.161135 0.976609
v -27.798079 16.894842 0.976609
v -25.786083 16.007198 0.976609
v -26.910433 -22.812473 0.976609
v -26.703318 -22.487001 0.976609
v -30.401834 24.173531 0.976609
v -29.987600 24.203119 0.976609
v -27.650135 -15.563373 0.976609
v -28.449017 -16.569370 0.976609
v -28.093960 -16.746901 0.976609
v -32.532185 23.315474 0.976609
v -31.910833 23.729708 0.976609
v -32.236301 23.552181 0.976609
v -33.064774 22.782887 0.976609
v -33.538181 22.102360 0.976609
v -33.686123 21.776890 0.976609
v -33.834061 21.362656 0.976609
v -34.011593 20.593361 0.976609
v -34.011593 19.824068 0.976609
v -33.922821 19.469009 0.976609
v -33.834061 19.054777 0.976609
v -33.686123 18.699720 0.976609
v -33.538181 18.344662 0.976609
v -33.331066 17.989603 0.976609
v -33.064774 17.664135 0.976609
v -33.094357 12.219910 0.976609
v -33.863651 11.332269 0.976609
v -34.366650 10.533386 0.976609
v -32.236301 -16.924427 0.976609
v -31.171129 -16.421429 0.976609
v -30.756895 -16.332666 0.976609
v -31.141541 -13.965611 0.976609
v -30.401834 -16.303078 0.976609
v -29.987600 -16.273489 0.976609
v -30.342661 -14.468612 0.976609
v -29.307074 -24.173531 0.976609
v -29.632545 -24.232704 0.976609
v -28.596958 -15.297080 0.976609
v -29.307074 -15.001198 0.976609
v -29.455015 -14.942020 0.976609
v -28.863251 -16.421429 0.976609
v -27.058374 -15.740903 0.976609
v -33.005596 -17.604958 0.976609
v -27.798079 -16.924427 0.976609
v -27.472609 -17.161135 0.976609
v -25.815672 -15.060375 0.976609
v -26.821667 -14.942020 0.976609
v -31.910833 -13.403436 0.976609
v -35.313473 8.314272 0.976609
v -35.165531 8.758098 0.976609
v -26.289080 -18.729307 0.976609
v -26.200317 -19.113953 0.976609
v -23.093561 -15.800077 0.976609
v -23.833261 -15.060375 0.976609
v -24.809673 -15.089961 0.976609
v -2.618553 18.403839 0.976609
v -26.081964 -21.037182 0.976609
v -26.022787 -20.682125 0.976609
v -23.093561 -14.971609 0.976609
v -21.998796 -15.563373 0.976609
v -21.081564 -15.297080 0.976609
v -2.914432 17.989603 0.976609
v 15.311877 10.533386 0.976609
v -18.507395 -13.965611 0.976609
v -19.158333 -14.379848 0.976609
v -19.306273 -14.468612 0.976609
v -20.075567 -14.912435 0.976609
v -21.081564 15.356257 0.976609
v -21.051975 15.356257 0.976609
v -20.193918 -14.942020 0.976609
v -20.844858 15.297080 0.976609
v -20.608152 -15.089961 0.976609
v -21.051975 -15.297080 0.976609
v -26.496199 -22.131947 0.976609
v -26.022787 -20.238302 0.976609
v -26.289080 -21.806473 0.976609
v -26.200317 -21.451418 0.976609
v -27.413431 -23.315474 0.976609
v -26.999197 -22.871651 0.976609
v -27.147137 -23.108355 0.976609
v -34.810467 9.645743 0.976609
v -26.022787 -19.972010 0.976609
v -22.916031 -15.800077 0.976609
v -16.672928 -12.367852 0.976609
v -26.496199 -18.403837 0.976609
v -26.703318 -18.048777 0.976609
v -26.910433 -17.723309 0.976609
v -35.106354 8.994798 0.976609
v -35.224701 -8.491800 0.976609
v -35.313473 -8.284686 0.976609
v -35.165531 -8.728507 0.976609
v -35.106354 -8.935623 0.976609
v -34.810467 -9.616152 0.976609
v -34.366650 -10.474210 0.976609
v -33.863651 -11.302678 0.976609
v -33.774883 -11.361854 0.976609
v -33.419830 -11.805676 0.976609
v -33.271889 -12.042381 0.976609
v -32.591362 -12.722909 0.976609
v -32.295479 -13.018791 0.976609
v -27.058374 -14.853257 0.976609
v -33.360649 -18.137543 0.976609
v -33.834061 -19.113953 0.976609
v -34.011593 -19.972010 0.976609
v -34.011593 -20.238302 0.976609
v -33.686123 -18.729307 0.976609
v -33.538181 -18.403837 0.976609
v -33.922821 -19.469009 0.976609
v -34.011593 -19.883245 0.976609
v -34.011593 -20.682125 0.976609
v -22.916031 15.829669 0.976609
v 0.014795 10.533386 0.976609
v -0.192320 10.089563 0.976609
v -33.804474 11.391443 0.976609
v 14.512998 8.758098 0.976609
v -0.162732 9.231506 0.976609
v 0.014795 8.758098 0.976609
v 14.897640 9.645743 0.976609
v 14.572169 8.994798 0.976609
v -19.306273 14.527789 0.976609
v -20.193918 15.001201 0.976609
v -18.507395 14.024792 0.976609
v -21.998796 15.622553 0.976609
v -17.057573 -12.722909 0.976609
v -14.512992 8.758098 0.976609
v -33.271889 12.101559 0.976609
v -26.052376 20.978010 0.976609
v -26.081964 21.007595 0.976609
v -26.289080 21.776890 0.976609
v -26.200317 21.362656 0.976609
v -26.496199 22.102360 0.976609
v -26.703318 22.427830 0.976609
v -26.910433 22.782887 0.976609
v -26.999197 22.842062 0.976609
v -27.147137 23.049177 0.976609
v -27.324667 23.167530 0.976609
v -27.472609 23.315474 0.976609
v -27.798079 23.552181 0.976609
v -28.093960 23.729708 0.976609
v 33.271889 -18.048777 0.976609
v 33.508598 -18.403837 0.976609
v 32.502598 -17.161135 0.976609
v 33.893246 -19.469009 0.976609
v 33.952419 -19.883245 0.976609
v 33.982002 -19.972010 0.976609
v 32.147545 -23.611353 0.976609
v 32.206715 -23.611353 0.976609
v 33.952419 -20.682125 0.976609
v 33.982002 -20.238302 0.976609
v 30.372246 -14.468612 0.976609
v 29.958015 -16.273489 0.976609
v 30.372246 -16.303078 0.976609
v 31.881250 -23.818470 0.976609
v 31.496603 -23.936823 0.976609
v 29.602957 -14.912435 0.976609
v 31.141542 -24.114353 0.976609
v 28.833672 24.025593 0.976609
v 28.419428 23.907238 0.976609
v 30.727306 -24.173531 0.976609
v 29.070370 -15.089961 0.976609
v 29.602957 -16.303078 0.976609
v 29.514196 -14.942020 0.976609
v 30.372246 -24.232704 0.976609
v 29.958015 -24.232704 0.976609
v 29.602957 -24.232704 0.976609
v 26.259495 -18.729307 0.976609
v 26.170729 -19.113953 0.976609
v 27.117552 -23.078766 0.976609
v 26.999203 -22.901236 0.976609
v 25.963614 -19.972010 0.976609
v 25.963614 -20.238302 0.976609
v 26.910437 -17.723309 0.976609
v 26.673725 -18.048777 0.976609
v 27.117552 -23.108355 0.976609
v 26.999203 -17.604958 0.976609
v 27.117552 -17.427427 0.976609
v 31.141542 -16.421429 0.976609
v 33.005596 -22.871651 0.976609
v 32.680122 -17.338663 0.976609
v 32.798477 -17.427427 0.976609
v 30.727306 -16.332666 0.976609
v 30.520191 -14.379848 0.976609
v 27.768494 16.894842 0.976609
v 26.762491 15.829669 0.976609
v 28.034786 -15.504195 0.976609
v 28.419428 16.539785 0.976609
v 27.709316 -15.563373 0.976609
v 28.419428 -16.569370 0.976609
v 28.064375 -16.746901 0.976609
v 28.034786 -16.776489 0.976609
v 27.975609 -16.835663 0.976609
v 27.768494 -16.924427 0.976609
v 27.443022 -17.161135 0.976609
v 32.502598 -23.374647 0.976609
v 33.005596 -17.634541 0.976609
v 33.035191 -17.723309 0.976609
v 26.466610 -18.403837 0.976609
v 26.022791 -19.469009 0.976609
v 25.963614 -20.682125 0.976609
v 26.022791 -21.037182 0.976609
v 26.259495 -21.806473 0.976609
v 26.170729 -21.451418 0.976609
v 26.466610 -22.131947 0.976609
v 26.673725 -22.487001 0.976609
v 26.910437 -22.812473 0.976609
v 27.383850 -23.315474 0.976609
v 27.768494 -23.611353 0.976609
v 27.443022 -23.374647 0.976609
v 28.034786 -23.729708 0.976609
v 28.064375 -23.818470 0.976609
v 28.419428 -23.936823 0.976609
v 28.833672 -24.114353 0.976609
v 29.188725 -24.173531 0.976609
v 32.532192 -23.315474 0.976609
v 32.798477 -23.108355 0.976609
v 33.982002 -11.095561 0.976609
v -0.103557 -7.367452 0.976609
v 34.337067 -10.503798 0.976609
v 34.366650 -10.474210 0.976609
v 34.840065 -9.616152 0.976609
v 35.106358 -8.935623 0.976609
v 35.283890 8.491800 0.976609
v 26.259495 18.699720 0.976609
v 23.862850 16.007198 0.976609
v 24.868853 16.036785 0.976609
v 31.496603 16.539785 0.976609
v 31.141542 16.391844 0.976609
v 26.673725 17.989603 0.976609
v 25.786087 16.007198 0.976609
v 26.466610 18.344662 0.976609
v 27.295084 -14.794083 0.976609
v 26.910437 17.664135 0.976609
v 3.091966 24.291882 0.976609
v 3.003200 24.232708 0.976609
v 27.443022 17.131548 0.976609
v 26.999203 17.575371 0.976609
v 27.443022 23.315474 0.976609
v 3.180730 24.410231 0.976609
v 27.265490 23.167530 0.976609
v 27.117552 17.397839 0.976609
v 27.383850 17.161135 0.976609
v 25.963614 20.238306 0.976609
v 20.223509 15.001201 0.976609
v -0.429028 20.238306 0.976609
v 19.365452 14.527789 0.976609
v 21.081572 15.356257 0.976609
v 22.916033 15.829669 0.976609
v 26.170729 19.054777 0.976609
v 25.963614 20.593361 0.976609
v 2.559380 23.611353 0.976609
v 2.500202 23.404240 0.976609
v 29.602957 24.173531 0.976609
v 26.170729 21.362656 0.976609
v 26.022791 21.007595 0.976609
v 2.470614 23.226709 0.976609
v 2.766495 23.936827 0.976609
v 2.677729 23.759296 0.976609
v 26.022791 20.978010 0.976609
v 33.804482 21.362656 0.976609
v 33.893246 21.007595 0.976609
v 26.999203 22.871651 0.976609
v 26.259495 21.776890 0.976609
v 26.673725 22.427830 0.976609
v 26.466610 22.102360 0.976609
v 3.476611 25.475410 0.976609
v 27.117552 23.049177 0.976609
v 27.768494 23.552181 0.976609
v 29.188725 24.143942 0.976609
v 28.034786 23.700121 0.976609
v 28.064375 23.729708 0.976609
v 0.014795 20.415833 0.976609
v -0.133146 20.356655 0.976609
v 17.087168 12.782086 0.976609
v -1.671730 19.469009 0.976609
v -0.902436 20.001600 0.976609
v -1.257496 19.735306 0.976609
v 20.904037 15.297080 0.976609
v 17.797281 13.462614 0.976609
v 18.566572 14.024792 0.976609
v 33.686123 21.776890 0.976609
v 33.271889 22.427830 0.976609
v 33.508598 22.102360 0.976609
v 32.798477 23.049177 0.976609
v 33.005596 22.842062 0.976609
v 33.035191 22.782887 0.976609
v 31.881250 23.729708 0.976609
v 32.147545 23.611353 0.976609
v 32.680122 23.167530 0.976609
v 32.502598 23.315474 0.976609
v 32.206715 16.894842 0.976609
v 32.206715 23.552181 0.976609
v 31.496603 23.907238 0.976609
v 31.141542 24.025593 0.976609
v 32.502598 17.131548 0.976609
v 30.727306 24.143942 0.976609
v -33.686123 -21.806473 0.976609
v -33.597359 -22.043179 0.976609
v -33.538181 -22.131947 0.976609
v -33.360649 -22.368650 0.976609
v -33.331066 -22.487001 0.976609
v -33.064774 -22.812473 0.976609
v -33.005596 -22.901236 0.976609
v -32.828064 -23.108355 0.976609
v -32.561771 -23.315474 0.976609
v -32.532185 -23.374647 0.976609
v -32.236301 -23.611353 0.976609
v -31.910833 -23.818470 0.976609
v -31.526186 -23.936823 0.976609
v -31.171129 -24.114353 0.976609
v -30.756895 -24.173531 0.976609
v -29.218311 -24.173531 0.976609
v -28.863251 -24.114353 0.976609
v 29.602957 16.243902 0.976609
v 29.958015 16.243902 0.976609
v 30.372246 16.243902 0.976609
v 34.840065 9.645743 0.976609
v 34.662529 9.912033 0.976609
v 34.366650 10.533386 0.976609
v 33.982002 11.125150 0.976609
v 14.009995 -6.894042 0.976609
v 15.814875 -11.302678 0.976609
v 15.933229 -11.361854 0.976609
v 16.258699 -11.805676 0.976609
v 16.406639 -12.042381 0.976609
v 17.087168 -12.722909 0.976609
v 17.353462 -13.018791 0.976609
v 17.797281 -13.403436 0.976609
v 18.211519 -13.728907 0.976609
v 18.566572 -13.965611 0.976609
v 19.158335 -14.379848 0.976609
v 19.365452 -14.468612 0.976609
v 19.868452 -14.734904 0.976609
v 20.223509 -14.942020 0.976609
v 20.667334 -15.089961 0.976609
v 21.081572 -15.297080 0.976609
v 22.028387 -15.563373 0.976609
v 22.916033 -15.800077 0.976609
v 25.874847 -15.060375 0.976609
v 32.650539 -12.722909 0.976609
v 27.295084 -15.681725 2.781487
v 27.295084 -14.794083 2.781487
v 34.366650 -10.474210 2.781487
v 33.360649 -10.562972 2.781487
v 33.834068 -11.302678 2.781487
v 31.940422 13.462614 2.781487
v 31.171131 14.024792 2.781487
v 31.378246 12.959617 2.781487
v 32.768890 -11.361854 2.781487
v 33.271889 -12.042381 2.781487
v 31.378246 -12.811675 2.781487
v 32.650539 -12.722909 2.781487
v 32.117950 -12.131146 2.781487
v 18.359457 -12.811675 2.781487
v 17.087168 -12.722909 2.781487
v 17.797281 -13.403436 2.781487
v 30.372246 14.527789 2.781487
v 30.520191 13.521794 2.781487
v 18.566572 -13.965611 2.781487
v -14.217110 -7.840862 2.781487
v -15.045578 -7.870452 2.781487
v -14.512992 -8.728507 2.781487
v -14.838463 -9.616152 2.781487
v -15.814872 -9.704916 2.781487
v -15.311871 -10.474210 2.781487
v -13.891639 5.976809 2.781487
v -14.631344 6.006397 2.781487
v -14.572169 5.029988 2.781487
v -14.779284 -6.894042 2.781487
v -14.009995 -6.894042 2.781487
v -14.631344 -5.858456 2.781487
v 23.300682 -15.001198 2.781487
v 22.827272 -14.942020 2.781487
v 22.916033 -15.800077 2.781487
v 17.619749 -12.131146 2.781487
v 16.406639 -12.042381 2.781487
v 17.619749 12.249499 2.781487
v 16.406639 12.101559 2.781487
v 16.909636 11.539384 2.781487
v 16.317871 10.740501 2.781487
v 15.311877 10.533386 2.781487
v 15.785286 9.852858 2.781487
v 15.814875 11.332269 2.781487
v 15.311877 -10.474210 2.781487
v 16.317871 -10.562972 2.781487
v 15.785286 -9.704916 2.781487
v 14.897640 -9.616152 2.781487
v 15.400643 -8.787683 2.781487
v 14.572169 5.029988 2.781487
v 13.950823 2.988404 2.781487
v 14.572169 -4.852458 2.781487
v 14.512998 -8.728507 2.781487
v 15.015995 -7.870452 2.781487
v 14.217116 -7.840862 2.781487
v 14.779291 -6.894042 2.781487
v 13.862057 5.029988 2.781487
v 14.009995 -6.894042 2.781487
v 14.660935 -5.858456 2.781487
v -13.891639 -5.917631 2.781487
v -13.832464 -5.000400 2.781487
v -14.572169 -4.852458 2.781487
v -13.832464 5.029988 2.781487
v -13.921228 -3.165932 2.781487
v -13.832464 -3.165932 2.781487
v 33.271889 12.101559 2.781487
v 32.117950 12.249499 2.781487
v 32.768890 11.539384 2.781487
v 34.366650 10.533386 2.781487
v 33.360649 10.740501 2.781487
v 33.863651 9.852858 2.781487
v 33.834068 11.332269 2.781487
v 32.650539 12.782086 2.781487
v 31.171131 -13.965611 2.781487
v 31.940422 -13.403436 2.781487
v 30.520191 -13.403436 2.781487
v 29.514196 15.001201 2.781487
v 29.662134 14.054380 2.781487
v 28.596962 15.356257 2.781487
v 28.774488 14.498203 2.781487
v 27.709316 15.622553 2.781487
v 27.798082 14.823671 2.781487
v 15.015995 7.988804 2.781487
v 14.217116 7.900041 2.781487
v 14.779291 7.012395 2.781487
v 18.566572 14.024792 2.781487
v 17.797281 13.462614 2.781487
v 18.359457 12.959617 2.781487
v 13.921228 -5.917631 2.781487
v 13.862057 -5.000400 2.781487
v -14.009995 6.953218 2.781487
v -14.779284 7.012395 2.781487
v -21.850853 -14.705316 2.781487
v -22.856853 -14.942020 2.781487
v -21.998796 -15.563373 2.781487
v -14.217110 7.900041 2.781487
v -14.512992 8.758098 2.781487
v -15.341460 8.965213 2.781487
v -15.045578 7.988804 2.781487
v 13.862057 2.988404 2.781487
v -21.998796 15.622553 2.781487
v -22.916031 15.829669 2.781487
v -22.856853 15.060375 2.781487
v -16.406631 12.101559 2.781487
v -17.590160 12.249499 2.781487
v -16.909632 11.539384 2.781487
v -17.057573 12.782086 2.781487
v -17.738100 13.462614 2.781487
v -21.051975 -15.297080 2.781487
v -15.814872 -11.302678 2.781487
v -16.909632 -11.361854 2.781487
v -16.406631 -12.042381 2.781487
v -18.329865 -12.811675 2.781487
v -17.057573 -12.722909 2.781487
v -17.590160 -12.131146 2.781487
v -15.814872 11.332269 2.781487
v -16.317869 10.740501 2.781487
v -16.317869 -10.562972 2.781487
v -15.341460 -8.787683 2.781487
v -32.058773 12.249499 2.781487
v -33.271889 12.101559 2.781487
v -32.768890 11.539384 2.781487
v -23.093561 -14.971609 2.781487
v -22.916031 -15.800077 2.781487
v -24.809673 15.297080 2.781487
v -23.833261 15.237906 2.781487
v -23.892439 16.007198 2.781487
v -33.863651 11.332269 2.781487
v -33.863651 9.852858 2.781487
v -34.810467 9.645743 2.781487
v -34.307476 8.965213 2.781487
v -34.307476 -8.787683 2.781487
v -35.165531 -8.728507 2.781487
v -34.810467 -9.616152 2.781487
v -21.051975 15.356257 2.781487
v -21.850853 14.823671 2.781487
v -34.366650 10.533386 2.781487
v -33.331066 10.740501 2.781487
v -27.058374 -14.853257 2.781487
v -27.650135 -15.563373 2.781487
v -27.058374 -15.740903 2.781487
v -28.596958 15.356257 2.781487
v -29.455015 15.001201 2.781487
v -28.774488 14.498203 2.781487
v -29.455015 -14.942020 2.781487
v -28.596958 -15.297080 2.781487
v -28.774488 -14.320670 2.781487
v -29.662130 -13.936023 2.781487
v -30.520187 -13.403436 2.781487
v -31.319069 -12.811675 2.781487
v -31.141541 -13.965611 2.781487
v -30.342661 -14.468612 2.781487
v -27.827667 -14.705316 2.781487
v -30.342661 14.527789 2.781487
v -31.141541 14.024792 2.781487
v -30.520187 13.521794 2.781487
v -32.591362 -12.722909 2.781487
v -32.058773 -12.131146 2.781487
v -33.271889 -12.042381 2.781487
v -33.863651 -9.704916 2.781487
v -34.632946 -7.870452 2.781487
v -35.313473 -8.284686 2.781487
v -34.899239 -6.894042 2.781487
v -31.910833 -13.403436 2.781487
v -35.165531 8.758098 2.781487
v -34.632946 7.988804 2.781487
v -34.366650 -10.474210 2.781487
v -33.331066 -10.562972 2.781487
v -33.863651 -11.302678 2.781487
v -32.768890 -11.361854 2.781487
v -29.662130 14.054380 2.781487
v -23.093561 -15.800077 2.781487
v -35.313473 8.314272 2.781487
v -35.047180 -5.858456 2.781487
v -35.106354 -4.852458 2.781487
v -35.047180 6.006397 2.781487
v -35.106354 5.029988 2.781487
v -34.899239 7.012395 2.781487
v -26.762491 15.829669 2.781487
v -27.650135 15.622553 2.781487
v -26.821667 15.060375 2.781487
v -27.827667 14.823671 2.781487
v -15.814872 9.852858 2.781487
v -14.838463 9.645743 2.781487
v -15.311871 10.533386 2.781487
v -31.910833 13.462614 2.781487
v -31.319069 12.959617 2.781487
v -20.193918 15.001201 2.781487
v -20.904036 14.498203 2.781487
v -20.016390 14.054380 2.781487
v -19.306273 14.527789 2.781487
v -19.158333 13.521794 2.781487
v -18.507395 14.024792 2.781487
v -18.329865 12.959617 2.781487
v -18.507395 -13.965611 2.781487
v -17.738100 -13.403436 2.781487
v -19.158333 -13.403436 2.781487
v 13.921228 5.976809 2.781487
v 14.660935 6.006397 2.781487
v 14.009995 6.953218 2.781487
v 14.512998 8.758098 2.781487
v 15.400643 8.965213 2.781487
v 14.897640 9.645743 2.781487
v -32.591362 12.782086 2.781487
v -25.815672 15.237906 2.781487
v -25.786083 16.007198 2.781487
v -24.809673 16.036785 2.781487
v 34.899242 -6.894042 2.781487
v 35.283890 -8.462214 2.781487
v 35.047180 -5.858456 2.781487
v 35.106358 -4.852458 2.781487
v 35.283890 8.491800 2.781487
v 35.106358 5.029988 2.781487
v 34.840065 9.645743 2.781487
v 34.337067 8.965213 2.781487
v 35.165535 8.758098 2.781487
v 34.632942 7.988804 2.781487
v 35.047180 6.006397 2.781487
v 34.899242 7.012395 2.781487
v 34.337067 -8.787683 2.781487
v 34.632942 -7.870452 2.781487
v 35.165535 -8.728507 2.781487
v 33.863651 -9.704916 2.781487
v 34.840065 -9.616152 2.781487
v -20.016390 -13.936023 2.781487
v -19.306273 -14.468612 2.781487
v -20.904036 -14.320670 2.781487
v -20.193918 -14.942020 2.781487
v 17.087168 12.782086 2.781487
v 19.365452 14.527789 2.781487
v 19.158335 13.521794 2.781487
v 20.016392 14.054380 2.781487
v 20.223509 15.001201 2.781487
v 20.933626 14.498203 2.781487
v 21.081572 15.356257 2.781487
v 21.850853 14.823671 2.781487
v 22.028387 15.622553 2.781487
v 22.827272 15.060375 2.781487
v 22.916033 15.829669 2.781487
v 23.862850 15.237906 2.781487
v 23.300682 -15.829666 2.781487
v 23.862850 16.007198 2.781487
v 24.868853 15.297080 2.781487
v 24.868853 16.036785 2.781487
v 25.786087 16.007198 2.781487
v 25.874847 15.237906 2.781487
v 26.762491 15.829669 2.781487
v 26.821671 15.060375 2.781487
v 15.814875 -11.302678 2.781487
v 16.909636 -11.361854 2.781487
v 21.850853 -14.705316 2.781487
v 22.028387 -15.563373 2.781487
v 20.933626 -14.320670 2.781487
v 21.081572 -15.297080 2.781487
v 20.016392 -13.936023 2.781487
v 20.223509 -14.942020 2.781487
v 19.158335 -13.403436 2.781487
v 19.365452 -14.468612 2.781487
v 29.662134 -13.936023 2.781487
v 30.372246 -14.468612 2.781487
v 28.774488 -14.320670 2.781487
v 29.514196 -14.942020 2.781487
v 27.798082 -14.705316 2.781487
v 28.596962 -15.297080 2.781487
v 27.709316 -15.563373 2.781487
v 32.117950 -12.131146 0.976609
v 32.768890 -11.361854 0.976609
v 32.117950 -12.131146 0.473611
v 32.768890 -11.361854 0.473611
v 31.378246 12.959617 0.473611
v 29.307074 10.503798 0.473611
v 29.898838 10.030389 0.473611
v 30.520191 13.521794 0.473611
v 28.596962 10.858856 0.473611
v 29.898838 -10.326269 0.473611
v 31.378246 -12.811675 0.473611
v 30.490608 -9.823270 0.473611
v 31.023188 -9.261095 0.473611
v 14.660935 6.006397 0.473611
v 17.175928 6.154338 0.473611
v 14.779291 7.012395 0.473611
v 15.785286 -9.704916 0.473611
v 18.181929 -8.639743 0.473611
v 17.797281 -7.959215 0.473611
v 20.933626 14.498203 0.473611
v 22.531391 11.450621 0.473611
v 21.850853 14.823671 0.473611
v 16.317871 -10.562972 0.473611
v 18.655338 -9.261095 0.473611
v 16.880047 4.586165 0.473611
v 14.572169 5.029988 0.473611
v 16.820869 3.816872 0.473611
v 19.750099 -10.326269 0.473611
v 17.619749 -12.131146 0.473611
v 18.359457 -12.811675 0.473611
v 16.909636 -11.361854 0.473611
v 19.187923 -9.823270 0.473611
v 20.430630 -10.829267 0.473611
v 23.300682 11.657736 0.473611
v 21.051975 -11.243501 0.473611
v 19.158335 -13.403436 0.473611
v 20.016392 -13.936023 0.473611
v 20.933626 -14.320670 0.473611
v 22.531391 -11.835264 0.473611
v 21.791681 -11.568973 0.473611
v 21.850853 -14.705316 0.473611
v 23.300682 -12.042381 0.473611
v 24.868853 11.835265 0.473611
v 23.862850 15.237906 0.473611
v 24.069973 11.805676 0.473611
v -15.045578 -7.870452 0.473611
v -17.649338 -7.219512 0.473611
v -15.341460 -8.787683 0.473611
v -17.383043 -6.479806 0.473611
v -14.779284 -6.894042 0.473611
v -17.175926 -5.710515 0.473611
v -17.383043 6.154338 0.473611
v -14.631344 6.006397 0.473611
v -14.779284 7.012395 0.473611
v 24.868853 -12.160735 0.473611
v 23.862850 -15.060375 0.473611
v 24.868853 -15.089961 0.473611
v 17.027990 5.385045 0.473611
v 15.400643 -8.787683 0.473611
v 17.442223 -7.219512 0.473611
v 15.015995 -7.870452 0.473611
v 17.175928 -6.479806 0.473611
v 14.779291 -6.894042 0.473611
v 17.027990 -5.710515 0.473611
v 14.660935 -5.858456 0.473611
v 16.880047 -4.970811 0.473611
v -17.649338 6.894040 0.473611
v 14.572169 -4.852458 0.473611
v 16.820869 -4.201519 0.473611
v -17.087162 -4.970811 0.473611
v -14.572169 -4.852458 0.473611
v -17.057573 -4.201519 0.473611
v -14.631344 -5.858456 0.473611
v 22.827272 15.060375 0.473611
v 21.791681 11.213913 0.473611
v 20.016392 14.054380 0.473611
v 21.051975 10.858856 0.473611
v 19.158335 13.521794 0.473611
v 20.430630 10.503798 0.473611
v 24.868853 15.297080 0.473611
v 25.874847 15.237906 0.473611
v 27.886848 11.213913 0.473611
v 29.662134 14.054380 0.473611
v 28.774488 14.498203 0.473611
v 25.638147 11.805676 0.473611
v 26.821671 15.060375 0.473611
v 27.176735 11.450621 0.473611
v 26.437027 11.657736 0.473611
v 27.798082 14.823671 0.473611
v 28.596962 -11.243501 0.473611
v 30.520191 -13.403436 0.473611
v 29.307074 -10.829267 0.473611
v 16.909636 11.539384 0.473611
v 19.187923 9.497803 0.473611
v 17.619749 12.249499 0.473611
v 26.821671 -14.942020 0.473611
v 25.638147 -12.131146 0.473611
v 25.874847 -15.060375 0.473611
v 31.496603 -8.639743 0.473611
v 33.863651 -9.704916 0.473611
v 31.910833 -7.959215 0.473611
v 32.117950 12.249499 0.473611
v 30.490608 9.497803 0.473611
v 32.768890 11.539384 0.473611
v 31.023188 8.876450 0.473611
v 33.360649 10.740501 0.473611
v 31.496603 8.255097 0.473611
v 15.015995 7.988804 0.473611
v 17.797281 7.574570 0.473611
v 15.400643 8.965213 0.473611
v 15.785286 9.852858 0.473611
v 18.181929 8.255097 0.473611
v 16.317871 10.740501 0.473611
v 18.655338 8.876450 0.473611
v 19.750099 10.030389 0.473611
v 18.359457 12.959617 0.473611
v 17.442223 6.894040 0.473611
v -15.814872 9.852858 0.473611
v -18.389042 8.255097 0.473611
v -17.974808 7.574570 0.473611
v -15.045578 7.988804 0.473611
v -15.341460 8.965213 0.473611
v -17.175926 5.385045 0.473611
v -14.572169 5.029988 0.473611
v -16.317869 10.740501 0.473611
v -18.862452 8.876450 0.473611
v -17.057573 3.816872 0.473611
v -17.087162 4.586165 0.473611
v -16.909632 11.539384 0.473611
v -19.395037 9.497803 0.473611
v -17.590160 12.249499 0.473611
v -19.957212 10.030389 0.473611
v -18.329865 12.959617 0.473611
v -20.578564 10.503798 0.473611
v -19.158333 13.521794 0.473611
v -21.288681 10.858856 0.473611
v -21.998796 -11.568973 0.473611
v -20.016390 -13.936023 0.473611
v -21.288681 -11.243501 0.473611
v -20.016390 14.054380 0.473611
v -21.998796 11.213913 0.473611
v -20.904036 14.498203 0.473611
v -22.679327 11.450621 0.473611
v -21.850853 14.823671 0.473611
v -23.448616 11.657736 0.473611
v -22.856853 15.060375 0.473611
v -23.833261 15.237906 0.473611
v -24.217911 11.805676 0.473611
v -25.016790 11.835265 0.473611
v -25.815672 15.237906 0.473611
v -25.786083 11.805676 0.473611
v -24.809673 15.297080 0.473611
v -26.584963 11.657736 0.473611
v -27.827667 14.823671 0.473611
v -27.354256 11.450621 0.473611
v -26.821667 15.060375 0.473611
v 32.798477 -4.970811 0.473611
v 35.106358 -4.852458 0.473611
v 32.828068 -4.201519 0.473611
v -28.774488 14.498203 0.473611
v -28.093960 11.213913 0.473611
v -29.662130 14.054380 0.473611
v -28.804073 10.858856 0.473611
v -30.520187 13.521794 0.473611
v -29.455015 10.503798 0.473611
v -27.354256 -11.835264 0.473611
v -28.774488 -14.320670 0.473611
v -27.827667 -14.705316 0.473611
v -31.319069 12.959617 0.473611
v -30.135542 10.030389 0.473611
v -32.058773 12.249499 0.473611
v -30.697718 9.497803 0.473611
v -33.331066 10.740501 0.473611
v -31.230307 8.876450 0.473611
v -29.455015 -10.829267 0.473611
v -31.319069 -12.811675 0.473611
v -30.520187 -13.403436 0.473611
v -33.863651 9.852858 0.473611
v -31.703714 8.255097 0.473611
v -32.768890 11.539384 0.473611
v -34.307476 8.965213 0.473611
v -32.058773 7.574570 0.473611
v -28.804073 -11.243501 0.473611
v -34.632946 7.988804 0.473611
v -32.443420 6.894040 0.473611
v -34.899239 7.012395 0.473611
v -32.709713 6.154338 0.473611
v -35.047180 6.006397 0.473611
v -32.857655 5.385045 0.473611
v -35.106354 5.029988 0.473611
v -33.005596 4.586165 0.473611
v -35.047180 -5.858456 0.473611
v -32.857655 -5.710515 0.473611
v -33.005596 -4.970811 0.473611
v -23.833261 -15.060375 0.473611
v -22.856853 -14.942020 0.473611
v -23.448616 -12.042381 0.473611
v -24.217911 -12.131146 0.473611
v -21.850853 -14.705316 0.473611
v -22.679327 -11.835264 0.473611
v -20.904036 -14.320670 0.473611
v -19.395037 -9.823270 0.473611
v -16.909632 -11.361854 0.473611
v -18.862452 -9.261095 0.473611
v -16.317869 -10.562972 0.473611
v -18.389042 -8.639743 0.473611
v -17.974808 -7.959215 0.473611
v -30.135542 -10.326269 0.473611
v -29.662130 -13.936023 0.473611
v -28.093960 -11.568973 0.473611
v -26.584963 -12.042381 0.473611
v -26.821667 -14.942020 0.473611
v -25.786083 -12.131146 0.473611
v -25.815672 -15.060375 0.473611
v -24.809673 -15.089961 0.473611
v -25.016790 -12.160735 0.473611
v -32.058773 -12.131146 0.473611
v -30.697718 -9.823270 0.473611
v -32.768890 -11.361854 0.473611
v -31.230307 -9.261095 0.473611
v -33.331066 -10.562972 0.473611
v -31.703714 -8.639743 0.473611
v -33.863651 -9.704916 0.473611
v -32.058773 -7.959215 0.473611
v -34.307476 -8.787683 0.473611
v -32.443420 -7.219512 0.473611
v -34.632946 -7.870452 0.473611
v -32.709713 -6.479806 0.473611
v -34.899239 -6.894042 0.473611
v -35.106354 -4.852458 0.473611
v -33.035183 3.816872 0.473611
v -33.035183 -4.201519 0.473611
v 35.047180 -5.858456 0.473611
v 32.709713 -5.710515 0.473611
v 34.899242 -6.894042 0.473611
v 32.709713 5.385045 0.473611
v 35.106358 5.029988 0.473611
v 35.047180 6.006397 0.473611
v 34.337067 8.965213 0.473611
v 33.863651 9.852858 0.473611
v -15.814872 -9.704916 0.473611
v 31.910833 7.574570 0.473611
v 32.798477 4.586165 0.473611
v 32.828068 3.816872 0.473611
v 34.337067 -8.787683 0.473611
v 34.632942 7.988804 0.473611
v 32.236305 6.894040 0.473611
v 32.502598 6.154338 0.473611
v 34.899242 7.012395 0.473611
v 33.360649 -10.562972 0.473611
v 32.236305 -7.219512 0.473611
v 34.632942 -7.870452 0.473611
v 32.502598 -6.479806 0.473611
v -19.158333 -13.403436 0.473611
v -20.578564 -10.829267 0.473611
v -17.590160 -12.131146 0.473611
v -19.957212 -10.326269 0.473611
v -18.329865 -12.811675 0.473611
v 26.437027 -12.042381 0.473611
v 27.798082 -14.705316 0.473611
v 27.176735 -11.835264 0.473611
v 28.774488 -14.320670 0.473611
v 27.886848 -11.568973 0.473611
v 29.662134 -13.936023 0.473611
v 24.069973 -12.131146 0.473611
v 22.827272 -14.942020 0.473611
v 29.898838 -10.326269 0.000200
v 30.490608 -9.823270 0.000200
v 29.307074 -10.829267 0.000200
v 30.727306 -24.173531 0.000200
v 30.372246 -24.232704 0.000200
v 30.313074 -23.315474 0.000200
v 33.982002 13.699321 0.000200
v 33.982002 11.125150 0.000200
v 29.898838 10.030389 0.000200
v 29.987604 -23.315474 0.000200
v 29.958015 -24.232704 0.000200
v 29.691723 -23.315474 0.000200
v 33.982002 -11.095561 0.000200
v 30.727306 -16.332666 0.000200
v 28.833672 -24.114353 0.000200
v 29.099958 -23.167530 0.000200
v 29.188725 -24.173531 0.000200
v 30.313074 -17.338663 0.000200
v 30.372246 -16.303078 0.000200
v 29.987604 -17.338663 0.000200
v 29.958015 -16.273489 0.000200
v 28.064375 17.871250 0.000200
v 27.443022 17.131548 0.000200
v 27.383850 17.161135 0.000200
v 11.642946 -23.966412 0.000200
v 29.543785 -24.232704 0.000200
v 29.691723 -17.338663 0.000200
v 29.602957 -16.303078 0.000200
v 28.064375 23.729708 0.000200
v 1.405438 23.611353 0.000200
v 0.991207 23.670530 0.000200
v 33.982002 -24.410234 0.000200
v 16.998402 -24.410234 0.000200
v 29.395840 -17.368250 0.000200
v 29.188725 -16.332666 0.000200
v 29.958015 16.243902 0.000200
v 29.307074 10.503798 0.000200
v 28.596962 10.858856 0.000200
v 28.419428 -16.569370 0.000200
v 28.833672 -16.421429 0.000200
v 28.833672 -17.545780 0.000200
v 29.099958 -17.427427 0.000200
v 28.567371 -17.664129 0.000200
v 27.886848 11.213913 0.000200
v 27.472610 16.243902 0.000200
v 28.064375 -16.746901 0.000200
v 28.034786 -16.776489 0.000200
v 26.999203 22.871651 0.000200
v 27.117552 23.049177 0.000200
v 27.857260 22.309473 0.000200
v 27.975609 -16.835663 0.000200
v 26.999203 17.575371 0.000200
v 27.679733 18.255899 0.000200
v 27.857260 18.019192 0.000200
v 28.330662 -17.841661 0.000200
v 27.768494 -16.924427 0.000200
v 27.443022 -17.161135 0.000200
v 26.910437 17.664135 0.000200
v 27.531788 18.492603 0.000200
v 16.998402 -24.765291 0.000200
v 16.998402 -24.558176 0.000200
v 28.064375 -17.989603 0.000200
v 27.265490 -17.338663 0.000200
v 27.857260 -18.167131 0.000200
v 26.022791 21.007595 0.000200
v 26.170729 21.362656 0.000200
v 27.117552 21.037184 0.000200
v 33.982002 -24.883642 0.000200
v 27.117552 -17.427427 0.000200
v 26.999203 -17.604958 0.000200
v 27.768494 16.894842 0.000200
v 24.069973 11.805676 0.000200
v 26.673725 17.989603 0.000200
v 27.679733 -18.403837 0.000200
v 26.910437 -17.723309 0.000200
v 26.673725 -18.048777 0.000200
v 27.531788 -18.670130 0.000200
v 26.466610 -18.403837 0.000200
v 27.324667 -18.906837 0.000200
v -29.218311 -24.173531 0.000200
v -29.514193 -24.232704 0.000200
v -29.632545 -24.232704 0.000200
v 26.259495 -18.729307 0.000200
v 6.672132 -22.634943 0.000200
v 26.170729 -21.451418 0.000200
v 26.259495 -21.806473 0.000200
v 7.234310 -23.433825 0.000200
v 7.234310 -23.404236 0.000200
v 27.383850 -23.315474 0.000200
v 26.170729 -19.113953 0.000200
v 27.235907 -19.173130 0.000200
v -0.103557 -8.639743 0.000200
v 0.103559 -8.255095 0.000200
v 18.181929 -8.639743 0.000200
v 27.117552 -19.439421 0.000200
v 27.028786 -19.705715 0.000200
v 26.022791 -19.469009 0.000200
v 6.672132 -21.096359 0.000200
v 6.642546 -21.303478 0.000200
v -12.915230 -23.522589 0.000200
v 21.791681 -11.568973 0.000200
v 4.453021 -17.545780 0.000200
v 7.145543 -23.315474 0.000200
v 0.014795 20.415833 0.000200
v 0.044384 20.593361 0.000200
v 6.583371 -21.510593 0.000200
v 2.884851 -16.362255 0.000200
v 2.648143 -16.036785 0.000200
v 26.022791 -21.037182 0.000200
v 6.642546 -22.487001 0.000200
v 6.583371 -22.279884 0.000200
v 25.963614 -19.883245 0.000200
v 24.069973 -12.131146 0.000200
v 6.553780 -21.717712 0.000200
v 26.999203 -20.001598 0.000200
v 27.117552 -23.108355 0.000200
v 25.963614 -19.972010 0.000200
v 6.553780 -21.776886 0.000200
v -29.484604 -24.232704 0.000200
v -28.271488 -24.232704 0.000200
v 26.999203 -20.297480 0.000200
v 25.963614 -20.238302 0.000200
v 6.553780 -21.865652 0.000200
v 25.963614 -20.682125 0.000200
v 27.117552 -23.078766 0.000200
v 7.115957 -23.315474 0.000200
v 6.553780 -22.072767 0.000200
v -28.863251 24.025593 0.000200
v -14.512992 24.143942 0.000200
v -14.453815 24.025593 0.000200
v -28.449017 -23.936823 0.000200
v -28.537781 -23.966412 0.000200
v -28.863251 -24.114353 0.000200
v -8.802478 -24.114353 0.000200
v -8.772889 -24.084764 0.000200
v 22.531391 -11.835264 0.000200
v 23.300682 -12.042381 0.000200
v -0.103557 10.503798 0.000200
v 0.251499 10.651741 0.000200
v 20.430630 10.503798 0.000200
v 6.790487 -22.842062 0.000200
v 26.466610 -22.131947 0.000200
v 6.879250 -23.019592 0.000200
v 26.673725 -22.487001 0.000200
v 6.968013 -23.137943 0.000200
v 26.910437 -22.812473 0.000200
v 27.117552 -21.214712 0.000200
v 7.056777 -23.197119 0.000200
v 26.999203 -22.901236 0.000200
v 27.620548 -23.522589 0.000200
v 7.382247 -23.522589 0.000200
v 27.235907 -21.481005 0.000200
v 27.324667 -21.747301 0.000200
v -8.565770 -24.055176 0.000200
v -8.447418 -23.966412 0.000200
v 27.443022 -23.374647 0.000200
v 27.531788 -21.984005 0.000200
v 27.857260 -22.427828 0.000200
v 28.064375 -22.605354 0.000200
v 27.028786 -20.918827 0.000200
v -28.685724 -24.173531 0.000200
v -9.216712 -24.143942 0.000200
v -28.863251 -24.173531 0.000200
v -9.187123 -24.143942 0.000200
v -11.169530 -24.203114 0.000200
v -34.011593 -24.410234 0.000200
v -30.401834 -24.232704 0.000200
v -29.987600 -24.232704 0.000200
v -0.044382 -24.410234 0.000200
v -29.040781 -24.173531 0.000200
v -27.650135 -24.232704 0.000200
v -28.123547 -24.232704 0.000200
v -8.980004 -24.114353 0.000200
v 29.395840 -23.285885 0.000200
v -29.632545 -16.303078 0.000200
v -29.958012 -17.338663 0.000200
v -29.987600 -16.273489 0.000200
v -34.011593 11.095564 0.000200
v -34.011593 -11.036384 0.000200
v -34.366650 -10.474210 0.000200
v -0.044382 -24.676525 0.000200
v -17.027985 -24.558176 0.000200
v -29.307074 -24.173531 0.000200
v -30.401834 16.243902 0.000200
v -30.253895 17.161135 0.000200
v -29.987600 16.243902 0.000200
v -29.958012 -23.315474 0.000200
v -30.253895 -23.315474 0.000200
v -26.703318 -18.048777 0.000200
v -27.502197 -18.670130 0.000200
v -27.650135 -18.403837 0.000200
v -28.093960 -23.818470 0.000200
v -28.863251 -16.421429 0.000200
v -29.129543 -17.427427 0.000200
v -29.395838 -17.368250 0.000200
v -27.798079 -23.611353 0.000200
v -27.650135 -23.522589 0.000200
v -27.472609 -23.374647 0.000200
v -27.413431 -23.315474 0.000200
v -27.147137 -23.108355 0.000200
v -26.022787 -19.883245 0.000200
v -26.999197 -20.001598 0.000200
v -27.058374 -19.705715 0.000200
v -26.999197 -22.871651 0.000200
v -26.910433 -22.812473 0.000200
v -26.703318 -22.487001 0.000200
v -26.496199 -22.131947 0.000200
v -26.289080 -21.806473 0.000200
v -26.999197 -20.297480 0.000200
v -26.022787 -19.972010 0.000200
v -26.200317 -21.451418 0.000200
v -21.288681 10.858856 0.000200
v -21.998796 11.213913 0.000200
v -26.081964 19.469009 0.000200
v -26.081964 -21.037182 0.000200
v -26.022787 -20.682125 0.000200
v -26.081964 -19.469009 0.000200
v -26.022787 -20.238302 0.000200
v -26.289080 -18.729307 0.000200
v -27.206314 -19.173130 0.000200
v -27.324667 -18.906837 0.000200
v -27.206314 -21.481005 0.000200
v -23.448616 -12.042381 0.000200
v -26.496199 -18.403837 0.000200
v -27.502197 -21.984005 0.000200
v -27.857254 -22.427828 0.000200
v -28.330666 -22.812473 0.000200
v -28.093960 -22.605354 0.000200
v -26.999197 -20.593361 0.000200
v 3.151140 -16.658134 0.000200
v -27.087959 -19.439421 0.000200
v -26.200317 -19.113953 0.000200
v 17.797281 -7.959215 0.000200
v -17.974808 -7.959215 0.000200
v -0.251498 -7.604157 0.000200
v -0.103557 -7.959215 0.000200
v 0.044384 -6.864453 0.000200
v -0.103557 -7.219512 0.000200
v -17.383043 -6.479806 0.000200
v 18.655338 -9.261095 0.000200
v -0.044382 25.001999 0.000200
v -0.044382 25.209116 0.000200
v 16.998402 25.149939 0.000200
v -18.862452 -9.261095 0.000200
v -18.389042 -8.639743 0.000200
v 17.442223 -7.219512 0.000200
v 26.259495 18.699720 0.000200
v 21.051975 10.858856 0.000200
v 2.825670 14.557378 0.000200
v 19.187923 -9.823270 0.000200
v 27.028786 19.557777 0.000200
v 26.170729 19.054777 0.000200
v 26.022791 19.469009 0.000200
v 21.051975 -11.243501 0.000200
v 4.068375 -17.368250 0.000200
v 3.447023 -16.924427 0.000200
v 19.750099 -10.326269 0.000200
v 3.772493 -17.161135 0.000200
v 2.766495 14.764493 0.000200
v 20.430630 -10.829267 0.000200
v 21.791681 11.213913 0.000200
v 17.442223 6.894040 0.000200
v 0.044384 6.509395 0.000200
v -0.103557 6.894040 0.000200
v 27.117552 19.291483 0.000200
v 27.235907 18.995598 0.000200
v -0.103557 -6.479806 0.000200
v 17.027990 -5.710515 0.000200
v 17.175928 -6.479806 0.000200
v -0.103557 -5.710515 0.000200
v -0.162732 -6.124750 0.000200
v -17.175926 -5.710515 0.000200
v 0.251499 10.267093 0.000200
v -17.057573 -4.201519 0.000200
v -17.057573 3.816872 0.000200
v -0.103557 -0.147942 0.000200
v 16.880047 4.586165 0.000200
v 16.820869 3.816872 0.000200
v -0.073968 4.231109 0.000200
v -0.103557 4.586165 0.000200
v -17.087162 4.586165 0.000200
v -0.044382 -5.325869 0.000200
v 16.880047 -4.970811 0.000200
v -0.162732 5.000400 0.000200
v 16.820869 -4.201519 0.000200
v -0.073968 -4.556577 0.000200
v -0.103557 -4.970811 0.000200
v -17.087162 -4.970811 0.000200
v -0.103557 -4.201519 0.000200
v -0.103557 3.816872 0.000200
v -0.103557 5.385045 0.000200
v -17.175926 5.385045 0.000200
v -0.162732 5.740104 0.000200
v 26.259495 21.776890 0.000200
v 26.466610 22.102360 0.000200
v 27.324667 21.569771 0.000200
v -17.383043 6.154338 0.000200
v -0.103557 6.154338 0.000200
v -0.399439 9.764092 0.000200
v -19.395037 9.497803 0.000200
v -19.957212 10.030389 0.000200
v 29.987604 17.161135 0.000200
v 30.372246 16.243902 0.000200
v 17.027990 5.385045 0.000200
v -0.103557 8.255097 0.000200
v -17.974808 7.574570 0.000200
v -18.389042 8.255097 0.000200
v -18.862452 8.876450 0.000200
v -0.369847 9.201921 0.000200
v -0.103557 8.876450 0.000200
v 0.103559 7.959215 0.000200
v -0.103557 7.574570 0.000200
v -0.251498 7.219513 0.000200
v -17.649338 6.894040 0.000200
v -20.578564 10.503798 0.000200
v -0.340261 8.580568 0.000200
v -0.103557 9.497803 0.000200
v 18.181929 8.255097 0.000200
v 18.655338 8.876450 0.000200
v -0.103557 10.030389 0.000200
v 22.531391 11.450621 0.000200
v 19.187923 9.497803 0.000200
v 17.797281 7.574570 0.000200
v 27.117552 17.397839 0.000200
v 19.750099 10.030389 0.000200
v 0.014795 20.800478 0.000200
v 0.014795 20.978010 0.000200
v 27.324667 18.729311 0.000200
v 26.466610 18.344662 0.000200
v 27.235907 21.303480 0.000200
v 25.638147 11.805676 0.000200
v 24.868853 11.835265 0.000200
v 27.176735 11.450621 0.000200
v 23.300682 11.657736 0.000200
v 26.673725 22.427830 0.000200
v 26.910437 22.782887 0.000200
v 27.679733 22.102360 0.000200
v 27.531788 21.836067 0.000200
v 26.437027 -12.042381 0.000200
v 28.833672 16.391844 0.000200
v 29.188725 16.303080 0.000200
v 26.437027 11.657736 0.000200
v 24.868853 -12.160735 0.000200
v 25.638147 -12.131146 0.000200
v 27.176735 -11.835264 0.000200
v 27.886848 -11.568973 0.000200
v 28.596962 -11.243501 0.000200
v 30.727306 16.303080 0.000200
v 31.141542 16.391844 0.000200
v 2.352262 24.410231 0.000200
v 18.152332 24.410231 0.000200
v 29.958015 24.203119 0.000200
v 31.023188 8.876450 0.000200
v 30.490608 9.497803 0.000200
v 33.982002 23.463415 0.000200
v 34.100361 23.907238 0.000200
v 34.159534 23.907238 0.000200
v 34.425827 -23.522589 0.000200
v 34.425827 -10.355855 0.000200
v 34.869652 -23.522589 0.000200
v 29.395840 23.137943 0.000200
v 29.602957 24.173531 0.000200
v 29.691723 23.137943 0.000200
v 33.508598 18.344662 0.000200
v 33.686123 18.699720 0.000200
v 33.804482 19.054777 0.000200
v 32.857658 19.291483 0.000200
v 33.271889 17.989603 0.000200
v 33.035191 17.664135 0.000200
v 33.005596 17.634546 0.000200
v 32.798477 17.397839 0.000200
v 32.532192 17.161135 0.000200
v 32.502598 17.131548 0.000200
v -13.477406 24.498999 0.000200
v -0.044382 24.854057 0.000200
v 2.352262 24.617353 0.000200
v 32.206715 16.894842 0.000200
v 33.982002 24.410231 0.000200
v 33.982002 24.854057 0.000200
v 34.159534 24.794880 0.000200
v 32.147545 16.865252 0.000200
v 16.998402 24.854057 0.000200
v 18.152332 24.706120 0.000200
v 31.881250 16.687725 0.000200
v 14.986406 24.232708 0.000200
v 15.163933 24.262293 0.000200
v 31.496603 16.539785 0.000200
v 34.100361 24.410231 0.000200
v 0.369855 24.291882 0.000200
v 0.133150 24.291882 0.000200
v 14.838463 24.232708 0.000200
v -17.649338 -7.219512 0.000200
v 0.133150 23.966412 0.000200
v 14.424232 24.025593 0.000200
v 14.483409 23.996000 0.000200
v 29.602957 16.243902 0.000200
v 29.691723 17.161135 0.000200
v 2.411439 15.918432 0.000200
v -34.011593 24.854057 0.000200
v -34.011593 25.209116 0.000200
v -17.027985 25.149939 0.000200
v -22.679327 11.450621 0.000200
v -26.200317 19.054777 0.000200
v -23.448616 11.657736 0.000200
v -26.496199 18.344662 0.000200
v -26.999197 20.179129 0.000200
v -26.999197 20.475012 0.000200
v -26.022787 20.238306 0.000200
v -34.632946 24.706120 0.000200
v -34.573769 25.149939 0.000200
v -34.396236 24.735703 0.000200
v -24.217911 11.805676 0.000200
v -25.016790 11.835265 0.000200
v -27.147137 17.397839 0.000200
v -26.703318 17.989603 0.000200
v -24.217911 -12.131146 0.000200
v -34.277885 25.209116 0.000200
v -34.189121 24.794880 0.000200
v -0.340261 21.747301 0.000200
v -26.496199 22.102360 0.000200
v -26.703318 22.427830 0.000200
v -35.372646 -8.195921 0.000200
v -35.254295 -8.491800 0.000200
v -35.224701 -8.491800 0.000200
v 33.271889 -22.487001 0.000200
v 33.508598 -22.131947 0.000200
v 33.982002 -23.522589 0.000200
v -25.786083 11.805676 0.000200
v -27.472609 17.131548 0.000200
v -26.466610 23.463415 0.000200
v -27.147137 23.049177 0.000200
v -27.324667 23.167530 0.000200
v -34.396236 24.291882 0.000200
v -34.307476 24.351059 0.000200
v -29.662130 23.137943 0.000200
v -29.632545 24.173531 0.000200
v -29.218311 24.143942 0.000200
v -26.584963 11.657736 0.000200
v -28.093960 16.687725 0.000200
v -26.910433 -17.723309 0.000200
v -27.354256 11.450621 0.000200
v -28.449017 16.539785 0.000200
v -27.650135 -22.220709 0.000200
v -28.093960 11.213913 0.000200
v -28.863251 16.391844 0.000200
v -30.135542 10.030389 0.000200
v -30.697718 9.497803 0.000200
v -28.804073 10.858856 0.000200
v -29.632545 16.243902 0.000200
v -29.455015 10.503798 0.000200
v -34.011593 24.410231 0.000200
v -29.307074 24.410231 0.000200
v -28.093960 -11.568973 0.000200
v -27.354256 -11.835264 0.000200
v -30.756895 16.303080 0.000200
v -30.253895 -17.338663 0.000200
v -30.756895 -16.332666 0.000200
v -30.875246 -17.427427 0.000200
v -31.171129 -16.421429 0.000200
v -17.027985 25.209116 0.000200
v -17.027985 25.297884 0.000200
v -30.135542 -10.326269 0.000200
v -29.455015 -10.829267 0.000200
v -31.230307 8.876450 0.000200
v -31.171129 -24.114353 0.000200
v -30.875246 -23.167530 0.000200
v -30.756895 -24.173531 0.000200
v -31.703714 8.255097 0.000200
v -31.526186 -16.569370 0.000200
v -32.058773 7.574570 0.000200
v -31.910833 -16.746901 0.000200
v -32.443420 6.894040 0.000200
v -32.532185 -17.161135 0.000200
v -32.236301 -16.924427 0.000200
v -31.674126 -17.841661 0.000200
v -32.709713 6.154338 0.000200
v -34.011593 -16.273489 0.000200
v -32.857655 5.385045 0.000200
v -33.005596 4.586165 0.000200
v -30.697718 -9.823270 0.000200
v -34.011593 -23.522589 0.000200
v -33.064774 -22.812473 0.000200
v -33.005596 -22.901236 0.000200
v -35.846058 5.029988 0.000200
v -34.455414 10.296680 0.000200
v -34.366650 10.533386 0.000200
v -34.396236 -23.700119 0.000200
v -34.840061 -23.907234 0.000200
v -34.899239 -23.818470 0.000200
v -32.828064 -23.108355 0.000200
v -32.561771 -23.315474 0.000200
v -31.141541 -17.545780 0.000200
v -31.526186 -23.936823 0.000200
v -31.407833 -22.990002 0.000200
v -31.141541 -23.108355 0.000200
v -29.218311 -16.332666 0.000200
v -29.662130 -17.338663 0.000200
v -30.401834 -16.303078 0.000200
v -31.407833 -17.664129 0.000200
v -31.230307 -9.261095 0.000200
v -27.324667 -21.747301 0.000200
v -34.011593 -19.883245 0.000200
v -34.455414 -23.522589 0.000200
v -31.910833 -17.989603 0.000200
v -32.828064 -17.427427 0.000200
v -32.088360 -18.167131 0.000200
v -32.532185 -23.374647 0.000200
v -32.325066 -23.522589 0.000200
v -33.005596 -17.604958 0.000200
v -32.295479 -18.403837 0.000200
v -33.064774 -17.723309 0.000200
v -33.331066 -18.048777 0.000200
v -33.597359 -22.043179 0.000200
v -33.538181 -22.131947 0.000200
v -32.502594 -18.670130 0.000200
v -33.360649 -18.137543 0.000200
v -32.620949 -18.906837 0.000200
v -31.910833 -22.605354 0.000200
v -33.538181 -18.403837 0.000200
v -33.686123 -18.729307 0.000200
v -32.768890 -19.173130 0.000200
v -33.834061 -19.113953 0.000200
v -32.828064 -19.439421 0.000200
v -33.922821 -19.469009 0.000200
v -32.502594 -21.984005 0.000200
v -33.331066 -22.487001 0.000200
v -33.360649 -22.368650 0.000200
v -32.916832 -19.705715 0.000200
v -35.757294 -23.522589 0.000200
v -35.431824 -7.840862 0.000200
v -35.372646 -8.107157 0.000200
v -34.011593 -23.966412 0.000200
v -32.236301 -23.611353 0.000200
v -32.620949 -21.747301 0.000200
v -34.011593 -19.972010 0.000200
v -32.976006 -20.001598 0.000200
v -34.011593 -20.238302 0.000200
v -34.011593 -20.682125 0.000200
v -33.005596 -20.297480 0.000200
v -32.976006 -20.593361 0.000200
v -32.828064 -21.214712 0.000200
v -33.686123 -21.806473 0.000200
v -33.834061 -21.451418 0.000200
v -33.922821 -21.037182 0.000200
v -32.916832 -20.918827 0.000200
v -34.100357 -23.966412 0.000200
v -31.674126 -22.812473 0.000200
v -31.910833 -23.818470 0.000200
v -32.768890 -21.481005 0.000200
v -32.295479 -22.220709 0.000200
v -32.088360 -22.427828 0.000200
v -26.584963 -12.042381 0.000200
v -28.093960 -16.746901 0.000200
v -28.449017 -16.569370 0.000200
v -17.027985 -24.972410 0.000200
v -17.027985 -25.179525 0.000200
v -34.011593 -25.268291 0.000200
v -34.189121 -23.907234 0.000200
v -34.277885 -23.877647 0.000200
v -34.129944 -24.410234 0.000200
v -31.496599 -23.966412 0.000200
v -28.804073 -11.243501 0.000200
v -30.549776 -23.285885 0.000200
v -30.549776 -17.368250 0.000200
v 33.035191 -22.812473 0.000200
v -27.857254 -18.167131 0.000200
v -27.147137 -17.427427 0.000200
v -26.999197 -17.634541 0.000200
v -28.093960 -17.989603 0.000200
v -27.472609 -17.161135 0.000200
v -27.324667 -17.338663 0.000200
v 32.798477 -23.108355 0.000200
v 32.532192 -23.315474 0.000200
v 32.147545 -22.427828 0.000200
v 32.650539 -21.747301 0.000200
v 33.005596 -22.871651 0.000200
v 33.982002 -19.972010 0.000200
v 33.952419 -19.883245 0.000200
v 34.337067 23.729708 0.000200
v 34.366650 23.670530 0.000200
v 32.295483 -23.522589 0.000200
v 32.206715 -23.611353 0.000200
v 31.674129 -22.812473 0.000200
v 32.502598 -23.374647 0.000200
v 25.401438 23.907238 0.000200
v 28.034786 23.907238 0.000200
v 33.982002 -23.966412 0.000200
v 32.147545 -23.611353 0.000200
v 31.910833 -22.605354 0.000200
v 34.100361 -24.410234 0.000200
v 34.159534 -24.883642 0.000200
v 30.875250 -23.167530 0.000200
v 31.171131 -23.108355 0.000200
v 31.496603 -23.936823 0.000200
v 31.881250 -23.818470 0.000200
v 30.608957 -17.368250 0.000200
v 31.141542 -24.114353 0.000200
v 31.437426 -23.966412 0.000200
v 29.573366 -24.232704 0.000200
v 29.602957 -24.232704 0.000200
v 28.330662 -22.812473 0.000200
v 28.034786 -23.729708 0.000200
v 27.768494 -23.611353 0.000200
v 28.833672 -23.108355 0.000200
v 28.419428 -23.936823 0.000200
v 16.998402 -24.972410 0.000200
v 16.998402 -25.179525 0.000200
v -0.044382 -25.090759 0.000200
v -17.027985 -24.410234 0.000200
v 16.998402 -24.883642 0.000200
v -0.044382 -24.883642 0.000200
v -17.027985 -24.765291 0.000200
v 34.100361 -23.936823 0.000200
v 34.277889 -24.410234 0.000200
v -34.011593 -24.883642 0.000200
v -17.027985 -24.883642 0.000200
v -0.044382 -25.268291 0.000200
v -0.044382 -25.445818 0.000200
v -17.027985 -25.386644 0.000200
v -17.027985 -25.268291 0.000200
v -35.372646 8.166331 0.000200
v -35.431824 7.900041 0.000200
v -35.757294 23.463415 0.000200
v 16.998402 -25.386644 0.000200
v -34.632946 -24.706116 0.000200
v -34.810467 -25.090759 0.000200
v -35.047180 -24.942822 0.000200
v -34.958412 -24.469410 0.000200
v -34.632946 -24.143942 0.000200
v -34.573769 -24.232704 0.000200
v 16.998402 -25.268291 0.000200
v -34.899239 -9.290682 0.000200
v -34.928825 -9.320271 0.000200
v -35.165531 -8.728507 0.000200
v -34.396236 -24.824469 0.000200
v -34.573769 -25.179525 0.000200
v -34.396236 -24.351057 0.000200
v -34.277885 -25.238703 0.000200
v -34.189121 -24.883642 0.000200
v -34.129944 -23.936823 0.000200
v -34.307476 -24.410234 0.000200
v -34.425827 -23.640942 0.000200
v -35.106354 -24.321468 0.000200
v -34.721706 -24.084764 0.000200
v -35.195118 -24.143942 0.000200
v -35.313473 -23.907234 0.000200
v -34.337063 -23.848059 0.000200
v -34.366650 -23.788881 0.000200
v -34.899239 -9.320271 0.000200
v -34.011593 20.593361 0.000200
v -34.011593 20.238306 0.000200
v -34.455414 23.463415 0.000200
v -34.899239 -23.640942 0.000200
v -34.455414 -23.611353 0.000200
v -34.899239 -23.522589 0.000200
v -35.372646 -23.700119 0.000200
v -34.455414 -10.267092 0.000200
v -34.810467 -9.616152 0.000200
v -34.011593 23.463415 0.000200
v -33.922821 20.978010 0.000200
v -35.372646 -23.522589 0.000200
v -35.372646 -8.136745 0.000200
v -35.668530 -6.894042 0.000200
v -35.757294 -6.095162 0.000200
v -35.757294 -5.917631 0.000200
v -34.129944 24.410231 0.000200
v -35.372646 23.670530 0.000200
v -35.372646 23.463415 0.000200
v -35.727707 23.729708 0.000200
v -35.846058 -5.000400 0.000200
v -34.899239 9.349860 0.000200
v -34.899239 23.463415 0.000200
v -34.810467 9.645743 0.000200
v -31.910833 22.516594 0.000200
v -32.088360 22.309473 0.000200
v -32.828064 23.049177 0.000200
v -32.976006 20.475012 0.000200
v -32.768890 18.995598 0.000200
v -33.538181 18.344662 0.000200
v -33.686123 18.699720 0.000200
v -34.011593 19.824068 0.000200
v -33.005596 20.179129 0.000200
v -33.922821 19.469009 0.000200
v -34.011593 23.907238 0.000200
v -32.325066 23.463415 0.000200
v -32.976006 19.883245 0.000200
v -33.834061 21.362656 0.000200
v -33.922821 21.007595 0.000200
v -34.455414 23.552181 0.000200
v -34.899239 23.640942 0.000200
v -35.313473 23.907238 0.000200
v -35.195118 24.114353 0.000200
v -34.899239 23.729708 0.000200
v -34.425827 23.640942 0.000200
v -34.632946 24.143942 0.000200
v -34.573769 24.203119 0.000200
v -34.337063 23.818470 0.000200
v -34.396236 23.670530 0.000200
v -34.840061 23.907238 0.000200
v -34.366650 23.729708 0.000200
v -34.721706 23.996000 0.000200
v -34.277885 23.877645 0.000200
v 2.707321 14.971609 0.000200
v -34.189121 23.907238 0.000200
v -34.129944 23.907238 0.000200
v -34.100357 23.907238 0.000200
v -32.236301 23.552181 0.000200
v -31.674126 22.664536 0.000200
v -30.401834 24.173531 0.000200
v -30.756895 24.143942 0.000200
v -31.526186 23.907238 0.000200
v -32.532185 23.315474 0.000200
v -31.171129 24.025593 0.000200
v -31.496599 23.907238 0.000200
v -29.987600 24.203119 0.000200
v -14.542581 24.351059 0.000200
v -14.483403 24.380650 0.000200
v -17.027985 24.854057 0.000200
v -17.027985 24.942823 0.000200
v -13.477406 24.410231 0.000200
v 16.998402 25.209116 0.000200
v 33.982002 25.209116 0.000200
v -27.857254 18.019192 0.000200
v -27.650135 18.255899 0.000200
v -26.999197 17.634546 0.000200
v 16.998402 24.942823 0.000200
v -14.631344 24.617353 0.000200
v 25.963614 20.238306 0.000200
v 25.963614 19.824068 0.000200
v 2.707321 15.326672 0.000200
v -26.022787 20.593361 0.000200
v -27.058374 20.770891 0.000200
v -27.502197 21.836067 0.000200
v -27.650135 22.102360 0.000200
v -0.073968 24.262293 0.000200
v -14.690521 24.351059 0.000200
v -0.221909 24.203119 0.000200
v -26.022787 19.824068 0.000200
v -0.044382 20.238306 0.000200
v -14.779284 24.291882 0.000200
v -29.395838 23.137943 0.000200
v -30.253895 23.137943 0.000200
v -29.958012 23.167530 0.000200
v -28.449017 23.907238 0.000200
v -28.833662 22.930828 0.000200
v -29.129543 23.049177 0.000200
v -30.875246 23.049177 0.000200
v -30.549776 23.137943 0.000200
v -31.171129 16.391844 0.000200
v -30.875246 17.309074 0.000200
v -31.141541 17.397839 0.000200
v -30.549776 17.220312 0.000200
v -31.141541 22.930828 0.000200
v -31.407833 22.842062 0.000200
v -31.910833 23.729708 0.000200
v -32.236301 16.894842 0.000200
v -32.177128 16.865252 0.000200
v -33.005596 22.871651 0.000200
v -33.331066 22.427830 0.000200
v -33.064774 22.782887 0.000200
v -32.295479 22.102360 0.000200
v -32.502594 21.836067 0.000200
v -33.686123 21.776890 0.000200
v -33.538181 22.102360 0.000200
v -32.620949 21.569771 0.000200
v -32.561771 17.161135 0.000200
v -32.088360 18.019192 0.000200
v -31.910833 17.871250 0.000200
v -33.360649 22.339064 0.000200
v -26.910433 22.782887 0.000200
v -32.768890 21.303480 0.000200
v -33.064774 17.664135 0.000200
v -32.502594 18.492603 0.000200
v -32.295479 18.255899 0.000200
v -32.828064 21.037184 0.000200
v -33.331066 17.989603 0.000200
v -32.620949 18.729311 0.000200
v -33.834061 19.054777 0.000200
v -32.916832 19.557777 0.000200
v -32.828064 19.291483 0.000200
v -32.916832 20.770891 0.000200
v -32.828064 17.397839 0.000200
v -26.081964 21.007595 0.000200
v -26.052376 20.978010 0.000200
v -32.532185 17.131548 0.000200
v -31.910833 16.687725 0.000200
v -31.526186 16.539785 0.000200
v -31.674126 17.664135 0.000200
v -31.407833 17.545780 0.000200
v -29.218311 16.303080 0.000200
v -27.857254 16.865252 0.000200
v -27.798079 16.894842 0.000200
v -27.413431 17.161135 0.000200
v -26.910433 17.664135 0.000200
v -26.289080 18.699720 0.000200
v -27.058374 19.557777 0.000200
v -26.999197 19.883245 0.000200
v -0.073968 21.214714 0.000200
v -0.044382 21.007595 0.000200
v 26.022791 20.978010 0.000200
v 2.707321 15.740903 0.000200
v 0.014795 22.812475 0.000200
v -0.103557 22.605358 0.000200
v -27.087959 19.291483 0.000200
v 0.399440 23.345062 0.000200
v 0.369855 23.285885 0.000200
v 27.443022 23.315474 0.000200
v 27.265490 23.167530 0.000200
v 0.517796 23.404240 0.000200
v 0.192325 23.137943 0.000200
v 28.833672 24.025593 0.000200
v 28.508194 23.907238 0.000200
v 28.419428 23.907238 0.000200
v 0.281088 23.167530 0.000200
v -0.192320 22.250301 0.000200
v -0.162732 22.398239 0.000200
v -26.200317 21.362656 0.000200
v -0.133146 21.362656 0.000200
v -0.044382 24.025593 0.000200
v -0.192320 21.569771 0.000200
v -26.289080 21.776890 0.000200
v 25.963614 20.593361 0.000200
v 26.999203 20.475012 0.000200
v 27.028786 20.770891 0.000200
v 0.103559 22.930828 0.000200
v 28.034786 23.700121 0.000200
v 27.768494 23.552181 0.000200
v 0.932027 23.611353 0.000200
v 27.620548 23.463415 0.000200
v 0.606562 23.463415 0.000200
v 0.636148 23.493004 0.000200
v 28.064375 22.516594 0.000200
v 28.330662 22.664536 0.000200
v 28.567371 22.842062 0.000200
v 14.572169 24.203119 0.000200
v 14.394643 24.173531 0.000200
v 0.813677 23.611353 0.000200
v 0.843266 23.611353 0.000200
v 14.305876 23.936827 0.000200
v 14.217116 23.907238 0.000200
v 14.690524 24.203119 0.000200
v 18.152332 24.498999 0.000200
v 33.982002 23.907238 0.000200
v 31.496603 23.907238 0.000200
v 14.246698 23.907238 0.000200
v 28.833672 22.930828 0.000200
v 1.050382 23.700121 0.000200
v 14.276294 24.143942 0.000200
v -14.246698 23.907238 0.000200
v -0.044382 23.907238 0.000200
v 0.044384 23.907238 0.000200
v 28.064375 16.687725 0.000200
v 28.330662 17.664135 0.000200
v 28.567371 17.545780 0.000200
v 29.099958 23.049177 0.000200
v 29.188725 24.143942 0.000200
v 30.372246 24.173531 0.000200
v 31.910833 17.871250 0.000200
v 32.147545 18.019192 0.000200
v 32.295483 18.255899 0.000200
v 33.952419 19.824068 0.000200
v 33.893246 19.469009 0.000200
v 33.005596 19.883245 0.000200
v 26.999203 19.883245 0.000200
v 33.893246 21.007595 0.000200
v 33.893246 20.978010 0.000200
v 32.946423 20.770891 0.000200
v 33.982002 20.238306 0.000200
v 33.952419 20.593361 0.000200
v 34.070766 23.907238 0.000200
v 34.248295 25.209116 0.000200
v 34.248295 23.877645 0.000200
v 34.544182 24.203119 0.000200
v 34.603359 24.143942 0.000200
v 34.366650 24.735703 0.000200
v 34.544182 25.149939 0.000200
v 34.780891 25.031584 0.000200
v -28.182724 -24.232704 0.000200
v 31.141542 24.025593 0.000200
v 34.277889 24.351059 0.000200
v 34.573769 24.706120 0.000200
v 34.366650 24.291882 0.000200
v 34.810474 23.907238 0.000200
v 34.840065 23.729708 0.000200
v 30.727306 24.143942 0.000200
v 34.307476 -23.848059 0.000200
v 34.248295 -23.877647 0.000200
v 35.165535 8.758098 0.000200
v 35.343060 8.284686 0.000200
v 34.070766 -23.966412 0.000200
v 34.366650 -23.700119 0.000200
v 34.337067 -23.788881 0.000200
v 34.159534 -23.907234 0.000200
v 34.307476 23.818470 0.000200
v 34.692127 23.996000 0.000200
v 35.076767 24.262293 0.000200
v 35.786888 -3.165932 0.000200
v 34.425827 -10.326269 0.000200
v 34.366650 -10.474210 0.000200
v 35.195118 24.706120 0.000200
v 34.928825 24.439827 0.000200
v 34.780891 24.587765 0.000200
v 34.869652 23.640942 0.000200
v 34.869652 23.463415 0.000200
v 34.425827 23.552181 0.000200
v 34.425827 23.463415 0.000200
v 34.396244 23.640942 0.000200
v 34.425827 10.385445 0.000200
v 34.869652 9.497803 0.000200
v 34.869652 9.527389 0.000200
v 35.106358 8.994798 0.000200
v 32.206715 23.552181 0.000200
v 32.147545 23.611353 0.000200
v 34.840065 9.645743 0.000200
v 35.283890 23.907238 0.000200
v 34.366650 10.533386 0.000200
v 35.727703 23.463415 0.000200
v 35.461414 7.900041 0.000200
v 35.343060 23.670530 0.000200
v 35.343060 23.463415 0.000200
v 35.017590 24.913235 0.000200
v 35.106358 9.024391 0.000200
v 35.668533 6.953218 0.000200
v 35.343060 8.314272 0.000200
v 35.727703 6.509395 0.000200
v 34.396244 -23.640942 0.000200
v 35.816471 5.976809 0.000200
v 35.372650 24.498999 0.000200
v 35.550182 24.262293 0.000200
v 35.846066 5.029988 0.000200
v 35.846066 -3.165932 0.000200
v 33.804482 -21.451418 0.000200
v 33.686123 -21.806473 0.000200
v 32.857658 -21.214712 0.000200
v 35.846066 -5.000400 0.000200
v 34.425827 -23.611353 0.000200
v 34.869652 -23.640942 0.000200
v 31.496603 8.255097 0.000200
v 32.828068 3.816872 0.000200
v 32.650539 -18.906837 0.000200
v 33.508598 -18.403837 0.000200
v 33.686123 -18.729307 0.000200
v 33.982002 -20.238302 0.000200
v 32.946423 -19.705715 0.000200
v 33.893246 -19.469009 0.000200
v 33.005596 -20.297480 0.000200
v 34.366650 -24.824469 0.000200
v 34.869652 -9.438623 0.000200
v 34.869652 -9.497801 0.000200
v 34.840065 -9.616152 0.000200
v 33.893246 -21.037182 0.000200
v 33.952419 -20.682125 0.000200
v 34.840065 -23.818470 0.000200
v 34.810474 -23.907234 0.000200
v 34.692127 -24.084764 0.000200
v 34.603359 -24.143942 0.000200
v 34.544182 -24.232704 0.000200
v 34.366650 -24.351057 0.000200
v 33.982002 -25.268291 0.000200
v 34.248295 -25.238703 0.000200
v 34.780891 -24.617348 0.000200
v -27.324667 21.569771 0.000200
v -27.206314 21.303480 0.000200
v -27.087959 21.037184 0.000200
v -27.798079 23.552181 0.000200
v -28.093960 23.729708 0.000200
v -26.999197 22.842062 0.000200
v -27.857254 22.309473 0.000200
v -28.093960 22.516594 0.000200
v -27.650135 23.463415 0.000200
v -27.472609 23.315474 0.000200
v -14.217110 23.936827 0.000200
v -28.330666 22.664536 0.000200
v -28.567369 22.842062 0.000200
v -14.276287 23.907238 0.000200
v -14.276287 23.966412 0.000200
v -29.129543 17.309074 0.000200
v -28.833662 17.397839 0.000200
v -28.330666 17.664135 0.000200
v -28.567369 17.545780 0.000200
v -28.093960 17.871250 0.000200
v -28.537781 23.907238 0.000200
v -27.324667 18.729311 0.000200
v -28.833662 -17.545780 0.000200
v -25.016790 -12.160735 0.000200
v -29.662130 -23.315474 0.000200
v -27.798079 -16.924427 0.000200
v -28.330666 -17.841661 0.000200
v -28.567369 -17.664129 0.000200
v -28.833662 -23.108355 0.000200
v -29.129543 -23.167530 0.000200
v -25.786083 -12.131146 0.000200
v -35.579765 -24.321468 0.000200
v -35.668530 -24.084764 0.000200
v -35.431824 -24.558176 0.000200
v -35.224701 -24.735704 0.000200
v -34.810467 -24.617348 0.000200
v -35.727707 -23.788881 0.000200
v -35.757294 5.976809 0.000200
v -35.668530 6.953218 0.000200
v -35.165531 8.758098 0.000200
v 35.343060 -23.522589 0.000200
v 35.343060 -8.284686 0.000200
v 35.727703 -23.522589 0.000200
v -34.810467 24.587765 0.000200
v -34.958412 24.439827 0.000200
v -35.047180 24.913235 0.000200
v 0.961618 23.611353 0.000200
v -35.668530 23.996000 0.000200
v -35.579765 24.262293 0.000200
v 32.680122 23.167530 0.000200
v 32.502598 23.315474 0.000200
v -35.106354 24.262293 0.000200
v -35.431824 24.498999 0.000200
v -35.224701 24.706120 0.000200
v -34.810467 25.031584 0.000200
v 35.165535 24.114353 0.000200
v 35.698120 23.729708 0.000200
v 35.638950 23.996000 0.000200
v 35.668533 -6.894042 0.000200
v 35.816471 -5.917631 0.000200
v 34.899242 -9.497801 0.000200
v 35.343060 -23.700119 0.000200
v 35.698120 -23.788881 0.000200
v 35.461414 -7.840862 0.000200
v 35.343060 -8.225509 0.000200
v 35.165535 -8.728507 0.000200
v 35.076767 -24.321468 0.000200
v 34.928825 -24.469410 0.000200
v 35.638950 -24.084764 0.000200
v 34.780891 -25.090759 0.000200
v 34.573769 -24.706116 0.000200
v 35.165535 -24.143942 0.000200
v 35.017590 -24.942822 0.000200
v 34.544182 -25.179525 0.000200
v 35.283890 -23.907234 0.000200
v 35.550182 -24.321468 0.000200
v 35.372650 -24.558176 0.000200
v 35.195118 -24.735704 0.000200
v 32.828068 -4.201519 0.000200
v 32.798477 4.586165 0.000200
v 31.910833 7.574570 0.000200
v 32.236305 6.894040 0.000200
v 32.502598 6.154338 0.000200
v 32.709713 5.385045 0.000200
v 32.798477 -4.970811 0.000200
v 33.005596 -20.001598 0.000200
v 31.023188 -9.261095 0.000200
v 32.946423 -20.918827 0.000200
v 33.271889 -18.048777 0.000200
v 33.035191 -17.723309 0.000200
v 33.005596 -20.593361 0.000200
v 32.768890 -21.481005 0.000200
v 32.857658 -19.439421 0.000200
v 33.804482 -19.113953 0.000200
v 31.881250 -16.746901 0.000200
v 31.496603 -16.569370 0.000200
v 32.768890 -19.173130 0.000200
v 32.680122 -17.338663 0.000200
v 32.502598 -17.161135 0.000200
v 32.295483 -18.403837 0.000200
v 33.005596 -17.634541 0.000200
v 32.502598 -18.670130 0.000200
v 32.147545 -18.167131 0.000200
v 31.910833 -17.989603 0.000200
v 32.206715 -16.924427 0.000200
v 32.147545 -16.894842 0.000200
v 32.798477 -17.427427 0.000200
v 30.875250 -17.427427 0.000200
v 31.141542 -16.421429 0.000200
v 31.437426 -17.664129 0.000200
v 31.171131 -17.545780 0.000200
v 31.674129 -17.841661 0.000200
v 30.608957 -23.285885 0.000200
v 27.679733 -22.220709 0.000200
v 28.064375 -23.818470 0.000200
v 28.567371 -22.990002 0.000200
v 28.508194 -23.966412 0.000200
v 31.437426 -22.990002 0.000200
v -9.601357 -24.143942 0.000200
v 26.999203 -20.593361 0.000200
v 31.496603 -8.639743 0.000200
v 31.910833 -7.959215 0.000200
v 32.236305 -7.219512 0.000200
v 32.502598 -6.479806 0.000200
v 32.709713 -5.710515 0.000200
v 32.946423 19.557777 0.000200
v 33.005596 20.475012 0.000200
v 33.271889 22.427830 0.000200
v 33.035191 22.782887 0.000200
v 32.650539 21.569771 0.000200
v 33.508598 22.102360 0.000200
v 33.686123 21.776890 0.000200
v 32.857658 21.037184 0.000200
v 33.804482 21.362656 0.000200
v 32.295483 22.102360 0.000200
v 32.768890 21.303480 0.000200
v 31.881250 23.729708 0.000200
v 31.437426 22.842062 0.000200
v 31.171131 22.930828 0.000200
v 33.005596 22.842062 0.000200
v 32.502598 21.836067 0.000200
v 32.147545 22.309473 0.000200
v 32.798477 23.049177 0.000200
v 31.910833 22.516594 0.000200
v 32.295483 23.463415 0.000200
v 30.608957 23.137943 0.000200
v 30.313074 23.137943 0.000200
v 31.674129 22.664536 0.000200
v 30.875250 23.049177 0.000200
v 31.437426 23.907238 0.000200
v 31.171131 17.397839 0.000200
v 31.437426 17.545780 0.000200
v 29.987604 23.167530 0.000200
v 30.875250 17.309074 0.000200
v 2.707321 15.563375 0.000200
v 2.707321 15.149141 0.000200
v 26.999203 20.179129 0.000200
v 28.419428 16.539785 0.000200
v 28.833672 17.397839 0.000200
v 29.099958 17.309074 0.000200
v 29.395840 17.220312 0.000200
v 30.608957 17.220312 0.000200
v 31.674129 17.664135 0.000200
v 30.313074 17.161135 0.000200
v 33.005596 20.179129 0.000200
v -35.757294 6.154338 0.000200
v 35.727703 -6.450219 0.000200
v -29.070366 -24.173531 0.000200
v 16.998402 25.297884 0.000200
v -0.044382 25.416233 0.000200
v -27.502197 18.492603 0.000200
v -27.206314 18.995598 0.000200
v -29.395838 17.220312 0.000200
v -29.662130 17.161135 0.000200
v -29.958012 17.161135 0.000200
v 32.295483 -22.220709 0.000200
v 32.502598 -21.984005 0.000200
v -31.703714 -8.639743 0.000200
v -32.058773 -7.959215 0.000200
v -32.443420 -7.219512 0.000200
v -32.709713 -6.479806 0.000200
v -32.857655 -5.710515 0.000200
v -33.005596 -4.970811 0.000200
v -33.035183 3.816872 0.000200
v -33.035183 -4.201519 0.000200
v 32.650539 18.729311 0.000200
v 32.768890 18.995598 0.000200
v 32.502598 18.492603 0.000200
v 17.175928 6.154338 0.000200
v -19.395037 -9.823270 0.000200
v -19.957212 -10.326269 0.000200
v -20.578564 -10.829267 0.000200
v -21.288681 -11.243501 0.000200
v -21.998796 -11.568973 0.000200
v -22.679327 -11.835264 0.000200
v -27.087959 -21.214712 0.000200
v -27.058374 -20.918827 0.000200
v -28.567369 -22.990002 0.000200
v -29.395838 -23.285885 0.000200
v 16.909636 -11.361854 0.976609
v 17.619749 -12.131146 0.976609
v 18.359457 -12.811675 0.976609
v 19.158335 -13.403436 0.976609
v 22.827272 -14.942020 0.976609
v 21.850853 -14.705316 0.976609
v 27.798082 -14.705316 0.976609
v 28.034786 -14.586964 0.976609
v 28.774488 -14.320670 0.976609
v 29.662134 -13.936023 0.976609
v 30.520191 -13.403436 0.976609
v 31.378246 -12.811675 0.976609
v -15.045578 -7.870452 0.976609
v -14.779284 -6.894042 0.976609
v 14.572169 5.029988 0.976609
v 14.572169 -4.852458 0.976609
v 14.660935 -5.858456 0.976609
v 14.779291 -6.894042 0.976609
v 15.015995 -7.870452 0.976609
v 15.400643 -8.787683 0.976609
v 15.785286 -9.704916 0.976609
v 16.317871 -10.562972 0.976609
v 16.820869 -11.273090 0.976609
v -14.631344 -5.858456 0.976609
v -14.572169 -4.852458 0.976609
v 27.028786 19.557777 4.379248
v 27.117552 19.291483 4.379248
v 26.999203 19.883245 4.379248
v 28.508194 19.942421 5.829068
v 28.537783 19.883245 5.829068
v 28.537783 19.764894 5.829068
v 28.567371 19.735306 5.888245
v 28.567371 19.735306 6.243302
v 28.567371 19.705719 6.243302
v 28.567371 19.676130 6.243302
v 28.567371 19.646538 5.888245
v 28.567371 19.646538 6.243302
v 28.596962 19.646538 6.243302
v 28.596962 19.646538 6.332067
v 28.596962 19.587364 5.888245
v 28.596962 19.587364 6.509596
v 28.626543 19.528189 6.332067
v 28.626543 19.528189 6.509596
v 28.626543 19.528189 6.243302
v 28.626543 19.498598 18.729507
v 28.626543 19.498598 6.509596
v 28.626543 19.498598 5.888245
v 28.626543 19.498598 6.243302
v 28.626543 20.948416 6.509596
v 28.626543 20.889244 6.509596
v 28.626543 20.948416 5.799480
v 28.626543 20.889244 5.799480
v 31.289486 19.498598 6.509596
v 31.289486 19.498598 6.243302
v 31.259892 19.498598 6.509596
v 28.656139 19.498598 6.243302
v 28.656139 19.498598 6.509596
v 27.235907 18.995598 4.379248
v 27.324667 18.729311 4.379248
v 28.656139 19.469009 5.888245
v 28.656139 19.469009 6.243302
v 28.685728 19.469009 6.243302
v 28.685728 19.439421 6.243302
v 33.863651 21.125952 6.243302
v 33.863651 21.096359 6.243302
v 33.804482 21.362656 6.243302
v 28.892843 19.202719 6.243302
v 28.863255 19.202719 6.243302
v 28.833672 19.232307 6.243302
v 33.863651 19.439421 6.243302
v 33.863651 19.321072 6.243302
v 33.834068 19.291483 6.243302
v 33.804482 19.113955 6.243302
v 33.626945 18.640543 6.243302
v 33.567768 18.433426 6.243302
v 33.538185 18.433426 6.243302
v 30.668129 18.906837 6.243302
v 30.668129 18.877251 6.243302
v 30.638546 18.877251 6.243302
v 31.230303 19.439421 6.243302
v 31.230303 19.469009 6.243302
v 31.259892 19.469009 6.243302
v 32.798477 23.078770 6.243302
v 32.768890 23.078770 6.243302
v 32.650539 23.197119 6.243302
v 30.520191 18.847660 6.243302
v 30.490608 18.788485 6.243302
v 30.461012 18.788485 6.243302
v 30.401838 16.243902 6.243302
v 30.401838 16.273491 6.243302
v 30.638546 16.303080 6.243302
v 31.200720 19.321072 6.243302
v 31.200720 19.291483 6.243302
v 31.171131 19.321072 6.243302
v 31.171131 19.321072 6.213714
v 31.200720 19.409838 6.243302
v 32.650539 17.190723 6.243302
v 32.650539 17.220312 6.243302
v 32.768890 17.397839 6.243302
v 32.798477 17.397839 6.243302
v 31.467014 20.149542 6.243302
v 31.467014 20.090364 6.243302
v 31.437426 20.060776 6.243302
v 31.437426 16.510197 6.243302
v 31.467014 16.539785 6.243302
v 31.496603 16.539785 6.243302
v -34.573769 -26.481405 6.243302
v -34.455414 -26.481405 0.236905
v -34.485001 -26.481405 6.243302
v -36.467411 25.209116 6.243302
v -36.526585 25.031584 6.243302
v -36.674526 24.942823 6.243302
v 34.632942 -26.481405 6.243302
v 34.840065 -26.422228 27.428429
v 34.603359 -26.481405 6.243302
v -2.411432 25.268295 6.243302
v -2.914432 24.706120 6.243302
v -2.944018 24.765297 6.243302
v -36.496998 25.061171 6.243302
v -36.674526 -24.972410 6.243302
v -36.615353 -24.972410 6.243302
v -36.556175 -25.001999 6.243302
v -36.911232 24.410231 6.243302
v -36.911232 24.291882 6.243302
v -36.940819 24.410231 6.243302
v -36.141941 -25.623348 6.243302
v -36.141941 -25.652937 6.243302
v -36.201115 -25.652937 6.243302
v -36.970409 -24.055176 6.243302
v -36.970409 -23.966412 27.428429
v -36.970409 -23.996000 6.243302
v -36.940819 -24.410234 6.243302
v -36.733704 -24.676525 6.243302
v -36.733704 -24.765291 6.243302
v -36.940819 24.262293 6.243302
v -36.940819 24.203119 6.243302
v -36.970409 23.907238 6.243302
v -36.940819 -24.351057 6.243302
v -36.940819 -24.232704 6.243302
v -36.911232 -24.351057 6.243302
v -2.944018 24.972410 6.243302
v -2.944018 25.268295 6.243302
v -2.677728 25.475410 6.243302
v -36.556175 -25.031584 6.243302
v -36.467411 -25.268291 6.243302
v -35.934822 25.741703 6.243302
v -35.964409 25.712114 6.243302
v -36.053173 25.652937 6.243302
v -36.053173 -25.712111 6.243302
v -36.023586 -25.712111 6.243302
v -36.112350 -25.652937 6.243302
v -36.349056 -25.445818 6.243302
v -36.230705 -25.475407 6.243302
v -36.289883 25.386644 6.243302
v -36.201115 25.564171 6.243302
v -36.141941 25.564171 6.243302
v 34.958420 -26.303875 6.243302
v 34.958420 -26.333464 6.243302
v 34.899242 -26.392641 6.243302
v -2.944018 25.475410 6.243302
v -2.914432 25.475410 6.243302
v -2.441020 25.475410 6.243302
v -2.411432 25.416233 6.243302
v -2.411432 25.297884 6.243302
v -2.411432 25.475410 6.243302
v -2.944018 24.913235 6.243302
v -2.411432 25.209116 6.243302
v -36.822468 24.439827 6.243302
v -36.822468 24.469416 6.243302
v -2.411432 25.061171 6.243302
v -2.411432 25.031584 6.243302
v -2.825669 24.617353 6.243302
v -2.411432 24.972410 6.243302
v -2.796080 24.528587 6.243302
v -2.411432 24.883646 6.243302
v -2.352257 24.854057 6.243302
v -2.411432 24.854057 6.243302
v -2.736902 24.439827 6.243302
v -2.707313 24.410231 6.243302
v -2.352257 24.765297 6.243302
v -2.322671 24.706120 6.243302
v 9.749303 24.232708 6.243302
v 9.719714 24.203119 6.243302
v 9.690125 24.203119 6.243302
v 34.840065 -26.422228 6.243302
v 34.869652 -26.422228 6.243302
v 26.348261 21.865652 6.243302
v 26.318672 21.806479 6.243302
v 26.259495 21.776890 6.243302
v -36.940819 24.173531 6.243302
v -36.792877 24.498999 6.243302
v -36.733704 24.676531 6.243302
v -36.733704 24.646942 6.243302
v -36.792877 24.528587 6.243302
v -34.899239 -26.422228 27.428429
v 36.112350 -25.652937 6.243302
v 36.112350 -25.623348 6.243302
v 36.141945 -25.623348 6.243302
v 36.171524 -25.534584 6.243302
v 36.171524 -25.564171 6.243302
v 35.047180 -26.303875 6.243302
v 35.816471 -25.889641 6.243302
v 35.875648 -25.800877 6.243302
v 35.905235 -25.800877 6.243302
v -35.757294 25.919230 6.243302
v -35.757294 25.889647 6.243302
v -35.698112 25.948818 6.243302
v -35.668530 25.978407 6.243302
v -35.520588 26.007996 6.243302
v -35.490997 26.037584 6.243302
v -35.431824 26.096762 6.243302
v -1.878845 24.291882 6.243302
v -1.997200 23.936827 6.243302
v -2.174730 23.996000 6.243302
v 10.341066 24.617353 6.243302
v 10.459415 24.706120 6.243302
v 10.992004 25.149939 6.243302
v 10.962419 24.765297 6.243302
v 10.281889 24.084764 6.243302
v 10.104359 23.966412 6.243302
v 10.903238 24.676531 6.243302
v 10.903238 24.617353 6.243302
v 10.844064 24.469416 6.243302
v 10.489007 24.173531 6.243302
v 10.341066 24.114353 6.243302
v 10.814478 24.439827 6.243302
v 10.636949 24.291882 6.243302
v 10.725712 24.351059 6.243302
v 10.607356 24.262293 6.243302
v 10.548182 24.173531 6.243302
v 10.281889 24.469416 6.243302
v 9.719714 23.877645 6.243302
v 9.542184 23.877645 6.243302
v 10.281889 24.528587 6.243302
v 10.281889 24.498999 6.243302
v 10.400241 24.706120 6.243302
v 10.459415 24.735703 6.243302
v 10.489007 24.854057 6.243302
v 10.489007 24.913235 6.243302
v 10.992004 25.475410 6.243302
v 10.489007 24.972410 6.243302
v 10.518592 24.972410 6.243302
v 10.518592 25.297884 6.243302
v 10.518592 25.475410 6.243302
v 33.656536 18.670130 6.243302
v 26.259495 18.729311 6.243302
v 26.259495 18.699720 6.243302
v 26.229912 18.966011 6.243302
v 27.117552 23.049177 6.243302
v 27.117552 23.019592 6.243302
v 27.058374 22.930828 6.243302
v 28.833672 19.202719 6.243302
v 28.804077 19.202719 6.213714
v 28.952021 21.303480 6.243302
v 28.952021 21.333067 6.243302
v 29.040787 21.362656 6.243302
v 29.070370 19.025192 6.243302
v 29.099958 19.025192 6.243302
v 29.099958 18.995598 6.243302
v 29.099958 21.481007 6.243302
v 29.099958 21.481007 6.509596
v 29.099958 21.451422 6.243302
v 29.247902 18.966011 6.243302
v 29.188725 18.966011 6.243302
v 29.247902 18.936426 6.243302
v 29.040787 19.054777 6.243302
v 27.176735 17.397839 6.243302
v 27.206318 17.397839 6.243302
v 27.265490 17.309074 6.243302
v 27.265490 17.338663 6.243302
v 29.455017 16.273491 6.243302
v 29.573366 16.273491 6.243302
v 29.602957 16.243902 6.243302
v 30.934427 19.054777 6.243302
v 30.904839 19.025192 6.213714
v 30.934427 19.054777 18.729507
v 26.466610 22.102360 6.243302
v 26.437027 22.072767 6.243302
v 26.318672 21.895241 6.243302
v 25.993202 20.682129 6.243302
v 25.993202 20.622953 6.243302
v 25.963614 20.593361 6.243302
v 26.022791 20.859655 6.243302
v 26.111557 21.037184 6.243302
v 26.111557 21.125952 6.243302
v 26.141146 21.155540 6.243302
v 26.407438 21.984009 6.243302
v 26.377844 21.895241 6.243302
v -2.559372 24.291882 6.243302
v 9.808477 24.262293 6.243302
v 9.778889 24.232708 6.243302
v 27.324667 23.197119 6.243302
v 27.206318 23.078770 6.243302
v 27.176735 23.078770 6.243302
v -2.263490 24.646942 6.243302
v -2.263490 24.617353 6.243302
v -1.967609 24.351059 6.243302
v -2.233905 24.084764 6.243302
v -1.997200 24.706120 6.065773
v -2.174730 24.498999 6.243302
v -2.174730 24.469416 6.243302
v -2.204316 24.498999 6.243302
v -2.233905 24.617353 6.243302
v -2.233905 24.528587 6.243302
v -2.470612 24.173531 6.243302
v -2.529786 24.232708 6.243302
v 9.394243 23.848059 6.243302
v 9.275891 23.848059 6.243302
v 8.181127 24.173531 6.243302
v 8.891246 24.173531 6.243302
v 2.441025 23.848059 6.243302
v -1.198318 23.848059 6.243302
v 1.849261 24.173531 6.243302
v -1.020791 24.173531 6.243302
v -0.902436 24.173531 6.243302
v -1.405437 23.848059 6.243302
v -1.168732 24.173531 6.243302
v -1.109555 24.173531 6.243302
v -1.050377 24.173531 6.243302
v -1.464611 23.877645 6.243302
v -1.198318 24.173531 6.243302
v -0.872850 24.173531 6.243302
v -0.695321 24.173531 6.243302
v 1.878850 24.173531 6.243302
v 3.151140 24.173531 6.243302
v 8.920835 24.173531 6.243302
v 8.950420 24.173531 6.243302
v 8.980009 24.173531 6.243302
v 9.009595 24.173531 6.243302
v 9.039186 24.173531 6.243302
v 9.068774 24.173531 6.243302
v 9.098361 24.173531 6.243302
v 9.157535 24.173531 6.243302
v 9.187127 24.173531 6.243302
v 9.216717 24.173531 6.243302
v 9.275891 24.173531 6.243302
v 9.423832 24.173531 6.243302
v 9.483006 24.173531 6.243302
v 9.512597 24.173531 6.243302
v 9.660540 24.203119 6.243302
v 10.489007 25.475410 6.243302
v 9.808477 24.232708 6.243302
v 9.838066 24.232708 6.243302
v 9.956418 24.291882 6.243302
v -1.612552 24.203119 6.243302
v -1.730904 23.907238 6.243302
v -1.938023 23.907238 6.243302
v -2.352257 24.143942 6.243302
v -2.085964 24.439827 6.243302
v -2.056375 24.439827 6.243302
v -1.553378 24.203119 6.243302
v -1.464611 24.173531 6.243302
v -1.671730 23.877645 6.243302
v -1.405437 24.173531 6.243302
v -1.375848 24.173531 6.243302
v -1.642141 24.203119 6.243302
v -1.701319 24.232708 6.243302
v -2.145141 24.439827 6.243302
v -1.730904 24.232708 6.243302
v -1.730904 24.262293 6.243302
v -1.760493 24.262293 6.243302
v -1.908434 24.351059 6.243302
v -2.056375 24.410231 6.243302
v -1.967609 24.380650 6.243302
v -1.938023 24.351059 6.243302
v -1.908434 24.291882 6.243302
v -1.997200 24.380650 6.243302
v -2.026786 24.410231 6.243302
v -1.435022 24.173531 6.243302
v 10.193126 24.439827 6.243302
v 10.133951 24.410231 6.243302
v 10.015594 24.351059 6.243302
v 10.133951 24.380650 6.243302
v 28.952021 24.084764 6.243302
v 28.863255 24.025593 6.243302
v 28.833672 24.025593 6.243302
v 31.881250 23.729708 6.243302
v 32.117950 23.640942 6.243302
v 31.910833 23.729708 6.243302
v 32.798477 23.049177 6.243302
v 32.916836 22.960417 6.243302
v 32.828068 23.049177 6.243302
v 31.171131 19.291483 6.243302
v 26.437027 22.043182 6.243302
v 26.022791 19.498598 6.243302
v 26.022791 19.469009 6.243302
v 25.993202 19.735306 6.243302
v 26.170729 21.362656 6.243302
v 26.289083 21.776890 6.243302
v 31.082371 19.202719 6.213714
v 31.111954 19.202719 6.243302
v 31.082371 19.202719 6.243302
v 31.141542 24.025593 6.243302
v 31.111954 24.025593 6.243302
v 30.904839 24.114353 6.243302
v 28.922426 21.303480 6.243302
v 33.863651 21.037184 6.243302
v 33.893246 21.066772 6.243302
v 33.893246 21.037184 6.243302
v 33.508598 22.131948 6.243302
v 33.419830 22.220709 6.243302
v 33.508598 22.102360 6.243302
v 32.916836 17.486605 6.243302
v 32.946423 17.575371 6.243302
v 33.005596 17.634546 6.243302
v 32.502598 23.315474 6.243302
v 32.532192 23.315474 6.243302
v 31.200720 19.350660 6.243302
v 28.419428 23.907238 6.243302
v 28.389845 23.907238 6.243302
v 28.330662 23.877645 6.243302
v 26.052380 21.037184 6.243302
v 26.022791 21.007595 6.243302
v 26.644142 22.368650 6.243302
v 26.584965 22.339064 6.243302
v 26.525787 22.250301 6.243302
v 26.673725 22.427830 6.243302
v 26.496204 22.131948 6.243302
v 28.508194 20.445421 6.243302
v 28.478605 20.415833 6.243302
v 28.508194 20.415833 6.243302
v 31.467014 20.208717 6.243302
v 33.893246 19.439421 6.243302
v 9.808477 23.907238 6.243302
v 10.992004 24.972410 6.243302
v 9.867655 23.907238 6.243302
v 10.045184 23.936827 6.243302
v 10.992004 24.854057 6.243302
v -35.609352 -26.007994 6.243302
v -35.609352 -26.037582 6.243302
v -35.757294 -25.978407 6.243302
v -36.911232 -24.410234 6.243302
v -36.822468 -24.439823 6.243302
v -36.349056 25.327465 6.243302
v -35.313473 -26.244699 6.243302
v -35.106354 -26.274286 6.243302
v -35.047180 -26.333464 6.243302
v -34.899239 -26.422228 6.243302
v -34.721706 -26.451817 6.243302
v -34.603355 -26.481405 6.243302
v -34.988003 -26.303875 6.243302
v -35.934822 -25.800877 6.243302
v -36.704117 -24.883642 6.243302
v 30.579361 18.847660 6.243302
v 30.904839 18.995598 6.243302
v 30.875250 18.995598 6.213714
v 30.904839 16.332666 6.243302
v 30.727306 16.303080 18.729507
v 30.816072 16.332666 6.243302
v 31.171131 19.261896 6.243302
v 31.141542 19.261896 6.243302
v 31.200720 19.380249 6.243302
v 31.082371 19.173134 6.243302
v 31.023188 19.173134 6.243302
v 31.111954 19.232307 6.243302
v 30.875250 18.966011 6.213714
v 30.993605 19.143541 6.243302
v 30.964010 19.113955 6.243302
v 30.875250 19.025192 6.213714
v 30.875250 18.995598 6.243302
v 30.816072 18.966011 6.243302
v 30.756895 18.966011 6.243302
v 30.727306 18.936426 6.243302
v 32.561775 17.161135 6.243302
v 32.828068 17.397839 6.243302
v 32.857658 17.457016 6.243302
v 31.171131 19.380249 6.213714
v 30.431431 18.758896 6.243302
v 30.401838 18.758896 6.243302
v 29.129553 18.966011 6.243302
v 29.129553 18.966011 18.729507
v 29.159136 18.966011 6.243302
v 33.715714 18.699720 6.243302
v 33.715714 18.729311 6.243302
v 33.774883 18.966011 6.243302
v 28.744905 19.439421 6.243302
v 33.626945 18.670130 6.243302
v 33.686123 21.747301 6.243302
v 33.774883 21.540182 6.243302
v 33.715714 21.747301 6.243302
v 28.537783 19.912832 6.243302
v 28.508194 19.912832 6.243302
v 28.537783 19.883245 6.243302
v 33.686123 18.699720 6.243302
v 33.686123 18.670130 6.243302
v 30.165131 18.729311 6.243302
v 30.194725 18.729311 6.332067
v 30.194725 18.729311 6.243302
v 28.774488 19.321072 6.243302
v 28.774488 19.350660 6.243302
v 28.804077 19.321072 6.243302
v 28.774488 19.380249 6.243302
v 28.744905 19.380249 6.243302
v 28.685728 19.469009 6.509596
v 28.685728 19.469009 6.480007
v 28.685728 19.469009 6.450419
v 28.656139 19.469009 6.509596
v 28.656139 19.469009 6.332067
v 28.744905 19.409838 18.729507
v 28.744905 19.409838 5.888245
v 28.744905 19.409838 6.243302
v 28.833672 19.261896 18.729507
v 28.833672 19.291483 6.243302
v 28.774488 19.321072 5.888245
v 27.531788 18.492603 4.379248
v 27.679733 18.255899 4.379248
v 19.868452 13.965614 0.976609
v 20.016392 14.054380 0.976609
v 20.933626 14.498203 0.976609
v 21.850853 14.823671 0.976609
v 22.827272 15.060375 0.976609
v 23.862850 15.237906 0.976609
v 24.868853 15.297080 0.976609
v 25.874847 15.237906 0.976609
v 26.821671 15.060375 0.976609
v 27.798082 14.823671 0.976609
v 28.034786 14.764493 0.976609
v 32.828068 11.421028 0.976609
v 32.768890 11.539384 0.976609
v 35.283890 18.078369 6.243302
v 35.283890 18.670130 6.243302
v 35.283890 18.699720 6.243302
v 35.283890 4.852458 20.356853
v 35.283890 4.941222 20.711914
v 35.283890 23.463415 27.665133
v 35.283890 11.805676 6.243302
v 35.283890 12.456618 6.243302
v 35.283890 2.485406 23.581966
v 35.283890 -0.029587 27.665133
v 35.283890 15.060375 9.853058
v 35.283890 18.758896 6.243302
v 35.283890 18.788485 6.243302
v 35.283890 -25.179525 27.635544
v 35.283890 -25.445818 6.243302
v 35.283890 -25.475407 6.243302
v 35.283890 4.763692 6.243302
v 35.283890 4.793281 6.243302
v 35.283890 5.325870 6.243302
v 35.283890 5.296281 6.243302
v 35.283890 4.734107 20.001799
v 35.283890 -23.522589 27.665133
v 35.283890 25.149939 27.635544
v 35.283890 25.061171 6.243302
v 35.283890 24.143942 27.665133
v 35.283890 24.942823 6.243302
v 35.283890 24.972410 6.243302
v 35.283890 25.001999 6.243302
v 35.283890 23.877645 27.665133
v 35.283890 24.913235 6.243302
v 35.283890 25.475410 27.605955
v 35.283890 25.475410 6.243302
v 35.283890 25.416233 6.243302
v 35.283890 24.854057 6.243302
v 35.283890 24.735703 6.243302
v 35.283890 18.847660 6.243302
v 35.283890 18.877251 6.243302
v 35.283890 -25.504995 6.243302
v 35.283890 -25.504995 6.509596
v 35.283890 -25.504995 27.605955
v 35.283890 -25.149939 6.243302
v 35.283890 -25.090759 6.243302
v 35.283890 -24.498999 6.243302
v 35.283890 -24.439823 6.243302
v 35.283890 -24.646936 6.243302
v 35.283890 -24.617348 6.243302
v 35.283890 -24.942822 6.243302
v 35.283890 -24.913233 6.243302
v 35.283890 -24.676525 27.665133
v 35.283890 -25.357054 6.243302
v 35.283890 -25.238703 6.243302
v 35.283890 -25.209114 6.243302
v 35.283890 -24.439823 27.665133
v 35.283890 -25.268291 6.243302
v 35.283890 -25.297880 6.243302
v 35.283890 -23.877647 27.665133
v 35.283890 -25.179525 6.243302
v 35.283890 -24.173531 27.665133
v 35.283890 -4.882047 20.356853
v 35.283890 -25.031584 6.243302
v 35.283890 -25.001999 6.243302
v 35.283890 18.906837 6.243302
v 35.283890 24.291882 6.243302
v 35.283890 -24.883642 6.243302
v 35.283890 -24.824469 6.243302
v 35.283890 -24.587765 6.243302
v 35.283890 -24.558176 6.243302
v 35.283890 -23.700119 27.665133
v 35.283890 -21.510593 6.243302
v 35.283890 -6.331866 6.243302
v 35.283890 -6.095162 6.243302
v 35.283890 -5.000400 21.481205
v 35.283890 -5.029988 21.126148
v 35.283890 -21.244301 6.243302
v 35.283890 -18.492599 6.243302
v 35.283890 -4.763694 20.001799
v 35.283890 -18.374249 6.243302
v 35.283890 25.386644 6.243302
v 35.283890 25.120348 6.243302
v 35.283890 25.179527 6.243302
v 35.283890 25.031584 6.243302
v 35.283890 24.469416 27.665133
v 35.283890 25.209116 6.243302
v 35.283890 25.327465 6.243302
v 35.283890 24.676531 27.665133
v 35.283890 -5.000400 20.711914
v 35.283890 -4.882047 21.895439
v 35.283890 -4.763694 22.220911
v 35.283890 -13.077969 6.243302
v 35.283890 -12.427027 6.243302
v 35.283890 -4.556577 22.605556
v 35.283890 -4.290282 22.901438
v 35.283890 -3.994402 23.138144
v 35.283890 2.485406 18.611153
v 35.283890 2.840463 18.640743
v 35.283890 3.343460 6.243302
v 35.283890 -3.668932 23.315674
v 35.283890 -3.284286 23.493202
v 35.283890 -2.514992 23.581966
v 35.283890 -2.929226 23.552380
v 35.283890 3.994405 18.551979
v 35.283890 4.260695 19.350859
v 35.283890 4.526991 19.646740
v 35.283890 3.876050 6.243302
v 35.283890 4.142345 6.243302
v 35.283890 3.757697 6.243302
v 35.283890 3.520993 6.243302
v 35.283890 3.609756 18.877447
v 35.283890 3.964813 19.084564
v 35.283890 3.254697 18.759094
v 35.283890 3.846464 6.243302
v 35.283890 3.491401 6.243302
v 35.283890 -18.137543 6.243302
v 35.283890 -18.048777 6.243302
v 35.283890 5.029988 6.243302
v 35.283890 4.586165 6.243302
v 35.283890 5.799282 6.243302
v 35.283890 6.095164 6.243302
v 35.283890 5.414634 6.243302
v 35.283890 6.331868 6.243302
v 35.283890 11.657736 6.243302
v 35.283890 11.716910 6.243302
v 35.283890 2.219113 6.243302
v 35.283890 1.656938 6.243302
v 35.283890 -4.556577 19.646740
v 35.283890 -4.734107 6.243302
v 35.283890 -4.290282 19.350859
v 35.283890 -4.556577 6.243302
v 35.283890 -3.994402 19.084564
v 35.283890 -3.668932 18.877447
v 35.283890 -2.929226 18.640743
v 35.283890 -3.757697 6.243302
v 35.283890 -4.142343 6.243302
v 35.283890 -4.615753 6.243302
v 35.283890 -3.402638 6.243302
v 35.283890 0.887645 6.243302
v 35.283890 -5.414634 6.243302
v 35.283890 -5.059576 6.243302
v 35.283890 -18.167131 6.243302
v 35.283890 -18.344662 6.243302
v 35.283890 -4.645341 6.243302
v 35.283890 -4.408635 6.243302
v 35.283890 -4.763694 6.243302
v 35.283890 -5.799279 6.243302
v 35.283890 -3.284286 18.759094
v 35.283890 -4.290282 6.243302
v 35.283890 1.420231 6.243302
v 35.283890 1.479409 6.243302
v 35.283890 -4.201519 6.243302
v 35.283890 1.627350 6.243302
v 35.283890 -2.514992 18.611153
v 35.283890 1.508997 6.243302
v 35.283890 2.840463 23.552380
v 35.283890 3.254697 23.493202
v 35.283890 3.609756 23.315674
v 35.283890 3.964813 23.138144
v 35.283890 4.260695 22.901438
v 35.283890 4.526991 22.605556
v 35.283890 4.734107 22.220911
v 35.283890 4.852458 21.895439
v 35.283890 4.941222 21.481205
v 35.283890 5.000400 21.126148
v 35.313473 23.463415 27.665133
v 35.313473 -0.118353 27.665133
v -35.402237 -23.700119 27.665133
v -35.343060 -23.522589 27.665133
v -35.372646 -0.029587 27.665133
v -35.343060 0.088766 27.665133
v -35.343060 23.670530 27.665133
v -35.343060 -23.907234 27.665133
v 33.952419 19.824068 6.509596
v 33.982002 19.883245 6.509596
v -27.472609 17.131548 6.509596
v -27.354256 17.249901 6.509596
v -27.354256 17.220312 6.509596
v -28.567369 20.504599 6.509596
v -28.567369 20.593361 18.729507
v -28.567369 20.534187 6.509596
v -33.331066 17.989603 6.509596
v -33.094357 17.693720 6.509596
v -33.242298 17.900843 6.509596
v -28.863251 16.391844 6.509596
v -29.218311 16.303080 6.509596
v -28.892839 16.362255 6.509596
v -26.762491 17.900843 6.509596
v -26.703318 17.989603 6.509596
v -26.732903 17.960016 6.509596
v -26.081964 19.616953 6.509596
v -26.022787 19.794483 6.509596
v -26.052376 19.794483 6.509596
v -26.081964 19.498598 6.509596
v -28.626547 20.682129 6.509596
v -28.596958 20.563772 6.509596
v -28.596958 20.652540 6.509596
v -30.816069 21.421829 6.509596
v -30.845657 21.392239 6.509596
v -30.816069 21.392239 6.509596
v -27.028786 17.575371 6.509596
v -26.910433 17.664135 6.509596
v -26.999197 17.604959 6.509596
v -26.052376 20.770891 6.509596
v -26.052376 20.800478 6.509596
v -33.242298 17.930428 6.509596
v -33.301476 18.019192 6.509596
v -35.313473 -24.765291 6.509596
v -35.343060 -24.854057 6.509596
v -35.313473 -24.854057 6.509596
v -30.461012 21.569771 6.509596
v -30.372250 21.599363 6.509596
v -30.401834 21.628948 6.509596
v -28.596958 20.682129 6.509596
v 33.390244 18.167131 6.509596
v 33.449421 18.226309 6.509596
v 33.390244 18.196720 6.509596
v 31.378246 19.646538 6.509596
v 31.437426 19.735306 6.509596
v 31.378246 19.705719 6.509596
v 31.348658 19.557777 6.509596
v 31.289486 19.528189 6.509596
v 31.259892 19.469009 6.509596
v -33.331066 -22.516590 6.509596
v -33.242298 -22.575769 6.509596
v -33.301476 -22.487001 6.509596
v 33.508598 18.344662 6.509596
v 33.479004 18.285488 6.509596
v 33.508598 18.315073 6.509596
v 33.479004 18.226309 6.509596
v 33.390244 18.137543 6.509596
v 33.183121 22.605358 6.509596
v 33.064774 22.723707 6.509596
v 33.123951 22.634947 6.509596
v 31.230303 -21.066771 6.509596
v 31.289486 -21.037182 6.509596
v 31.259892 -21.037182 6.509596
v 31.970011 16.776489 6.509596
v 32.206715 16.894842 6.509596
v 32.058777 16.865252 6.509596
v 31.141542 21.214714 6.509596
v 31.082371 21.273890 6.509596
v 31.111954 21.214714 6.509596
v -27.798079 16.894842 6.509596
v -28.093960 16.687725 6.509596
v -27.798079 16.865252 6.509596
v -28.863251 -24.114353 6.509596
v -28.596958 -23.996000 6.509596
v -28.833662 -24.084764 6.509596
v -28.449017 -23.936823 6.509596
v -28.478605 -23.966412 6.509596
v 33.360649 -22.398239 6.509596
v 33.301476 -22.457417 6.509596
v 33.301476 -22.487001 6.509596
v -28.596958 20.534187 6.509596
v -28.567369 20.445421 6.509596
v -28.537781 19.883245 6.509596
v -28.567369 19.883245 6.509596
v -28.537781 19.853661 6.509596
v -28.863251 -24.084764 6.509596
v -29.099955 -24.143942 6.509596
v -28.892839 -24.114353 6.509596
v -30.017189 -24.232704 6.509596
v -30.135542 -24.232704 6.509596
v -30.342661 21.599363 6.509596
v -30.342661 21.628948 6.509596
v -35.313473 -24.942822 6.509596
v -35.343060 -25.001999 6.509596
v -35.313473 -25.001999 6.509596
v -35.343060 -24.942822 6.509596
v -35.343060 -24.883642 6.509596
v -35.343060 -25.090759 6.509596
v -35.313473 -25.090759 6.509596
v -35.343060 -25.149939 6.509596
v -35.313473 -25.149939 6.509596
v -35.343060 -25.209114 6.509596
v -35.313473 -25.209114 6.509596
v -35.343060 -25.238703 6.509596
v -35.313473 -25.238703 6.509596
v -35.343060 -25.179525 6.509596
v -35.343060 -25.445818 6.509596
v -35.313473 -25.445818 6.509596
v -35.343060 -25.504995 6.509596
v -35.313473 -25.504995 6.509596
v -27.798079 -23.611353 6.509596
v -27.798079 -23.611353 6.272891
v -27.768490 -23.581766 6.509596
v -27.768490 16.894842 6.509596
v -27.768490 16.924433 6.509596
v -27.443020 -23.345058 6.509596
v -27.472609 -23.345058 6.509596
v -27.472609 -23.374647 6.509596
v -27.265493 17.309074 6.509596
v -27.324667 17.249901 6.509596
v -28.596958 19.705719 6.509596
v -28.626547 19.676130 6.509596
v -28.596958 19.676130 6.509596
v -28.685724 -20.978006 6.509596
v -28.656136 -20.948416 6.509596
v -28.656136 -20.978006 6.509596
v -28.685724 19.469009 6.509596
v -28.656136 19.557777 6.509596
v -28.656136 19.528189 6.509596
v 31.259892 -21.007595 6.509596
v 31.319069 -20.978006 6.509596
v 31.289486 -20.978006 6.509596
v 31.348658 -19.705715 6.509596
v 31.319069 -19.676126 6.509596
v 31.348658 -19.735306 6.509596
v 31.289486 -19.616953 6.509596
v 31.289486 -19.705715 6.509596
v -32.236301 16.865252 6.509596
v -31.910833 16.687725 6.509596
v -32.117950 16.865252 6.509596
v -32.265888 16.894842 6.509596
v -32.236301 16.894842 6.509596
v -32.236301 16.924433 6.509596
v -32.206711 16.924433 6.509596
v -32.088360 16.865252 6.509596
v -32.177128 16.924433 6.509596
v -31.881245 16.717312 6.509596
v 35.047180 26.244699 6.509596
v 35.313473 26.155933 6.509596
v 35.076767 26.274290 6.509596
v 35.579765 26.007996 6.509596
v 35.343060 26.155933 6.509596
v 35.402237 26.067173 6.509596
v 35.195118 -26.244699 6.509596
v 35.343060 -26.215111 6.509596
v 35.313473 -26.215111 6.509596
v 35.106358 -26.274286 6.509596
v 35.076767 -26.274286 6.509596
v -35.343060 -24.765291 6.509596
v -35.313473 -21.273890 6.509596
v -35.343060 -24.587765 6.509596
v -35.343060 -21.333063 6.509596
v -35.343060 -21.303478 6.509596
v -35.343060 -21.214712 6.509596
v -35.313473 -18.226307 6.509596
v -35.313473 -5.917631 6.509596
v -35.343060 -12.604558 6.509596
v -35.313473 -12.634145 6.509596
v -35.343060 -18.137543 6.509596
v -35.343060 -12.870850 6.509596
v -35.343060 -11.628147 6.509596
v -35.343060 -7.012393 6.509596
v -35.343060 -5.917631 6.509596
v -35.313473 0.739704 6.509596
v -35.343060 0.562174 6.509596
v -35.343060 -12.279087 6.509596
v -35.343060 0.710115 6.509596
v -35.343060 0.739704 6.509596
v -35.313473 7.929630 6.509596
v -35.343060 7.900041 6.509596
v -35.343060 7.988804 6.509596
v -35.313473 12.663733 6.509596
v -35.343060 12.693322 6.509596
v -35.313473 18.758896 6.509596
v -35.343060 13.373854 6.509596
v -35.343060 18.788485 6.509596
v -35.313473 24.706120 6.509596
v -35.343060 24.084764 6.509596
v -35.343060 24.794880 6.509596
v -35.313473 24.883646 6.509596
v -35.343060 24.883646 6.509596
v -35.313473 24.972410 6.509596
v -35.343060 24.913235 6.509596
v -35.313473 24.913235 6.509596
v -35.313473 25.001999 6.509596
v -35.343060 24.972410 6.509596
v -35.343060 25.061171 6.509596
v -35.313473 25.120348 6.509596
v -35.343060 25.120348 6.509596
v -35.313473 25.179527 6.509596
v -35.343060 25.001999 6.509596
v -35.313473 25.061171 6.509596
v -35.343060 25.031584 6.509596
v -35.343060 25.209116 6.509596
v -35.313473 25.268295 6.509596
v -35.343060 25.238697 6.509596
v -35.313473 25.327465 6.509596
v -35.343060 25.179527 6.509596
v -35.313473 25.209116 6.509596
v -35.313473 25.416233 6.509596
v -35.343060 25.327465 6.509596
v -35.313473 25.386644 6.509596
v -35.343060 25.297884 6.509596
v -29.928427 21.628948 6.509596
v -29.898838 21.628948 6.509596
v -29.898838 21.658537 6.509596
v -29.691719 -18.877249 6.509596
v -29.662130 -18.877249 6.509596
v -29.691719 -18.847660 6.509596
v -28.626547 19.646538 6.509596
v -29.987600 16.243902 6.509596
v -29.869249 16.243902 6.509596
v -29.632545 16.243902 6.509596
v -29.602957 16.243902 18.729507
v -29.662130 16.243902 6.509596
v -26.200317 19.054777 6.509596
v -26.170729 19.113955 6.509596
v -26.170729 19.084366 6.509596
v -26.111553 19.439421 6.509596
v -26.141140 19.232307 6.509596
v -28.567369 -20.652536 6.509596
v -28.537781 -20.622948 6.509596
v -28.567369 -20.593361 6.509596
v -26.081964 19.469009 6.509596
v -28.833662 16.391844 6.509596
v -28.833662 16.421429 6.509596
v -32.532185 -23.345058 6.509596
v -32.650536 -23.256296 6.509596
v -32.532185 -23.374647 6.509596
v -32.532185 17.131548 6.509596
v -32.325066 17.013193 6.509596
v -32.798477 17.368254 6.509596
v -32.739300 17.309074 6.509596
v -33.153534 -17.841661 6.509596
v -33.064774 -17.723309 6.509596
v -33.153534 -17.812073 6.509596
v -33.094357 17.723312 6.509596
v -33.064774 17.664135 6.509596
v -33.005596 -17.634541 6.509596
v -33.064774 -17.693720 6.509596
v -33.005596 17.604959 6.509596
v -33.064774 17.693720 6.509596
v -32.857655 17.427431 6.509596
v -31.259892 21.007595 6.509596
v -31.259892 21.007595 6.480007
v -31.289480 20.978010 6.480007
v -33.893242 21.155540 6.509596
v -33.834061 21.362656 6.509596
v -33.863651 21.333067 6.509596
v -33.893242 21.096359 6.509596
v -33.834061 19.025192 6.509596
v -33.804474 19.084366 6.509596
v -33.834061 19.054777 6.509596
v -26.052376 21.007595 6.509596
v -26.081964 21.007595 6.509596
v -26.081964 20.978010 6.509596
v -31.171129 21.125952 6.509596
v -31.141541 21.155540 6.509596
v -31.171129 21.155540 6.509596
v -33.686123 18.699720 6.509596
v -33.774883 18.966011 6.509596
v -33.804474 19.054777 6.509596
v 30.904839 19.025192 6.243302
v -31.289480 20.948416 6.509596
v -31.348658 20.889244 6.509596
v -31.319069 20.859655 6.509596
v -31.378244 20.830067 6.509596
v -31.348658 20.859655 6.509596
v -31.407833 20.741302 6.509596
v -31.437422 20.711714 6.509596
v -31.437422 20.741302 6.509596
v -31.319069 20.918833 6.509596
v -31.319069 20.978010 6.509596
v -31.348658 20.800478 6.509596
v -31.407833 20.770891 6.509596
v -31.348658 20.830067 6.509596
v -31.437422 20.622953 6.509596
v -31.437422 20.622953 6.272891
v -31.437422 20.652540 6.509596
v -31.437422 20.682129 6.509596
v -31.437422 20.741302 5.799480
v -31.526186 20.208717 6.509596
v -31.496599 20.267891 6.509596
v -31.526186 20.238306 6.509596
v -31.526186 20.267891 6.509596
v -35.135941 26.244699 6.509596
v -35.165531 26.215118 6.509596
v -35.195118 26.215118 6.509596
v -31.526186 20.179129 6.509596
v -33.982002 -20.119949 6.509596
v -34.011593 -19.883245 6.509596
v -33.982002 -20.238302 6.509596
v -33.982002 -19.853657 6.509596
v -34.011593 19.824068 6.509596
v -33.922821 19.498598 6.509596
v -33.982002 19.735306 6.509596
v -33.982002 19.853661 6.509596
v -33.982002 20.119949 6.509596
v -33.982002 20.208717 6.509596
v -33.863651 19.232307 6.509596
v -33.567768 18.374249 6.509596
v -33.626945 18.581369 6.509596
v -31.200718 21.096359 6.509596
v -31.289480 21.007595 6.509596
v -31.200718 21.066772 6.509596
v -33.538181 18.344662 6.509596
v -33.538181 18.374249 6.509596
v -33.508591 18.344662 6.509596
v -31.348658 19.469009 6.509596
v -31.378244 19.498598 6.509596
v -31.378244 19.469009 6.509596
v -31.378244 19.528189 6.509596
v -33.331066 18.019192 6.509596
v -33.449417 -18.255896 6.509596
v -33.331066 -18.048777 6.509596
v -33.331066 -18.078365 6.509596
v -33.449417 18.226309 6.509596
v -33.449417 18.255899 6.509596
v -33.331066 18.048782 6.509596
v -33.538181 -18.374249 6.509596
v -31.407833 20.800478 6.509596
v -31.259892 20.978010 6.509596
v -31.259892 21.037184 6.509596
v -31.230307 21.037184 6.509596
v -29.869249 21.628948 6.509596
v -29.750896 21.599363 6.509596
v -29.780485 21.658537 6.509596
v -29.839661 21.658537 6.509596
v -29.750896 21.628948 6.509596
v -28.537781 19.942421 6.509596
v -28.567369 19.972010 6.509596
v -28.626547 20.741302 6.509596
v -28.567369 20.593361 6.509596
v -28.537781 20.445421 6.509596
v -28.537781 20.267891 6.509596
v -28.508194 20.327068 6.509596
v -28.537781 20.297480 6.509596
v -28.537781 20.001600 6.509596
v -28.508194 20.119949 6.509596
v -28.537781 20.090364 6.509596
v -28.508194 20.297480 6.509596
v -28.508194 20.267891 6.509596
v -28.449017 16.539785 6.509596
v -28.478605 16.539785 6.509596
v -28.567369 20.356655 6.509596
v -28.508194 20.031187 6.509596
v -28.567369 19.853661 6.509596
v -28.626547 19.587364 5.917832
v -28.123547 16.717312 6.509596
v -28.685724 20.859655 6.509596
v -28.715311 20.918833 6.509596
v -28.685724 20.830067 6.509596
v -31.851656 16.658134 6.509596
v -31.822067 16.687725 6.509596
v -31.851656 16.687725 6.509596
v -31.762892 16.658134 6.509596
v -31.526186 16.539785 6.509596
v -29.366251 16.303080 6.509596
v -29.602957 16.243902 6.509596
v -29.247900 16.303080 6.509596
v -26.111553 -19.380245 6.509596
v -26.170729 -19.143541 6.509596
v -26.111553 -19.350657 6.509596
v -29.573366 16.243902 6.509596
v -28.656136 -20.918827 6.509596
v -28.685724 -21.007595 5.917832
v -28.241899 16.658134 6.509596
v -28.419428 16.569370 6.509596
v -28.567369 -20.119949 6.509596
v -28.537781 -20.119949 6.509596
v -28.537781 -20.090361 6.509596
v -28.596958 16.510197 6.509596
v -26.496199 18.344662 6.509596
v -26.407436 18.522188 6.509596
v -26.466610 18.344662 6.509596
v -27.087959 17.516193 6.509596
v -27.058374 17.516193 6.509596
v -26.644140 18.019192 6.509596
v -27.798079 16.924433 6.509596
v -27.886843 16.865252 6.509596
v -26.792082 17.871250 6.509596
v -26.703318 17.960016 6.509596
v -26.821667 17.871250 6.509596
v -28.034782 16.776489 6.509596
v -26.910433 -17.693720 6.509596
v -27.028786 -17.575369 6.509596
v -26.999197 -17.634541 6.509596
v -26.821667 17.841661 6.509596
v -27.679724 17.013193 6.509596
v -27.709312 16.983608 6.509596
v -27.650135 17.013193 6.509596
v -26.999197 17.634546 6.509596
v -26.940022 17.693720 6.509596
v -27.798079 -23.581766 6.509596
v -27.443020 17.131548 6.509596
v -27.620548 17.042782 6.509596
v -26.910433 17.693720 6.509596
v -27.413431 -23.315474 6.272891
v -30.786484 16.332666 6.509596
v -30.756895 16.303080 6.509596
v -30.786484 16.303080 6.509596
v -26.703318 18.019192 6.509596
v -26.673729 18.019192 6.509596
v -26.555374 18.226309 6.509596
v -26.525787 18.285488 6.509596
v -26.496199 18.315073 6.509596
v -28.093960 16.717312 6.509596
v -28.123547 16.658134 6.509596
v -30.461012 21.599363 6.509596
v -30.490601 21.569771 6.509596
v -30.727306 16.303080 6.509596
v -30.401834 16.243902 6.509596
v -30.520187 16.273491 6.509596
v -30.431423 21.628948 6.509596
v -30.608953 -18.936422 6.509596
v -30.549776 -18.906837 6.509596
v -30.579365 -18.936422 6.509596
v -26.052376 19.735306 6.509596
v -31.171129 16.391844 6.509596
v -30.904835 16.362255 6.509596
v -31.141541 16.421429 6.509596
v -31.200718 16.391844 6.509596
v -31.171129 16.421429 6.509596
v -28.892839 21.066772 6.509596
v -28.833662 21.037184 6.509596
v -28.833662 21.066772 6.509596
v -31.289480 16.480608 6.509596
v -28.537781 20.386244 6.509596
v -28.537781 19.972010 6.509596
v -28.508194 20.001600 6.509596
v -28.537781 20.179129 6.509596
v -28.508194 20.149542 6.509596
v -28.537781 20.149542 6.509596
v -28.508194 20.179129 6.509596
v -28.537781 20.356655 6.509596
v -28.656136 20.830067 6.509596
v -28.656136 20.800478 6.509596
v -28.656136 20.770891 6.509596
v -28.774488 21.007595 6.509596
v -28.804073 21.037184 6.509596
v -28.715311 20.889244 6.509596
v -28.804073 20.978010 6.509596
v -28.744900 20.948416 6.509596
v -28.774488 20.978010 6.509596
v -28.863251 21.096359 6.509596
v -28.892839 21.125952 6.509596
v -29.099955 16.362255 6.509596
v -28.892839 21.155540 6.509596
v -28.952015 21.214714 6.509596
v -28.922428 21.185125 6.509596
v -29.070366 21.303480 6.509596
v -28.981604 21.244301 6.509596
v -29.040781 21.303480 6.509596
v -29.099955 21.303480 6.509596
v -29.070366 21.333067 6.509596
v -29.129543 21.333067 6.509596
v -29.099955 21.362656 6.509596
v -29.159134 21.362656 6.509596
v -29.129543 21.362656 6.509596
v -29.159134 21.392239 6.509596
v -29.188723 21.362656 6.509596
v -29.188723 21.392239 6.509596
v -29.218311 21.392239 6.509596
v -29.218311 21.421829 6.509596
v -29.336662 21.481007 6.509596
v -29.277485 21.451422 6.509596
v -29.307074 21.481007 6.509596
v -29.366251 21.510595 6.509596
v -29.336662 21.510595 6.509596
v -29.602957 21.569771 6.509596
v -29.484604 21.569771 6.509596
v -29.543777 21.599363 6.509596
v -29.573366 21.599363 6.509596
v -29.662130 21.569771 6.509596
v -29.602957 21.628948 6.509596
v -29.691719 21.599363 6.509596
v -29.691719 21.628948 6.509596
v -29.721308 21.599363 6.509596
v -29.721308 21.628948 6.509596
v -29.869249 21.658537 6.509596
v -29.987600 21.658537 6.509596
v -30.017189 21.658537 6.509596
v -29.987600 21.628948 6.509596
v -30.017189 21.628948 6.509596
v -30.046778 21.628948 6.509596
v -30.046778 21.658537 6.509596
v -30.165131 21.628948 6.509596
v -30.076368 21.658537 6.509596
v -30.135542 21.658537 6.509596
v -30.194719 21.628948 6.509596
v -30.165131 21.658537 6.509596
v -30.194719 -18.847660 6.509596
v -30.283484 -18.877249 6.509596
v -30.194719 -18.877249 6.509596
v -30.194719 21.658537 6.509596
v -35.343060 25.386644 6.509596
v -35.313473 25.475410 6.509596
v -35.343060 25.445822 6.509596
v -30.283484 21.599363 6.509596
v -30.253895 21.658537 6.509596
v -30.313072 21.628948 6.509596
v -30.313072 -18.847660 6.509596
v -30.342661 -18.847660 6.509596
v -30.342661 -18.877249 6.509596
v -30.608953 21.540182 6.509596
v -30.549776 21.569771 6.509596
v -30.579365 21.540182 6.509596
v -30.875246 21.362656 6.509596
v -30.727306 21.481007 6.509596
v -30.638542 21.540182 6.509596
v -30.668129 21.510595 6.509596
v -30.756895 21.481007 6.509596
v -30.756895 21.451422 6.509596
v -30.875246 21.392239 6.509596
v -30.934423 21.362656 6.509596
v -30.904835 21.362656 6.509596
v -30.786484 21.451422 6.509596
v -30.964010 21.333067 6.509596
v -30.964010 21.303480 6.509596
v -30.993599 21.303480 6.509596
v -31.052776 21.273890 6.509596
v -31.082363 21.214714 6.509596
v -31.111952 21.214714 6.509596
v -31.052776 21.244301 6.509596
v -31.319069 -19.587364 6.509596
v -31.348658 -19.616953 6.509596
v -31.319069 -19.616953 6.509596
v -31.378244 -19.616953 6.509596
v -31.319069 -19.616953 5.829068
v -33.893242 -19.350657 6.509596
v -33.834061 -19.113953 6.509596
v -33.863651 -19.143541 6.509596
v -31.407833 -19.705715 6.509596
v -31.378244 -19.646538 6.509596
v -31.348658 -19.676126 6.509596
v -31.378244 -19.676126 6.509596
v -33.508591 -18.344662 6.509596
v -33.508591 -18.374249 6.509596
v -33.538181 -22.161535 6.509596
v -33.508591 -22.161535 6.509596
v -33.508591 -22.131947 6.509596
v -33.626945 -21.895241 6.509596
v -33.538181 -22.131947 6.509596
v -36.467411 25.209116 6.509596
v -36.467411 25.238697 6.509596
v -36.378643 25.297884 6.509596
v -30.372250 -18.877249 6.509596
v -30.461012 -18.906837 6.509596
v -30.401834 -18.877249 6.509596
v -30.431423 -18.877249 6.509596
v -30.461012 -18.877249 6.509596
v -34.129944 26.481405 6.509596
v -34.307476 26.451817 6.509596
v -34.129944 26.451817 6.509596
v -30.283484 -18.847660 6.509596
v -30.165131 -18.847660 6.509596
v -30.165131 -18.818071 6.509596
v -30.135542 -18.818071 6.509596
v -30.046778 -18.847660 6.509596
v -30.017189 -18.847660 6.509596
v -30.046778 -18.818071 6.509596
v -30.017189 -18.818071 6.509596
v -29.869249 -18.847660 6.509596
v -29.750896 -18.877249 6.509596
v -29.839661 -18.847660 6.509596
v -29.484604 -18.906837 6.509596
v -29.573366 -18.906837 6.509596
v -29.484604 -18.936422 6.509596
v -29.662130 -18.906837 6.509596
v -29.602957 -18.906837 6.509596
v -29.632545 -18.877249 6.509596
v -29.602957 -24.232704 6.509596
v -29.366251 -24.203114 6.509596
v -29.573366 -24.232704 6.509596
v -29.750896 -18.847660 6.509596
v -29.721308 -18.877249 6.509596
v -29.898838 -18.847660 6.509596
v -29.869249 -18.818071 6.509596
v -29.839661 -18.818071 6.509596
v -29.898838 -18.818071 6.509596
v -29.987600 -18.818071 6.509596
v -29.928427 -18.847660 6.509596
v -29.987600 -18.847660 6.509596
v -29.721308 -18.847660 6.509596
v -26.022787 -20.682125 6.509596
v -26.052376 -20.711714 6.509596
v -26.022787 -20.711714 6.509596
v -29.573366 -18.877249 6.509596
v -29.336662 -18.995598 6.509596
v -29.277485 -19.025187 6.509596
v -29.307074 -18.995598 6.509596
v -29.218311 -19.084364 6.509596
v -29.188723 -19.113953 6.509596
v -29.218311 -19.054775 6.509596
v -29.247900 -24.173531 6.509596
v -29.070366 -19.143541 6.509596
v -29.099955 -19.143541 6.509596
v -29.099955 -19.173130 6.509596
v -29.159134 -19.113953 6.509596
v -29.129543 -19.173130 6.509596
v -29.129543 -19.113953 6.509596
v -29.188723 -19.084364 6.509596
v -29.070366 -19.173130 6.509596
v -29.011192 -19.202715 6.509596
v -29.040781 -19.173130 6.509596
v -26.940022 -17.723309 6.509596
v -26.910433 -17.723309 6.509596
v -26.141140 -21.303478 6.509596
v -26.081964 -21.066771 6.509596
v -26.111553 -21.096359 6.509596
v -27.147137 -23.078766 6.509596
v -27.176725 -23.108355 6.509596
v -27.147137 -23.108355 6.509596
v -28.537781 -20.031187 6.509596
v -28.537781 -20.060772 6.509596
v -26.052376 -20.830067 6.509596
v -26.052376 -20.800478 6.509596
v -26.081964 -19.528187 6.509596
v -26.052376 -19.735306 6.509596
v -26.052376 -19.498598 6.509596
v -28.596958 -19.972010 6.509596
v -28.567369 -20.031187 6.509596
v -28.567369 -19.942421 6.509596
v -28.567369 -20.741302 6.509596
v -28.596958 -20.741302 6.509596
v -28.567369 -20.770889 6.509596
v -28.567369 -19.883245 6.509596
v -28.596958 -19.912832 6.509596
v -28.626547 -20.889244 6.509596
v -28.715311 -19.557775 6.509596
v -28.685724 -19.646538 6.509596
v -28.715311 -19.587364 6.509596
v -28.774488 -19.498598 6.509596
v -28.804073 -19.469009 6.509596
v -28.804073 -19.498598 6.509596
v -28.685724 -19.616953 6.509596
v -28.804073 -21.185125 6.509596
v -28.833662 -21.214712 6.509596
v -28.804073 -21.214712 6.509596
v -28.744900 -19.528187 6.509596
v -28.596958 -19.853657 6.509596
v -26.052376 -19.794479 6.509596
v -26.052376 -19.794479 6.272891
v -28.508194 -20.327068 6.509596
v -28.537781 -20.415833 6.509596
v -28.508194 -20.386244 6.509596
v -28.537781 -20.475010 6.509596
v -28.508194 -20.445421 6.509596
v -28.596958 -20.770889 6.509596
v -26.170729 -21.333063 6.509596
v -28.626547 -20.859655 6.509596
v -28.596958 -20.800478 6.509596
v -28.626547 -20.800478 6.509596
v -26.673729 -18.078365 6.509596
v -26.614552 -18.107952 6.509596
v -26.644140 -18.078365 6.509596
v -28.744900 -21.096359 6.509596
v -28.715311 -21.096359 6.509596
v -28.715311 -21.066771 6.509596
v -26.910433 -22.812473 6.509596
v -26.762491 -22.575769 6.509596
v -26.792082 -22.605354 6.509596
v -26.703318 -22.516590 6.509596
v -26.821667 -22.664532 6.509596
v -26.851255 -22.664532 6.509596
v -26.910433 -22.782885 6.509596
v -26.880844 -17.723309 6.509596
v -26.910433 -17.752897 6.509596
v -26.703318 -22.487001 6.509596
v -26.940022 -22.812473 6.509596
v -26.496199 -22.161535 6.509596
v -26.525787 -22.220709 6.480007
v -26.555374 -22.250296 6.509596
v -26.673729 -18.048777 6.509596
v -26.496199 -22.131947 6.509596
v -26.525787 -22.161535 6.480007
v -26.525787 -22.220709 6.509596
v -26.289080 -21.747301 6.509596
v -26.289080 -21.747301 6.272891
v -26.259491 -21.658535 6.509596
v -28.626547 -20.859655 5.917832
v -28.508194 -20.475010 6.509596
v -28.567369 -20.711714 6.509596
v -28.537781 -20.563772 6.509596
v -28.537781 -20.593361 6.509596
v -28.537781 -20.208714 6.509596
v -28.567369 -20.504595 6.509596
v -26.081964 -19.498598 6.509596
v -28.537781 -20.327068 6.509596
v -28.508194 -20.267891 6.509596
v -28.508194 -20.238302 6.509596
v -28.537781 -20.238302 6.509596
v -28.508194 -20.179129 6.509596
v -26.466610 -18.433426 6.509596
v -26.407436 -18.551775 6.509596
v -26.466610 -18.403837 6.509596
v -26.821667 -17.841661 6.509596
v -26.762491 -17.900839 6.509596
v -28.863251 -19.380245 6.509596
v -28.892839 -19.350657 6.509596
v -28.892839 -19.409834 6.509596
v -28.952015 -21.362650 6.509596
v -28.892839 -21.333063 6.509596
v -28.892839 -21.303478 6.509596
v -28.833662 -19.439421 6.509596
v -28.981604 -19.232304 6.509596
v -29.218311 -24.173531 6.509596
v -35.343060 25.475410 6.509596
v -30.638542 -18.966011 6.509596
v -30.608953 -18.966011 6.509596
v -30.727306 -18.995598 6.509596
v -30.816069 -19.054775 6.509596
v -30.756895 -19.025187 6.509596
v -30.668129 -18.995598 6.509596
v -30.845657 -19.084364 6.509596
v -30.816069 -19.084364 6.509596
v -30.964010 -19.173130 6.509596
v -31.023188 -19.202715 6.509596
v -30.993599 -19.202715 6.509596
v -31.052776 -19.261892 6.509596
v -31.052776 -19.232304 6.509596
v -31.082363 -19.261892 6.509596
v -31.141541 -24.114353 6.509596
v -30.756895 -24.173531 6.509596
v -30.786484 -24.173531 6.509596
v -30.904835 -24.143942 6.509596
v -31.111952 -24.084764 6.509596
v -32.916832 -17.545780 6.509596
v -32.916832 -17.516191 6.509596
v -30.934423 -19.143541 6.509596
v -30.964010 -19.143541 6.509596
v -30.875246 -19.113953 6.509596
v -30.697718 -18.995598 6.509596
v -30.490601 -18.906837 6.509596
v -33.331066 -17.989603 6.509596
v -33.331066 -18.019192 6.509596
v -33.242298 -17.960014 6.509596
v -33.922821 -19.439421 6.509596
v -31.526186 -20.267891 6.509596
v -31.526186 -20.297480 6.509596
v -31.496599 -20.238302 6.509596
v -33.982002 -20.267891 6.509596
v -34.011593 -20.682125 6.509596
v -33.982002 -20.504595 6.509596
v -33.804474 -21.421829 6.509596
v -33.834061 -21.421829 6.509596
v -33.834061 -21.451418 6.509596
v -33.774883 -21.569771 6.509596
v -33.774883 -21.540182 6.509596
v -31.910833 -23.818470 6.509596
v -31.674126 -23.877647 6.509596
v -31.881245 -23.788881 6.509596
v -31.141541 -21.362650 6.509596
v -31.111952 -21.362650 6.509596
v -31.141541 -21.333063 6.509596
v -31.496599 -23.966412 6.509596
v -31.171129 -24.084764 6.509596
v -31.289480 -24.025589 6.509596
v -31.141541 -24.084764 6.509596
v -31.348658 -21.007595 6.509596
v -31.378244 -21.007595 6.509596
v -31.348658 -21.037182 6.509596
v -31.378244 -20.978006 6.509596
v -31.407833 -20.918827 6.509596
v -33.567768 -18.463011 6.509596
v -33.686123 -18.699718 6.509596
v -33.626945 -18.610954 6.509596
v -33.686123 -21.806473 6.509596
v -33.331066 -22.487001 6.509596
v -33.390240 -22.339062 6.509596
v -33.331066 -22.457417 6.509596
v -33.301476 -22.457417 6.509596
v -33.064774 -22.812473 6.509596
v -33.005596 -22.901236 6.509596
v -33.064774 -22.782885 6.509596
v -32.325066 -23.493000 6.509596
v -32.236301 -23.552177 6.509596
v -32.206711 -23.581766 6.509596
v -32.236301 -23.581766 6.509596
v -32.236301 -23.611353 6.509596
v -31.999598 -23.729708 6.509596
v -31.970005 -23.759291 6.509596
v -31.910833 -23.788881 6.509596
v -31.555775 -23.936823 6.509596
v -31.171129 -24.114353 6.509596
v -30.401834 -24.232704 6.509596
v -30.756895 -24.173531 18.729507
v -30.431423 -24.232704 6.509596
v -30.520187 -24.232704 6.509596
v -29.958012 -24.232704 6.509596
v -29.750896 -24.232704 6.509596
v -30.342661 -24.232704 6.509596
v -30.372250 -24.232704 6.509596
v -31.496599 -20.208714 6.509596
v -33.834061 -21.362650 6.509596
v -33.982002 -20.682125 6.509596
v -33.982002 -20.652536 6.509596
v -31.437422 -19.853657 6.509596
v -31.467010 -19.912832 6.509596
v -31.437422 -19.824068 6.509596
v -31.437422 -19.883245 6.509596
v -31.437422 -19.794479 6.509596
v -28.774488 16.451021 6.509596
v -28.804073 16.451021 6.509596
v -26.229906 18.936426 6.509596
v -26.229906 18.966011 6.509596
v -26.022787 19.824068 6.509596
v -29.188723 16.332666 6.509596
v -30.135542 16.243902 6.509596
v -30.372250 16.243902 6.509596
v 35.579765 -26.037582 6.509596
v 35.698120 -25.978407 6.509596
v 35.609352 -26.007994 6.509596
v 35.905235 25.741703 6.509596
v 35.727703 25.919230 6.509596
v 35.875648 25.741703 6.509596
v 36.171524 25.445822 6.509596
v 36.378643 25.209116 6.509596
v 36.201118 25.445822 6.509596
v 36.171524 25.475410 6.509596
v 36.852058 24.410231 6.509596
v 36.733711 24.587765 6.509596
v 36.822472 24.410231 6.509596
v 36.940826 -23.996000 6.509596
v 36.911236 -24.173531 6.509596
v 36.940826 -24.143942 6.509596
v 36.763294 24.410231 6.509596
v 36.852058 24.203119 6.509596
v 36.940826 23.936827 6.509596
v 36.911236 24.203119 6.509596
v 36.822472 24.262293 6.509596
v 36.940826 23.907238 6.509596
v 36.970409 -23.522589 6.509596
v 36.940826 -23.818470 6.509596
v 36.970409 -23.818470 6.509596
v 31.407833 -20.741302 6.509596
v 31.437426 -20.711714 6.509596
v 31.437426 -20.682125 6.509596
v 31.437426 -20.208714 6.509596
v 31.467014 -20.090361 6.509596
v 31.467014 -20.060772 6.509596
v 31.437426 -20.415833 6.509596
v 31.467014 -20.327068 6.509596
v 31.437426 -20.327068 6.509596
v 31.437426 -20.119949 6.509596
v 31.467014 -20.475010 6.509596
v 31.437426 -20.475010 6.509596
v 31.467014 -20.563772 6.509596
v 31.467014 -20.386244 6.509596
v 31.467014 -20.208714 6.509596
v 31.437426 -20.238302 6.509596
v 31.467014 -20.179129 6.509596
v 31.467014 -20.267891 6.509596
v 31.467014 -20.297480 6.509596
v 31.467014 -20.415833 6.509596
v 31.467014 -20.445421 6.509596
v 31.437426 -20.652536 6.509596
v 31.467014 -20.593361 6.509596
v 31.437426 -20.593361 6.509596
v 31.437426 -20.504595 6.509596
v 31.437426 -20.622948 6.509596
v 31.437426 -19.912832 6.509596
v 31.407833 -19.972010 6.509596
v 31.437426 -19.972010 6.509596
v 31.437426 -20.031187 6.509596
v 31.407833 -19.883245 6.509596
v 31.407833 -19.912832 6.509596
v 30.668129 -21.628944 6.509596
v 30.668129 -21.688124 5.888245
v 30.668129 -21.658535 6.509596
v 31.348658 20.948416 6.509596
v 31.289486 20.889244 6.509596
v 31.348658 20.800478 6.509596
v 31.082371 -21.333063 6.509596
v 31.023188 -21.362650 6.509596
v 31.023188 -21.392239 6.509596
v 31.023188 -19.261892 6.509596
v 31.023188 -19.261892 18.729507
v 30.993605 -19.232304 6.509596
v 31.082371 -21.303478 6.509596
v 26.910437 -22.812473 6.509596
v 26.999203 -22.901236 6.509596
v 26.910437 -22.782885 6.509596
v 30.313074 21.717712 6.509596
v 30.372246 21.658537 6.509596
v 30.342663 21.717712 6.509596
v 31.111954 -21.273890 6.509596
v 30.224308 -18.847660 6.509596
v 30.165131 -18.847660 6.509596
v 30.194725 -18.877249 6.509596
v 29.958015 -24.232704 6.509596
v 29.987604 -24.232704 6.509596
v 30.135548 -18.847660 6.509596
v 30.135548 -18.818071 6.509596
v 30.786489 -21.569771 6.509596
v 30.756895 -21.569771 6.509596
v 30.786489 -21.599360 6.509596
v 30.786489 -19.084364 6.509596
v 30.756895 -19.054775 6.509596
v 30.756895 -19.113953 6.509596
v 30.697723 -21.628944 6.509596
v 30.727306 -24.173531 6.509596
v 30.756895 -24.173531 6.509596
v 27.117552 -17.427427 6.509596
v 26.910437 -17.693720 6.509596
v 27.087969 -17.516191 6.509596
v 29.188725 -24.173531 6.509596
v 29.099958 -24.143942 6.509596
v 29.159136 -24.173531 6.509596
v 27.117552 -23.108355 6.509596
v 27.147141 -23.078766 6.509596
v 27.147141 -23.049177 6.509596
v 26.673725 -18.048777 6.509596
v 26.732910 -17.960014 6.509596
v 26.673725 -17.989603 6.509596
v 26.851259 -22.782885 6.509596
v 26.880842 -22.753296 6.509596
v 29.247902 24.143942 6.509596
v 29.366251 24.173531 6.509596
v 29.247902 24.173531 6.509596
v 26.762491 -22.575769 6.509596
v 25.963614 -20.682125 6.509596
v 26.022791 -20.800478 6.509596
v 25.993202 -20.652536 6.509596
v 26.141146 -19.113953 6.480007
v 26.170729 -19.113953 6.509596
v 26.111557 -19.350657 6.509596
v 25.963614 -20.238302 6.509596
v 25.993202 -19.853657 6.509596
v 25.963614 -19.883245 6.509596
v 25.993202 -20.001598 6.509596
v 25.993202 -20.238302 6.509596
v 26.170729 -19.084364 6.509596
v 26.200317 -19.025187 6.509596
v 26.259495 -18.729307 6.509596
v 26.200317 -19.084364 6.509596
v 26.170729 19.113955 6.509596
v 26.111557 19.321072 6.509596
v 26.141146 19.113955 6.509596
v 26.200317 -19.054775 6.509596
v 26.229912 -18.966011 6.509596
v 26.466610 -18.374249 6.480007
v 26.496204 -18.344662 6.509596
v 26.525787 -18.285484 6.509596
v 26.318672 -18.699718 6.509596
v 26.289083 -18.699718 6.509596
v 26.732910 -17.989603 6.509596
v 26.673725 -18.019192 6.509596
v 26.437027 -18.403837 6.480007
v 26.466610 -18.403837 6.509596
v 26.377844 -18.610954 6.509596
v 26.673725 -22.487001 6.509596
v 26.673725 -22.457417 6.509596
v 26.910437 -17.723309 6.509596
v 26.851259 -17.812073 6.509596
v 28.833672 -24.084764 6.509596
v 28.596962 -23.996000 6.509596
v 28.833672 -24.114353 6.509596
v 27.058374 -17.545780 6.509596
v 27.058374 -17.575369 6.509596
v 26.969608 -17.664129 6.509596
v 26.999203 -17.634541 6.509596
v 29.277485 21.569771 6.509596
v 29.395840 21.599363 5.799480
v 29.307074 21.569771 6.509596
v 29.336668 21.569771 6.509596
v 29.395840 21.599363 6.509596
v 29.366251 21.599363 6.509596
v 28.833672 16.362255 6.509596
v 29.188725 16.303080 6.509596
v 29.099958 16.332666 6.509596
v 29.543785 -18.877249 6.509596
v 29.514196 -18.877249 6.509596
v 29.543785 -18.906837 6.509596
v 29.514196 24.173531 6.509596
v 29.514196 24.173531 6.243302
v 29.514196 -18.906837 6.509596
v 29.514196 -18.877249 18.729507
v 29.484606 -18.906837 6.509596
v 29.543785 21.628948 6.509596
v 29.602957 21.658537 6.509596
v 29.573366 21.658537 6.509596
v 26.289083 -18.729307 6.509596
v 26.022791 -19.824068 6.509596
v 26.052380 -19.616953 6.509596
v 26.022791 -19.469009 6.509596
v 26.022791 -21.037182 6.509596
v 26.111557 -21.185125 6.509596
v 26.052380 -21.037182 6.509596
v 26.673725 -22.427828 6.509596
v 26.555376 -22.250296 6.509596
v 26.644142 -22.487001 6.509596
v 26.614553 -18.137543 6.509596
v 26.466610 -22.102358 6.509596
v 26.437027 -22.102358 6.509596
v 26.466610 -22.131947 6.509596
v 26.259495 -21.806473 6.509596
v 26.289083 -21.747301 6.509596
v 26.259495 -21.776886 6.509596
v 26.289083 -21.776886 6.509596
v 26.081968 -19.469009 6.509596
v 26.081968 -19.439421 6.509596
v 26.052380 -19.469009 6.509596
v 25.993202 -20.622948 6.509596
v 25.963614 -20.652536 6.509596
v 26.052380 -21.007595 6.509596
v 26.022791 -21.007595 6.509596
v 25.993202 -20.386244 6.509596
v 26.141146 -21.421829 6.509596
v 26.170729 -21.362650 6.509596
v 26.170729 -21.451418 6.509596
v 26.170729 -21.421829 6.509596
v 26.052380 -19.439421 6.509596
v 26.259495 -21.658535 6.509596
v 26.348261 -21.895241 6.509596
v 26.377844 -21.895241 6.509596
v 28.478605 -23.966412 6.509596
v 28.419428 16.539785 6.509596
v 28.804077 16.391844 6.509596
v 28.685728 16.451021 6.509596
v 28.064375 16.687725 6.509596
v 28.389845 16.539785 6.509596
v 28.330662 16.598963 6.509596
v 28.419428 -23.936823 6.509596
v 28.330662 -23.877647 6.509596
v 28.389845 -23.936823 6.509596
v 28.093964 -23.788881 6.509596
v 27.886848 -23.670530 6.509596
v 28.064375 -23.818470 6.509596
v 28.093964 16.687725 6.509596
v 27.798082 -23.581766 6.509596
v 27.768494 -23.581766 6.509596
v 27.798082 -23.611353 6.509596
v 27.443022 -23.374647 6.509596
v 27.650137 -23.493000 6.509596
v 27.443022 -23.345058 6.509596
v -31.467010 20.652540 6.480007
v -31.407833 20.741302 18.729507
v 27.354256 -17.249897 6.509596
v 27.413433 -17.190723 6.509596
v 27.295084 -17.309074 6.272891
v 27.176735 -23.108355 6.509596
v 27.176735 -23.078766 6.509596
v 27.265490 -23.167530 6.509596
v 27.738905 -23.581766 6.509596
v 27.472610 -17.131546 6.509596
v 27.443022 -17.131546 6.480007
v 27.650137 -17.013193 6.509596
v 27.738905 -23.552177 6.509596
v 27.768494 -23.611353 6.509596
v 28.744905 -16.451019 6.509596
v 28.537783 -16.510193 6.509596
v 28.596962 -16.510193 6.509596
v 28.774488 -16.451019 6.509596
v 28.804077 -16.421429 6.509596
v 28.449022 -23.936823 6.509596
v 28.863255 16.391844 6.509596
v 29.277485 -18.995598 6.509596
v 29.366251 -18.966011 6.509596
v 29.307074 -18.966011 6.509596
v 28.833672 16.391844 6.509596
v 29.573366 -18.877249 6.509596
v 29.632551 21.658537 6.509596
v 29.662134 21.717712 6.509596
v 29.632551 21.717712 6.509596
v 29.662134 -18.877249 6.509596
v 29.810078 -18.847660 6.509596
v 29.780483 -18.847660 6.509596
v 29.810078 -18.818071 6.509596
v 29.987604 -18.818071 6.509596
v 29.958015 -18.818071 6.509596
v 29.958015 -18.847660 6.509596
v 29.839666 -18.847660 6.509596
v 29.928427 -18.818071 6.509596
v 29.869249 -18.818071 6.509596
v 29.898838 -18.847660 6.509596
v 29.839666 -18.818071 6.509596
v 29.928427 -18.847660 6.509596
v 30.105959 -18.818071 6.509596
v 30.076365 -18.818071 6.509596
v 30.105959 -18.847660 6.509596
v 29.780483 -18.877249 6.509596
v 30.076365 -18.847660 6.509596
v 30.253897 -18.847660 6.509596
v 30.224308 -18.877249 6.509596
v 30.017193 -18.818071 6.509596
v 30.342663 -18.877249 6.509596
v 30.313074 -18.877249 6.509596
v 30.342663 -18.906837 6.509596
v 31.111954 -19.409834 6.509596
v 31.141542 -19.439421 6.509596
v 31.111954 -19.380245 6.509596
v 30.401838 -18.877249 6.509596
v 30.401838 -18.906837 6.509596
v 30.401838 21.628948 6.509596
v 30.490608 21.599363 6.509596
v 30.431431 21.628948 6.509596
v 30.490608 -18.906837 6.509596
v 30.461012 -18.906837 6.509596
v 30.461012 -18.936422 6.509596
v 30.727306 -19.084364 6.509596
v 30.549780 -18.936422 6.509596
v 30.520191 -18.936422 6.509596
v 30.638546 -18.966011 6.509596
v 30.608957 -18.966011 6.509596
v 30.638546 -21.688124 6.509596
v 30.579361 -21.717712 6.509596
v 30.608957 -21.688124 6.509596
v 30.668129 -18.995598 6.509596
v 30.727306 -19.025187 6.509596
v 31.082371 -19.321072 6.509596
v 30.875250 -19.143541 6.509596
v 30.845661 -19.113953 6.509596
v 30.875250 -19.173130 6.509596
v 30.816072 -19.084364 6.509596
v 30.816072 -19.113953 6.509596
v 30.934427 -19.173130 6.509596
v 30.964010 -19.232304 6.509596
v 30.964010 -19.202715 6.509596
v 30.993605 -19.261892 6.509596
v 30.993605 -19.261892 5.947420
v 31.052776 -19.321072 6.509596
v 27.709316 -16.983604 6.509596
v 27.738905 -16.954016 6.509596
v 30.253897 -18.877249 6.509596
v 30.283480 -18.847660 6.509596
v 27.768494 -16.924427 6.509596
v 27.679733 -17.013193 6.509596
v 28.064375 -16.746901 6.509596
v 27.975609 -16.806074 6.509596
v 28.005198 -16.806074 6.509596
v 31.230303 -19.557775 6.509596
v 31.259892 -19.646538 6.509596
v 31.259892 -19.557775 6.509596
v 31.378246 -19.794479 6.509596
v 31.407833 -19.853657 6.509596
v 30.904839 -19.173130 6.509596
v 31.171131 -19.439421 6.509596
v 31.082371 -19.350657 6.509596
v 31.407833 -20.770889 6.509596
v 31.437426 -20.741302 6.509596
v 31.082371 21.303480 6.509596
v 31.023188 21.273890 6.509596
v 31.289486 20.948416 6.509596
v 30.904839 -21.510593 6.509596
v 30.875250 -21.540182 6.509596
v 30.875250 -21.510593 6.509596
v 30.431431 -18.877249 6.509596
v 30.461012 21.628948 6.509596
v 29.425428 21.628948 6.509596
v 29.425428 21.599363 6.509596
v 29.958015 21.747301 6.509596
v 30.076365 21.717712 6.509596
v 29.987604 21.747301 6.509596
v 29.987604 -24.232704 18.729507
v 29.691723 -18.847660 6.509596
v 29.662134 -18.847660 6.509596
v 29.632551 -18.877249 6.509596
v 30.135548 -24.232704 6.509596
v 27.087969 -17.545780 6.509596
v 27.147141 -17.427427 6.509596
v 29.218307 -24.173531 6.509596
v 26.851259 -17.841661 6.509596
v 26.821671 -17.841661 6.509596
v 26.466610 -18.374249 6.509596
v 27.117552 -23.078766 6.509596
v 29.632551 -24.232704 6.509596
v 29.750900 -24.232704 6.509596
v 29.247902 -24.173531 6.509596
v 29.602957 -24.232704 6.509596
v 29.366251 -24.203114 6.509596
v 30.638546 -24.203114 6.509596
v 30.401838 -24.232704 6.509596
v 31.141542 -24.084764 6.509596
v 31.111954 -24.114353 6.509596
v 31.141542 -24.114353 6.509596
v 30.993605 -21.421829 6.509596
v 30.845661 -21.540182 6.509596
v 30.668129 -21.688124 6.509596
v 30.520191 -21.717712 6.509596
v 30.549780 -21.717712 6.509596
v 31.378246 -20.859655 6.509596
v 31.348658 -20.918827 6.509596
v 31.348658 -20.889244 6.509596
v 31.378246 -20.800478 6.509596
v 31.378246 -20.830067 6.509596
v 31.437426 -20.622948 18.729507
v 36.940826 -23.848059 6.509596
v 36.940826 -23.966412 0.236905
v 36.940826 -23.966412 6.509596
v 36.704117 -24.676525 6.509596
v 36.852058 -24.410234 6.509596
v 36.763294 -24.469410 6.509596
v 36.733711 -24.558176 6.509596
v 36.615356 -24.942822 6.509596
v 36.674526 -24.883642 6.509596
v 36.615356 -24.913233 6.509596
v 36.437828 -25.179525 6.509596
v 36.378643 -25.268291 6.509596
v 36.408234 -25.268291 6.509596
v 36.585766 -24.972410 6.509596
v 36.585766 -24.942822 6.509596
v 36.467411 25.061171 6.509596
v 36.408234 25.209116 6.509596
v 36.260296 -25.445818 6.509596
v 36.467411 -25.120348 6.509596
v 36.437828 -25.149939 6.509596
v 36.171524 -25.504995 6.509596
v 36.230713 -25.445818 6.509596
v 36.496998 -25.090759 6.509596
v 36.496998 -25.120348 6.509596
v 36.615356 -24.883642 6.509596
v 36.674526 24.706120 6.509596
v 36.704117 24.587765 6.509596
v 36.674526 24.854057 6.509596
v 36.674526 -24.735704 6.509596
v 36.408234 25.209116 0.236905
v 36.585766 24.942823 6.509596
v 36.822472 -24.410234 6.509596
v 36.852058 -24.291882 6.509596
v 36.763294 -24.410234 6.509596
v 35.994003 25.652937 6.509596
v 36.112350 25.564171 6.509596
v 36.082764 25.564171 6.509596
v -35.431824 26.096762 6.509596
v -35.402237 26.155933 6.509596
v -35.372646 26.155933 6.509596
v -35.254295 26.185522 6.509596
v -34.988003 26.274290 6.509596
v -35.106354 26.274290 6.509596
v 33.982002 20.563772 6.509596
v 33.952419 20.593361 6.509596
v 33.982002 20.534187 6.509596
v 33.982002 26.481405 6.509596
v 34.070766 26.481405 6.509596
v 34.129944 26.451817 6.509596
v 34.869652 26.303879 6.509596
v 34.692127 26.363056 6.509596
v 34.840065 26.303879 6.509596
v 28.508194 20.031187 6.509596
v 28.478605 20.060776 6.509596
v 28.508194 20.001600 6.509596
v 26.022791 19.469009 6.509596
v 26.229912 21.658537 6.509596
v 26.170729 21.392239 6.509596
v 26.229912 21.540182 6.509596
v 26.466610 18.344662 6.509596
v 26.644142 18.019192 6.509596
v 26.525787 18.196720 6.509596
v 26.673725 18.019192 6.509596
v 26.673725 17.989603 6.509596
v 26.851259 17.693720 6.509596
v 26.762491 17.900843 6.509596
v 26.910437 17.693720 6.509596
v 27.768494 16.924433 6.509596
v 27.531788 17.072374 6.509596
v 27.738905 16.894842 6.509596
v 27.798082 16.865252 6.509596
v 27.975609 16.806078 6.509596
v 28.478605 16.539785 6.509596
v 27.443022 17.131548 6.509596
v 27.472610 17.131548 6.509596
v 27.768494 16.894842 6.509596
v 27.798082 16.894842 6.509596
v 28.419428 16.569370 6.509596
v 26.910437 17.664135 6.509596
v 26.525787 18.226309 6.509596
v 26.318672 18.581369 6.509596
v 26.437027 18.374249 6.509596
v 26.377844 18.581369 6.509596
v 26.259495 18.699720 6.509596
v 26.466610 18.374249 6.509596
v 33.626945 21.836067 6.509596
v 33.626945 21.836067 6.243302
v 33.567768 22.013594 6.509596
v 31.407833 20.711714 6.509596
v 31.437426 20.741302 6.509596
v 31.407833 20.770891 6.509596
v 31.378246 20.830067 6.509596
v 31.378246 20.770891 6.509596
v 31.407833 19.764894 6.509596
v 31.289486 20.978010 6.509596
v 31.259892 20.978010 6.509596
v 31.259892 21.037184 6.509596
v 31.259892 21.007595 6.509596
v 31.141542 21.155540 6.509596
v 31.171131 21.155540 6.509596
v 31.171131 21.125952 6.509596
v 30.520191 21.628948 6.509596
v 30.520191 21.599363 6.509596
v 30.253897 21.717712 6.509596
v 29.898838 21.747301 6.509596
v 29.869249 21.717712 6.509596
v 29.839666 21.717712 6.509596
v 28.863255 21.273890 6.509596
v 28.833672 21.155540 6.509596
v 28.833672 21.214714 6.509596
v 28.892843 21.303480 6.509596
v 28.626543 20.859655 6.509596
v 28.596962 20.830067 6.509596
v 26.111557 19.380249 6.509596
v 28.567371 20.741302 6.509596
v 28.537783 20.682129 6.509596
v 28.567371 20.711714 6.509596
v 26.200317 21.392239 6.509596
v 26.821671 22.694120 6.509596
v 26.732910 22.546181 6.509596
v 26.762491 22.575771 6.509596
v 26.673725 22.457417 6.509596
v 26.703321 22.457417 6.509596
v 26.673725 22.427830 6.509596
v 28.656139 21.007595 6.509596
v 28.656139 20.978010 6.509596
v 28.804077 21.125952 6.509596
v 28.744905 21.037184 6.509596
v 28.774488 21.066772 6.509596
v 28.715311 21.007595 6.509596
v 30.668129 21.540182 6.509596
v 30.697723 21.569771 6.509596
v 30.668129 21.569771 6.509596
v 30.046782 21.747301 6.509596
v 30.105959 21.747301 6.509596
v 30.135548 21.717712 6.509596
v 30.756895 21.510595 6.509596
v 30.993605 19.173134 6.509596
v 30.964010 19.143541 6.509596
v 30.993605 19.143541 6.509596
v 31.023188 21.303480 6.509596
v 31.437426 19.764894 6.509596
v 31.437426 20.682129 6.509596
v 26.170729 19.054777 6.509596
v 35.727703 -25.978407 6.509596
v -34.899239 26.303879 6.509596
v -34.840061 26.333467 6.509596
v -34.632946 26.363056 6.509596
v 35.372650 -26.185522 6.509596
v 35.638950 -25.978407 6.509596
v 34.958420 26.274290 6.509596
v 35.047180 -26.303875 6.509596
v 34.425827 26.451817 6.509596
v 34.544182 26.422234 6.509596
v -35.313473 24.794880 6.509596
v -35.343060 24.706120 6.509596
v -35.343060 -24.469410 6.509596
v 31.289486 -21.007595 6.509596
v -28.685724 -21.007595 6.509596
v -28.093960 -23.818470 6.509596
v -28.005194 -23.729708 6.509596
v -28.093960 -23.788881 6.509596
v -28.478605 -23.936823 6.509596
v -28.123547 -23.788881 6.509596
v -28.123547 -23.818470 6.509596
v -29.366251 -21.688124 6.509596
v -29.425426 -21.717712 6.509596
v -29.395838 -21.717712 6.509596
v 31.526186 16.539785 6.509596
v 31.733301 16.628548 6.509596
v 31.614952 16.598963 6.509596
v 30.964010 -21.451418 6.509596
v 30.993605 -21.451418 6.509596
v 31.526186 16.569370 6.509596
v 31.496603 16.539785 6.509596
v 31.881250 16.687725 6.509596
v 31.910833 16.687725 6.509596
v 31.970011 16.746901 6.509596
v 31.940422 16.746901 6.509596
v 32.295483 16.983608 6.450419
v 32.236305 16.924433 6.509596
v 32.295483 17.013193 6.509596
v 32.295483 16.983608 6.509596
v 31.910833 16.717312 6.509596
v 32.502598 17.131548 6.509596
v 32.591362 17.161135 6.509596
v 32.561775 17.161135 6.509596
v 33.094360 17.723312 6.509596
v 33.035191 17.664135 18.729507
v 33.064774 17.693720 6.509596
v 33.271889 17.960016 6.509596
v 33.242306 17.900843 6.509596
v 33.123951 17.752901 6.509596
v 33.982002 19.942421 6.509596
v -26.584963 -22.309473 6.509596
v 33.360649 18.137543 6.509596
v 33.271889 17.989603 6.509596
v 31.970011 16.806078 6.509596
v 31.200720 16.421429 6.509596
v 31.437426 16.510197 6.509596
v 31.259892 16.451021 6.509596
v 31.171131 16.391844 6.509596
v 31.141542 16.391844 6.509596
v 31.230303 -21.125948 6.509596
v 30.727306 -21.628944 6.509596
v -27.176725 17.397839 6.509596
v -27.147137 17.397839 18.285685
v -27.235905 17.338663 6.509596
v -31.289480 20.978010 6.509596
v -31.496599 20.297480 6.509596
v -26.673729 -22.457417 6.509596
v -31.526186 -20.327068 6.509596
v 33.982002 20.001600 6.509596
v 33.952419 19.824068 18.729507
v 33.982002 19.972010 6.509596
v 33.893246 19.469009 6.243302
v 33.893246 19.469009 6.509596
v 33.893246 19.469009 18.729507
v 33.952419 19.735306 6.509596
v 33.952419 19.735306 6.243302
v 33.952419 20.593361 6.243302
v 33.952419 20.622953 6.509596
v 33.952419 19.498598 6.243302
v 33.952419 20.622953 6.243302
v 33.952419 20.800478 3.639544
v 33.952419 20.652540 6.243302
v 33.952419 20.711714 6.509596
v 33.952419 20.593361 18.729507
v 33.952419 20.682129 6.420831
v 33.952419 20.682129 6.302479
v 33.952419 20.652540 6.361654
v 33.952419 19.469009 6.243302
v 33.952419 20.770891 6.243302
v 33.952419 20.652540 6.332067
v 33.952419 20.682129 6.243302
v 33.804482 19.054777 18.729507
v 33.893246 21.007595 6.243302
v 33.686123 18.699720 6.509596
v 33.686123 18.699720 18.729507
v 33.804482 19.054777 6.509596
v 33.686123 21.776890 6.243302
v 33.686123 -18.729307 6.272891
v 33.686123 -18.758896 6.272891
v 33.804482 18.966011 6.243302
v 33.804482 18.966011 6.509596
v 33.804482 -19.084364 6.272891
v 33.804482 -19.113953 6.272891
v 33.804482 -21.421829 6.272891
v 33.804482 -21.451418 6.272891
v 28.537783 19.764894 18.729507
v 26.170729 19.054777 18.729507
v 26.259495 18.699720 18.729507
v 27.117552 23.049177 18.729507
v 29.040787 21.362656 18.729507
v 27.443022 23.315474 18.729507
v 26.466610 18.344662 18.729507
v 26.673725 17.989603 18.729507
v 26.910437 17.664135 18.729507
v 31.437426 19.942421 18.729507
v 31.437426 19.764894 18.729507
v 31.200720 21.037184 18.729507
v 33.271889 22.427830 18.729507
v 33.035191 22.782887 18.729507
v 31.378246 19.646538 18.729507
v 33.508598 18.344662 18.729507
v 31.141542 21.155540 18.729507
v 31.289486 19.498598 18.729507
v 30.520191 18.847660 18.729507
v 31.881250 16.687725 18.729507
v 30.668129 18.906837 18.729507
v 32.502598 17.131548 18.729507
v 30.816072 18.966011 18.729507
v 32.206715 16.894842 18.729507
v 30.401838 18.758896 18.729507
v 31.496603 16.539785 18.729507
v 31.141542 19.261896 18.729507
v 32.798477 17.397839 18.729507
v 31.200720 19.409838 18.729507
v 33.271889 17.989603 18.729507
v 30.253897 21.717712 18.729507
v 31.141542 24.025593 18.729507
v 30.727306 24.143942 18.729507
v 31.141542 16.391844 18.729507
v 30.253897 18.729311 18.729507
v 30.372246 24.173531 18.729507
v 30.135548 18.699720 18.729507
v 30.372246 16.243902 18.729507
v 31.467014 20.238306 18.729507
v 33.982002 20.238306 18.729507
v 31.437426 20.534187 18.729507
v 33.893246 21.007595 18.729507
v 30.401838 21.628948 18.729507
v 31.496603 23.907238 18.729507
v 31.437426 20.060776 18.729507
v 31.437426 20.356655 18.729507
v 28.508194 19.942421 18.729507
v 25.963614 19.824068 18.729507
v 26.022791 19.469009 18.729507
v 27.117552 17.397839 18.729507
v 29.958015 16.243902 18.729507
v 29.040787 19.054777 18.729507
v 28.892843 19.173134 18.729507
v 29.662134 18.729311 18.729507
v 28.833672 16.391844 18.729507
v 29.188725 16.303080 18.729507
v 29.543785 18.758896 18.729507
v 28.419428 16.539785 18.729507
v 29.395840 18.847660 18.729507
v 28.064375 16.687725 18.729507
v 27.768494 16.894842 18.729507
v 29.277485 18.906837 18.729507
v 27.443022 17.131548 18.729507
v 28.419428 23.907238 18.729507
v 29.543785 21.628948 18.729507
v 28.833672 24.025593 18.729507
v 29.602957 16.243902 18.729507
v 30.135548 21.717712 18.729507
v 29.839666 18.699720 18.729507
v 29.958015 18.699720 18.729507
v 28.567371 19.646538 18.729507
v 28.478605 20.356655 18.729507
v 25.963614 20.238306 18.729507
v 28.478605 20.238306 18.729507
v 26.022791 21.007595 18.729507
v 28.508194 20.534187 18.729507
v 26.170729 21.362656 18.729507
v 28.567371 20.770891 18.729507
v 26.259495 21.776890 18.729507
v 28.537783 20.682129 18.729507
v 28.833672 21.155540 18.729507
v 26.910437 22.782887 18.729507
v 28.744905 21.037184 18.729507
v 28.892843 21.303480 18.729507
v 29.395840 21.599363 18.729507
v 29.958015 21.747301 18.729507
v 30.520191 21.599363 18.729507
v 31.881250 23.729708 18.729507
v 32.798477 23.049177 18.729507
v 31.378246 20.770891 18.729507
v 33.686123 21.776890 18.729507
v 33.508598 22.102360 18.729507
v 30.668129 21.569771 18.729507
v 30.816072 21.481007 18.729507
v 32.206715 23.552181 18.729507
v 32.502598 23.315474 18.729507
v 31.023188 19.173134 18.729507
v 31.289486 20.948416 18.729507
v 30.934427 21.362656 18.729507
v 31.437426 20.682129 18.729507
v 33.804482 21.362656 18.729507
v 31.023188 21.303480 18.729507
v 29.958015 24.203119 18.729507
v 29.602957 24.173531 18.729507
v 29.662134 21.717712 18.729507
v 29.188725 24.143942 18.729507
v 29.839666 21.717712 18.729507
v 28.064375 23.729708 18.729507
v 26.466610 22.102360 18.729507
v 28.478605 20.060776 18.729507
v 25.963614 20.593361 18.729507
v 28.626543 20.948416 18.729507
v 26.673725 22.427830 18.729507
v 29.129553 21.481007 18.729507
v 27.768494 23.552181 18.729507
v 29.277485 21.569771 18.729507
v 31.437426 -20.652536 5.917832
v 31.437426 19.794483 6.332067
v 31.437426 19.794483 6.272891
v 31.437426 19.764894 5.917832
v 31.437426 -20.593361 5.917832
v 31.437426 20.593361 6.509596
v 31.437426 20.593361 5.888245
v 31.437426 20.534187 6.509596
v 31.437426 20.622953 6.509596
v 31.437426 20.682129 5.888245
v 31.437426 19.883245 5.917832
v 31.437426 19.764894 6.243302
v 31.437426 19.764894 6.420831
v 31.407833 19.735306 5.917832
v 31.378246 19.646538 5.917832
v 31.378246 19.646538 6.243302
v 31.378246 19.646538 6.361654
v 31.378246 19.587364 6.509596
v 31.200720 19.409838 5.917832
v 31.259892 19.469009 5.917832
v 31.259892 -21.037182 5.917832
v 31.289486 19.498598 5.917832
v 32.650539 18.729311 4.379248
v 32.768890 18.995598 4.379248
v 31.348658 19.587364 5.917832
v 32.857658 19.291483 4.379248
v -28.567369 22.842062 4.379248
v -28.596958 22.812475 4.379248
v -28.833662 22.930828 4.379248
v 30.608957 23.108358 4.379248
v 30.608957 23.137943 4.379248
v 30.875250 23.049177 4.379248
v -30.549776 23.137943 4.379248
v -30.549776 23.108358 4.379248
v -30.875246 23.049177 4.379248
v -30.549776 -23.256296 4.379248
v -30.549776 -23.285885 4.379248
v -30.875246 -23.167530 4.379248
v -27.235905 21.303480 4.379248
v -27.206314 21.303480 4.379248
v -27.087959 21.037184 4.379248
v -28.833662 -23.108355 4.379248
v -28.596958 -22.930824 4.379248
v -28.567369 -22.990002 4.379248
v -28.330666 -22.812473 4.379248
v -27.087959 19.291483 4.379248
v -27.206314 18.995598 4.379248
v -27.235905 18.995598 4.379248
v -29.395838 23.137943 4.379248
v -29.395838 23.108358 4.379248
v -29.662130 23.137943 4.379248
v -29.395838 -23.285885 4.379248
v -29.395838 -23.256296 4.379248
v -29.129543 -23.167530 4.379248
v -29.662130 -23.315474 4.379248
v -29.129543 23.049177 4.379248
v -27.087959 -21.214712 4.379248
v -27.087959 -21.185125 4.379248
v -27.058374 -20.918827 4.379248
v -32.620949 21.569771 4.379248
v -32.502594 21.836067 4.379248
v -32.473003 21.836067 4.379248
v 28.567371 22.812475 4.379248
v 28.567371 22.842062 4.379248
v 28.833672 22.930828 4.379248
v -27.235905 -21.481005 4.379248
v -27.206314 -19.173130 4.379248
v -27.235905 -19.173130 4.379248
v -27.324667 -18.906837 4.379248
v -29.958012 23.137943 4.379248
v -29.958012 23.167530 4.379248
v -30.253895 23.137943 4.379248
v -30.253895 -23.315474 4.379248
v -31.407833 22.812475 4.379248
v -31.407833 22.842062 4.379248
v -31.141541 22.930828 4.379248
v -31.674126 22.664536 4.379248
v -31.674126 22.634947 4.379248
v -31.851656 22.457417 4.379248
v -32.088360 18.078369 4.379248
v -32.088360 18.019192 4.379248
v -32.295479 18.255899 4.379248
v -31.910833 22.516594 4.379248
v -32.295479 22.102360 4.379248
v -32.295479 22.072767 4.379248
v -32.502594 18.492603 4.379248
v -32.473003 18.492603 4.379248
v -32.295479 -18.403837 4.379248
v -32.473003 -18.670130 4.379248
v -32.502594 -18.670130 4.379248
v -32.620949 18.729311 4.379248
v -32.088360 -18.167131 4.379248
v -32.088360 -18.196720 4.379248
v -32.088360 22.309473 4.379248
v -31.851656 17.871250 4.379248
v -31.910833 17.871250 4.379248
v -31.674126 17.664135 4.379248
v -28.330666 22.664536 4.379248
v -28.330666 22.634947 4.379248
v -28.567369 -17.664129 4.379248
v -28.596958 -17.664129 4.379248
v -28.833662 -17.575369 4.379248
v -28.093960 22.457417 4.379248
v -27.857254 18.078369 4.379248
v -27.857254 18.019192 4.379248
v -28.093960 17.871250 4.379248
v -28.093960 22.516594 4.379248
v -27.650135 22.072767 4.379248
v -27.650135 22.102360 4.379248
v -27.502197 21.836067 4.379248
v -27.324667 18.729311 4.379248
v -27.324667 21.569771 4.379248
v -27.650135 18.255899 4.379248
v -27.857254 22.309473 4.379248
v -27.087959 -19.439421 4.379248
v -27.857254 -18.196720 4.379248
v -27.857254 -18.167131 4.379248
v -27.650135 -18.403837 4.379248
v -28.093960 -17.989603 4.379248
v -28.833662 -17.545780 4.379248
v -29.129543 -17.427427 4.379248
v -28.833662 17.397839 4.379248
v -28.596958 17.545780 4.379248
v -28.567369 17.545780 4.379248
v -28.330666 17.664135 4.379248
v -28.330666 -17.841661 4.379248
v -31.407833 -22.930824 4.379248
v -31.407833 -22.990002 4.379248
v -31.674126 -22.812473 4.379248
v -31.141541 -17.545780 4.379248
v -31.141541 -17.575369 4.379248
v -31.407833 -17.664129 4.379248
v -31.674126 -17.841661 4.379248
v -31.851656 -17.989603 4.379248
v -31.910833 -17.989603 4.379248
v -30.875246 -17.427427 4.379248
v -31.141541 -23.108355 4.379248
v -31.910833 -22.605354 4.379248
v -31.851656 -22.605354 4.379248
v -32.088360 -22.427828 4.379248
v -32.502594 -21.984005 4.379248
v -32.473003 -21.984005 4.379248
v -32.295479 -22.220709 4.379248
v -32.620949 -18.906837 4.379248
v -32.828064 -21.214712 4.379248
v -32.828064 -21.185125 4.379248
v -32.768890 -21.481005 4.379248
v -32.916832 -20.918827 4.379248
v -32.620949 -21.747301 4.379248
v 32.857658 -21.214712 4.379248
v 32.857658 -21.185125 4.379248
v 32.946423 -20.918827 4.379248
v 27.857260 18.078369 4.379248
v 27.857260 18.019192 4.379248
v 27.709316 18.255899 4.379248
v 31.437426 -22.930824 4.379248
v 31.437426 -22.990002 4.379248
v 31.171131 -23.108355 4.379248
v 28.567371 -22.990002 4.379248
v 28.567371 -22.930824 4.379248
v 28.833672 -23.108355 4.379248
v 28.833672 -17.575369 4.379248
v 28.833672 -17.545780 4.379248
v 29.099958 -17.427427 4.379248
v 29.395840 -23.256296 4.379248
v 29.395840 -23.285885 4.379248
v 29.099958 -23.167530 4.379248
v 28.567371 -17.664129 4.379248
v 28.330662 22.664536 4.379248
v 27.857260 -18.196720 4.379248
v 27.857260 -18.167131 4.379248
v 28.093964 -17.989603 4.379248
v 28.064375 -17.989603 4.379248
v 28.330662 -17.841661 4.379248
v 27.709316 -18.403837 4.379248
v 31.437426 22.812475 4.379248
v 31.437426 22.842062 4.379248
v 31.674129 22.664536 4.379248
v 27.531788 -18.670130 4.379248
v 27.679733 -18.403837 4.379248
v 32.295483 22.102360 4.379248
v 32.295483 22.072767 4.379248
v 32.147545 22.309473 4.379248
v 31.171131 -17.545780 4.379248
v 31.171131 -17.575369 4.379248
v 30.875250 -17.427427 4.379248
v 27.679733 -22.220709 4.379248
v 27.709316 -22.220709 4.379248
v 27.857260 -22.427828 4.379248
v 29.395840 23.137943 4.379248
v 29.395840 23.108358 4.379248
v 29.099958 23.049177 4.379248
v 27.117552 -21.214712 4.379248
v 27.117552 -21.185125 4.379248
v 27.235907 -21.481005 4.379248
v 27.028786 -20.918827 4.379248
v 27.531788 -21.984005 4.379248
v 28.093964 -22.605354 4.379248
v 28.064375 -22.605354 4.379248
v 28.330662 -22.812473 4.379248
v 32.117950 -18.196720 4.379248
v 32.147545 -18.167131 4.379248
v 32.295483 -18.403837 4.379248
v 32.295483 -22.220709 4.379248
v 32.147545 -22.427828 4.379248
v 32.117950 -22.427828 4.379248
v 31.437426 -17.664129 4.379248
v 31.910833 -17.989603 4.379248
v 31.171131 22.930828 4.379248
v 31.674129 -22.812473 4.379248
v 29.691723 23.137943 4.379248
v 31.910833 -22.605354 4.379248
v 30.313074 23.137943 4.379248
v 30.608957 -23.285885 4.379248
v 30.608957 -23.256296 4.379248
v 30.875250 -23.167530 4.379248
v 29.691723 -23.315474 4.379248
v 30.313074 -23.315474 4.379248
v 32.768890 -21.481005 4.379248
v 29.987604 23.137943 4.379248
v 29.987604 23.167530 4.379248
v 27.857260 22.309473 4.379248
v 28.064375 22.516594 4.379248
v 28.093964 22.457417 4.379248
v 28.093964 17.871250 4.379248
v 27.531788 21.836067 4.379248
v 27.679733 22.102360 4.379248
v 27.709316 22.072767 4.379248
v 28.330662 22.634947 4.379248
v 31.910833 22.516594 4.379248
v 31.910833 22.457417 4.379248
v 28.064375 17.871250 4.379248
v 28.330662 17.664135 4.379248
v -27.324667 -21.747301 4.379248
v -27.206314 -21.481005 4.379248
v 32.117950 22.309473 4.379248
v 32.295483 18.255899 4.379248
v 32.147545 18.019192 4.379248
v 32.117950 18.078369 4.379248
v 31.674129 22.634947 4.379248
v 32.502598 21.836067 4.379248
v 31.910833 17.871250 4.379248
v 30.313074 17.161135 4.379248
v 29.987604 17.161135 4.379248
v -29.662130 17.161135 4.379248
v -29.958012 17.161135 4.379248
v -30.253895 17.161135 4.379248
v 29.691723 17.161135 4.379248
v 29.869249 18.699720 5.917832
v 29.839666 18.699720 5.917832
v 29.958015 18.699720 5.917832
v 29.987604 18.699720 5.947420
v 30.135548 18.699720 5.947420
v 29.869249 18.699720 6.243302
v 29.898838 18.699720 6.243302
v 30.135548 18.699720 6.243302
v 30.105959 18.699720 6.243302
v 29.987604 18.699720 6.243302
v -29.573366 18.699720 6.272891
v -29.602957 18.699720 5.829068
v -29.602957 18.699720 6.272891
v -29.543777 18.699720 6.272891
v -29.514193 18.699720 5.888245
v 29.839666 18.699720 6.243302
v 29.958015 18.699720 6.243302
v 29.928427 18.699720 6.243302
v 30.076365 18.699720 6.243302
v 30.224308 18.729311 6.243302
v -30.579365 18.729311 6.272891
v -30.608953 18.729311 5.799480
v -30.608953 18.729311 6.272891
v 30.224308 18.729311 6.480007
v 30.253897 18.729311 6.243302
v 30.224308 18.729311 6.450419
v 30.194725 18.729311 6.509596
v -30.549776 18.729311 5.799480
v 29.691723 18.729311 6.243302
v 29.721312 18.729311 6.243302
v 29.691723 18.729311 5.917832
v 30.165131 18.729311 6.509596
v 30.224308 18.729311 6.509596
v 29.662134 18.729311 5.917832
v 29.662134 18.729311 6.332067
v 29.780483 18.729311 6.243302
v 29.662134 18.729311 6.243302
v 29.810078 18.729311 6.243302
v 30.253897 18.729311 5.947420
v 30.342663 18.758896 6.243302
v 30.342663 18.758896 6.509596
v 30.401838 18.758896 6.480007
v 30.401838 18.758896 6.450419
v 30.372246 18.758896 6.509596
v 30.401838 18.758896 6.509596
v 29.573366 18.758896 6.243302
v 29.543785 18.758896 5.917832
v 29.543785 18.758896 6.243302
v 30.401838 18.758896 5.947420
v 29.632551 18.758896 6.272891
v 29.602957 18.758896 6.509596
v 29.573366 18.758896 6.509596
v 29.573366 18.758896 6.480007
v 29.602957 18.758896 5.917832
v 29.632551 18.758896 6.243302
v 30.372246 18.758896 6.243302
v -30.845657 18.906837 6.272891
v -30.875246 18.906837 5.799480
v -30.875246 18.906837 6.272891
v 29.307074 18.906837 6.243302
v 29.277485 18.906837 5.917832
v 29.277485 18.906837 6.243302
v -30.816069 18.906837 5.799480
v 29.307074 18.906837 6.420831
v 29.307074 18.906837 6.509596
v 30.579361 18.847660 5.947420
v 30.668129 18.906837 5.947420
v -29.307074 18.847660 6.272891
v -29.336662 18.847660 5.888245
v -29.336662 18.847660 6.272891
v 29.395840 18.847660 6.243302
v 29.395840 18.847660 18.256096
v 29.425428 18.847660 6.243302
v 30.520191 18.847660 5.947420
v 29.395840 18.847660 5.917832
v 29.366251 18.847660 18.551979
v 29.425428 18.847660 5.917832
v 29.395840 18.847660 18.551979
v 29.455017 18.847660 6.509596
v 31.171131 17.397839 4.379248
v 31.437426 17.545780 4.379248
v 31.674129 17.664135 4.379248
v 30.816072 18.966011 5.947420
v 31.023188 19.173134 5.947420
v 31.141542 19.232307 5.947420
v 31.141542 19.232307 6.243302
v 31.141542 19.261896 5.917832
v 31.200720 19.380249 5.917832
v 32.502598 18.492603 4.379248
v 33.035191 17.664135 6.509596
v 33.538185 18.433426 6.509596
v 33.005596 17.634546 6.509596
v 33.035191 17.634546 6.509596
v 32.798477 17.397839 6.509596
v -27.147137 17.397839 6.509596
v -27.176725 17.397839 6.272891
v 27.117552 17.397839 6.509596
v 27.147141 17.397839 6.509596
v 32.295483 17.013193 6.243302
v 32.502598 17.131548 6.243302
v 30.845661 18.995598 6.095362
v 31.111954 19.232307 6.213714
v 30.875250 18.995598 6.272891
v 30.934427 19.054777 5.947420
v 30.934427 19.025192 5.947420
v 30.875250 19.025192 6.243302
v 30.993605 19.173134 5.947420
v 31.023188 19.173134 6.302479
v 28.892843 19.173134 6.243302
v 28.922426 19.173134 6.509596
v 28.922426 19.173134 6.243302
v 28.892843 19.173134 5.888245
v 30.993605 16.362255 6.509596
v 30.993605 16.362255 6.243302
v 30.727306 16.303080 6.509596
v 30.756895 16.332666 6.243302
v 30.756895 16.303080 6.509596
v 30.372246 16.243902 6.509596
v 30.668129 16.303080 6.509596
v 30.668129 16.303080 6.243302
v 29.336668 16.303080 6.509596
v 29.247902 16.303080 6.509596
v 29.336668 16.303080 6.243302
v 29.721312 16.243902 6.509596
v 30.342663 16.243902 6.509596
v -30.017189 16.243902 6.509596
v 29.602957 16.243902 6.509596
v 29.958015 16.243902 6.509596
v 29.987604 16.243902 6.509596
v 29.632551 16.243902 6.509596
v 30.224308 16.243902 6.509596
v 16.820869 11.421028 0.976609
v 16.909636 11.539384 0.976609
v 17.175928 11.835265 0.976609
v 17.619749 12.249499 0.976609
v 18.359457 12.959617 0.976609
v 19.158335 13.521794 0.976609
v 16.317871 10.740501 0.976609
v 15.785286 9.852858 0.976609
v 15.400643 8.965213 0.976609
v 15.015995 7.988804 0.976609
v 14.779291 7.012395 0.976609
v 14.660935 6.006397 0.976609
v 13.862057 2.988404 2.426429
v 13.862057 5.029988 2.426429
v -14.779284 7.012395 0.976609
v -15.045578 7.988804 0.976609
v -30.194719 -21.806473 5.829068
v -30.135542 -21.836061 5.829068
v -30.135542 -21.836061 6.272891
v -30.165131 -21.806473 6.272891
v -30.076368 -21.836061 6.272891
v -29.277485 18.877251 6.272891
v -29.277485 18.847660 6.272891
v -29.336662 18.818071 6.272891
v -29.632545 18.729311 6.272891
v -29.632545 18.699720 6.272891
v -29.662130 18.699720 6.272891
v -29.573366 18.729311 6.272891
v -29.543777 18.729311 6.272891
v -29.691719 18.699720 6.272891
v -29.484604 18.729311 6.272891
v -29.514193 18.729311 6.272891
v -29.543777 18.758896 6.272891
v -29.632545 -21.806473 6.272891
v -29.662130 -21.806473 6.272891
v -29.632545 -21.776886 6.272891
v -29.721308 18.699720 6.272891
v -29.750896 18.670130 6.272891
v -29.839661 18.699720 6.272891
v -29.247900 18.877251 6.272891
v -26.851255 22.664536 6.272891
v -26.880844 22.723707 6.272891
v -26.851255 22.694120 6.272891
v -26.703318 22.457417 6.272891
v -26.910433 22.782887 6.272891
v -26.910433 22.753296 6.272891
v -26.437021 22.072767 6.272891
v -26.466610 22.102360 6.272891
v -26.466610 22.131948 6.272891
v -26.496199 22.102360 6.272891
v -26.555374 22.250301 6.272891
v -26.644140 22.398239 6.272891
v -26.673729 22.457417 6.272891
v -26.496199 22.131948 6.272891
v -26.348259 21.924828 6.272891
v -26.377848 21.895241 6.272891
v -26.318668 21.776890 6.272891
v -26.407436 -21.984005 6.272891
v -26.407436 -22.013594 6.272891
v -26.466610 -22.131947 6.272891
v -26.348259 18.610954 6.272891
v -26.348259 18.581369 6.272891
v -26.407436 18.522188 6.272891
v -26.289080 21.776890 6.272891
v -26.229906 21.510595 6.272891
v -26.289080 21.747301 6.272891
v -26.289080 18.699720 6.272891
v -26.289080 18.729311 6.272891
v -26.229906 18.936426 6.272891
v -26.229906 21.540182 6.272891
v -26.289080 21.717712 6.272891
v -26.200317 21.362656 6.272891
v -26.170729 21.392239 6.272891
v -26.170729 21.362656 6.272891
v -26.170729 -19.113953 6.272891
v -26.200317 -19.113953 6.272891
v -26.229906 -18.966011 6.272891
v -26.200317 21.392239 6.272891
v -29.099955 24.114353 6.272891
v -29.099955 24.084764 6.272891
v -29.218311 24.143942 6.272891
v -29.247900 -21.628944 6.272891
v -29.247900 -21.599360 6.272891
v -29.218311 -21.599360 6.272891
v -29.218311 18.877251 6.272891
v -29.188723 18.906837 6.272891
v -29.070366 18.995598 6.272891
v -29.040781 19.025192 6.272891
v -29.040781 18.995598 6.272891
v -29.307074 -21.658535 6.272891
v -29.307074 -21.658535 6.450419
v -29.277485 -21.628944 6.272891
v -29.011192 -21.451418 6.272891
v -29.040781 -21.481005 6.272891
v -29.070366 -21.481005 6.272891
v -29.070366 19.025192 6.272891
v -29.099955 18.966011 6.272891
v -29.129543 18.936426 6.272891
v -29.159134 18.936426 6.272891
v -29.011192 19.054777 6.272891
v -29.011192 19.025192 6.272891
v -28.863251 19.202719 6.272891
v -28.892839 19.202719 6.272891
v -28.892839 19.173134 6.272891
v -28.892839 24.055176 6.272891
v -28.922428 19.143541 6.272891
v -28.863251 19.202719 18.729507
v -28.804073 19.291483 6.272891
v -28.833662 19.261896 6.272891
v -28.715311 19.409838 6.272891
v -28.744900 19.380249 6.272891
v -28.774488 19.321072 6.272891
v -28.449017 -16.539782 6.272891
v -28.449017 -16.569370 6.272891
v -28.715311 -16.480604 6.272891
v -28.863251 19.232307 6.272891
v -28.774488 -21.155537 6.272891
v -28.804073 -21.185125 6.272891
v -28.804073 -21.214712 6.272891
v -28.863251 24.025593 6.272891
v -28.833662 24.055176 6.272891
v -28.715311 23.996000 6.272891
v -28.774488 19.350660 6.272891
v -29.958012 24.203119 6.272891
v -29.987600 24.203119 6.272891
v -29.987600 24.232708 6.272891
v -29.632545 -16.303078 6.272891
v -29.602957 -16.273489 6.272891
v -29.602957 -16.303078 6.272891
v -29.839661 18.670130 6.272891
v -29.869249 18.670130 6.272891
v -29.780485 18.670130 6.272891
v -30.283484 18.699720 6.272891
v -30.283484 18.670130 6.272891
v -30.313072 18.699720 6.272891
v -30.313072 18.670130 6.272891
v -30.342661 18.699720 6.272891
v -30.431423 18.699720 6.272891
v -30.461012 18.699720 6.272891
v -30.461012 18.729311 6.272891
v -30.490601 18.729311 6.272891
v -30.372250 18.729311 6.272891
v -30.401834 18.699720 6.272891
v -30.904835 18.966011 6.272891
v -30.934423 18.966011 6.272891
v -30.964010 18.995598 6.272891
v -30.964010 18.966011 6.272891
v -30.993599 18.995598 6.272891
v -30.461012 -21.747301 6.272891
v -30.461012 -21.776886 6.272891
v -30.520187 -21.747301 6.272891
v -31.762892 -16.658134 6.272891
v -31.762892 -16.687723 6.272891
v -31.881245 -16.717312 6.272891
v -31.023188 19.025192 6.272891
v -31.259892 19.261896 6.272891
v -31.259892 19.291483 6.272891
v -31.230307 19.291483 6.272891
v -31.259892 19.321072 6.272891
v -30.904835 18.936426 6.272891
v -30.875246 18.936426 6.272891
v -31.762892 23.818470 6.272891
v -31.792480 23.788885 6.272891
v -31.881245 23.759296 6.272891
v -31.289480 19.321072 6.272891
v -31.171129 19.173134 6.272891
v -31.141541 19.173134 6.272891
v -31.141541 19.143541 6.272891
v -31.230307 19.232307 6.272891
v -31.111952 19.084366 6.272891
v -31.082363 19.084366 6.272891
v -31.141541 19.113955 6.272891
v -31.082363 19.054777 6.272891
v -31.526186 23.936827 6.272891
v -31.555775 23.907238 6.272891
v -30.372250 24.203119 6.272891
v -30.401834 24.173531 6.272891
v -30.638542 24.173531 6.272891
v -30.520187 18.758896 6.272891
v -31.437422 19.705719 6.272891
v -31.407833 19.587364 6.272891
v -31.437422 19.676130 6.272891
v -31.496599 20.386244 6.272891
v -31.526186 20.386244 6.243302
v -31.496599 20.297480 18.729507
v -33.508591 22.131948 6.272891
v -33.567768 22.043182 6.272891
v -33.597359 22.013594 6.272891
v -31.437422 19.735306 6.272891
v -31.467010 19.735306 6.272891
v -31.496599 19.824068 6.272891
v -31.407833 23.966412 6.272891
v -31.496599 23.936827 6.272891
v -31.496599 19.764894 6.272891
v -31.378244 19.498598 6.272891
v -31.348658 19.439421 6.272891
v -31.378244 19.469009 6.272891
v -31.407833 23.996000 6.272891
v -31.437422 19.557777 6.272891
v -31.378244 19.528189 6.272891
v -31.526186 23.907238 6.272891
v -31.437422 19.587364 6.272891
v -31.378244 19.439421 6.272891
v -30.756895 24.143942 6.272891
v -30.786484 24.114353 6.272891
v -30.816069 24.114353 6.272891
v -31.171129 24.025593 6.272891
v -31.141541 24.055176 6.272891
v -31.319069 19.409838 6.272891
v -31.023188 24.084764 6.272891
v -29.602957 24.203119 6.272891
v -29.632545 24.173531 6.272891
v -29.632545 24.203119 6.272891
v -29.869249 24.203119 6.272891
v -29.869249 24.232708 6.272891
v -29.602957 24.173531 6.272891
v -30.017189 24.203119 6.272891
v -30.253895 24.232708 6.272891
v -30.253895 24.203119 6.272891
v -30.046778 24.203119 6.272891
v -30.224306 18.670130 6.272891
v -33.597359 21.954418 6.272891
v -33.626945 21.924828 6.272891
v 29.247902 -21.688124 6.272891
v 29.247902 -21.658535 6.272891
v 29.277485 -21.688124 6.272891
v -33.538181 22.102360 6.272891
v -33.538181 22.072767 6.272891
v -33.331066 22.457417 6.272891
v -33.331066 22.427830 6.272891
v -33.360649 22.427830 6.272891
v -33.419830 22.368650 6.272891
v -33.449417 22.279890 6.272891
v -33.419830 22.279890 6.272891
v -33.952415 20.918833 6.272891
v -33.952415 20.889244 6.272891
v -33.952415 20.741302 6.272891
v -33.982002 20.622953 6.272891
v -33.952415 20.652540 6.272891
v -33.301476 22.457417 18.729507
v -33.094357 22.753296 6.272891
v -33.301476 22.487005 6.272891
v -33.153534 22.694120 6.272891
v -29.573366 -16.303078 6.272891
v -33.064774 22.782887 18.729507
v -33.922821 21.007595 6.272891
v -33.922821 20.978010 6.272891
v -32.650536 -17.279486 6.272891
v -32.650536 -17.249897 6.272891
v -32.591362 -17.220306 6.272891
v -33.982002 -19.853657 6.272891
v -33.982002 -19.735306 6.272891
v -33.922821 -19.469009 6.272891
v -32.857655 23.019592 6.272891
v -32.916832 22.960417 6.272891
v -32.828064 23.049177 18.729507
v -32.532185 23.315474 6.272891
v -32.561771 23.285885 6.272891
v -32.591362 23.285885 6.272891
v -32.532185 -17.161135 6.272891
v -32.532185 -17.190723 6.272891
v -32.443420 23.374647 6.272891
v -32.443420 23.404240 6.272891
v -32.265888 23.522589 6.272891
v -32.206711 23.552181 6.272891
v -32.236301 23.522589 6.272891
v -31.614952 23.877645 6.272891
v -32.117950 23.640942 6.272891
v -32.117950 23.611353 6.272891
v -31.910833 23.729708 6.272891
v -31.526186 -16.539782 6.272891
v -31.526186 -16.569370 6.272891
v -29.484604 24.203119 6.272891
v -29.484604 24.173531 6.272891
v -28.863251 24.055176 6.272891
v -28.715311 24.025593 6.272891
v -28.508194 23.936827 6.272891
v -28.449017 23.936827 6.272891
v -28.478605 23.936827 6.272891
v -28.449017 23.907238 6.272891
v -28.419428 23.877645 6.272891
v -27.886843 23.640942 6.272891
v -27.886843 23.611353 6.272891
v -28.093960 23.759296 6.272891
v -32.443420 -17.101957 6.272891
v -32.443420 -17.072369 6.272891
v -32.295479 -17.013193 6.272891
v -28.360254 23.848059 6.272891
v -28.330666 23.877645 6.272891
v -28.123547 23.759296 6.272891
v -28.093960 23.729708 6.272891
v -27.295078 23.137943 6.272891
v -27.295078 23.167530 6.272891
v -27.206314 23.078770 6.272891
v -27.147137 23.049177 6.272891
v -27.176725 23.049177 6.272891
v -27.176725 23.078770 6.272891
v -32.236301 -16.954016 6.272891
v -32.265888 -16.983604 6.272891
v -28.626547 19.587364 6.272891
v -28.626547 19.557777 6.272891
v -28.656136 19.557777 6.272891
v -32.236301 -16.924427 6.272891
v -26.022787 20.622953 6.272891
v -25.993198 20.238306 18.729507
v -26.022787 20.593361 6.272891
v -28.567369 19.735306 6.272891
v -28.567369 19.735306 6.420831
v -28.567369 19.794483 6.272891
v -28.093960 -16.776489 6.272891
v -28.093960 -16.746901 6.272891
v -27.886843 -16.865252 6.272891
v -26.081964 21.007595 6.272891
v -26.111553 21.007595 6.272891
v -26.111553 21.155540 6.272891
v -26.022787 20.504599 6.272891
v -25.993198 20.267891 6.272891
v -26.022787 20.475012 6.272891
v -26.022787 20.682129 6.272891
v -26.052376 20.622953 6.272891
v -27.798079 23.552181 6.272891
v -26.022787 20.267891 6.272891
v -27.206314 17.368254 6.272891
v -25.993198 20.238306 6.272891
v -26.022787 20.238306 6.272891
v -26.022787 -19.853657 6.272891
v -26.022787 -19.883245 6.272891
v -26.022787 -20.297480 6.272891
v -26.022787 -20.267891 6.272891
v -25.993198 -20.238302 6.272891
v -26.022787 -20.386244 6.272891
v -28.093960 -16.717312 6.272891
v -28.330666 -16.598959 6.272891
v 28.804077 19.232307 6.213714
v -26.348259 18.640543 6.272891
v -26.318668 18.670130 6.272891
v -26.170729 -19.084364 6.272891
v -26.052376 20.682129 6.272891
v -26.052376 20.770891 6.272891
v -26.052376 20.652540 6.272891
v -28.419428 -16.598959 6.272891
v 33.774883 -18.966011 6.272891
v 33.745304 -18.966011 6.272891
v -26.022787 20.179129 6.272891
v -26.022787 20.149542 6.272891
v -26.022787 20.208717 6.272891
v -26.022787 20.119949 6.272891
v -27.147137 17.397839 6.272891
v -27.147137 17.427431 6.272891
v -27.087959 17.516193 6.272891
v -27.886843 -23.670530 6.272891
v -27.827667 -23.611353 6.272891
v -27.443020 -17.161135 6.272891
v -27.472609 -17.161135 6.272891
v -27.561371 -17.072369 6.272891
v -27.768490 -16.924427 6.272891
v -27.798079 -16.924427 6.272891
v -27.561371 23.404240 6.272891
v -27.738901 23.522589 6.272891
v -27.768490 23.552181 6.272891
v -27.443020 23.315474 6.272891
v -27.472609 23.315474 6.272891
v -27.443020 23.285885 6.272891
v -27.561371 -17.101957 6.272891
v -26.999197 22.871651 6.272891
v -27.147137 23.019592 6.272891
v -27.354256 -23.256296 6.272891
v -27.206314 -23.108355 6.272891
v -27.176725 -23.108355 6.272891
v -27.087959 -22.990002 6.272891
v -27.058374 -22.960413 6.272891
v -26.969608 -22.842062 6.272891
v -26.940022 22.782887 6.272891
v -28.330666 -16.628548 6.272891
v -32.561771 -17.190723 6.272891
v -29.366251 24.143942 6.272891
v -29.366251 18.818071 6.272891
v -28.981604 -16.391840 6.272891
v -28.981604 -16.421429 6.272891
v -29.218311 -16.332666 6.272891
v -32.236301 23.552181 6.272891
v -32.177128 23.581766 6.272891
v -32.117950 -16.894842 6.272891
v -32.177128 -16.924427 6.272891
v -32.206711 -16.924427 6.272891
v -33.922821 19.409838 6.272891
v -33.893242 19.409838 6.272891
v -33.893242 19.350660 6.272891
v -33.863651 -21.273890 6.272891
v -33.863651 -21.303478 6.272891
v -33.893242 -21.096359 6.272891
v -32.946419 22.930828 6.272891
v -33.064774 22.782887 6.272891
v -33.834061 21.362656 6.272891
v -33.715710 21.747301 6.272891
v -33.715710 21.717712 6.272891
v -33.183125 22.664536 6.272891
v -33.893242 21.096359 6.272891
v -33.922821 21.066772 6.272891
v -33.686123 21.776890 6.272891
v -31.230307 21.037184 5.829068
v -33.804474 21.392239 6.272891
v -33.774883 21.540182 6.272891
v -29.573366 24.173531 6.272891
v -33.538181 -18.374249 6.272891
v -33.538181 -18.403837 6.272891
v -33.567768 -18.463011 6.272891
v -30.727306 24.173531 6.272891
v -30.756895 18.847660 6.272891
v -30.786484 18.847660 6.272891
v -30.786484 18.877251 6.272891
v -30.727306 18.847660 6.272891
v -31.200718 19.202719 6.272891
v -31.171129 19.202719 6.272891
v -31.171129 -16.421429 6.272891
v -31.141541 -16.421429 6.272891
v -30.904835 -16.362255 6.272891
v -31.348658 19.409838 6.272891
v -31.319069 19.380249 6.272891
v -31.319069 19.350660 6.272891
v -31.437422 19.616953 6.272891
v -31.467010 19.676130 6.272891
v 33.686123 -21.776886 6.272891
v 33.745304 -21.569771 6.272891
v 33.774883 -21.540182 6.272891
v 33.774883 -21.451418 6.272891
v -31.407833 -20.918827 6.272891
v -31.437422 -20.918827 6.272891
v -31.437422 -20.859655 6.272891
v -31.496599 19.912832 6.272891
v -31.496599 19.853661 18.729507
v -31.496599 19.883245 6.272891
v -31.526186 20.031187 6.272891
v -31.526186 20.060776 6.272891
v -31.496599 20.031187 6.272891
v -31.496599 20.001600 6.272891
v -31.526186 20.090364 6.272891
v -31.496599 20.001600 5.799480
v -31.526186 20.149542 6.272891
v -31.526186 20.149542 18.729507
v -31.526186 20.119949 6.272891
v -31.437422 20.593361 6.272891
v -31.467010 20.593361 6.272891
v -32.828064 -17.427427 6.272891
v -30.520187 18.729311 6.272891
v -30.579365 18.758896 6.272891
v -30.608953 18.758896 6.272891
v -30.697718 18.818071 6.272891
v -30.697718 18.788485 6.272891
v -30.668129 18.788485 6.272891
v -30.638542 18.758896 6.272891
v -30.727306 18.818071 6.272891
v -30.727306 18.788485 6.272891
v -30.756895 -16.332666 6.272891
v -30.786484 -16.362255 6.272891
v -30.816069 -16.362255 6.272891
v -31.171129 -19.380245 6.272891
v -31.171129 -19.350657 6.272891
v -31.141541 -19.350657 6.272891
v -30.372250 18.699720 6.272891
v -30.638542 -16.332666 6.272891
v -30.638542 -16.303078 6.272891
v -30.401834 -16.303078 6.272891
v -30.372250 -16.303078 6.272891
v -30.372250 -16.273489 6.272891
v -30.253895 -16.273489 6.272891
v -30.194719 18.670130 6.272891
v -30.165131 18.670130 6.272891
v -30.165131 18.670130 18.729507
v -30.135542 18.670130 6.272891
v -30.105957 18.670130 6.272891
v -30.017189 18.670130 18.581566
v -30.076368 18.670130 6.272891
v -29.898838 18.670130 6.272891
v -29.928427 18.670130 6.272891
v -29.869249 18.670130 18.729507
v -29.987600 18.670130 6.272891
v -29.958012 -21.836061 6.272891
v -29.987600 -21.836061 6.272891
v -30.017189 -21.836061 18.729507
v -28.952015 19.084366 6.272891
v -28.952015 19.054777 6.272891
v -28.981604 19.054777 6.272891
v -31.200718 -16.451019 6.272891
v -28.981604 19.084366 6.272891
v -28.952015 -21.392239 6.272891
v -28.952015 -21.421829 6.272891
v -28.981604 -21.421829 6.272891
v -29.159134 -21.569771 6.272891
v -29.159134 -21.540182 6.272891
v -29.129543 -21.540182 6.272891
v -29.159134 18.906837 6.272891
v -28.833662 -16.421429 6.272891
v -28.863251 -16.421429 6.272891
v -29.099955 -21.510593 6.272891
v -26.673729 22.427830 6.272891
v -26.703318 22.427830 6.272891
v -26.673729 -18.048777 6.272891
v -26.703318 -18.048777 6.272891
v -26.762491 -17.900839 6.272891
v -29.573366 -21.747301 6.272891
v -29.602957 -21.776886 6.272891
v -29.425426 18.758896 6.272891
v -29.455015 18.729311 6.272891
v -29.425426 18.729311 6.272891
v -29.425426 -21.717712 6.272891
v -29.425426 -21.747301 6.272891
v -29.484604 -21.747301 6.272891
v -28.241899 -23.848059 6.272891
v -28.153135 -23.818470 6.272891
v -28.123547 -23.818470 6.272891
v -29.366251 18.788485 6.272891
v -29.395838 18.788485 6.272891
v -29.425426 18.758896 6.332067
v -29.336662 -21.688124 6.272891
v -29.366251 -21.688124 6.272891
v -30.046778 -16.273489 6.272891
v -29.987600 -16.243900 6.272891
v -30.017189 -16.273489 6.272891
v -29.839661 -21.806473 6.272891
v -29.721308 -21.806473 18.729507
v -29.780485 -21.806473 6.272891
v -29.514193 -21.747301 6.420831
v -29.514193 -21.747301 6.272891
v -29.573366 -21.776886 6.272891
v -29.188723 -21.569771 6.272891
v -29.721308 -21.806473 6.272891
v -29.691719 -21.806473 6.272891
v -29.070366 -21.510593 6.272891
v -29.869249 -16.243900 6.272891
v -28.863251 -21.273890 6.272891
v -28.892839 -21.273890 6.272891
v -28.892839 -21.303478 6.272891
v -28.833662 -16.451019 6.272891
v 28.833672 19.202719 5.888245
v -28.715311 -21.096359 6.272891
v -28.744900 -21.096359 6.272891
v -28.774488 -21.185125 6.272891
v 33.774883 -19.084364 6.272891
v 33.301476 -18.019192 6.272891
v 33.301476 -18.048777 6.272891
v 33.271889 -18.048777 6.272891
v 33.626945 -21.895241 6.272891
v 33.656536 -21.806473 6.272891
v 33.686123 -21.806473 6.272891
v 33.656536 -18.729307 6.272891
v 33.597363 -18.492599 6.272891
v 33.508598 -22.131947 6.272891
v 33.597363 -21.924828 6.272891
v 33.626945 -18.699718 6.272891
v 33.419830 -18.255896 6.272891
v 33.331070 -18.078365 6.272891
v 33.449421 -18.255896 6.272891
v 33.271889 -18.019192 6.272891
v 33.271889 -22.516590 6.272891
v 33.242306 -22.575769 6.272891
v 33.212711 -22.575769 6.272891
v 33.271889 -17.989603 6.272891
v 33.242306 -17.930426 6.272891
v -33.715710 -18.758896 6.272891
v -33.715710 -18.788481 6.272891
v -33.774883 -18.966011 6.272891
v -33.982002 -20.800478 6.272891
v -33.952415 -20.711714 6.272891
v -33.952415 -20.741302 6.272891
v -32.117950 -16.865252 6.272891
v -31.910833 -16.746901 6.272891
v -31.851656 -16.717312 6.272891
v -31.555775 -20.445421 6.243302
v -31.526186 -20.415833 6.272891
v -31.496599 -20.475010 6.272891
v -31.289480 -16.480604 6.272891
v -30.727306 -16.332666 6.272891
v -30.431423 -21.806473 6.272891
v -30.431423 -21.776886 6.272891
v -30.372250 -21.806473 6.272891
v -29.987600 -16.273489 6.272891
v -29.869249 -16.273489 6.272891
v -30.017189 -21.836061 6.272891
v -29.958012 -16.273489 6.272891
v -29.484604 -16.303078 6.272891
v -27.738901 -16.983604 6.272891
v -31.171129 -16.451019 6.272891
v -27.295078 -17.338663 6.272891
v -27.443020 -17.190723 6.272891
v -29.218311 -16.362255 6.272891
v -27.768490 -16.954016 6.272891
v -31.585363 23.877645 6.272891
v -27.265493 -17.338663 6.272891
v -27.206314 -17.427427 6.272891
v -27.176725 -17.427427 6.272891
v -27.028786 -17.575369 6.272891
v -27.147137 -17.457016 6.272891
v -27.147137 -17.427427 6.272891
v -26.466610 -18.374249 6.272891
v -26.466610 -18.403837 6.272891
v -26.555374 -18.255896 6.272891
v -26.318668 -21.806473 6.272891
v -26.289080 -21.806473 6.272891
v -26.348259 -21.836061 6.272891
v -26.229906 -18.995598 6.272891
v -26.289080 -18.758896 6.272891
v -26.170729 -21.392239 6.272891
v -26.170729 -21.421829 6.272891
v -26.200317 -21.451418 6.272891
v -26.170729 -21.333063 6.272891
v -26.052376 -20.830067 6.272891
v -26.052376 -20.918827 6.272891
v -26.111553 -21.066771 6.243302
v -26.022787 -19.853657 18.729507
v -26.022787 -20.238302 6.272891
v -26.022787 -20.119949 6.272891
v -28.537781 -20.119949 6.272891
v -28.537781 -20.060772 6.450419
v -28.537781 -20.090361 6.272891
v -28.685724 -19.646538 6.272891
v -28.685724 -19.676126 6.272891
v -28.656136 -19.705715 6.272891
v -28.626547 -19.735306 6.272891
v -28.626547 -19.764891 6.272891
v -29.011192 -21.421829 6.272891
v -28.892839 -16.421429 6.272891
v -26.022787 -20.682125 6.272891
v -26.022787 -20.652536 6.272891
v -27.147137 -23.049177 6.272891
v -27.147137 -23.078766 6.272891
v -28.833662 -21.214712 6.272891
v -26.673729 -18.019192 6.272891
v -26.081964 -19.469009 6.272891
v -26.111553 -19.439421 6.243302
v -26.081964 -19.498598 6.272891
v -26.081964 -21.066771 6.272891
v -26.081964 -21.037182 6.272891
v -26.111553 -19.498598 6.243302
v -26.111553 -19.380245 6.272891
v -26.022787 -20.415833 6.272891
v -26.022787 -20.652536 18.729507
v -26.318668 -18.788481 6.243302
v -26.496199 -18.403837 6.272891
v -28.833662 -19.409834 6.272891
v -28.833662 -19.439421 6.272891
v -28.863251 -19.409834 6.272891
v -27.886843 -23.640942 6.272891
v -28.005194 -23.729708 6.272891
v -31.230307 -19.469009 6.272891
v -31.230307 -19.439421 6.272891
v -31.200718 -19.409834 6.272891
v -31.259892 -19.469009 6.272891
v -31.259892 -19.498598 6.272891
v -31.141541 -19.321072 6.272891
v -31.111952 -19.291483 6.272891
v -32.828064 -17.457016 6.272891
v -32.857655 -17.457016 6.272891
v -32.916832 -17.516191 6.272891
v -32.828064 -17.427427 18.729507
v -30.934423 -19.143541 6.272891
v -30.904835 -19.113953 6.272891
v -30.875246 -19.113953 6.272891
v -28.478605 -16.539782 6.272891
v -28.508194 -16.539782 6.272891
v -31.881245 -16.746901 6.272891
v -31.467010 -20.711714 6.272891
v -31.437422 -20.770889 6.272891
v -31.467010 -20.741302 6.272891
v -33.774883 -18.995598 6.272891
v -33.715710 -18.818071 6.272891
v -33.686123 -18.729307 6.272891
v -32.976006 -22.901236 6.272891
v -32.857655 -23.049177 6.272891
v -32.828064 -23.078766 6.272891
v -33.952415 -21.007595 6.272891
v -33.952415 -19.616953 6.272891
v -33.952415 -19.824068 6.272891
v -33.834061 -21.362650 6.272891
v -31.467010 -20.770889 6.272891
v -31.496599 -20.682125 6.272891
v -31.496599 -20.711714 6.272891
v -31.526186 -20.652536 6.243302
v -31.496599 -20.622948 6.272891
v -31.467010 -20.800478 6.272891
v -31.526186 -20.386244 6.272891
v -31.526186 -20.356655 6.272891
v -31.526186 -20.327068 6.450419
v -31.526186 -20.327068 6.272891
v -30.845657 -21.599360 6.272891
v -30.875246 -21.569771 6.272891
v -30.845657 -21.569771 6.272891
v -30.727306 -21.658535 6.272891
v -30.727306 -21.688124 6.272891
v -30.756895 -21.658535 6.272891
v -30.904835 -21.540182 6.272891
v -30.313072 -21.806473 6.272891
v -30.313072 -21.806473 18.285685
v -30.283484 -21.806473 6.272891
v -32.828064 -23.108355 6.272891
v -32.798477 -23.108355 6.272891
v -32.739300 -23.167530 6.272891
v -30.786484 -21.658535 6.272891
v -30.786484 -21.628944 6.272891
v -31.141541 -21.362650 6.272891
v -31.111952 -21.362650 6.272891
v -31.082363 -21.421829 6.272891
v -30.697718 -21.688124 6.272891
v -30.697718 -21.688124 6.509596
v -30.668129 -21.688124 6.272891
v -30.638542 -21.688124 6.272891
v -30.638542 -21.717712 6.272891
v -30.608953 -21.747301 6.272891
v -30.579365 -21.717712 6.272891
v -30.579365 -21.747301 6.272891
v -31.171129 -21.303478 6.272891
v -31.200718 -21.273890 6.272891
v -31.200718 -21.244301 6.272891
v -31.230307 -21.244301 6.272891
v -31.259892 -21.155537 6.272891
v -31.259892 -21.185125 6.272891
v -31.319069 -21.125948 6.272891
v -31.289480 -21.125948 6.272891
v -31.348658 -21.037182 6.272891
v -31.259892 -21.214712 6.272891
v -31.319069 -21.096359 6.272891
v -31.378244 -20.978006 6.272891
v -31.348658 -21.007595 6.272891
v -31.378244 -21.007595 6.272891
v -31.171129 -21.273890 6.272891
v -31.378244 -21.037182 6.272891
v -31.348658 -21.066771 6.272891
v -31.378244 -21.066771 6.243302
v -33.774883 -21.569771 6.272891
v -33.715710 -21.747301 6.272891
v -33.686123 -21.776886 6.272891
v -31.141541 -21.333063 6.272891
v -31.082363 -21.392239 6.272891
v -31.052776 -21.421829 6.272891
v -31.970005 -23.759291 6.272891
v -31.940418 -23.759291 6.272891
v -31.910833 -23.788881 6.272891
v -30.224306 -21.806473 6.272891
v -30.165131 -21.806473 18.729507
v -30.194719 -21.806473 6.272891
v -30.342661 -21.806473 6.272891
v -30.904835 -21.569771 6.272891
v -30.964010 -21.510593 6.272891
v -30.964010 -21.481005 6.272891
v -31.023188 -21.451418 6.272891
v -31.496599 -20.652536 6.272891
v -31.407833 -20.889244 6.272891
v -33.922821 -21.066771 6.272891
v -33.982002 -20.682125 6.272891
v -33.804474 -19.084364 6.272891
v 30.756895 -16.332666 6.272891
v 30.727306 -16.332666 6.272891
v 30.520191 -16.303078 6.272891
v 29.366251 -16.303078 6.272891
v 29.336668 -16.332666 6.272891
v 29.307074 -16.332666 6.272891
v 33.686123 -21.747301 6.272891
v 33.686123 -18.788481 6.272891
v 33.834068 -19.143541 6.272891
v 33.863651 -19.350657 6.272891
v 33.893246 -19.350657 6.272891
v 33.922829 -19.616953 6.272891
v 33.922829 -19.469009 6.272891
v 33.952419 -19.616953 6.272891
v 33.982002 -20.001598 6.272891
v 33.982002 -20.238302 6.272891
v 33.952419 -20.001598 6.272891
v 33.893246 -19.469009 6.272891
v 33.922829 -19.824068 6.272891
v 33.893246 -21.185125 6.272891
v 33.893246 -21.066771 6.272891
v 33.922829 -21.037182 6.272891
v 33.952419 -20.652536 18.729507
v 33.982002 -20.267891 6.272891
v 33.952419 -19.853657 6.272891
v 33.952419 -19.883245 6.272891
v 33.922829 -19.853657 6.272891
v 33.952419 -20.386244 6.272891
v 33.952419 -20.297480 6.272891
v 33.982002 -20.386244 6.272891
v 33.952419 -20.652536 6.272891
v 33.922829 -20.800478 6.272891
v 33.952419 -20.800478 6.272891
v 33.922829 -21.007595 6.272891
v 33.863651 -21.185125 6.272891
v 29.898838 -21.836061 6.272891
v 29.869249 -21.836061 5.829068
v 29.869249 -21.836061 6.272891
v 29.602957 -16.273489 6.272891
v 29.987604 -16.243900 18.729507
v 29.632551 -16.273489 6.272891
v 29.958015 -21.836061 18.729507
v 30.135548 -16.243900 6.272891
v 30.105959 -16.273489 6.272891
v 29.987604 -16.243900 6.272891
v 30.194725 -21.806473 6.272891
v 30.135548 -21.806473 5.829068
v 30.165131 -21.806473 6.272891
v 29.958015 -21.836061 6.272891
v 30.105959 -21.806473 6.272891
v 29.987604 -21.836061 6.272891
v 30.253897 -21.806473 18.729507
v 30.401838 -21.776886 6.272891
v 30.401838 -21.747301 6.272891
v 30.461012 -21.747301 6.272891
v 30.224308 -21.806473 6.272891
v 30.904839 -16.362255 6.272891
v 30.875250 -16.391840 6.272891
v 31.289486 -16.480604 6.272891
v 31.259892 -16.480604 6.272891
v 31.141542 -16.421429 6.272891
v 31.082371 -24.114353 6.272891
v 31.023188 -24.114353 6.272891
v 30.816072 -24.173531 6.272891
v 31.111954 -16.421429 6.272891
v 31.082371 -16.421429 6.272891
v 32.650539 -23.256296 6.272891
v 32.768890 -23.108355 6.272891
v 32.828068 -23.078766 6.272891
v 32.591362 -23.285885 6.272891
v 32.325066 -23.493000 6.272891
v 32.502598 -23.374647 6.272891
v 32.532192 -23.345058 6.272891
v 33.212711 -17.930426 6.272891
v 32.680122 -17.338663 6.272891
v 32.709713 -17.338663 6.272891
v 32.768890 -17.427427 6.272891
v 32.206715 -23.581766 6.272891
v 32.236305 -23.552177 6.272891
v 32.295483 -23.522589 6.272891
v 32.532192 -17.161135 6.272891
v 32.532192 -17.190723 6.272891
v 32.502598 -17.161135 6.272891
v 31.999599 -23.729708 6.272891
v 32.177128 -23.611353 6.272891
v 31.881250 -16.717312 6.272891
v 32.058777 -16.865252 6.272891
v 31.881250 -16.746901 6.272891
v 31.881250 -23.818470 6.272891
v 31.762896 -23.848059 6.272891
v 31.851662 -23.818470 6.272891
v 31.881250 -23.788881 6.272891
v 31.970011 -23.729708 6.272891
v 31.792484 -23.818470 6.272891
v 31.822067 -23.818470 6.272891
v 31.526186 -16.539782 6.272891
v 31.496603 -16.539782 6.272891
v 31.674129 -23.877647 6.272891
v 31.526186 -23.936823 6.272891
v 31.496603 -23.936823 6.272891
v 31.289486 -24.055176 6.272891
v 31.496603 -23.966412 6.272891
v 31.703718 -23.877647 6.272891
v 31.171131 -24.084764 6.272891
v 31.171131 -24.055176 6.272891
v 30.461012 -21.747301 6.302479
v 30.490608 -21.747301 6.272891
v 30.520191 -21.747301 6.272891
v 30.490608 -21.747301 6.243302
v 30.490608 -21.776886 6.243302
v 30.372246 -16.273489 6.272891
v 30.342663 -16.273489 6.272891
v 30.520191 -21.717712 6.272891
v 30.135548 -21.806473 6.272891
v 29.484606 -21.747301 6.272891
v 29.455017 -21.747301 6.272891
v 29.395840 -21.717712 6.272891
v 29.011192 -21.481005 6.272891
v 29.011192 -21.510593 6.272891
v 28.981609 -21.481005 6.272891
v 29.070370 -19.113953 6.272891
v 29.070370 -19.143541 6.272891
v 29.040787 -19.143541 6.272891
v 29.129553 -19.084364 6.272891
v 29.159136 -19.084364 6.272891
v 29.188725 -19.054775 6.272891
v 29.099958 -19.113953 6.272891
v 29.011192 -19.173130 6.272891
v 29.011192 -19.173130 18.729507
v 28.981609 -19.202715 6.272891
v 31.614952 -16.628548 6.272891
v 31.674129 -16.598959 6.272891
v 31.822067 -16.717312 6.272891
v 28.863255 -19.291483 6.272891
v 28.863255 -19.261892 6.272891
v 28.892843 -19.261892 6.272891
v 28.981609 -21.451418 6.272891
v 28.952021 -21.451418 6.272891
v 28.892843 -21.392239 6.272891
v 28.863255 -21.392239 6.272891
v 28.833672 -21.333063 6.272891
v 28.774488 -19.439421 6.272891
v 28.804077 -19.409834 6.272891
v 28.804077 -19.380245 6.272891
v 28.744905 -19.439421 6.272891
v 28.715311 -19.498598 6.272891
v 28.715311 -19.469009 6.272891
v 28.656139 -19.587364 6.272891
v 28.685728 -19.498598 6.272891
v 28.685728 -19.528187 6.272891
v 28.596962 -19.705715 6.272891
v 28.596962 -19.676126 6.272891
v 28.626543 -19.616953 6.272891
v 28.537783 -20.889244 6.272891
v 28.567371 -20.859655 6.272891
v 28.567371 -20.889244 6.272891
v 28.478605 -20.682125 6.272891
v 28.478605 -20.652536 6.272891
v 28.508194 -20.711714 6.272891
v 28.419428 -20.327068 6.272891
v 28.449022 -20.297480 6.272891
v 28.449022 -20.327068 6.272891
v 28.478605 -20.179129 6.272891
v 28.478605 -20.179129 18.729507
v 28.478605 -20.208714 6.272891
v 28.478605 -20.238302 6.272891
v 28.478605 -20.267891 6.272891
v 28.449022 -20.267891 6.272891
v 28.478605 -20.593361 6.272891
v 28.449022 -20.593361 6.243302
v 28.478605 -20.622948 18.729507
v 28.449022 -20.445421 6.272891
v 28.478605 -20.415833 6.272891
v 28.449022 -20.415833 6.272891
v 29.543785 -16.303078 6.272891
v 28.478605 -20.622948 6.272891
v 28.478605 -20.475010 6.272891
v 28.508194 -20.741302 6.272891
v 28.537783 -20.770889 6.272891
v 28.537783 -20.800478 6.272891
v 28.537783 -20.711714 6.272891
v 28.508194 -20.770889 6.272891
v 28.596962 -21.037182 6.272891
v 28.626543 -20.978006 6.272891
v 28.626543 -21.037182 6.272891
v 28.567371 -20.948416 6.272891
v 28.567371 -20.918827 6.272891
v 28.596962 -21.007595 6.272891
v 28.626543 -21.096359 6.272891
v 28.656139 -21.096359 6.272891
v 28.715311 -21.155537 6.272891
v 28.715311 -21.214712 6.272891
v 28.685728 -21.185125 6.272891
v 28.685728 -21.155537 6.272891
v 28.774488 -21.244301 6.272891
v 28.744905 -21.244301 6.272891
v 28.804077 -21.273890 6.272891
v 28.774488 -21.273890 6.272891
v 28.833672 -19.321072 6.272891
v 28.833672 -19.350657 6.272891
v 29.070370 -21.540182 6.272891
v 28.863255 -21.421829 6.272891
v 28.892843 -21.421829 6.272891
v 29.040787 -19.173130 6.272891
v 29.099958 -21.540182 6.272891
v 29.129553 -21.569771 6.272891
v 29.099958 -21.569771 6.272891
v 29.129553 -21.599360 6.272891
v 29.188725 -21.628944 6.272891
v 29.070370 -21.569771 6.272891
v 29.218307 -21.628944 6.272891
v 29.218307 -21.658535 6.272891
v 29.218307 -16.332666 6.272891
v 29.011192 -16.391840 6.272891
v 28.981609 -16.391840 6.272891
v 29.366251 -21.688124 6.272891
v 29.336668 -21.717712 6.272891
v 29.366251 -21.717712 6.272891
v 29.307074 -21.688124 6.272891
v 29.395840 -21.747301 6.272891
v 29.366251 -21.747301 6.272891
v 29.514196 -21.776886 6.272891
v 29.514196 -21.747301 6.272891
v 29.543785 -21.806473 6.272891
v 29.602957 -21.806473 6.272891
v 29.632551 -21.806473 6.272891
v 29.188725 -16.332666 6.272891
v 29.129553 -16.362255 6.272891
v 29.721312 -21.806473 6.272891
v 29.691723 -21.806473 6.272891
v 29.662134 -21.806473 18.285685
v 29.928427 -21.836061 6.272891
v 29.750900 -21.806473 6.272891
v 29.839666 -21.836061 6.272891
v 29.810078 -21.806473 6.272891
v 29.662134 -21.806473 6.272891
v 29.188725 -21.658535 6.272891
v 28.833672 -21.362650 6.272891
v 28.656139 -21.125948 6.272891
v 28.537783 -20.859655 6.272891
v 28.537783 -19.824068 6.272891
v 28.567371 -19.794479 6.272891
v 28.567371 -19.824068 6.272891
v 28.419428 -20.386244 6.272891
v 28.537783 -16.510193 6.272891
v 28.508194 -16.539782 6.272891
v 28.449022 -16.539782 6.272891
v 28.508194 -19.942421 6.272891
v 28.537783 -19.912832 6.272891
v 28.537783 -19.883245 6.272891
v 28.478605 -20.031187 6.272891
v 28.537783 -19.942421 6.272891
v 28.508194 -19.972010 6.272891
v 28.567371 -19.764891 6.272891
v 28.537783 -19.883245 18.729507
v 28.596962 -19.646538 6.272891
v 28.567371 -19.735306 6.272891
v 28.656139 -19.557775 6.272891
v 28.774488 -19.409834 6.272891
v 28.804077 -19.350657 6.272891
v 32.325066 -17.013193 6.272891
v 32.295483 -17.013193 6.272891
v 32.206715 -16.924427 6.272891
v 28.863255 -16.421429 6.272891
v 32.828068 -17.427427 6.272891
v 32.828068 -17.457016 6.272891
v 32.798477 -17.427427 6.272891
v 33.360649 -22.398239 6.272891
v 33.419830 -22.250296 6.272891
v 33.449421 -22.250296 6.272891
v 32.976006 -17.634541 6.272891
v 33.005596 -17.634541 6.272891
v 33.035191 -17.693720 6.272891
v 33.064774 -17.723309 6.272891
v 32.236305 -16.983604 6.272891
v 33.479004 -18.374249 6.272891
v 32.117950 -16.865252 6.272891
v 32.177128 -16.924427 6.272891
v 31.881250 -16.776489 6.272891
v 31.467014 -16.539782 6.272891
v 32.206715 -23.611353 6.272891
v 31.851662 -16.717312 6.272891
v 31.111954 -24.114353 6.272891
v 31.496603 -16.569370 6.272891
v 30.490608 -16.303078 6.272891
v 30.401838 -16.303078 6.272891
v 30.372246 -16.303078 6.272891
v 30.342663 -21.806473 6.272891
v 30.283480 -21.806473 6.272891
v 30.342663 -21.776886 6.272891
v 30.017193 -16.273489 6.272891
v 29.987604 -16.273489 6.272891
v 29.958015 -16.273489 6.272891
v 29.750900 -16.273489 6.272891
v 29.602957 -16.303078 6.272891
v 29.573366 -16.303078 6.272891
v 29.691723 -16.273489 6.272891
v 28.153141 -16.717312 6.272891
v 28.330662 -16.598959 6.272891
v 28.360256 -16.598959 6.272891
v 28.389845 -16.569370 6.272891
v 28.093964 -16.717312 6.272891
v 28.123547 -16.717312 6.272891
v 28.833672 -16.421429 6.272891
v 28.093964 -16.746901 6.272891
v 29.958015 -21.865652 6.243302
v 31.171131 -21.214712 6.272891
v 31.141542 -21.273890 6.272891
v 31.111954 -21.273890 6.272891
v 32.206715 -16.954016 6.272891
v 33.508598 -18.374249 6.272891
v 33.508598 -18.403837 6.272891
v 33.538185 -18.522188 6.272891
v 33.626945 -21.836061 6.272891
v -29.247900 24.143942 6.272891
v 32.798477 -23.108355 6.272891
v 33.035191 -17.723309 6.272891
v 32.916836 -22.990002 6.272891
v 33.035191 -22.812473 6.272891
v 33.064774 -22.782885 6.272891
v 27.265490 -17.338663 6.272891
v 27.176735 -17.427427 6.272891
v 27.147141 -17.427427 6.272891
v 31.141542 -24.084764 6.272891
v 31.881250 -23.759291 6.272891
v 32.887245 -22.990002 6.272891
v 32.857658 -22.990002 6.272891
v 32.828068 -23.049177 6.272891
v 30.964010 -21.481005 6.272891
v 30.934427 -21.481005 6.272891
v 30.964010 -21.451418 6.272891
v 30.904839 -21.510593 6.272891
v 30.904839 -21.481005 6.272891
v 31.171131 -21.244301 6.272891
v 30.845661 -21.540182 6.272891
v 30.816072 -21.569771 6.272891
v 30.786489 -21.569771 6.272891
v 30.431431 -21.776886 6.272891
v 30.253897 -21.806473 6.272891
v 30.046782 -21.836061 6.272891
v 33.863651 -21.096359 6.272891
v 33.893246 -21.037182 6.272891
v 33.952419 -20.682125 6.272891
v 33.922829 -21.037182 18.729507
v 33.271889 -22.487001 6.272891
v 33.301476 -22.457417 6.272891
v 33.301476 -22.457417 6.391243
v -28.774488 -21.125948 6.272891
v -28.804073 -21.155537 6.243302
v -27.561371 -23.433825 6.272891
v -27.502197 -23.374647 6.272891
v -27.472609 -23.374647 6.272891
v -29.543777 -21.776886 6.272891
v -29.869249 -21.806473 6.272891
v -29.898838 -21.806473 6.272891
v -29.928427 -21.836061 6.272891
v 29.366251 -18.966011 6.272891
v 29.366251 -18.936422 6.272891
v 29.395840 -18.936422 6.272891
v 32.798477 -23.078766 6.272891
v 28.478605 -20.090361 6.272891
v 28.478605 -20.119949 6.272891
v 28.478605 -20.475010 18.729507
v 28.478605 -20.534184 6.272891
v -31.496599 20.356655 6.272891
v -31.496599 20.001600 18.729507
v -31.496599 19.972010 6.272891
v -31.496599 -20.090361 6.272891
v -31.496599 -20.179129 18.729507
v -31.496599 -20.119949 6.272891
v -31.496599 -20.475010 18.729507
v -31.496599 -20.534184 6.272891
v -31.496599 -20.593361 6.272891
v -31.526186 -20.593361 6.243302
v -31.496599 -20.622948 18.729507
v -30.017189 -21.836061 5.829068
v -29.958012 -21.836061 5.829068
v 29.928427 -21.836061 5.829068
v 29.987604 -21.836061 5.829068
v 29.928427 -21.865652 6.243302
v -29.869249 -21.806473 18.729507
v -29.898838 -21.806473 5.829068
v -29.839661 -21.806473 5.829068
v -29.721308 -21.806473 5.829068
v -30.342661 -21.806473 5.829068
v -30.253895 -21.806473 5.829068
v 30.224308 -21.806473 5.829068
v 29.691723 -21.806473 5.829068
v 29.810078 -21.806473 5.829068
v 29.632551 -21.806473 5.829068
v 29.780483 -21.806473 6.272891
v 30.105959 -21.806473 5.829068
v -30.313072 -21.806473 18.581566
v -30.313072 -21.806473 18.729507
v 30.105959 -21.806473 18.729507
v 29.810078 -21.806473 18.729507
v 29.662134 -21.806473 18.581566
v 29.662134 -21.806473 18.729507
v -29.573366 -21.747301 18.729507
v -29.662130 -21.806473 5.829068
v -29.602957 -21.776886 5.829068
v -29.514193 -21.776886 5.888245
v 30.401838 -21.776886 5.829068
v 30.431431 -21.776886 5.888245
v 30.313074 -21.806473 5.829068
v -29.425426 -21.747301 5.888245
v -29.425426 18.729311 5.888245
v -29.307074 -21.658535 18.729507
v -29.336662 -21.688124 6.509596
v -29.425426 -21.717712 18.729507
v -28.449017 16.539785 18.729507
v -29.425426 18.758896 18.729507
v -28.833662 16.421429 18.729507
v -28.093960 16.717312 18.729507
v -29.307074 18.847660 18.729507
v -29.218311 16.303080 18.729507
v -29.721308 18.699720 18.729507
v -28.449017 -23.936823 18.729507
v -28.833662 -24.084764 18.729507
v -30.017189 21.658537 18.729507
v -30.372250 24.203119 18.729507
v -30.165131 21.658537 18.729507
v -29.573366 18.729311 18.729507
v -26.910433 -17.723309 18.729507
v -28.952015 -19.261892 18.729507
v -28.863251 -19.380245 18.729507
v -30.756895 16.303080 18.729507
v -30.372250 16.243902 18.729507
v -26.081964 21.007595 18.729507
v -28.537781 20.445421 18.729507
v -29.070366 18.995598 18.729507
v -27.443020 17.131548 18.729507
v -28.952015 19.084366 18.729507
v -28.774488 21.007595 18.729507
v -26.466610 22.131948 18.729507
v -26.673729 22.457417 18.729507
v -29.218311 24.143942 18.729507
v -29.721308 21.628948 18.729507
v -29.573366 21.599363 18.729507
v -29.188723 18.906837 18.729507
v -28.093960 23.759296 18.729507
v -29.425426 21.540182 18.729507
v -29.307074 21.481007 18.729507
v -30.756895 24.143942 18.729507
v -30.313072 21.628948 18.729507
v -27.768490 16.924433 18.729507
v -26.910433 17.693720 18.729507
v -28.774488 19.321072 18.729507
v -27.768490 23.552181 18.729507
v -29.188723 21.392239 18.729507
v -31.881245 -16.717312 18.729507
v -30.579365 -18.936422 18.729507
v -31.526186 -16.539782 18.729507
v -30.313072 18.699720 18.729507
v -31.141541 16.421429 18.729507
v -29.987600 16.243902 18.729507
v -30.017189 18.670130 18.729507
v -32.532185 -17.161135 18.729507
v -30.845657 -19.084364 18.729507
v -32.206711 -16.924427 18.729507
v -30.727306 18.847660 18.729507
v -31.881245 16.717312 18.729507
v -31.526186 16.539785 18.729507
v -33.982002 -20.238302 18.729507
v -31.526186 -20.327068 18.729507
v -33.686123 21.776890 18.729507
v -31.348658 20.859655 18.729507
v -33.508591 22.131948 18.729507
v -31.141541 24.055176 18.729507
v -30.461012 21.599363 18.729507
v -30.964010 18.995598 18.729507
v -32.532185 17.131548 18.729507
v -32.206711 16.924433 18.729507
v -31.082363 21.214714 18.729507
v -31.171129 21.096359 18.729507
v -30.845657 18.906837 18.729507
v -33.804474 21.392239 18.729507
v -31.437422 20.593361 18.729507
v -31.526186 23.936827 18.729507
v -30.579365 21.540182 18.729507
v -32.828064 17.397839 18.729507
v -31.082363 19.084366 18.729507
v -31.171129 19.202719 18.729507
v -33.064774 17.693720 18.729507
v -33.982002 20.238306 18.729507
v -33.982002 19.853661 18.729507
v -33.922821 19.469009 18.729507
v -33.804474 19.084366 18.729507
v -33.301476 18.019192 18.729507
v -31.259892 19.321072 18.729507
v -31.348658 19.439421 18.729507
v -33.686123 18.699720 18.729507
v -31.407833 19.587364 18.729507
v -31.437422 19.735306 18.729507
v -31.259892 -19.498598 18.729507
v -33.508591 -18.374249 18.729507
v -31.348658 -19.616953 18.729507
v -31.496599 20.445421 18.729507
v -33.982002 20.622953 18.729507
v -29.987600 -24.232704 18.729507
v -31.259892 21.007595 18.729507
v -30.845657 21.392239 18.729507
v -32.532185 23.315474 18.729507
v -30.964010 21.333067 18.729507
v -29.602957 24.203119 18.729507
v -29.869249 21.658537 18.729507
v -29.987600 24.232708 18.729507
v -30.461012 18.729311 18.729507
v -32.206711 23.552181 18.729507
v -33.922821 21.007595 18.729507
v -33.508591 18.344662 18.729507
v -29.602957 -24.232704 18.729507
v -30.165131 -18.818071 18.729507
v -30.756895 -16.332666 18.729507
v -30.313072 -18.847660 18.729507
v -30.727306 21.481007 18.729507
v -31.881245 23.759296 18.729507
v -30.579365 18.758896 18.729507
v -27.147137 17.397839 18.729507
v -28.567369 19.735306 18.729507
v -26.170729 19.084366 18.729507
v -28.537781 19.853661 18.729507
v -27.443020 23.315474 18.729507
v -29.070366 21.333067 18.729507
v -28.685724 20.859655 18.729507
v -28.863251 21.096359 18.729507
v -26.910433 22.782887 18.729507
v -27.147137 23.049177 18.729507
v -28.952015 21.214714 18.729507
v -26.289080 21.776890 18.729507
v -28.508194 20.149542 18.729507
v -26.022787 19.853661 18.729507
v -26.466610 18.344662 18.729507
v -28.685724 19.439421 18.729507
v -26.673729 18.019192 18.729507
v 33.686123 -21.776886 18.729507
v 31.348658 -20.889244 18.729507
v 33.508598 -22.131947 18.729507
v -26.466610 -18.374249 18.729507
v -28.774488 -19.498598 18.729507
v -28.685724 -19.616953 18.729507
v -26.289080 18.699720 18.729507
v -26.081964 19.469009 18.729507
v -28.508194 20.001600 18.729507
v -28.626547 19.587364 18.729507
v -28.626547 20.741302 18.729507
v -26.170729 21.392239 18.729507
v -26.022787 20.622953 18.729507
v -28.508194 20.297480 18.729507
v -28.449017 23.936827 18.729507
v -28.833662 24.055176 18.729507
v -31.437422 -19.883245 18.729507
v -33.922821 -19.469009 18.729507
v -31.496599 -20.031187 18.729507
v -29.987600 -16.243900 18.729507
v -30.372250 -16.273489 18.729507
v -30.017189 -18.818071 18.729507
v -26.910433 -22.782885 18.729507
v -28.863251 -21.273890 18.729507
v -27.147137 -23.078766 18.729507
v -29.218311 -24.173531 18.729507
v 31.467014 -20.475010 18.729507
v -26.673729 -18.019192 18.729507
v -28.093960 -23.788881 18.729507
v -29.188723 -21.569771 18.729507
v -29.218311 -16.332666 18.729507
v -29.721308 -18.847660 18.729507
v -29.573366 -18.877249 18.729507
v -27.768490 -23.581766 18.729507
v -29.070366 -21.481005 18.729507
v -27.443020 -23.345058 18.729507
v -28.952015 -21.392239 18.729507
v 31.289486 -21.037182 18.729507
v 31.200720 -21.155537 18.729507
v 33.301476 -22.457417 18.729507
v 33.064774 -22.782885 18.729507
v 31.111954 -21.273890 18.729507
v 32.828068 -23.078766 18.729507
v 32.532192 -23.345058 18.729507
v 30.904839 -21.481005 18.729507
v 32.206715 -23.581766 18.729507
v 33.064774 -17.723309 18.729507
v 32.828068 -17.427427 18.729507
v 30.904839 -19.173130 18.729507
v 31.526186 -23.936823 18.729507
v 30.549780 -21.717712 18.729507
v 31.141542 -24.084764 18.729507
v -33.301476 -18.019192 18.729507
v -33.982002 -19.853657 18.729507
v -31.407833 -20.889244 18.729507
v -33.686123 -21.776886 18.729507
v -33.508591 -22.131947 18.729507
v -31.407833 -19.764891 18.729507
v -33.804474 -19.084364 18.729507
v -31.141541 -16.421429 18.729507
v -30.461012 -18.877249 18.729507
v -30.461012 -21.747301 18.729507
v -31.526186 -23.936823 18.729507
v -31.141541 -24.084764 18.729507
v -33.686123 -18.729307 18.729507
v -30.964010 -19.173130 18.729507
v -33.064774 -17.723309 18.729507
v -31.082363 -19.261892 18.729507
v -30.727306 -18.995598 18.729507
v -29.602957 -16.273489 18.729507
v -29.869249 -18.818071 18.729507
v -28.833662 -16.421429 18.729507
v -27.768490 -16.924427 18.729507
v -29.307074 -18.995598 18.729507
v -29.188723 -19.084364 18.729507
v -28.449017 -16.539782 18.729507
v -28.093960 -16.717312 18.729507
v -29.425426 -18.936422 18.729507
v -27.443020 -17.161135 18.729507
v -29.070366 -19.173130 18.729507
v -27.147137 -17.427427 18.729507
v -26.466610 -22.131947 18.729507
v -28.685724 -21.037182 18.729507
v -26.673729 -22.457417 18.729507
v -28.537781 -20.031187 18.729507
v -28.508194 -20.179129 18.729507
v -26.289080 -18.729307 18.729507
v -28.537781 -20.622948 18.729507
v -26.081964 -21.037182 18.729507
v -28.508194 -20.475010 18.729507
v -28.567369 -19.883245 18.729507
v -26.081964 -19.469009 18.729507
v -26.170729 -19.084364 18.729507
v -28.508194 -20.327068 18.729507
v -25.993198 -20.238302 18.729507
v -28.626547 -19.764891 18.729507
v -28.626547 -20.889244 18.729507
v -26.289080 -21.776886 18.729507
v -28.567369 -20.770889 18.729507
v -26.170729 -21.421829 18.729507
v -28.774488 -21.155537 18.729507
v -30.372250 -24.232704 18.729507
v -31.171129 -19.380245 18.729507
v -33.982002 -20.652536 18.729507
v -31.437422 -20.770889 18.729507
v -33.804474 -21.421829 18.729507
v -33.922821 -21.037182 18.729507
v -30.845657 -21.569771 18.729507
v -32.206711 -23.581766 18.729507
v -31.881245 -23.788881 18.729507
v -31.259892 -21.155537 18.729507
v -33.301476 -22.457417 18.729507
v -33.064774 -22.782885 18.729507
v -32.828064 -23.078766 18.729507
v -31.082363 -21.392239 18.729507
v -31.171129 -21.273890 18.729507
v -30.727306 -21.658535 18.729507
v -30.579365 -21.717712 18.729507
v -30.964010 -21.481005 18.729507
v -32.532185 -23.345058 18.729507
v -31.348658 -21.037182 18.729507
v 33.804482 -21.421829 18.729507
v 31.407833 -20.770889 18.729507
v 31.111954 -19.380245 18.729507
v 31.467014 -20.327068 18.729507
v 33.982002 -20.238302 18.729507
v 33.952419 -19.853657 18.729507
v 31.437426 -20.031187 18.729507
v 31.467014 -20.179129 18.729507
v 31.526186 -16.539782 18.729507
v 30.401838 -18.877249 18.729507
v 30.549780 -18.936422 18.729507
v 31.023188 -21.392239 18.729507
v 29.247902 -18.995598 18.729507
v 27.768494 -16.924427 18.729507
v 29.129553 -19.084364 18.729507
v 30.401838 -21.747301 18.729507
v 30.668129 -21.658535 18.729507
v 31.881250 -23.788881 18.729507
v 30.786489 -21.569771 18.729507
v 30.756895 -24.173531 18.729507
v 30.756895 -16.332666 18.729507
v 30.253897 -18.847660 18.729507
v 30.372246 -16.273489 18.729507
v 30.105959 -18.818071 18.729507
v 30.372246 -24.232704 18.729507
v 28.833672 -24.084764 18.729507
v 29.218307 -24.173531 18.729507
v 29.662134 -18.847660 18.729507
v 28.833672 -16.421429 18.729507
v 28.804077 -21.273890 18.729507
v 26.910437 -22.782885 18.729507
v 27.147141 -23.078766 18.729507
v 28.892843 -19.261892 18.729507
v 26.910437 -17.723309 18.729507
v 28.804077 -19.380245 18.729507
v 26.673725 -18.019192 18.729507
v 28.715311 -19.498598 18.729507
v 27.443022 -17.161135 18.729507
v 27.147141 -17.427427 18.729507
v 29.602957 -24.232704 18.729507
v 28.093964 -23.788881 18.729507
v 29.247902 -21.658535 18.729507
v 29.129553 -21.569771 18.729507
v 28.093964 -16.717312 18.729507
v 29.395840 -18.936422 18.729507
v 28.449022 -16.539782 18.729507
v 26.289083 -18.729307 18.729507
v 28.626543 -19.616953 18.729507
v 26.466610 -18.374249 18.729507
v 28.567371 -19.764891 18.729507
v 26.170729 -19.084364 18.729507
v 25.993202 -20.652536 18.729507
v 28.449022 -20.327068 18.729507
v 25.993202 -20.238302 18.729507
v 28.892843 -21.392239 18.729507
v 25.993202 -19.853657 18.729507
v 28.478605 -20.031187 18.729507
v 26.052380 -19.469009 18.729507
v 28.537783 -20.770889 18.729507
v 26.170729 -21.421829 18.729507
v 26.289083 -21.776886 18.729507
v 26.052380 -21.037182 18.729507
v 28.626543 -21.037182 18.729507
v 26.466610 -22.131947 18.729507
v 26.673725 -22.457417 18.729507
v 28.567371 -20.889244 18.729507
v 28.715311 -21.155537 18.729507
v 28.449022 -23.936823 18.729507
v 27.443022 -23.345058 18.729507
v 29.011192 -21.481005 18.729507
v 29.395840 -21.717712 18.729507
v 27.768494 -23.581766 18.729507
v 29.514196 -21.747301 18.729507
v 29.602957 -16.273489 18.729507
v 29.958015 -18.818071 18.729507
v 31.141542 -16.421429 18.729507
v 33.508598 -18.374249 18.729507
v 31.200720 -19.498598 18.729507
v 31.289486 -19.616953 18.729507
v 33.922829 -19.469009 18.729507
v 31.881250 -16.717312 18.729507
v 30.668129 -18.995598 18.729507
v 32.206715 -16.924427 18.729507
v 30.786489 -19.084364 18.729507
v 32.532192 -17.161135 18.729507
v 33.301476 -18.019192 18.729507
v 33.686123 -18.729307 18.729507
v 31.348658 -19.764891 18.729507
v 29.218307 -16.332666 18.729507
v 29.810078 -18.818071 18.729507
v 33.804482 -19.084364 18.729507
v 31.407833 -19.883245 18.729507
v -28.301077 -23.877647 6.272891
v -28.301077 -23.877647 6.509596
v 30.342663 -24.232704 6.509596
v -29.987600 -24.232704 6.509596
v -29.632545 -24.232704 6.509596
v 30.372246 -24.232704 6.509596
v -35.313473 25.475410 6.243302
v -35.165531 -25.504995 6.509596
v -35.195118 -25.504995 6.509596
v -24.809673 -25.504995 6.509596
v -11.317470 -25.504995 13.640344
v -23.034382 -25.504995 6.509596
v 13.270292 -25.504995 1.183727
v -35.224701 -25.504995 6.509596
v -35.254295 -25.504995 6.509596
v -31.023188 -25.504995 6.509596
v -34.899239 -25.504995 27.635544
v -35.343060 -25.504995 27.605955
v -22.294678 -25.504995 6.509596
v -20.430624 -25.504995 4.763894
v -22.560970 -25.504995 6.509596
v -11.465412 -25.504995 6.509596
v -8.329066 -25.504995 6.687124
v -10.370647 -25.504995 6.509596
v -35.106354 -25.504995 6.509596
v -35.047180 -25.504995 6.509596
v -35.076763 -25.504995 6.509596
v -34.928825 -25.504995 6.509596
v -34.958412 -25.504995 6.509596
v -34.869648 -25.504995 6.509596
v -34.899239 -25.504995 6.509596
v -34.662529 -25.504995 27.635544
v 5.843664 -25.504995 13.640344
v 17.087168 -25.504995 27.635544
v 20.016392 -25.504995 20.623148
v -34.337063 -25.504995 27.635544
v 34.218712 -25.504995 27.635544
v 20.223509 -25.504995 20.623148
v -34.840061 -25.504995 6.509596
v -34.662529 -25.504995 6.509596
v -28.419428 -25.504995 13.640344
v -0.073968 -25.504995 27.635544
v -17.175926 -25.504995 27.635544
v 19.010397 -25.504995 6.509596
v 15.252700 -25.504995 4.172131
v 15.252700 -25.504995 4.468012
v -17.087162 -25.504995 6.509596
v -8.151536 -25.504995 6.687124
v -18.536983 -25.504995 6.509596
v -18.004395 -25.504995 6.509596
v -18.507395 -25.504995 6.184126
v -10.311473 -25.504995 6.509596
v -22.886442 -25.504995 6.509596
v 5.370255 -25.504995 4.763894
v 5.311077 -25.504995 4.468012
v 3.269493 -25.504995 4.763894
v -31.052776 -25.504995 6.509596
v -31.822067 -25.504995 6.509596
v -25.460613 -25.504995 6.509596
v -19.069567 -25.504995 6.509596
v -19.039978 -25.504995 6.509596
v -18.803276 -25.504995 6.154538
v -18.507395 -25.504995 1.183727
v -20.489801 -25.504995 4.468012
v -22.649738 -25.504995 6.509596
v -21.643740 -25.504995 6.509596
v -20.282686 -25.504995 5.059775
v -21.673328 -25.504995 6.509596
v -22.117147 -25.504995 6.509596
v 34.662529 -25.504995 6.509596
v 35.017590 -25.504995 27.635544
v 34.692127 -25.504995 6.509596
v -19.424625 -25.504995 6.509596
v -19.128744 -25.504995 6.065773
v -19.779686 -25.504995 6.509596
v -21.229506 -25.504995 6.509596
v -20.756094 -25.504995 6.509596
v -20.253098 -25.504995 6.509596
v -19.809275 -25.504995 6.509596
v -19.927626 -25.504995 5.562774
v -20.726505 -25.504995 6.509596
v -19.690918 -25.504995 5.769892
v -20.105152 -25.504995 5.355657
v -19.424625 -25.504995 5.977009
v -9.630946 -25.504995 6.509596
v -9.867650 -25.504995 6.065773
v -10.193121 -25.504995 6.154538
v 2.263498 -25.504995 5.977009
v 5.843664 -25.504995 5.562774
v 2.559380 -25.504995 5.769892
v 5.518196 -25.504995 5.059775
v 3.180730 -25.504995 5.059775
v -10.518588 -25.504995 1.183727
v 1.405438 -25.504995 1.183727
v -4.600957 -25.504995 1.183727
v -4.926427 -25.504995 1.213315
v -18.803276 -25.504995 1.213315
v 1.997202 -25.504995 1.272491
v 1.671734 -25.504995 1.213315
v -6.228307 -25.504995 2.012195
v -8.861652 -25.504995 2.012195
v 2.796084 -25.504995 1.775490
v 2.559380 -25.504995 1.538785
v 2.973611 -25.504995 2.012195
v 5.636548 -25.504995 2.012195
v 3.180730 -25.504995 2.278489
v 5.311077 -25.504995 2.870252
v 5.370255 -25.504995 2.574370
v 3.387848 -25.504995 2.870252
v 3.269493 -25.504995 2.574370
v 5.518196 -25.504995 2.278489
v -8.506593 -25.504995 3.166133
v -6.642538 -25.504995 4.172131
v -6.642538 -25.504995 3.166133
v 5.281488 -25.504995 3.166133
v 3.387848 -25.504995 3.166133
v 5.281488 -25.504995 4.172131
v 3.387848 -25.504995 4.172131
v -8.506593 -25.504995 2.870252
v 3.387848 -25.504995 4.468012
v -8.506593 -25.504995 4.468012
v -6.494597 -25.504995 4.763894
v -6.612952 -25.504995 4.468012
v 2.973611 -25.504995 5.355657
v 5.311077 -25.504995 6.509596
v 4.896843 -25.504995 6.509596
v -6.228307 -25.504995 5.355657
v -8.743300 -25.504995 5.059775
v -8.861652 -25.504995 5.355657
v -8.506593 -25.504995 6.509596
v -9.068771 -25.504995 5.562774
v -8.624949 -25.504995 6.509596
v 2.796084 -25.504995 5.562774
v 5.636548 -25.504995 5.355657
v -8.447418 -25.504995 6.509596
v 6.139545 -25.504995 6.509596
v 6.376250 -25.504995 5.977009
v 6.109960 -25.504995 6.509596
v 14.897640 -25.504995 2.012195
v 14.720113 -25.504995 1.775490
v 14.187527 -25.504995 1.361256
v 13.921228 -25.504995 1.272491
v 15.045584 -25.504995 2.278489
v 15.193521 -25.504995 2.574370
v 15.252700 -25.504995 2.870252
v 15.252700 -25.504995 3.166133
v 34.810474 -25.504995 6.509596
v 20.460218 -25.504995 6.509596
v 20.756098 -25.504995 6.687124
v 20.992804 -25.504995 6.509596
v -9.305475 -25.504995 6.509596
v -9.039182 -25.504995 6.509596
v -9.660535 -25.504995 6.509596
v 25.016790 -25.504995 6.509596
v 21.732506 -25.504995 6.509596
v 16.406639 -25.504995 6.509596
v 16.465816 -25.504995 6.509596
v 18.596161 -25.504995 6.509596
v 15.193521 -25.504995 4.763894
v 18.122751 -25.504995 6.509596
v 17.027990 -25.504995 6.509596
v 17.590166 -25.504995 6.509596
v 15.045584 -25.504995 5.059775
v 14.897640 -25.504995 5.355657
v 14.720113 -25.504995 5.562774
v 18.980806 -25.504995 6.509596
v 14.483409 -25.504995 5.769892
v 15.844463 -25.504995 6.509596
v -9.778887 -25.504995 6.509596
v -9.986002 -25.504995 6.509596
v -7.885243 -25.504995 6.509596
v -6.849660 -25.504995 6.509596
v -5.902836 -25.504995 6.509596
v 6.198722 -25.504995 13.640344
v -5.725310 -25.504995 6.509596
v 20.578568 -25.504995 20.623148
v 34.573769 -25.504995 27.635544
v 35.165535 -25.504995 6.509596
v 35.135941 -25.504995 6.509596
v 25.105556 -25.504995 6.509596
v 35.047180 -25.504995 6.509596
v -35.076763 -25.504995 27.635544
v 34.573769 -25.504995 6.509596
v 35.017590 -25.504995 6.509596
v 34.899242 -25.504995 6.509596
v 34.869652 -25.504995 6.509596
v -10.074769 -25.504995 6.509596
v -10.518588 -25.504995 6.184126
v -9.335064 -25.504995 6.509596
v -9.601357 -25.504995 5.977009
v -9.009593 -25.504995 6.509596
v -9.335064 -25.504995 5.769892
v -8.713712 -25.504995 6.509596
v -6.405837 -25.504995 5.059775
v -8.595359 -25.504995 4.763894
v -8.417830 -25.504995 6.509596
v -8.506593 -25.504995 4.172131
v -6.612952 -25.504995 2.870252
v -8.595359 -25.504995 2.574370
v -6.494597 -25.504995 2.574370
v -8.743300 -25.504995 2.278489
v -6.405837 -25.504995 2.278489
v -10.193121 -25.504995 1.213315
v -9.068771 -25.504995 1.775490
v -5.222310 -25.504995 1.272491
v -5.814070 -25.504995 1.538785
v -5.547780 -25.504995 1.361256
v -6.050777 -25.504995 1.775490
v -9.867650 -25.504995 1.272491
v -9.601357 -25.504995 1.361256
v -9.335064 -25.504995 1.538785
v 2.263498 -25.504995 1.361256
v -6.050777 -25.504995 5.562774
v -5.695721 -25.504995 6.509596
v -5.814070 -25.504995 5.769892
v -5.459013 -25.504995 6.509596
v -5.488603 -25.504995 6.509596
v -5.222310 -25.504995 6.509596
v -5.547780 -25.504995 5.977009
v -4.600957 -25.504995 6.509596
v -4.926427 -25.504995 6.154538
v -4.630546 -25.504995 6.509596
v -5.192720 -25.504995 6.509596
v -4.926427 -25.504995 6.509596
v -4.896836 -25.504995 6.509596
v -5.222310 -25.504995 6.065773
v 1.642146 -25.504995 6.509596
v 1.671734 -25.504995 6.154538
v 1.435030 -25.504995 6.509596
v 1.819675 -25.504995 6.509596
v 1.878850 -25.504995 6.509596
v 1.109559 -25.504995 6.509596
v -4.600957 -25.504995 6.184126
v 1.139148 -25.504995 6.509596
v 4.867254 -25.504995 6.509596
v 1.375849 -25.504995 6.509596
v 1.405438 -25.504995 6.184126
v 1.671734 -25.504995 6.509596
v 1.997202 -25.504995 6.065773
v 1.938027 -25.504995 6.509596
v 1.908436 -25.504995 6.509596
v 5.695723 -25.504995 6.509596
v 5.754900 -25.504995 6.509596
v 5.340666 -25.504995 6.509596
v 6.109960 -25.504995 5.769892
v 14.483409 -25.504995 1.538785
v 7.263898 -25.504995 6.184126
v 12.648941 -25.504995 6.509596
v 13.270292 -25.504995 6.184126
v 6.317075 -25.504995 6.509596
v 6.642546 -25.504995 6.065773
v 15.311877 -25.504995 6.509596
v 14.187527 -25.504995 5.977009
v 13.921228 -25.504995 6.065773
v 6.938427 -25.504995 6.154538
v 6.849661 -25.504995 6.509596
v 6.465016 -25.504995 6.509596
v 14.394643 -25.504995 6.509596
v 14.365054 -25.504995 6.509596
v 15.814875 -25.504995 6.509596
v 15.696519 -25.504995 6.509596
v 6.524190 -25.504995 6.509596
v 6.820073 -25.504995 6.509596
v 6.879250 -25.504995 6.509596
v 13.359056 -25.504995 6.509596
v 13.240704 -25.504995 6.509596
v 14.009995 -25.504995 6.509596
v 12.589767 -25.504995 6.509596
v 13.950823 -25.504995 6.509596
v 14.779291 -25.504995 6.509596
v 13.595763 -25.504995 6.154538
v 14.808880 -25.504995 6.509596
v 15.282289 -25.504995 6.509596
v 13.595763 -25.504995 1.213315
v 7.263898 -25.504995 1.183727
v 6.938427 -25.504995 1.213315
v 6.642546 -25.504995 1.272491
v 6.376250 -25.504995 1.361256
v 6.109960 -25.504995 1.538785
v 5.843664 -25.504995 1.775490
v -19.128744 -25.504995 1.272491
v -19.424625 -25.504995 1.361256
v -19.690918 -25.504995 1.538785
v -19.927626 -25.504995 1.775490
v -20.105152 -25.504995 2.012195
v -20.282686 -25.504995 2.278489
v -20.430624 -25.504995 2.574370
v -20.489801 -25.504995 2.870252
v -20.519384 -25.504995 3.166133
v -20.519384 -25.504995 4.172131
v -17.027985 -25.652937 27.635544
v -34.337063 -25.623348 27.635544
v -17.027985 -25.712111 27.635544
v -34.041180 25.475410 27.635544
v -17.027985 25.475410 27.635544
v -17.175926 25.534588 27.635544
v 34.277889 25.534588 27.635544
v 33.952419 25.475410 27.635544
v 34.041183 25.475410 27.635544
v -0.073968 -25.652937 27.635544
v -0.073968 -25.712111 27.635544
v -8.684126 -25.564171 27.635544
v -34.337063 25.534588 27.635544
v -34.662529 25.475410 27.635544
v -34.337063 25.475410 27.635544
v 34.277889 -25.623348 27.635544
v 16.998402 -25.652937 27.635544
v 16.998402 25.504999 27.635544
v -0.073968 25.504999 27.635544
v 16.998402 25.475410 27.635544
v -17.738100 25.475410 26.363253
v -8.536184 25.475410 27.635544
v 17.087168 25.564171 27.635544
v 34.337067 25.475410 27.635544
v 34.632942 25.475410 27.635544
v -0.073968 25.564171 27.635544
v -17.175926 25.564171 27.635544
v -17.027985 25.741703 27.635544
v -0.073968 -25.800877 27.605955
v 16.998402 -25.978407 27.605955
v -18.803276 -26.481405 6.154538
v -18.507395 -26.481405 6.184126
v -19.424625 -26.481405 6.509596
v -18.596155 -26.481405 6.509596
v -34.041180 -26.481405 27.428429
v -18.329865 -26.481405 6.509596
v 3.387848 -26.481405 4.172131
v 5.281488 -26.481405 4.172131
v 5.311077 -26.481405 4.468012
v -19.779686 -26.481405 6.509596
v 3.476611 -26.481405 0.236905
v 6.109960 -26.481405 1.538785
v 5.843664 -26.481405 1.775490
v 34.396244 -26.481405 6.509596
v 34.425827 -26.481405 6.509596
v 34.425827 -26.481405 27.428429
v -19.809275 -26.481405 6.509596
v -20.253098 -26.481405 6.509596
v -20.756094 -26.481405 6.509596
v -21.229506 -26.481405 6.509596
v -21.673328 -26.481405 6.509596
v -22.117147 -26.481405 6.509596
v -22.146738 -26.481405 6.509596
v -22.560970 -26.481405 6.509596
v -22.590559 -26.481405 6.509596
v -22.916031 -26.481405 6.509596
v -33.893242 -26.481405 6.509596
v -33.922821 -26.481405 6.509596
v -34.011593 -26.481405 6.509596
v -34.041180 -26.481405 6.509596
v -34.011593 -26.481405 0.236905
v -20.489801 -26.481405 4.468012
v -34.425827 -26.481405 6.243302
v -20.519384 -26.481405 4.172131
v -20.430624 -26.481405 4.763894
v -34.455414 -26.481405 6.243302
v -19.335863 -26.481405 0.236905
v -19.335863 -26.481405 0.207317
v -34.485001 -26.481405 27.428429
v -34.100357 -26.481405 6.509596
v -34.189121 -26.481405 6.509596
v 33.952419 -26.481405 27.428429
v 33.952419 -26.481405 27.487602
v 3.387848 -26.481405 4.468012
v 5.370255 -26.481405 4.763894
v -17.027985 -26.481405 0.177729
v -0.044382 -26.481405 0.177729
v -15.282286 -26.481405 0.207317
v -4.748898 -26.481405 0.236905
v -34.011593 -26.481405 0.177729
v -9.601357 -26.481405 1.361256
v -9.867650 -26.481405 1.272491
v -6.612952 -26.481405 4.468012
v -8.506593 -26.481405 4.468012
v -6.642538 -26.481405 4.172131
v 16.998402 -26.481405 0.177729
v -19.424625 -26.481405 1.361256
v -19.690918 -26.481405 1.538785
v 1.671734 -26.481405 1.213315
v 1.405438 -26.481405 1.183727
v -5.547780 -26.481405 1.361256
v -5.814070 -26.481405 1.538785
v -9.068771 -26.481405 1.775490
v 5.370255 -26.481405 2.574370
v 3.269493 -26.481405 2.574370
v 3.180730 -26.481405 2.278489
v -10.193121 -26.481405 1.213315
v -10.518588 -26.481405 1.183727
v 2.263498 -26.481405 1.361256
v 1.997202 -26.481405 1.272491
v 2.559380 -26.481405 1.538785
v -6.642538 -26.481405 2.041783
v -6.494597 -26.481405 2.574370
v -8.506593 -26.481405 2.870252
v 2.796084 -26.481405 1.775490
v 5.311077 -26.481405 2.870252
v 3.387848 -26.481405 2.870252
v 2.973611 -26.481405 2.012195
v -8.595359 -26.481405 2.574370
v 5.518196 -26.481405 2.278489
v 5.281488 -26.481405 3.166133
v -8.743300 -26.481405 2.278489
v 3.387848 -26.481405 3.166133
v -6.642538 -26.481405 3.166133
v -8.506593 -26.481405 3.166133
v 17.619749 -26.481405 6.509596
v 15.045584 -26.481405 5.059775
v 15.193521 -26.481405 4.763894
v 3.269493 -26.481405 4.763894
v 5.518196 -26.481405 5.059775
v 3.180730 -26.481405 5.059775
v 5.636548 -26.481405 5.355657
v -6.405837 -26.481405 5.059775
v -8.743300 -26.481405 5.059775
v -6.494597 -26.481405 4.763894
v 2.973611 -26.481405 5.355657
v 5.843664 -26.481405 5.562774
v 2.796084 -26.481405 5.562774
v 18.152332 -26.481405 6.509596
v 3.239907 -26.481405 6.509596
v 2.559380 -26.481405 5.769892
v 2.825670 -26.481405 6.509596
v 17.057577 -26.481405 6.509596
v 14.897640 -26.481405 5.355657
v 34.544182 -26.481405 6.509596
v 34.544182 -26.481405 6.480007
v 13.921228 -26.481405 1.272491
v 13.595763 -26.481405 1.213315
v 33.982002 -26.481405 0.236905
v 14.483409 -26.481405 1.538785
v 14.187527 -26.481405 1.361256
v 14.720113 -26.481405 1.775490
v 14.897640 -26.481405 2.012195
v 5.636548 -26.481405 2.012195
v 15.045584 -26.481405 2.278489
v 15.193521 -26.481405 2.574370
v 15.252700 -26.481405 2.870252
v 15.252700 -26.481405 3.166133
v 15.252700 -26.481405 4.172131
v 15.252700 -26.481405 4.468012
v 34.425827 -26.481405 0.236905
v 33.982002 -26.481405 6.509596
v 16.495399 -26.481405 6.509596
v 14.720113 -26.481405 5.562774
v -20.519384 -26.481405 3.166133
v 15.874052 -26.481405 6.509596
v -0.073968 -26.481405 13.581167
v 17.264694 -26.481405 6.509596
v 7.471014 -26.481405 6.509596
v 13.211118 -26.481405 6.509596
v 16.998402 -26.481405 6.509596
v 16.998402 -26.481405 20.534384
v 16.998402 -26.481405 6.627948
v 20.460218 -26.481405 6.509596
v -6.997601 -26.481405 6.509596
v -6.968009 -26.481405 6.509596
v -17.027985 -26.481405 6.627948
v 33.952419 -26.481405 6.509596
v 34.366650 -26.481405 6.509596
v 34.337067 -26.481405 6.509596
v -17.027985 -26.481405 6.509596
v -16.761692 -26.481405 6.509596
v -0.073968 -26.481405 27.487602
v -8.536184 -26.481405 27.487602
v -17.027985 -26.481405 27.458014
v -17.027985 -26.481405 27.428429
v 16.998402 -26.481405 27.428429
v 34.277889 -26.481405 6.509596
v -10.311473 -26.481405 6.509596
v -10.045180 -26.481405 6.509596
v 33.626945 -26.481405 6.509596
v -5.932425 -26.481405 6.509596
v -5.606955 -26.481405 6.509596
v 28.360256 -26.481405 6.509596
v -17.027985 -26.481405 20.534384
v 18.744104 -26.481405 6.509596
v -18.241100 -26.481405 6.509596
v -18.152332 -26.481405 6.509596
v 18.684927 -26.481405 6.509596
v 18.655338 -26.481405 6.509596
v 1.760498 -26.481405 6.509596
v 2.115557 -26.481405 6.509596
v 3.594964 -26.481405 6.509596
v 6.672132 -26.481405 6.509596
v 6.908836 -26.481405 6.509596
v 17.087168 -26.481405 6.509596
v 16.672932 -26.481405 6.509596
v 14.039583 -26.481405 6.509596
v 15.311877 -26.481405 6.509596
v 14.483409 -26.481405 5.769892
v 15.489404 -26.481405 6.509596
v 15.341466 -26.481405 6.509596
v 14.187527 -26.481405 5.977009
v 13.773290 -26.481405 6.509596
v 13.506997 -26.481405 6.509596
v 13.921228 -26.481405 6.065773
v 13.595763 -26.481405 6.154538
v 13.270292 -26.481405 6.184126
v 7.411839 -26.481405 6.509596
v 7.145543 -26.481405 6.509596
v 7.263898 -26.481405 6.184126
v 6.938427 -26.481405 6.154538
v 6.524190 -26.481405 6.509596
v 6.376250 -26.481405 5.977009
v 6.642546 -26.481405 6.065773
v 3.654138 -26.481405 6.509596
v 6.109960 -26.481405 5.769892
v 34.544182 -26.481405 6.243302
v 2.263498 -26.481405 5.977009
v 2.470614 -26.481405 6.509596
v 1.997202 -26.481405 6.065773
v 1.671734 -26.481405 6.154538
v 0.872852 -26.481405 6.509596
v 1.405438 -26.481405 6.184126
v -0.073968 -26.481405 6.509596
v -4.867250 -26.481405 6.509596
v -4.896836 -26.481405 6.509596
v -5.222310 -26.481405 6.509596
v -4.600957 -26.481405 6.184126
v -4.926427 -26.481405 6.154538
v -5.222310 -26.481405 6.065773
v -6.317070 -26.481405 6.509596
v -5.547780 -26.481405 5.977009
v -19.927626 -26.481405 5.562774
v -6.050777 -26.481405 5.562774
v -5.814070 -26.481405 5.769892
v -6.672130 -26.481405 6.509596
v -9.335064 -26.481405 5.769892
v -9.068771 -26.481405 5.562774
v -6.228307 -26.481405 5.355657
v -8.861652 -26.481405 5.355657
v -9.571769 -26.481405 6.509596
v -9.808473 -26.481405 6.509596
v -9.601357 -26.481405 5.977009
v -9.867650 -26.481405 6.065773
v -10.607355 -26.481405 6.509596
v -10.518588 -26.481405 6.184126
v -10.193121 -26.481405 6.154538
v -11.938822 -26.481405 6.509596
v -0.073968 -26.481405 27.428429
v -17.323866 -26.481405 6.509596
v 16.998402 -26.481405 27.458014
v -0.073968 -26.481405 27.458014
v -34.041180 -26.481405 27.487602
v 16.998402 -26.481405 27.487602
v -17.027985 -26.481405 27.487602
v -8.595359 -26.481405 4.763894
v -8.506593 -26.481405 4.172131
v -8.861652 -26.481405 2.012195
v -6.405837 -26.481405 2.278489
v -6.228307 -26.481405 2.012195
v -6.050777 -26.481405 1.775490
v -6.612952 -26.481405 2.870252
v 13.270292 -26.481405 1.183727
v 33.982002 -26.481405 0.177729
v 18.714516 -26.481405 0.207317
v 6.376250 -26.481405 1.361256
v 6.642546 -26.481405 1.272491
v 6.938427 -26.481405 1.213315
v 18.714516 -26.481405 0.236905
v 7.263898 -26.481405 1.183727
v -9.335064 -26.481405 1.538785
v -20.489801 -26.481405 2.870252
v -20.430624 -26.481405 2.574370
v -20.282686 -26.481405 2.278489
v -20.105152 -26.481405 2.012195
v -19.927626 -26.481405 1.775490
v -4.926427 -26.481405 1.213315
v -5.222310 -26.481405 1.272491
v -19.128744 -26.481405 1.272491
v -18.507395 -26.481405 1.183727
v -18.803276 -26.481405 1.213315
v -4.600957 -26.481405 1.183727
v -34.425827 -26.481405 6.509596
v -20.282686 -26.481405 5.059775
v -19.690918 -26.481405 5.769892
v -19.128744 -26.481405 6.065773
v -19.424625 -26.481405 5.977009
v -20.105152 -26.481405 5.355657
v -34.899239 -26.422228 0.236905
v -34.455414 -26.481405 0.177729
v -27.709312 -23.522589 6.509596
v -27.709312 -23.522589 6.272891
v -29.188723 -21.569771 5.888245
v -29.159134 -21.540182 5.888245
v -28.922428 -21.333063 5.888245
v -28.892839 -21.273890 5.888245
v -28.892839 -21.303478 6.361654
v -29.099955 -21.510593 5.888245
v -29.040781 -21.481005 5.888245
v -28.952015 -21.392239 6.509596
v -28.863251 -21.273890 18.581566
v -28.863251 -21.273890 18.285685
v -28.833662 -21.214712 6.361654
v 31.111954 -21.273890 6.332067
v 31.023188 -21.333063 5.888245
v -28.863251 -21.273890 5.917832
v 31.200720 -21.185125 5.917832
v 31.141542 -21.273890 5.917832
v 31.200720 -21.185125 6.332067
v -28.804073 -21.185125 5.917832
v -27.650135 -22.220709 4.379248
v -27.857254 -22.427828 4.379248
v -27.502197 -21.984005 4.379248
v -28.774488 -21.125948 5.917832
v -28.685724 -21.037182 6.272891
v -28.685724 -21.037182 6.509596
v -28.685724 -21.037182 5.917832
v -28.685724 19.439421 6.332067
v -28.685724 19.439421 6.509596
v -28.685724 19.439421 6.272891
v -28.685724 19.469009 5.917832
v -28.685724 19.439421 5.917832
v -28.626547 -20.918827 5.917832
v -28.626547 -20.918827 6.272891
v -28.626547 19.557777 5.917832
v -28.626547 19.587364 6.095362
v -28.626547 -19.735306 5.947420
v -28.626547 -19.764891 5.947420
v -28.596958 -19.912832 5.947420
v -28.626547 -19.764891 6.302479
v -28.656136 -20.918827 6.272891
v -28.596958 -20.770889 5.917832
v -28.596958 -20.741302 5.917832
v -28.567369 -20.652536 5.917832
v -27.058374 19.557777 4.379248
v -28.567369 19.824068 5.917832
v -28.567369 19.912832 5.917832
v -28.567369 -20.593361 5.917832
v -28.537781 -20.475010 5.917832
v -26.999197 -20.593361 4.379248
v -26.999197 19.883245 4.379248
v -28.537781 20.001600 5.917832
v -28.537781 20.149542 5.917832
v -26.999197 20.179129 4.379248
v -28.537781 -20.327068 5.917832
v -26.999197 -20.297480 4.379248
v -26.999197 -20.001598 4.379248
v -26.999197 20.475012 4.379248
v -28.537781 -20.297480 5.947420
v -28.537781 -20.208714 5.947420
v -28.537781 20.179129 5.947420
v -28.537781 20.267891 5.947420
v -28.537781 20.297480 5.947420
v -28.537781 -20.179129 5.947420
v -28.567369 -20.031187 5.947420
v -27.058374 -19.705715 4.379248
v -20.904036 -14.320670 0.976609
v -21.850853 -14.705316 0.976609
v -17.590160 -12.131146 0.976609
v -16.909632 -11.361854 0.976609
v -19.158333 -13.403436 0.976609
v -18.329865 -12.811675 0.976609
v -20.016390 -13.936023 0.976609
v -16.317869 -10.562972 0.976609
v -15.814872 -9.704916 0.976609
v -15.341460 -8.787683 0.976609
v 35.047180 -25.712111 27.605955
v 33.331070 -22.457417 6.272891
v 33.301476 -22.457417 6.450419
v 31.171131 -21.214712 6.509596
v 31.171131 -21.214712 6.480007
v 31.200720 -21.185125 6.509596
v 31.200720 -21.155537 6.272891
v 31.230303 -21.125948 6.272891
v 31.200720 -21.125948 5.917832
v 31.289486 -21.007595 5.917832
v 32.650539 -21.747301 4.379248
v 32.502598 -21.984005 4.379248
v -17.027985 -25.534584 0.000200
v -0.044382 -25.652937 0.000200
v -17.027985 25.564171 0.000200
v -17.027985 25.475410 0.000200
v -34.011593 25.564171 0.000200
v -17.027985 -25.652937 0.000200
v -17.027985 -25.712111 0.000200
v -34.011593 -25.652937 0.000200
v -0.044382 25.741703 0.000200
v -0.044382 25.564171 0.000200
v -17.027985 25.682526 0.000200
v -0.044382 -25.771288 0.000200
v 16.998402 -25.712111 0.000200
v 16.998402 -25.652937 0.000200
v 33.982002 -25.652937 0.000200
v -36.141941 23.463415 0.000200
v -36.141941 -0.029587 0.000200
v -36.260292 -0.029587 0.000200
v 16.998402 -25.534584 0.000200
v -36.141941 -23.522589 0.000200
v 36.112350 -23.522589 0.000200
v 36.112350 -0.029587 0.000200
v 36.230713 -0.029587 0.000200
v 36.112350 23.463415 0.000200
v 16.998402 25.564171 0.000200
v 16.998402 25.682526 0.000200
v 33.982002 25.564171 0.000200
v 16.998402 25.475410 0.000200
v -35.964409 9.261095 0.000200
v -17.027985 -25.889641 0.029788
v -0.044382 -25.978407 0.029788
v -17.027985 -25.978407 0.029788
v -34.011593 -25.978407 0.029788
v -0.044382 -26.037582 0.029788
v 16.998402 -25.978407 0.029788
v -17.027985 25.800880 0.029788
v -17.027985 25.919230 0.029788
v -0.044382 25.919230 0.029788
v 16.998402 -25.889641 0.029788
v 33.982002 -25.978407 0.029788
v -36.467411 -0.029587 0.029788
v -36.467411 -23.522589 0.029788
v -36.526585 -0.029587 0.029788
v -36.467411 23.463415 0.029788
v -17.027985 25.978407 0.029788
v -34.011593 25.919230 0.029788
v 16.998402 25.919230 0.029788
v 16.998402 25.800880 0.029788
v -0.044382 26.007996 0.029788
v 16.998402 25.978407 0.029788
v 36.408234 -23.522589 0.029788
v 36.408234 -0.029587 0.029788
v 36.496998 -0.029587 0.029788
v 36.408234 23.463415 0.029788
v 33.982002 25.919230 0.029788
v -17.027985 -26.126348 0.059376
v -0.044382 -26.215111 0.059376
v -17.027985 26.215118 0.059376
v -17.027985 26.155933 0.059376
v -34.011593 26.155933 0.059376
v -17.027985 -26.215111 0.059376
v -17.027985 -26.244699 0.059376
v -34.011593 -26.215111 0.059376
v 16.998402 -26.244699 0.059376
v 16.998402 -26.215111 0.059376
v 33.982002 -26.215111 0.059376
v 16.998402 26.155933 0.059376
v 16.998402 26.067173 0.059376
v -0.044382 26.155933 0.059376
v 16.998402 -26.126348 0.059376
v 16.998402 26.215118 0.059376
v 33.982002 26.155933 0.059376
v -17.027985 26.067173 0.059376
v -0.044382 -26.274286 0.148141
v -17.027985 -26.303875 0.148141
v -17.027985 26.303879 0.148141
v -17.027985 26.333467 0.148141
v -0.044382 26.303879 0.148141
v -0.044382 26.244699 0.148141
v 16.998402 26.274290 0.148141
v -0.044382 -26.422228 0.148141
v 16.998402 -26.303875 0.148141
v -17.027985 26.274290 0.148141
v -34.011593 26.303879 0.148141
v -17.027985 -26.422228 0.148141
v -17.027985 -26.451817 0.148141
v -34.011593 -26.422228 0.148141
v -36.911232 -23.522589 0.148141
v -36.911232 -0.029587 0.148141
v -36.763290 -0.029587 0.148141
v -36.911232 23.463415 0.148141
v 16.998402 26.303879 0.148141
v 33.982002 26.303879 0.148141
v 16.998402 26.333467 0.148141
v 16.998402 -26.422228 0.148141
v 33.982002 -26.422228 0.148141
v 36.852058 -0.029587 0.148141
v 36.852058 -23.522589 0.148141
v 36.704117 -0.029587 0.148141
v 36.852058 23.463415 0.148141
v 16.998402 -26.451817 0.148141
v -0.044382 -26.451817 0.177729
v -17.027985 26.451817 0.177729
v -17.027985 26.422234 0.177729
v -34.011593 26.451817 0.177729
v -0.044382 26.451817 0.177729
v -0.044382 26.363056 0.177729
v 36.940826 -0.029587 0.177729
v 36.940826 -23.522589 0.177729
v 36.911236 -0.029587 0.177729
v 36.940826 23.463415 0.177729
v -36.970409 -0.029587 0.177729
v -36.970409 23.463415 0.177729
v -36.940819 -0.029587 0.177729
v 16.998402 26.451817 0.177729
v 16.998402 26.422234 0.177729
v 33.982002 26.451817 0.177729
v -36.970409 -23.522589 0.177729
v 34.425827 -26.481405 0.177729
v 34.869652 -26.303875 0.177729
v 34.869652 -26.422228 0.236905
v -34.485001 -26.481405 27.487602
v -34.899239 -26.303875 27.487602
v -34.899239 -26.244699 27.517191
v -35.343060 -26.037582 27.517191
v -35.402237 -26.185522 27.487602
v -35.727707 -25.948818 27.487602
v -35.668530 -25.800877 27.517191
v -35.993999 -25.504995 27.517191
v -36.141941 -25.623348 27.487602
v -36.289883 -25.179525 27.517191
v -36.201115 -25.090759 27.576368
v -36.467411 -24.706116 27.576368
v -36.201115 -24.617348 27.605955
v -36.289883 -24.232704 27.605955
v -35.993999 -24.143942 27.635544
v -36.141941 -23.848059 27.635544
v -35.727707 -23.788881 27.665133
v -36.201115 -0.029587 27.635544
v -36.467411 -0.029587 27.605955
v -36.141941 23.818470 27.635544
v -35.727707 23.729708 27.665133
v -35.757294 -0.029587 27.665133
v -35.343060 24.143942 27.665133
v -35.343060 24.439827 27.665133
v -35.343060 -25.179525 27.635544
v -35.343060 -24.676525 27.665133
v -35.343060 0.887645 13.669930
v -35.343060 -11.924029 6.716713
v -35.343060 25.475410 18.551979
v -35.343060 24.676531 27.665133
v -35.343060 25.149939 27.635544
v -35.343060 25.475410 27.605955
v -35.668530 23.996000 27.665133
v -35.609352 24.262293 27.665133
v -35.431824 24.498999 27.665133
v 35.550182 24.262293 27.665133
v 35.372650 -24.558176 27.665133
v 35.550182 -0.029587 27.665133
v 35.727703 -23.522589 27.665133
v 35.698120 0.118354 27.665133
v 35.550182 -24.321468 27.665133
v 35.638950 -24.084764 27.665133
v -35.993999 24.143942 27.635544
v -36.467411 23.877645 27.605955
v -36.467411 -23.877647 27.605955
v -36.467411 -23.522589 27.605955
v -36.467411 23.463415 27.605955
v -36.704117 -23.907234 27.576368
v -36.704117 23.907238 27.576368
v -36.733704 23.463415 27.576368
v -36.940819 23.463415 27.517191
v -36.763290 -0.029587 27.517191
v 33.952419 26.303879 27.517191
v 8.477009 26.333467 27.517191
v 16.998402 26.303879 27.517191
v -36.940819 -23.522589 27.517191
v -36.940819 -0.029587 27.517191
v -0.073968 26.303879 27.517191
v 36.822472 -0.029587 27.517191
v 36.704117 -0.029587 27.517191
v 36.822472 -23.522589 27.517191
v -17.027985 26.333467 27.517191
v -17.027985 26.303879 27.517191
v -34.041180 26.303879 27.517191
v -17.027985 26.274290 27.517191
v 16.998402 26.274290 27.517191
v -17.027985 -26.303875 27.517191
v -34.041180 -26.422228 27.517191
v -17.027985 -26.422228 27.517191
v -0.073968 -26.274286 27.517191
v -0.073968 -26.422228 27.517191
v -0.073968 26.244699 27.517191
v 36.822472 23.463415 27.517191
v -8.536184 -26.422228 27.517191
v 16.998402 -26.303875 27.517191
v 16.998402 -26.422228 27.517191
v 33.952419 -26.422228 27.517191
v 16.998402 -26.451817 27.517191
v -8.536184 -26.274286 27.517191
v -36.970409 -0.029587 27.487602
v -36.970409 23.463415 27.487602
v 36.940826 -0.029587 27.487602
v 36.911236 -0.029587 27.487602
v 36.940826 -23.522589 27.487602
v 16.998402 26.451817 27.487602
v -0.073968 26.451817 27.487602
v 8.477009 26.363056 27.487602
v 33.952419 26.451817 27.487602
v 36.940826 23.463415 27.487602
v -36.970409 -0.029587 13.581167
v -36.970409 -0.029587 27.428429
v -36.970409 23.463415 27.428429
v -36.970409 -0.029587 27.458014
v -36.970409 -23.522589 27.428429
v -36.970409 -23.522589 27.487602
v -36.970409 23.907238 27.487602
v -36.970409 23.463415 0.236905
v -36.970409 23.907238 0.236905
v -36.970409 -23.522589 0.236905
v -36.970409 -23.522589 6.243302
v -36.970409 -22.664532 6.509596
v -36.970409 11.894441 6.509596
v -36.970409 12.486204 6.509596
v -36.970409 23.670530 6.243302
v -36.970409 23.463415 6.509596
v -36.970409 4.349461 6.509596
v -36.970409 -23.522589 6.509596
v -36.970409 -0.029587 6.509596
v -36.970409 -0.029587 0.236905
v -36.970409 -4.379047 6.509596
v -36.970409 -23.877647 6.243302
v -36.970409 -23.966412 6.243302
v -36.970409 -0.029587 0.207317
v -36.970409 23.907238 27.428429
v -36.970409 -23.700119 6.243302
v -36.970409 -23.966412 0.236905
v -36.970409 -23.670530 6.243302
v -36.970409 -11.953618 6.509596
v -36.970409 -23.966412 27.487602
v -36.970409 23.463415 6.243302
v -36.970409 23.581766 6.243302
v -36.792877 -23.936823 0.148141
v -36.970409 -23.966412 0.177729
v -36.792877 -23.936823 27.517191
v -36.733704 -23.522589 27.576368
v -36.733704 -0.029587 27.576368
v -36.526585 -0.029587 27.605955
v 16.998402 25.919230 27.605955
v -0.073968 25.919230 27.605955
v 16.998402 25.800880 27.605955
v -17.027985 -25.889641 27.605955
v -0.073968 -25.948818 27.605955
v -0.073968 -26.007994 27.605955
v -17.027985 -25.978407 27.605955
v -0.073968 -26.037582 27.605955
v 35.372650 -25.475407 27.605955
v -35.135941 25.652937 27.605955
v -35.431824 25.445822 27.605955
v 16.998402 25.978407 27.605955
v 33.952419 25.919230 27.605955
v -17.027985 25.919230 27.605955
v -8.536184 25.830469 27.605955
v -0.073968 26.007996 27.605955
v -17.027985 25.978407 27.605955
v -34.041180 25.919230 27.605955
v 36.378643 -23.522589 27.605955
v 36.496998 -0.029587 27.605955
v 36.378643 -0.029587 27.605955
v 36.378643 23.463415 27.605955
v -34.041180 -25.978407 27.605955
v -35.431824 -25.475407 27.605955
v -35.135941 -25.712111 27.605955
v -36.526585 -24.351057 27.576368
v -36.733704 -24.410234 27.517191
v -36.792877 -24.410234 27.487602
v -36.704117 -24.883642 27.487602
v -36.526585 -24.824469 27.517191
v -36.467411 -25.238703 27.487602
v -36.467411 -25.268291 27.428429
v -36.733704 -24.883642 27.428429
v -36.704117 -24.883642 0.236905
v -36.940819 -24.410234 27.428429
v -36.911232 -24.410234 0.236905
v -36.674526 -24.883642 0.177729
v -36.437820 -25.238703 0.177729
v -36.526585 -24.824469 0.148141
v -36.289883 -25.179525 0.148141
v -36.201115 -25.090759 0.059376
v -35.934822 -25.445818 0.059376
v -35.698112 -25.209114 0.029788
v -35.964409 -24.942822 0.029788
v -35.490997 -25.001999 0.000200
v -35.224701 -25.209114 0.000200
v -34.958412 -25.445818 0.000200
v -35.431824 -25.475407 0.029788
v -35.106354 -25.712111 0.029788
v -34.632946 -25.504995 0.000200
v -34.721706 -25.800877 0.029788
v -35.195118 -25.948818 0.059376
v -35.579765 -25.712111 0.059376
v -35.668530 -25.800877 0.148141
v -35.993999 -25.504995 0.148141
v -36.112350 -25.623348 0.177729
v -36.467411 -25.268291 0.236905
v -36.141941 -25.652937 0.236905
v -36.201115 -25.623348 18.551979
v -36.201115 -25.652937 27.428429
v -35.934822 -25.800877 18.551979
v -35.757294 -25.978407 27.428429
v -35.757294 -25.978407 0.236905
v -35.461414 -26.126348 6.243302
v -35.431824 -26.215111 6.509596
v -35.402237 -26.215111 6.509596
v -35.431824 -26.215111 6.243302
v -35.372646 -26.215111 6.509596
v -35.402237 -26.215111 27.428429
v -35.372646 -26.215111 0.236905
v -35.313473 -26.244699 6.509596
v -34.899239 -26.303875 0.177729
v -35.372646 -26.185522 0.177729
v -35.727707 -25.948818 0.177729
v -35.313473 -26.037582 0.148141
v -34.899239 -26.244699 0.148141
v -34.840061 -26.037582 0.059376
v -34.396236 -26.185522 0.059376
v -34.425827 -26.303875 0.148141
v -34.366650 -25.948818 0.029788
v -34.337063 -25.623348 0.000200
v -32.916832 20.770891 4.379248
v -32.976006 20.475012 4.379248
v -33.005596 20.179129 4.379248
v -32.976006 19.883245 4.379248
v -32.916832 19.557777 4.379248
v -32.828064 19.291483 4.379248
v -32.768890 18.995598 4.379248
v -30.549776 17.220312 4.379248
v -30.875246 17.309074 4.379248
v -30.342661 18.699720 5.829068
v -30.253895 18.670130 5.829068
v -29.898838 18.670130 5.829068
v -29.839661 18.670130 5.829068
v -30.017189 18.670130 6.272891
v -30.135542 18.670130 5.829068
v -30.046778 18.670130 6.272891
v -29.958012 18.670130 5.829068
v -30.017189 18.670130 5.829068
v -30.194719 18.670130 5.829068
v 34.307476 25.534588 0.000200
v 34.337067 25.889647 0.029788
v 34.366650 26.096762 0.059376
v 34.810474 26.007996 0.059376
v 34.840065 26.185522 0.148141
v 35.283890 26.007996 0.148141
v 35.165535 25.830469 0.059376
v 34.692127 25.771292 0.029788
v 35.076767 25.652937 0.029788
v 34.603359 25.475410 0.000200
v 34.928825 25.386644 0.000200
v 34.307476 -25.623348 0.000200
v 34.337067 -25.948818 0.029788
v 34.366650 -26.185522 0.059376
v 34.396244 -26.303875 0.148141
v 34.810474 -26.037582 0.059376
v 34.840065 -26.244699 0.148141
v 35.165535 -25.948818 0.059376
v 35.283890 -26.037582 0.148141
v 35.343060 -26.185522 0.177729
v 35.638950 -25.800877 0.148141
v 35.698120 -25.948818 0.177729
v 35.550182 -25.712111 0.059376
v 35.875648 -25.445818 0.059376
v 35.964413 -25.504995 0.148141
v 36.082764 -25.623348 0.177729
v 35.727703 -25.978407 0.236905
v 36.112350 -25.652937 0.236905
v 35.343060 -26.215111 0.236905
v 35.313473 -26.215111 27.428429
v 34.840065 -26.303875 27.487602
v 35.313473 -26.185522 27.487602
v 34.840065 -26.244699 27.517191
v 34.396244 -26.303875 27.517191
v 34.366650 -26.185522 27.576368
v 33.952419 -26.215111 27.576368
v 33.952419 -25.978407 27.605955
v -34.041180 -26.215111 27.576368
v -8.536184 -26.215111 27.576368
v 16.998402 -26.215111 27.576368
v -34.396236 -26.185522 27.576368
v 16.998402 -26.244699 27.576368
v -34.425827 -26.303875 27.517191
v 34.425827 -26.481405 27.487602
v -34.869648 -26.037582 27.576368
v -34.780884 -25.800877 27.605955
v -34.366650 -25.948818 27.605955
v -35.490997 -25.001999 27.635544
v -35.698112 -25.209114 27.605955
v -35.698112 -24.735704 27.635544
v -35.609352 -24.321468 27.665133
v -35.668530 -24.084764 27.665133
v -3.003198 25.475410 18.729507
v -19.039978 25.475410 9.202119
v -19.010391 25.475410 9.113355
v 30.461012 25.475410 6.243302
v -35.076763 25.475410 27.635544
v -35.195118 25.475410 18.551979
v -35.224701 25.475410 6.243302
v 13.418234 25.475410 3.402838
v -35.254295 25.475410 6.243302
v 11.287887 25.475410 23.138144
v 11.287887 25.475410 19.617153
v -35.195118 25.475410 6.243302
v -35.106354 25.475410 6.243302
v -34.958412 25.475410 6.243302
v -34.928825 25.475410 6.243302
v -35.076763 25.475410 6.243302
v -34.899239 25.475410 6.243302
v -2.174730 25.475410 24.854258
v -1.878845 25.475410 25.031786
v -34.869648 25.475410 6.243302
v -34.780884 25.475410 6.243302
v -34.662529 25.475410 6.243302
v -2.441020 25.475410 24.735903
v -34.573769 25.475410 6.243302
v -30.964010 25.475410 6.243302
v -30.549776 25.475410 6.243302
v -25.697317 25.475410 6.243302
v -24.425026 25.475410 6.243302
v -24.395439 25.475410 6.243302
v -24.217911 25.475410 6.243302
v -19.128744 25.475410 9.498000
v 35.195118 25.475410 6.243302
v -24.188322 25.475410 6.243302
v -24.010792 25.475410 6.243302
v -19.069567 25.475410 9.379647
v -2.944018 25.475410 18.551979
v 35.165535 25.475410 6.243302
v -23.981203 25.475410 6.243302
v -23.892439 25.475410 6.243302
v -19.898037 25.475410 6.243302
v -19.069567 25.475410 6.243302
v 35.135941 25.475410 6.243302
v -19.010391 25.475410 6.243302
v -18.980803 25.475410 6.243302
v 35.106358 25.475410 6.243302
v -14.187521 25.475410 6.243302
v -14.098758 25.475410 6.243302
v -14.069169 25.475410 6.243302
v 35.076767 25.475410 6.243302
v -7.382246 25.475410 6.243302
v -6.701719 25.475410 6.243302
v -5.932425 25.475410 6.243302
v 35.047180 25.475410 6.243302
v -5.103957 25.475410 6.243302
v -4.186723 25.475410 6.243302
v -3.565370 25.475410 6.243302
v 34.928825 25.475410 6.243302
v -3.506196 25.475410 6.243302
v 34.840065 25.475410 27.635544
v 34.840065 25.475410 18.551979
v -3.299080 25.475410 6.243302
v -3.062373 25.475410 6.243302
v 34.899242 25.475410 6.243302
v -1.819668 25.475410 5.977009
v -2.145141 25.475410 6.065773
v 19.276691 25.475410 6.243302
v 19.424629 25.475410 6.243302
v 22.916033 25.475410 9.113355
v 11.258298 25.475410 19.321270
v -3.239900 25.475410 19.321270
v -3.091959 25.475410 19.025385
v -3.269488 25.475410 19.617153
v -18.625744 25.475410 25.357256
v -3.269488 25.475410 23.138144
v -18.596155 25.475410 25.534784
v -3.239900 25.475410 23.434023
v -18.448217 25.475410 25.949018
v -18.359453 25.475410 26.067371
v -2.707313 25.475410 24.469610
v -18.329865 25.475410 26.096960
v -18.211512 25.475410 26.156137
v -2.677728 25.475410 24.528786
v 35.017590 25.475410 27.635544
v -1.553378 25.475410 25.061375
v -0.399439 25.475410 26.984606
v 11.051179 25.475410 6.243302
v 10.992004 25.475410 18.551979
v 34.869652 25.475410 6.243302
v 11.347064 25.475410 6.243302
v 19.187923 25.475410 6.243302
v 15.223110 25.475410 6.243302
v 14.542581 25.475410 6.243302
v 11.702121 25.475410 6.243302
v 11.583765 25.475410 6.243302
v 13.862057 25.475410 6.243302
v 13.063177 25.475410 6.243302
v 12.205118 25.475410 6.243302
v 11.080768 25.475410 18.729507
v 26.703321 25.475410 6.243302
v 26.555376 25.475410 6.243302
v 34.840065 25.475410 6.243302
v 11.169535 25.475410 19.025385
v 26.525787 25.475410 6.243302
v -1.198318 25.475410 5.888245
v -1.523789 25.475410 5.917832
v -2.825669 25.475410 24.292080
v 10.222712 25.475410 6.065773
v 9.926829 25.475410 5.977009
v 30.135548 25.475410 6.243302
v 9.275891 25.475410 5.888245
v -3.091959 25.475410 23.729908
v -3.003198 25.475410 24.025787
v 9.601361 25.475410 5.917832
v -0.665729 25.475410 18.256096
v -1.198318 25.475410 25.090963
v 11.258298 25.475410 23.434023
v 11.169535 25.475410 23.729908
v 11.080768 25.475410 23.996201
v 10.903238 25.475410 24.292080
v 10.666537 25.475410 24.528786
v 10.459415 25.475410 24.735903
v 10.193126 25.475410 24.854258
v 9.867655 25.475410 25.031786
v 9.571772 25.475410 25.061375
v 9.275891 25.475410 25.090963
v -2.145141 24.972410 6.065773
v -2.085964 24.883646 6.065773
v -2.736902 24.439827 18.551979
v -2.559372 24.291882 18.551979
v -2.796080 24.439827 18.729507
v -2.944018 24.617353 18.729507
v -2.825669 24.617353 18.551979
v -3.003198 24.765297 18.729507
v -2.944018 24.765297 18.551979
v -2.944018 24.972410 18.551979
v -3.003198 24.972410 18.729507
v 35.047180 25.652937 27.605955
v 34.692127 25.771292 27.605955
v 34.780891 26.007996 27.576368
v 34.366650 26.096762 27.576368
v 34.337067 25.889647 27.605955
v -34.041180 26.155933 27.576368
v -34.396236 26.096762 27.576368
v -34.366650 25.889647 27.605955
v -34.869648 26.007996 27.576368
v -34.780884 25.771292 27.605955
v -35.490997 24.972410 27.635544
v -35.698112 24.706120 27.635544
v -35.934822 24.439827 27.635544
v -36.201115 24.587765 27.605955
v -36.289883 24.203119 27.605955
v -36.526585 24.291882 27.576368
v -36.792877 23.907238 27.517191
v -36.733704 24.351059 27.517191
v -36.792877 24.410231 27.487602
v -36.526585 24.735703 27.517191
v -36.467411 24.706120 27.576368
v -36.201115 25.031584 27.576368
v -36.289883 25.149939 27.517191
v -36.704117 24.794880 27.487602
v -36.467411 25.209116 27.487602
v -36.733704 24.854057 27.428429
v -36.940819 24.410231 27.428429
v -36.911232 24.410231 0.236905
v -36.704117 24.854057 0.236905
v -36.704117 24.854057 6.243302
v -36.467411 25.209116 27.428429
v -36.349056 25.327465 6.509596
v -36.141941 25.534588 27.487602
v -36.467411 25.209116 0.236905
v -36.201115 25.564171 27.428429
v -35.757294 25.919230 27.428429
v -36.141941 25.564171 0.236905
v -36.437820 25.209116 0.177729
v -36.674526 24.794880 0.177729
v -36.526585 24.735703 0.148141
v -36.289883 25.149939 0.148141
v -36.437820 24.706120 0.059376
v -36.526585 24.291882 0.059376
v -36.733704 24.351059 0.148141
v -36.674526 23.907238 0.059376
v -36.792877 23.907238 0.148141
v -36.704117 23.463415 0.059376
v -36.970409 23.907238 0.177729
v -36.792877 24.410231 0.177729
v -36.704117 -0.029587 0.059376
v -36.704117 -23.522589 0.059376
v -36.674526 -23.907234 0.059376
v -36.437820 -23.877647 0.029788
v -36.112350 -23.848059 0.000200
v -34.337063 25.534588 0.000200
v -34.632946 25.475410 0.000200
v -34.958412 25.386644 0.000200
v -34.721706 25.771292 0.029788
v -35.106354 25.652937 0.029788
v -34.840061 26.007996 0.059376
v -34.396236 26.096762 0.059376
v -34.425827 26.274290 0.148141
v -34.899239 26.185522 0.148141
v -34.455414 26.422234 0.177729
v -34.899239 26.274290 0.177729
v -34.455414 26.451817 0.236905
v -34.899239 26.303879 0.236905
v -34.011593 26.481405 0.236905
v -34.011593 26.481405 6.509596
v -34.100357 26.481405 6.509596
v -33.922821 26.481405 6.509596
v -16.850458 26.481405 3.225310
v -17.027985 26.481405 0.236905
v -34.041180 26.481405 18.551979
v -20.904036 26.481405 6.509596
v -22.057974 26.481405 6.509596
v -32.532185 26.481405 6.509596
v -17.442219 26.481405 9.113355
v -10.962411 26.481405 6.509596
v -18.329865 26.481405 4.497601
v -18.359453 26.481405 4.734306
v -18.359453 26.481405 6.509596
v -20.874447 26.481405 6.509596
v -12.915230 26.481405 6.509596
v -17.442219 26.481405 6.509596
v -11.051178 26.481405 6.509596
v -11.435823 26.481405 6.509596
v -18.270689 26.481405 4.260895
v -9.571769 26.481405 6.509596
v -6.494597 26.481405 6.509596
v -18.063572 26.481405 3.876249
v -7.737302 26.481405 6.509596
v -9.275887 26.481405 6.509596
v -9.187123 26.481405 6.509596
v -18.181923 26.481405 4.083366
v -9.630946 26.481405 6.509596
v -10.045180 26.481405 6.509596
v -7.796477 26.481405 6.509596
v -8.033183 26.481405 6.509596
v -17.915630 26.481405 3.669132
v -6.169130 26.481405 6.509596
v -4.689720 26.481405 6.509596
v -4.571371 26.481405 6.509596
v -17.708515 26.481405 3.550779
v -1.435022 26.481405 6.509596
v -2.174730 26.481405 19.262091
v -1.405437 26.481405 6.509596
v -3.032784 26.481405 6.509596
v -2.973609 26.481405 6.509596
v -17.501396 26.481405 3.373250
v -1.464611 26.481405 6.509596
v -2.944018 26.481405 6.509596
v -17.087162 26.481405 3.284486
v -17.323866 26.481405 3.314074
v 17.116751 26.481405 3.225310
v -1.346259 26.481405 6.509596
v 33.982002 26.481405 0.236905
v -0.044382 26.481405 0.236905
v -17.027985 26.481405 0.207317
v 16.998402 26.481405 0.236905
v -34.041180 26.481405 27.428429
v -1.464611 26.481405 24.440022
v -1.109555 26.481405 24.706316
v 10.784886 26.481405 21.037382
v 22.383448 26.481405 10.385645
v 10.755298 26.481405 20.563974
v -12.234704 26.481405 6.509596
v 22.353859 26.481405 10.148940
v 10.636949 26.481405 20.090563
v -12.175527 26.481405 6.509596
v 22.294682 26.481405 9.912234
v 10.459415 26.481405 19.646740
v -6.257893 26.481405 6.509596
v -6.435423 26.481405 6.509596
v -1.198318 26.481405 6.509596
v -1.227907 26.481405 6.509596
v 22.205915 26.481405 9.675529
v 10.222712 26.481405 19.262091
v -8.151536 26.481405 6.509596
v -10.074769 26.481405 6.509596
v -11.494998 26.481405 6.509596
v -1.109555 26.481405 6.509596
v -1.464611 26.481405 18.581566
v -1.819668 26.481405 18.877447
v 9.157535 26.481405 18.344860
v 8.980009 26.481405 18.256096
v 9.542184 26.481405 18.581566
v 12.648941 26.481405 6.509596
v -1.109555 26.481405 18.344860
v 9.453421 26.481405 6.509596
v 10.755298 26.481405 6.509596
v 10.133951 26.481405 6.509596
v 12.116355 26.481405 6.509596
v 12.086769 26.481405 6.509596
v 12.974411 26.481405 6.509596
v 12.856058 26.481405 6.509596
v 9.926829 26.481405 18.877447
v 25.934031 26.481405 6.509596
v 25.963614 26.481405 6.509596
v 26.999203 26.481405 6.509596
v 33.982002 26.481405 18.551979
v 33.952419 26.481405 6.509596
v 26.407438 26.481405 6.509596
v 26.525787 26.481405 6.509596
v 33.952419 26.481405 27.428429
v 10.784886 26.481405 22.013792
v 10.755298 26.481405 22.457617
v 26.170729 26.481405 6.509596
v 26.200317 26.481405 6.509596
v 26.377844 26.481405 6.509596
v 15.844463 26.481405 6.509596
v 14.720113 26.481405 6.509596
v 25.697319 26.481405 6.509596
v 19.868452 26.481405 6.509596
v 17.915636 26.481405 6.509596
v 16.880047 26.481405 6.509596
v 15.874052 26.481405 6.509596
v 22.087566 26.481405 9.468411
v 13.004000 26.481405 6.509596
v 13.418234 26.481405 6.509596
v 13.921228 26.481405 6.509596
v 13.151940 26.481405 6.509596
v 17.856459 26.481405 6.509596
v 17.826870 26.481405 6.509596
v 16.909636 26.481405 6.509596
v 10.636949 26.481405 22.960611
v -2.174730 26.481405 23.759495
v 10.459415 26.481405 23.345261
v 10.222712 26.481405 23.759495
v 9.926829 26.481405 24.114552
v 0.281088 26.481405 25.031786
v -0.162732 26.481405 24.972609
v -17.027985 26.481405 27.428429
v -0.636143 26.481405 24.854258
v -1.819668 26.481405 24.114552
v 7.766896 26.481405 25.031786
v 8.477009 26.481405 27.428429
v 8.240308 26.481405 24.972609
v 8.713716 26.481405 24.854258
v 9.157535 26.481405 24.706316
v 9.542184 26.481405 24.440022
v -0.902436 26.481405 18.256096
v 16.998402 26.481405 0.207317
v -17.027985 26.451817 0.207317
v 34.425827 26.451817 27.428429
v 34.159534 26.451817 6.509596
v 8.477009 26.451817 27.458014
v 16.998402 26.451817 0.207317
v -0.044382 26.451817 0.207317
v -34.425827 26.451817 6.243302
v -34.455414 26.451817 6.243302
v -34.425827 26.451817 6.509596
v -34.485001 26.451817 6.243302
v -34.485001 26.451817 27.428429
v -34.366650 25.889647 0.029788
v 34.396244 26.274290 0.148141
v 34.425827 26.422234 0.177729
v 34.425827 26.451817 0.236905
v 34.869652 26.303879 0.236905
v 34.869652 26.274290 0.177729
v 34.840065 26.303879 27.428429
v -34.928825 26.303879 6.509596
v -34.899239 26.303879 27.428429
v 35.313473 26.155933 27.428429
v -35.402237 26.155933 27.428429
v 35.727703 25.919230 27.428429
v 35.727703 25.919230 0.236905
v 35.343060 26.155933 0.236905
v 35.343060 26.096762 0.177729
v 35.698120 25.889647 0.177729
v 35.638950 25.771292 0.148141
v 36.082764 25.534588 0.177729
v 35.964413 25.475410 0.148141
v 35.550182 25.652937 0.059376
v 35.875648 25.386644 0.059376
v 35.372650 25.445822 0.029788
v 35.668533 25.209116 0.029788
v 35.195118 25.209116 0.000200
v 36.082764 23.818470 0.000200
v 36.378643 23.877645 0.029788
v 36.615356 23.907238 0.059376
v 36.674526 23.463415 0.059376
v 36.674526 -23.522589 0.059376
v 36.674526 -0.029587 0.059376
v 36.082764 -23.848059 0.000200
v 36.378643 -23.877647 0.029788
v 36.260296 -24.232704 0.029788
v 36.496998 -24.351057 0.059376
v 36.378643 -24.706116 0.059376
v 36.496998 -24.824469 0.148141
v 36.260296 -25.179525 0.148141
v 36.378643 -25.238703 0.177729
v 36.615356 -24.883642 0.177729
v 36.408234 -25.268291 0.236905
v 35.816471 -25.889641 6.509596
v 35.816471 -25.889641 6.450419
v 35.727703 -25.978407 27.428429
v 36.112350 -25.652937 27.428429
v 35.698120 -25.948818 27.487602
v 36.082764 -25.623348 27.487602
v 35.283890 -26.037582 27.517191
v 35.638950 -25.800877 27.517191
v 35.165535 -25.948818 27.576368
v 34.780891 -26.037582 27.576368
v 34.692127 -25.800877 27.605955
v 34.337067 -25.948818 27.605955
v 35.550182 -25.712111 27.576368
v 35.846066 -25.445818 27.576368
v 35.638950 -25.209114 27.605955
v 35.964413 -25.504995 27.517191
v 36.378643 -25.238703 27.487602
v 36.260296 -25.179525 27.517191
v 36.615356 -24.883642 27.487602
v 36.496998 -24.824469 27.517191
v 36.674526 -24.883642 27.428429
v 36.822472 -24.410234 27.428429
v 36.763294 -24.410234 27.487602
v 36.940826 -23.966412 27.428429
v 36.940826 -23.966412 27.487602
v 36.970409 -23.522589 27.428429
v 36.940826 -0.029587 27.458014
v 36.970409 -0.029587 27.428429
v 36.970409 23.463415 27.428429
v 36.674526 -23.522589 27.576368
v 36.615356 -23.907234 27.576368
v 36.378643 -23.877647 27.605955
v 36.615356 23.907238 27.576368
v 36.378643 23.877645 27.605955
v 36.082764 -23.848059 27.635544
v 36.082764 23.818470 27.635544
v 35.964413 -24.143942 27.635544
v 35.846066 -24.469410 27.635544
v 35.638950 -24.735704 27.635544
v 35.461414 -25.001999 27.635544
v 35.905235 -24.942822 27.605955
v 36.112350 -25.090759 27.576368
v 36.378643 -24.706116 27.576368
v 36.674526 -24.410234 27.517191
v 36.496998 -24.351057 27.576368
v 36.112350 -24.617348 27.605955
v 36.260296 -24.232704 27.605955
v 36.763294 -23.936823 27.517191
v 35.698120 -23.788881 27.665133
v 35.698120 23.729708 27.665133
v 36.112350 -0.029587 27.635544
v 36.674526 23.463415 27.576368
v 36.763294 23.907238 27.517191
v 36.674526 24.351059 27.517191
v 36.496998 24.291882 27.576368
v 36.260296 24.203119 27.605955
v 35.964413 24.143942 27.635544
v 36.112350 24.587765 27.605955
v 35.846066 24.439827 27.635544
v 35.638950 23.996000 27.665133
v 35.461414 24.972410 27.635544
v 35.638950 25.209116 27.605955
v 35.550182 25.652937 27.576368
v 35.165535 25.830469 27.576368
v 35.283890 26.007996 27.517191
v 34.840065 26.185522 27.517191
v 34.840065 26.274290 27.487602
v 34.425827 26.422234 27.487602
v 34.396244 26.274290 27.517191
v 33.952419 26.155933 27.576368
v -17.027985 26.185522 27.576368
v 16.998402 26.185522 27.576368
v -0.073968 26.155933 27.576368
v 16.998402 26.155933 27.576368
v -17.027985 26.155933 27.576368
v -17.027985 26.067173 27.576368
v 16.998402 26.067173 27.576368
v -34.425827 26.274290 27.517191
v -34.485001 26.422234 27.487602
v -34.899239 26.274290 27.487602
v -34.899239 26.185522 27.517191
v -35.402237 26.096762 27.487602
v -35.343060 26.007996 27.517191
v -35.195118 25.830469 27.576368
v -35.668530 25.771292 27.517191
v -35.609352 25.652937 27.576368
v -35.993999 25.475410 27.517191
v -35.934822 25.386644 27.576368
v -35.698112 25.209116 27.605955
v -35.964409 24.913235 27.605955
v -35.727707 25.889647 27.487602
v -35.757294 25.919230 0.236905
v -36.112350 25.534588 0.177729
v -35.727707 25.889647 0.177729
v -35.993999 25.475410 0.148141
v -36.201115 25.031584 0.059376
v -35.934822 25.386644 0.059376
v -35.964409 24.913235 0.029788
v -35.698112 25.209116 0.029788
v -35.698112 24.706120 0.000200
v -35.934822 24.439827 0.000200
v -36.201115 24.587765 0.029788
v -35.993999 24.143942 0.000200
v -36.112350 23.818470 0.000200
v -36.289883 24.203119 0.029788
v -36.437820 23.877645 0.029788
v -35.490997 24.972410 0.000200
v -35.224701 25.209116 0.000200
v -35.431824 25.445822 0.029788
v -35.579765 25.652937 0.059376
v -35.195118 25.830469 0.059376
v -35.313473 26.007996 0.148141
v -35.668530 25.771292 0.148141
v -35.372646 26.096762 0.177729
v -35.372646 26.155933 0.236905
v -34.603355 26.422234 6.509596
v -34.603355 26.422234 6.243302
v -34.041180 26.451817 27.487602
v -2.174730 25.830469 19.262091
v -0.902436 25.830469 18.256096
v 9.542184 25.830469 18.581566
v 9.926829 25.830469 18.877447
v 10.222712 25.830469 19.262091
v 10.459415 25.830469 19.646740
v 10.636949 25.830469 20.090563
v 10.755298 25.830469 20.563974
v 10.784886 25.830469 21.037382
v 10.784886 25.830469 22.013792
v 10.755298 25.830469 22.457617
v 10.636949 25.830469 22.960611
v 10.459415 25.830469 23.345261
v 10.222712 25.830469 23.759495
v 9.926829 25.830469 24.114552
v 9.542184 25.712114 24.440022
v 9.542184 25.830469 24.440022
v -17.027985 26.451817 27.487602
v 0.281088 25.830469 25.031786
v 7.766896 25.830469 25.031786
v 7.766896 25.564171 24.972609
v 7.885245 25.564171 24.972609
v 0.192325 25.564171 24.972609
v 0.192325 25.475410 24.913433
v 0.281088 25.297884 24.854258
v 7.944426 25.297884 24.854258
v 7.766896 25.297884 24.854258
v 7.766896 25.031584 24.706316
v 0.281088 25.031584 24.706316
v 0.162739 25.297884 24.854258
v 0.281088 24.794880 24.440022
v 7.766896 24.794880 24.440022
v 0.281088 24.617353 24.114552
v 7.766896 24.617353 24.114552
v 0.014795 24.854057 24.440022
v 0.073973 25.061171 24.706316
v -0.133146 25.120348 24.706316
v 0.014795 25.327465 24.854258
v 0.044384 25.475410 24.883844
v 0.073973 25.593765 24.972609
v 8.151540 25.475410 24.883844
v 8.033186 25.475410 24.883844
v 7.974011 25.593765 24.972609
v 8.240308 25.475410 24.883844
v -0.073968 25.475410 24.883844
v 0.014795 25.652937 24.972609
v -0.073968 25.712114 24.972609
v -0.162732 25.771292 24.972609
v -0.162732 25.800880 24.972609
v -0.606554 25.712114 24.854258
v -0.606554 25.771292 24.854258
v -0.636143 25.830469 24.854258
v -1.464611 25.830469 24.440022
v -1.109555 25.830469 24.706316
v -1.435022 25.712114 24.440022
v -1.050377 25.741703 24.706316
v -1.405437 25.534588 24.440022
v -0.991200 25.593765 24.706316
v -1.287081 25.386644 24.440022
v -0.991200 25.475410 24.617552
v -0.932025 25.475410 24.706316
v -0.576969 25.593765 24.854258
v -0.902436 25.475410 24.706316
v -0.902436 25.475410 24.647141
v -0.843259 25.386644 24.706316
v -1.139141 25.238697 24.440022
v -0.932025 25.149939 24.440022
v -0.665729 25.268295 24.706316
v -0.754495 25.001999 24.440022
v -0.932025 24.854057 24.114552
v -1.198318 24.972410 24.114552
v -1.139141 24.706120 23.759495
v -0.843259 24.587765 23.759495
v -0.665729 24.735703 24.114552
v -0.458613 24.469416 23.759495
v -0.369847 24.676531 24.114552
v -0.073968 24.439827 23.759495
v -0.103557 24.351059 23.493202
v -0.517788 24.410231 23.493202
v -1.405437 23.670530 23.493202
v -1.405437 24.706120 23.493202
v -1.198318 24.617353 23.493202
v -1.198318 23.670530 23.493202
v -0.872850 24.469416 23.493202
v 0.281088 24.351059 23.493202
v 9.275891 23.670530 23.493202
v 7.766896 24.351059 23.493202
v 8.210718 24.351059 23.493202
v 9.305480 23.670530 23.493202
v 9.305480 24.617353 23.493202
v 9.483006 23.670530 23.493202
v 9.483006 24.706120 23.493202
v 8.565775 24.410231 23.493202
v 8.980009 24.469416 23.493202
v 9.275891 23.700121 23.729908
v -1.198318 23.700121 23.729908
v -1.494203 23.700121 23.729908
v -1.494203 23.670530 23.463614
v -1.494203 24.735703 23.463614
v -1.435022 24.854057 23.759495
v -1.553378 24.735703 23.463614
v 9.571772 24.735703 23.463614
v 9.512597 24.854057 23.759495
v 9.660540 24.735703 23.463614
v -1.671730 23.670530 23.404434
v -1.671730 24.794880 23.404434
v -1.671730 25.001999 23.759495
v -1.908434 24.942823 23.345261
v -1.908434 25.209116 23.759495
v -1.612552 25.268295 24.114552
v -1.435022 25.149939 24.114552
v -1.730904 25.475410 24.114552
v -1.997200 25.416233 23.759495
v -1.760493 25.682526 24.114552
v -2.145141 25.652937 23.759495
v -1.819668 25.830469 24.114552
v -2.174730 25.830469 23.759495
v -2.618553 25.475410 21.037382
v -2.529786 25.297884 21.037382
v -2.500198 25.297884 20.563974
v -2.352257 25.061171 20.563974
v -2.411432 25.031584 21.037382
v -2.174730 24.794880 21.037382
v -2.145141 24.854057 20.563974
v -1.760493 24.646942 20.563974
v -1.730904 24.676531 20.090563
v -1.405437 24.469416 20.090563
v -1.287081 24.587765 19.646740
v -1.612552 24.735703 19.646740
v -1.997200 24.883646 20.090563
v -1.908434 24.942823 19.646740
v -2.233905 25.120348 20.090563
v -2.085964 25.149939 19.646740
v -2.441020 25.327465 20.090563
v -2.352257 25.593765 19.646740
v -2.263490 25.475410 19.646740
v -1.997200 25.416233 19.262091
v -2.145141 25.652937 19.262091
v -1.760493 25.682526 18.877447
v -1.730904 25.475410 18.877447
v -1.405437 25.534588 18.581566
v -1.287081 25.386644 18.581566
v -0.991200 25.475410 18.433624
v -0.932025 25.475410 18.344860
v -0.991200 25.593765 18.344860
v -0.872850 25.652937 18.256096
v -0.754495 25.534588 18.256096
v -0.665729 25.445822 18.256096
v -0.872850 25.741703 18.256096
v -0.399439 25.268295 18.256096
v -1.050377 25.741703 18.344860
v -1.435022 25.712114 18.581566
v -1.464611 25.830469 18.581566
v -1.819668 25.830469 18.877447
v -1.109555 25.830469 18.344860
v 8.624952 25.386644 18.256096
v -0.576969 25.386644 18.256096
v -0.251498 25.209116 18.256096
v 8.299482 25.209116 18.256096
v 8.477009 25.268295 18.256096
v 8.950420 25.652937 18.256096
v 8.980009 25.741703 18.256096
v 8.980009 25.830469 18.256096
v 9.157535 25.830469 18.344860
v 9.542184 25.712114 18.581566
v 9.867655 25.682526 18.877447
v 10.193126 25.652937 19.262091
v 10.104359 25.416233 19.262091
v 10.341066 25.386644 19.646740
v 10.400241 25.593765 19.646740
v 10.518592 25.327465 20.090563
v 10.607356 25.593765 20.090563
v 10.725712 25.564171 20.563974
v 10.607356 25.297884 20.563974
v 10.400241 25.061171 20.563974
v 10.459415 25.031584 21.037382
v 10.222712 24.794880 21.037382
v 10.193126 24.854057 20.563974
v 9.926829 24.617353 21.037382
v 9.926829 24.617353 21.214911
v 10.015594 24.676531 21.333265
v 10.015594 23.729708 21.333265
v 9.838066 24.617353 21.185324
v 9.838066 23.700121 21.185324
v 10.193126 23.818470 19.617153
v 10.104359 23.759296 21.422029
v 10.193126 23.759296 21.569971
v 10.193126 23.818470 23.138144
v 10.193126 23.759296 22.960611
v 10.193126 23.818470 22.960611
v 10.193126 23.818470 21.569971
v 10.193126 23.818470 21.599558
v 10.193126 24.765297 21.569971
v 10.459415 23.907238 23.138144
v 10.193126 23.818470 23.434023
v 10.459415 23.907238 19.617153
v 10.252300 23.818470 21.688322
v 10.281889 23.848059 21.865852
v 10.252300 24.854057 21.688322
v 10.281889 24.883646 21.865852
v 10.222712 24.794880 21.658735
v 10.104359 24.706120 21.422029
v 10.459415 25.031584 22.013792
v 10.636949 25.297884 21.037382
v 10.636949 25.297884 22.013792
v 10.400241 25.061171 22.457617
v 10.607356 25.297884 22.457617
v 10.341066 25.120348 22.960611
v 10.281889 24.972410 22.694321
v 10.252300 24.972410 22.812674
v 10.281889 23.848059 22.694321
v 10.252300 23.818470 22.812674
v 10.193126 24.972410 22.960611
v 10.104359 23.759296 23.078968
v 10.104359 24.942823 23.078968
v 9.956418 24.942823 23.345261
v 10.133951 25.149939 23.345261
v 10.518592 25.327465 22.960611
v 10.341066 25.386644 23.345261
v 10.607356 25.593765 22.960611
v 10.607356 25.475410 22.723906
v 10.725712 25.564171 22.457617
v 10.400241 25.593765 23.345261
v 10.104359 25.416233 23.759495
v 10.193126 25.652937 23.759495
v 9.808477 25.475410 24.114552
v 9.867655 25.682526 24.114552
v 9.512597 25.534588 24.440022
v 9.335066 25.386644 24.440022
v 9.009595 25.475410 24.706316
v 9.068774 25.593765 24.706316
v 9.098361 25.741703 24.706316
v 8.713716 25.712114 24.854258
v 8.624952 25.593765 24.854258
v 8.240308 25.771292 24.972609
v 8.210718 25.712114 24.972609
v 8.240308 25.830469 24.972609
v 8.713716 25.830469 24.854258
v 8.713716 25.771292 24.854258
v 9.157535 25.830469 24.706316
v 8.033186 25.652937 24.972609
v 8.092366 25.327465 24.854258
v 8.210718 25.120348 24.706316
v 8.447423 25.149939 24.706316
v 8.210718 25.386644 24.854258
v 8.299482 25.416233 24.854258
v 8.565775 25.209116 24.706316
v 8.743305 25.268295 24.706316
v 8.477009 25.475410 24.854258
v 8.891246 25.386644 24.706316
v 9.246303 25.238697 24.440022
v 9.690125 25.268295 24.114552
v 9.512597 25.149939 24.114552
v 9.039186 25.149939 24.440022
v 9.305480 24.972410 24.114552
v 8.802480 25.001999 24.440022
v 8.565775 24.942823 24.440022
v 9.039186 24.854057 24.114552
v 8.743305 24.735703 24.114552
v 8.299482 24.883646 24.440022
v 7.974011 25.061171 24.706316
v 8.033186 24.854057 24.440022
v 8.477009 24.676531 24.114552
v 8.151540 24.646942 24.114552
v 8.210718 24.439827 23.759495
v 8.506598 24.469416 23.759495
v 7.766896 24.439827 23.759495
v 0.281088 24.439827 23.759495
v -0.073968 24.646942 24.114552
v 8.891246 24.587765 23.759495
v 9.246303 24.706120 23.759495
v 9.571772 23.670530 23.463614
v 9.571772 23.700121 23.729908
v 9.275891 23.818470 24.025787
v -1.464611 23.818470 24.025787
v -1.198318 23.818470 24.025787
v 9.571772 23.818470 24.025787
v 9.838066 23.759296 23.729908
v 9.838066 23.848059 24.025787
v 9.542184 23.907238 24.292080
v 9.275891 23.907238 24.292080
v 9.275891 24.025593 24.528786
v 9.512597 24.025593 24.528786
v 9.778889 23.936827 24.292080
v 9.749303 24.084764 24.528786
v 9.512597 24.173531 24.735903
v 9.660540 24.203119 24.735903
v 9.423832 24.380650 24.854258
v 9.571772 24.410231 24.854258
v 9.394243 24.528587 25.031786
v 9.275891 24.380650 24.854258
v 9.275891 24.528587 25.031786
v -1.405437 24.380650 24.854258
v -1.198318 24.380650 24.854258
v -1.346259 24.528587 25.031786
v -1.198318 24.528587 25.031786
v 9.305480 24.735703 25.061375
v -1.287081 24.735703 25.061375
v -1.405437 24.587765 25.031786
v -1.405437 24.765297 25.061375
v -1.494203 24.617353 25.031786
v -1.612552 24.646942 25.031786
v -1.671730 24.439827 24.854258
v -1.494203 24.410231 24.854258
v -1.612552 24.203119 24.735903
v -1.405437 24.173531 24.735903
v 9.275891 24.173531 24.735903
v -1.198318 24.173531 24.735903
v -1.198318 24.025593 24.528786
v -1.435022 24.025593 24.528786
v -1.198318 23.907238 24.292080
v -1.464611 23.907238 24.292080
v -1.671730 24.084764 24.528786
v -1.730904 23.936827 24.292080
v -1.967609 23.996000 24.292080
v -1.908434 24.143942 24.528786
v -2.026786 24.203119 24.528786
v -2.204316 24.114353 24.292080
v -2.233905 24.291882 24.528786
v -2.026786 24.410231 24.735903
v -2.204316 24.498999 24.735903
v -1.967609 24.617353 24.854258
v -1.997200 24.706120 24.854258
v -2.233905 24.617353 24.735903
v -2.085964 24.765297 24.854258
v -2.352257 24.706120 24.735903
v -2.145141 24.883646 24.854258
v -1.878845 24.913235 25.031786
v -1.878845 24.972410 25.031786
v -1.494203 24.942823 25.061375
v -2.174730 24.972410 24.854258
v -2.441020 24.972410 24.735903
v -2.411432 24.854057 24.735903
v -2.618553 24.794880 24.528786
v -2.559372 24.676531 24.528786
v -2.500198 24.528587 24.528786
v -2.707313 24.469416 24.292080
v -2.500198 24.351059 24.292080
v -2.411432 24.410231 24.528786
v -2.411432 24.203119 24.292080
v -2.500198 24.143942 24.025787
v -2.233905 23.996000 24.025787
v -1.997200 23.907238 24.025787
v -2.085964 23.848059 23.729908
v -1.819668 23.759296 23.729908
v -1.760493 23.848059 24.025787
v -1.878845 23.700121 23.434023
v -2.145141 23.818470 23.434023
v -1.878845 23.700121 23.256496
v -1.938023 23.729708 23.226906
v -1.938023 23.996000 23.226906
v -1.997200 23.729708 23.138144
v -1.997200 24.942823 23.078968
v -1.938023 24.913235 23.226906
v -1.760493 24.883646 23.315674
v -1.760493 23.700121 23.315674
v -2.085964 25.149939 23.345261
v -2.233905 25.120348 22.960611
v -2.233905 25.386644 23.345261
v -2.441020 25.327465 22.960611
v -2.470612 25.475410 22.960611
v -2.352257 25.593765 23.345261
v -2.500198 25.297884 22.457617
v -2.352257 25.061171 22.457617
v -2.411432 25.031584 22.013792
v -2.529786 25.297884 22.013792
v -2.204316 24.883646 21.865852
v -2.174730 24.854057 21.688322
v -2.174730 24.794880 21.658735
v -2.174730 23.818470 21.688322
v -2.085964 24.765297 21.569971
v -2.174730 23.818470 21.658735
v -2.085964 23.759296 21.569971
v -2.174730 23.818470 22.901438
v -2.085964 23.759296 22.960611
v -2.174730 23.818470 23.138144
v -2.174730 23.818470 19.617153
v -2.441020 23.907238 19.617153
v -2.174730 23.818470 22.812674
v -2.441020 23.907238 23.138144
v -2.145141 23.818470 19.321270
v -1.878845 23.700121 19.321270
v -1.878845 23.700121 19.617153
v -1.878845 23.700121 21.244501
v -1.494203 23.670530 19.321270
v -1.553378 23.670530 19.617153
v -1.494203 23.670530 21.066971
v -1.198318 23.670530 19.321270
v 9.275891 23.670530 19.321270
v 9.275891 23.670530 19.617153
v -1.198318 23.670530 19.617153
v -1.198318 23.670530 21.037382
v -1.405437 23.670530 21.037382
v 9.571772 23.670530 19.617153
v 9.305480 23.670530 21.037382
v 9.275891 23.670530 21.037382
v 9.483006 23.670530 21.037382
v 9.571772 23.670530 21.066971
v -1.405437 24.410231 21.037382
v -1.198318 24.351059 21.037382
v 9.305480 24.351059 21.037382
v -1.109555 24.262293 21.037382
v 0.281088 24.114353 21.037382
v -0.162732 24.114353 21.037382
v -0.636143 24.173531 21.037382
v 7.766896 24.114353 21.037382
v 8.240308 24.114353 21.037382
v 9.483006 24.410231 21.037382
v 8.713716 24.173531 21.037382
v 9.157535 24.262293 21.037382
v -1.050377 24.291882 20.563974
v -1.464611 24.439827 21.037382
v -1.464611 24.439827 21.066971
v -1.494203 24.439827 21.066971
v 9.571772 24.439827 21.066971
v 9.542184 24.439827 21.066971
v -1.671730 23.670530 21.126148
v -1.671730 24.498999 21.126148
v -1.760493 23.700121 21.185324
v -1.760493 24.617353 21.185324
v 9.867655 23.700121 23.434023
v 9.838066 23.700121 23.315674
v 9.867655 23.700121 23.286085
v 9.778889 23.700121 23.404434
v -1.938023 23.700121 21.333265
v -1.819668 24.617353 21.214911
v -1.819668 24.617353 21.037382
v -1.938023 24.676531 21.333265
v -1.997200 24.706120 21.422029
v -1.997200 23.729708 21.422029
v -1.435022 24.439827 20.563974
v -0.991200 24.380650 20.090563
v -0.606554 24.232708 20.090563
v -0.576969 24.380650 19.646740
v -0.932025 24.439827 19.646740
v -0.458613 24.469416 19.262091
v -0.843259 24.587765 19.262091
v -0.369847 24.676531 18.877447
v -0.665729 24.735703 18.877447
v -1.139141 24.706120 19.262091
v -0.932025 24.854057 18.877447
v -1.435022 24.854057 19.262091
v -1.198318 24.972410 18.877447
v -1.671730 25.001999 19.262091
v -1.435022 25.149939 18.877447
v -0.932025 25.149939 18.581566
v -0.754495 25.001999 18.581566
v -0.517788 25.209116 18.344860
v -0.665729 25.268295 18.344860
v -1.139141 25.238697 18.581566
v -0.843259 25.386644 18.344860
v -1.612552 25.268295 18.877447
v -1.908434 25.209116 19.262091
v -2.233905 25.386644 19.646740
v -0.073968 25.209116 18.256096
v 8.181127 25.209116 18.256096
v 0.103559 25.179527 18.256096
v 0.281088 25.179527 18.256096
v 7.766896 25.179527 18.256096
v 7.974011 25.179527 18.256096
v 0.281088 25.031584 18.344860
v 7.766896 25.031584 18.344860
v 7.974011 25.061171 18.344860
v 8.447423 25.149939 18.344860
v 8.565775 25.209116 18.344860
v 8.743305 25.268295 18.344860
v 8.743305 25.445822 18.256096
v 8.832068 25.534588 18.256096
v 9.068774 25.593765 18.344860
v 9.098361 25.741703 18.344860
v 9.512597 25.534588 18.581566
v 9.009595 25.475410 18.344860
v 9.335066 25.386644 18.581566
v 9.690125 25.268295 18.877447
v 9.512597 25.149939 18.877447
v 9.778889 25.001999 19.262091
v 9.512597 24.854057 19.262091
v 9.690125 24.735703 19.646740
v 9.956418 24.942823 19.646740
v 9.808477 24.676531 20.090563
v 10.104359 24.883646 20.090563
v 10.133951 25.149939 19.646740
v 10.341066 25.120348 20.090563
v 9.867655 24.646942 20.563974
v 9.956418 25.209116 19.262091
v 9.808477 25.475410 18.877447
v 9.512597 24.469416 20.090563
v 9.542184 24.439827 20.563974
v 9.542184 24.439827 21.037382
v 9.778889 24.498999 21.126148
v 9.778889 23.670530 21.126148
v 9.867655 23.700121 19.617153
v 9.867655 23.700121 19.321270
v -0.606554 24.173531 20.563974
v -0.162732 24.143942 20.563974
v 0.281088 24.114353 20.563974
v 7.766896 24.114353 20.563974
v 0.281088 24.173531 20.090563
v 0.281088 24.262293 19.646740
v -0.162732 24.173531 20.090563
v 7.766896 24.173531 20.090563
v 8.240308 24.173531 20.090563
v 7.766896 24.262293 19.646740
v 0.281088 24.439827 19.262091
v 7.766896 24.439827 19.262091
v 0.281088 24.617353 18.877447
v 7.766896 24.617353 18.877447
v -0.073968 24.646942 18.877447
v -0.073968 24.439827 19.262091
v -0.133146 24.291882 19.646740
v 0.281088 24.794880 18.581566
v 0.014795 24.854057 18.581566
v 7.766896 24.794880 18.581566
v 8.033186 24.854057 18.581566
v 8.151540 24.646942 18.877447
v 8.299482 24.883646 18.581566
v 8.477009 24.676531 18.877447
v 8.506598 24.469416 19.262091
v 8.210718 24.439827 19.262091
v 8.210718 24.291882 19.646740
v 8.624952 24.380650 19.646740
v 8.713716 24.232708 20.090563
v 9.009595 24.439827 19.646740
v 9.068774 24.380650 20.090563
v 9.335066 24.587765 19.646740
v 9.098361 24.291882 20.563974
v 8.713716 24.173531 20.563974
v 8.240308 24.143942 20.563974
v 9.246303 24.706120 19.262091
v 8.891246 24.587765 19.262091
v 9.039186 24.854057 18.877447
v 8.743305 24.735703 18.877447
v 8.802480 25.001999 18.581566
v 8.565775 24.942823 18.581566
v 9.039186 25.149939 18.581566
v 8.891246 25.386644 18.344860
v 9.246303 25.238697 18.581566
v 9.305480 24.972410 18.877447
v 8.210718 25.120348 18.344860
v 0.073973 25.061171 18.344860
v -0.251498 24.883646 18.581566
v -0.133146 25.120348 18.344860
v -0.517788 24.942823 18.581566
v -0.340261 25.149939 18.344860
v 9.571772 23.670530 19.321270
v 9.571772 23.700121 19.025385
v 9.275891 23.700121 19.025385
v -1.198318 23.700121 19.025385
v -1.198318 23.818470 18.729507
v 9.275891 23.818470 18.729507
v 9.571772 23.818470 18.729507
v -1.464611 23.818470 18.729507
v -1.494203 23.700121 19.025385
v 9.838066 23.848059 18.729507
v 9.542184 23.877645 18.551979
v 9.808477 23.907238 18.551979
v 10.045184 23.936827 18.551979
v 10.104359 23.907238 18.729507
v 9.838066 23.759296 19.025385
v 10.133951 23.848059 19.025385
v 10.193126 23.818470 19.321270
v 10.370652 23.936827 19.025385
v 10.459415 23.907238 19.321270
v 10.636949 24.084764 19.025385
v 10.666537 24.025593 19.321270
v 10.814478 24.203119 19.025385
v 10.873652 24.173531 19.321270
v 10.992004 24.410231 19.025385
v 11.051179 24.380650 19.321270
v 10.873652 24.439827 18.729507
v 10.992004 24.617353 18.729507
v 11.110360 24.587765 19.025385
v 11.051179 24.765297 18.729507
v 11.169535 24.735703 19.025385
v 10.962419 24.765297 18.551979
v 10.992004 24.972410 18.551979
v 33.982002 20.238306 6.509596
v 33.982002 20.504599 6.509596
v 31.467014 20.238306 18.551979
v 31.467014 20.327068 6.243302
v 31.467014 20.267891 6.509596
v 31.467014 20.238306 5.888245
v 31.467014 20.238306 6.243302
v 31.467014 20.267891 6.450419
v 31.467014 20.238306 6.509596
v 31.467014 20.179129 5.917832
v 31.467014 20.267891 6.243302
v 31.467014 20.297480 5.888245
v 31.467014 20.356655 6.480007
v 31.467014 20.356655 6.243302
v 33.005596 -20.593361 4.379248
v 31.437426 -20.475010 5.917832
v 31.437426 -20.327068 5.917832
v 31.437426 -20.297480 5.917832
v 33.005596 -20.297480 4.379248
v 33.005596 -20.001598 4.379248
v 33.005596 19.883245 4.379248
v 31.437426 20.060776 5.917832
v 33.005596 20.179129 4.379248
v 31.437426 20.001600 5.917832
v 31.437426 19.942421 5.917832
v 33.005596 20.475012 4.379248
v 32.946423 19.557777 4.379248
v 31.437426 20.060776 6.509596
v 31.437426 -20.208714 5.947420
v 31.437426 -20.179129 5.947420
v 31.437426 20.356655 6.509596
v 31.437426 20.475012 5.888245
v 31.437426 20.504599 6.509596
v 31.437426 20.534187 5.888245
v 31.437426 20.415833 6.509596
v 31.437426 20.445421 6.509596
v 31.437426 20.356655 5.888245
v 31.437426 20.031187 18.551979
v 31.437426 20.031187 6.509596
v 31.437426 20.001600 6.509596
v 31.437426 19.942421 6.509596
v 31.437426 19.912832 6.361654
v 31.437426 19.972010 6.509596
v 31.437426 19.912832 6.302479
v 31.437426 19.942421 6.480007
v 31.437426 19.942421 6.243302
v 31.437426 19.912832 6.420831
v 27.324667 21.569771 4.379248
v 27.235907 21.303480 4.379248
v 27.117552 21.037184 4.379248
v 27.028786 20.770891 4.379248
v 26.999203 20.475012 4.379248
v 26.999203 20.179129 4.379248
v 28.478605 20.179129 5.829068
v 28.478605 20.060776 5.829068
v 28.478605 20.238306 5.829068
v 28.478605 20.297480 5.829068
v 28.478605 20.356655 5.829068
v 28.508194 20.001600 5.829068
v 28.478605 20.060776 6.480007
v 28.478605 20.060776 6.243302
v 28.478605 -20.208714 5.799480
v 28.478605 -20.593361 5.799480
v 28.478605 -20.563772 6.272891
v 28.478605 -20.652536 5.799480
v 28.478605 -20.475010 5.799480
v 28.478605 -20.179129 5.799480
v 28.478605 -20.031187 5.799480
v 28.478605 20.179129 6.509596
v 28.478605 20.090364 6.509596
v 28.478605 20.356655 6.509596
v 28.478605 20.327068 6.509596
v 28.478605 20.356655 6.480007
v 28.478605 20.208717 6.509596
v 28.478605 20.297480 6.509596
v 28.478605 20.238306 6.509596
v 28.478605 20.267891 6.509596
v 28.478605 20.356655 6.243302
v 28.508194 19.942421 18.256096
v 28.508194 20.356655 6.509596
v 28.508194 20.356655 18.551979
v 28.508194 20.356655 6.243302
v 28.508194 20.534187 6.509596
v 28.508194 20.504599 6.243302
v 28.508194 20.534187 6.243302
v 28.508194 19.972010 6.509596
v 28.508194 19.972010 6.302479
v 28.508194 19.942421 6.243302
v 28.508194 19.972010 6.243302
v 28.508194 20.475012 6.243302
v 28.508194 20.475012 5.829068
v 28.508194 20.534187 5.829068
v 28.508194 20.534187 18.256096
v 28.537783 19.883245 6.302479
v 28.537783 19.794483 6.509596
v 28.537783 19.794483 6.243302
v 28.537783 -20.770889 5.799480
v 28.537783 -19.912832 5.799480
v 28.537783 -19.883245 5.799480
v 28.537783 19.764894 6.243302
v 28.537783 19.794483 6.332067
v 28.537783 19.794483 6.302479
v 28.537783 20.622953 6.243302
v 28.537783 20.682129 6.243302
v 28.537783 20.593361 6.509596
v 28.537783 20.534187 6.509596
v 28.537783 20.593361 6.243302
v 28.537783 20.682129 5.799480
v 28.537783 20.593361 5.829068
v 28.537783 20.534187 6.243302
v 28.537783 20.563772 6.332067
v 28.537783 20.534187 6.450419
v 28.537783 20.563772 6.243302
v 28.567371 19.764894 6.243302
v 28.567371 19.764894 6.509596
v 26.170729 21.362656 6.509596
v 26.200317 18.966011 6.509596
v 26.200317 18.966011 6.243302
v 28.064375 23.729708 6.243302
v 28.093964 23.759296 6.509596
v 28.093964 23.759296 6.243302
v 26.910437 22.782887 6.243302
v 26.851259 22.723707 6.243302
v 26.821671 22.694120 6.243302
v 27.028786 22.901236 6.243302
v 27.443022 23.315474 6.243302
v 27.472610 23.345062 6.509596
v 28.301079 23.877645 6.509596
v 28.301079 23.877645 6.243302
v -1.464611 23.877645 18.551979
v 31.674129 23.877645 6.243302
v 31.703718 23.877645 6.509596
v 31.703718 23.877645 6.243302
v 28.567371 23.966412 6.243302
v 28.744905 23.996000 6.243302
v 28.804077 24.025593 6.509596
v 28.744905 23.996000 6.509596
v 28.804077 24.025593 6.243302
v 28.833672 24.025593 6.509596
v 29.188725 24.143942 6.243302
v 29.247902 24.143942 6.243302
v 29.602957 24.173531 6.243302
v 30.401838 24.173531 6.243302
v 30.372246 24.173531 6.243302
v 29.958015 24.203119 6.243302
v 29.928427 24.203119 6.243302
v 30.046782 24.203119 6.243302
v 29.987604 24.203119 6.243302
v 29.721312 24.203119 6.243302
v 30.135548 24.203119 6.243302
v 30.490608 24.173531 6.243302
v 30.727306 24.143942 6.243302
v 31.171131 24.025593 6.509596
v 31.230303 23.996000 6.509596
v 31.230303 23.996000 6.243302
v 31.259892 23.996000 6.243302
v 31.496603 23.907238 6.243302
v 31.822067 23.759296 6.509596
v 31.822067 23.759296 6.243302
v 31.881250 23.759296 6.509596
v 32.206715 23.552181 6.243302
v 32.295483 23.463415 6.243302
v 32.473003 23.374647 6.243302
v 32.502598 23.345062 6.509596
v 33.035191 22.782887 6.243302
v 32.473003 23.374647 6.509596
v 32.502598 23.345062 6.243302
v 32.798477 23.049177 18.551979
v 33.005596 22.871651 6.243302
v 33.064774 22.782887 6.509596
v 33.064774 22.782887 6.243302
v 33.183121 22.605358 6.243302
v 33.271889 22.427830 6.243302
v 33.360649 22.339064 6.243302
v 33.538185 22.102360 6.509596
v 33.538185 22.102360 6.243302
v 32.946423 20.770891 4.379248
v 32.857658 21.037184 4.379248
v 32.768890 21.303480 4.379248
v 31.407833 20.770891 5.888245
v 31.378246 20.770891 5.888245
v 32.650539 21.569771 4.379248
v 31.348658 20.859655 5.888245
v 31.289486 20.948416 5.888245
v 30.668129 21.569771 5.829068
v 30.697723 21.540182 5.829068
v 31.230303 21.007595 5.888245
v 31.141542 21.155540 5.829068
v 31.082371 21.244301 5.829068
v 30.993605 21.303480 6.509596
v 30.993605 21.333067 6.509596
v 30.964010 21.333067 6.450419
v 30.934427 21.333067 5.829068
v 30.964010 21.362656 6.243302
v -29.159134 21.362656 5.917832
v -30.875246 21.362656 5.829068
v 29.011192 21.362656 5.799480
v 29.040787 21.362656 5.799480
v -29.188723 21.362656 5.917832
v 30.934427 21.362656 6.509596
v 30.934427 21.362656 6.243302
v 31.171131 21.125952 5.829068
v 31.171131 21.125952 6.243302
v 31.200720 21.096359 6.509596
v 31.200720 21.066772 6.509596
v 30.904839 21.392239 6.509596
v 30.934427 21.362656 5.829068
v 30.904839 21.392239 6.480007
v 31.023188 21.303480 5.829068
v 30.845661 21.451422 5.829068
v 30.875250 21.451422 6.243302
v 30.816072 21.481007 6.509596
v 30.845661 21.481007 6.243302
v 29.129553 21.481007 6.509596
v 29.129553 21.481007 5.799480
v -29.336662 21.481007 5.917832
v -29.307074 21.481007 5.917832
v 30.756895 21.510595 6.480007
v 30.816072 21.481007 5.829068
v 30.401838 21.628948 5.799480
v 30.313074 21.658537 5.799480
v 30.165131 21.717712 6.509596
v 30.194725 21.717712 6.509596
v 30.224308 21.717712 6.509596
v 30.135548 21.717712 5.799480
v 30.253897 21.717712 5.799480
v 29.839666 21.717712 5.799480
v 29.869249 21.717712 5.799480
v 29.691723 21.717712 6.509596
v 29.691723 21.717712 5.799480
v 29.721312 21.717712 6.509596
v 29.662134 21.717712 18.551979
v 29.780483 21.717712 6.509596
v 29.810078 21.717712 6.509596
v 29.662134 21.717712 5.799480
v 29.632551 21.717712 18.551979
v 29.958015 21.747301 5.799480
v 29.987604 21.747301 5.799480
v 29.928427 21.747301 6.509596
v 29.898838 21.747301 6.302479
v 29.928427 21.747301 6.243302
v -30.017189 21.628948 5.888245
v -30.135542 21.628948 5.888245
v -30.194719 21.628948 5.888245
v 29.573366 21.628948 5.799480
v 29.543785 21.628948 5.799480
v 30.431431 21.628948 5.799480
v -29.958012 21.628948 5.917832
v -29.898838 21.628948 5.917832
v -29.839661 21.628948 5.917832
v 29.514196 21.628948 6.509596
v 29.514196 21.628948 6.243302
v 29.455017 21.628948 6.243302
v 29.425428 21.628948 6.243302
v 29.277485 21.569771 5.799480
v 27.768494 23.552181 6.243302
v 27.798082 23.581766 6.509596
v 27.531788 23.404240 6.243302
v 27.531788 23.374647 6.243302
v 27.531788 23.374647 6.509596
v 27.886848 23.640942 6.509596
v 27.886848 23.640942 6.243302
v 29.099958 21.392239 6.243302
v 29.070370 21.392239 6.509596
v 29.070370 21.392239 6.243302
v 29.188725 21.510595 6.480007
v 29.159136 21.510595 6.509596
v 29.188725 21.510595 6.509596
v 29.247902 21.540182 6.509596
v 28.952021 21.303480 6.509596
v 28.922426 21.303480 6.272891
v 28.922426 21.303480 6.509596
v 29.040787 21.362656 6.509596
v 29.040787 21.362656 6.272891
v 28.804077 21.125952 5.799480
v 28.833672 21.155540 5.799480
v 28.892843 21.303480 18.551979
v 28.892843 21.303480 5.799480
v 28.892843 21.273890 5.799480
v 28.744905 21.037184 5.799480
v 28.685728 21.037184 5.799480
v 28.567371 20.770891 5.799480
v 28.567371 20.770891 6.509596
v 26.229912 21.658537 6.243302
v 28.567371 19.735306 6.509596
v 28.567371 19.676130 18.551979
v 28.567371 19.705719 6.509596
v 28.567371 19.735306 6.332067
v 28.567371 19.705719 6.450419
v 28.567371 19.735306 6.450419
v 25.963614 20.238306 6.243302
v 25.963614 19.912832 6.243302
v 25.963614 20.090364 6.243302
v 25.963614 20.267891 6.243302
v 25.963614 20.356655 6.243302
v 25.963614 19.883245 6.243302
v 25.963614 19.824068 6.243302
v 25.963614 19.824068 6.509596
v 25.993202 19.735306 6.509596
v -29.721308 21.599363 5.917832
v -30.342661 21.599363 5.888245
v -30.253895 21.599363 5.888245
v -29.691719 21.599363 5.917832
v 30.608957 21.599363 6.302479
v 30.608957 21.599363 6.509596
v 30.579361 21.599363 6.509596
v 30.520191 21.599363 5.799480
v 30.608957 21.569771 5.829068
v 30.520191 -21.747301 5.888245
v 31.200720 21.037184 6.509596
v 31.230303 21.037184 6.509596
v 31.200720 21.037184 5.829068
v 31.200720 20.978010 6.420831
v 31.230303 21.007595 6.420831
v 31.230303 21.037184 6.450419
v 31.230303 21.037184 6.480007
v 31.230303 21.007595 6.450419
v 31.200720 21.007595 6.450419
v 31.200720 21.007595 6.154538
v -32.561771 23.315474 6.509596
v -32.561771 23.315474 6.391243
v -32.591362 23.285885 6.509596
v -26.910433 -17.723309 6.272891
v -26.910433 -17.723309 6.391243
v 31.200720 21.007595 6.480007
v 31.230303 21.007595 6.154538
v -32.709713 23.167530 3.639544
v 31.200720 21.125952 6.243302
v 31.200720 21.125952 6.509596
v 31.259892 21.037184 6.480007
v -28.715311 -21.096359 6.420831
v -28.715311 -21.066771 6.480007
v -28.715311 -21.096359 6.450419
v -32.650536 23.226709 6.272891
v -28.744900 -21.096359 6.361654
v 31.407833 20.770891 6.243302
v 31.407833 20.770891 6.332067
v 31.407833 -20.770889 5.917832
v 31.407833 -20.741302 5.917832
v -26.792082 -17.871250 12.634345
v -26.910433 -17.723309 18.581566
v -1.819668 24.972410 5.977009
v -1.523789 24.972410 5.917832
v -1.494203 24.942823 5.917832
v -1.819668 24.913235 5.977009
v -1.494203 24.913235 5.917832
v -1.790082 24.854057 5.977009
v -2.056375 24.765297 6.065773
v -1.760493 24.765297 5.977009
v -1.967609 24.617353 6.065773
v -2.470612 24.173531 18.551979
v -2.707313 24.262293 18.729507
v -2.500198 24.143942 18.729507
v -2.766491 24.203119 19.025385
v -2.944018 24.410231 19.025385
v -3.032784 24.587765 19.025385
v -3.091959 24.528587 19.321270
v -3.210314 24.735703 19.321270
v -3.239900 24.735703 19.617153
v -3.269488 24.972410 19.617153
v -3.239900 24.972410 19.321270
v -3.091959 24.735703 19.025385
v -3.091959 24.972410 19.025385
v -3.269488 24.972410 23.138144
v -3.239900 24.972410 23.434023
v -3.091959 24.972410 23.729908
v -3.091959 24.735703 23.729908
v -3.003198 24.765297 24.025787
v -3.003198 24.972410 24.025787
v -2.825669 24.972410 24.292080
v -2.677728 24.972410 24.528786
v -2.796080 24.765297 24.292080
v -2.944018 24.617353 24.025787
v -2.766491 24.646942 24.292080
v -2.796080 24.439827 24.025787
v -2.707313 24.262293 24.025787
v -2.766491 24.203119 23.729908
v -2.559372 24.084764 23.729908
v -2.352257 23.936827 23.729908
v -2.411432 23.907238 23.434023
v -2.618553 24.025593 23.434023
v -2.677728 24.025593 23.138144
v -2.796080 24.173531 23.434023
v -2.825669 24.173531 23.138144
v -3.003198 24.380650 23.434023
v -2.825669 24.173531 19.617153
v -3.003198 24.380650 23.138144
v -3.003198 24.380650 19.617153
v -2.796080 24.173531 19.321270
v -3.003198 24.380650 19.321270
v -2.559372 24.084764 19.025385
v -2.618553 24.025593 19.321270
v -2.352257 23.936827 19.025385
v -2.411432 23.907238 19.321270
v -2.085964 23.848059 19.025385
v -1.819668 23.759296 19.025385
v -1.760493 23.848059 18.729507
v -1.198318 23.848059 18.551979
v 9.275891 23.848059 18.551979
v -1.730904 23.907238 18.551979
v 9.453421 24.380650 6.065773
v -1.198318 24.380650 6.065773
v -1.375848 24.380650 6.065773
v 9.275891 24.380650 6.065773
v 9.571772 24.410231 6.065773
v 9.719714 24.439827 6.065773
v 9.571772 24.617353 5.977009
v 9.690125 24.646942 5.977009
v 9.749303 24.676531 5.977009
v 9.808477 24.469416 6.065773
v 9.956418 24.528587 6.065773
v 10.045184 24.617353 6.065773
v 10.104359 24.706120 6.065773
v 9.778889 24.706120 5.977009
v 9.838066 24.765297 5.977009
v 9.867655 24.854057 5.977009
v 9.571772 24.913235 5.917832
v 9.601361 24.942823 5.917832
v 9.926829 24.913235 5.977009
v 10.193126 24.765297 6.065773
v 10.222712 24.883646 6.065773
v 10.222712 24.972410 6.065773
v 9.926829 24.972410 5.977009
v -1.198318 24.972410 5.888245
v 9.275891 24.972410 5.888245
v 9.275891 24.735703 5.917832
v -1.198318 24.735703 5.917832
v -1.257496 24.735703 5.917832
v 9.335066 24.735703 5.917832
v -1.287081 24.735703 5.917832
v 9.423832 24.735703 5.917832
v 9.275891 24.528587 5.977009
v -1.287081 24.528587 5.977009
v -1.198318 24.528587 5.977009
v 9.423832 24.528587 5.977009
v 9.453421 24.765297 5.917832
v 9.512597 24.587765 5.977009
v 9.512597 24.765297 5.917832
v -1.375848 24.765297 5.917832
v -1.405437 24.765297 5.917832
v 9.512597 24.794880 5.917832
v 9.542184 24.854057 5.917832
v 9.571772 24.883646 5.917832
v -1.405437 24.587765 5.977009
v -1.464611 24.410231 6.065773
v -1.642141 24.439827 6.065773
v -1.730904 24.469416 6.065773
v -1.878845 24.528587 6.065773
v -2.233905 24.084764 18.551979
v -1.997200 23.936827 18.551979
v -2.233905 23.996000 18.729507
v -1.997200 23.907238 18.729507
v -1.553378 24.646942 5.977009
v -1.464611 24.617353 5.977009
v -1.435022 24.794880 5.917832
v -1.464611 24.854057 5.917832
v -1.464611 24.883646 5.917832
v -1.730904 24.706120 5.977009
v -1.671730 24.676531 5.977009
v 9.601361 24.972410 5.917832
v -2.677728 24.025593 19.617153
v -3.091959 24.528587 19.617153
v -3.091959 24.528587 23.434023
v -3.091959 24.528587 23.138144
v -3.210314 24.735703 23.434023
v -3.239900 24.735703 23.138144
v -3.032784 24.587765 23.729908
v -2.944018 24.410231 23.729908
v -2.204316 23.848059 22.013792
v -2.204316 23.848059 22.487204
v -2.204316 23.818470 22.694321
v -2.204316 23.818470 21.865852
v -2.204316 24.913235 22.013792
v -2.204316 24.972410 22.694321
v -2.204316 24.942823 22.457617
v -2.174730 24.972410 22.812674
v -2.145141 24.972410 22.960611
v -2.085964 24.972410 22.960611
v 28.567371 -20.918827 5.799480
v 28.567371 -19.764891 5.799480
v 26.969608 17.634546 6.509596
v 26.999203 17.604959 6.243302
v 26.969608 17.634546 6.243302
v 27.117552 17.397839 6.243302
v 28.833672 19.261896 6.243302
v -31.171129 -21.303478 6.036185
v -31.141541 -21.333063 6.391243
v -31.200718 -21.273890 5.799480
v -31.111952 -21.362650 6.450419
v 28.833672 19.261896 5.888245
v 28.952021 19.143541 6.509596
v 29.070370 19.025192 5.917832
v 29.040787 19.054777 5.888245
v 28.952021 19.143541 6.243302
v 28.922426 19.143541 5.888245
v 28.833672 17.397839 4.379248
v 28.567371 17.545780 4.379248
v 29.099958 17.309074 4.379248
v 29.395840 17.220312 4.379248
v 27.354256 17.161135 6.509596
v 27.354256 17.161135 6.243302
v 29.011192 19.113955 6.243302
v 29.011192 19.113955 6.509596
v 29.188725 -19.054775 6.095362
v 29.218307 -19.025187 6.272891
v 29.159136 -19.084364 6.302479
v 29.011192 19.143541 6.420831
v 29.129553 18.966011 5.917832
v 29.159136 18.966011 5.917832
v 29.247902 18.906837 6.509596
v 29.247902 18.906837 6.480007
v 29.366251 18.877251 6.509596
v 29.366251 18.877251 6.243302
v 29.307074 18.877251 5.917832
v 29.514196 18.788485 6.509596
v 29.543785 18.788485 6.509596
v 29.514196 18.788485 6.243302
v 11.080768 24.972410 18.729507
v 11.169535 24.972410 19.025385
v 11.228709 24.735703 19.321270
v 11.169535 24.528587 19.321270
v 11.169535 24.528587 19.617153
v 11.169535 24.528587 23.138144
v 11.080768 24.380650 19.617153
v 11.080768 24.380650 23.138144
v 10.903238 24.173531 19.617153
v 10.903238 24.173531 23.138144
v 10.666537 24.025593 23.138144
v 10.666537 24.025593 23.434023
v 10.666537 24.025593 19.617153
v 10.281889 23.848059 22.013792
v 10.281889 23.848059 22.487204
v 10.281889 24.942823 22.487204
v 10.281889 24.942823 22.457617
v 10.281889 24.913235 22.013792
v 10.459415 23.907238 23.434023
v 10.133951 23.848059 23.729908
v 10.015594 23.729708 23.226906
v 10.045184 24.913235 23.226906
v 9.838066 24.883646 23.315674
v 9.778889 24.794880 23.404434
v 9.778889 25.001999 23.759495
v 9.690125 23.670530 23.434023
v 10.370652 23.936827 23.729908
v 10.104359 23.907238 24.025787
v 10.045184 23.996000 24.292080
v 10.341066 23.996000 24.025787
v 10.252300 24.114353 24.292080
v 9.926829 24.143942 24.528786
v 10.104359 24.203119 24.528786
v 10.400241 24.203119 24.292080
v 10.281889 24.291882 24.528786
v 10.607356 24.351059 24.292080
v 10.725712 24.262293 24.025787
v 10.873652 24.439827 24.025787
v 10.725712 24.469416 24.292080
v 10.400241 24.410231 24.528786
v 10.548182 24.528587 24.528786
v 10.252300 24.498999 24.735903
v 10.341066 24.617353 24.735903
v 10.045184 24.617353 24.854258
v 10.104359 24.706120 24.854258
v 9.778889 24.706120 25.031786
v 9.838066 24.765297 25.031786
v 9.749303 24.676531 25.031786
v 9.542184 24.854057 25.061375
v 9.571772 24.883646 25.061375
v 9.512597 24.765297 25.061375
v 9.275891 24.972410 25.090963
v 9.423832 24.765297 25.061375
v -1.198318 24.972410 25.090963
v -1.464611 24.883646 25.061375
v -1.819668 24.854057 25.031786
v -1.760493 24.765297 25.031786
v -1.730904 24.706120 25.031786
v -1.435022 24.794880 25.061375
v -1.671730 24.676531 25.031786
v -1.908434 24.528587 24.854258
v -1.730904 24.469416 24.854258
v -1.938023 24.351059 24.735903
v -1.730904 24.262293 24.735903
v 9.512597 24.587765 25.031786
v 9.571772 24.617353 25.031786
v 9.690125 24.439827 24.854258
v 9.808477 24.262293 24.735903
v 10.015594 24.351059 24.735903
v 9.808477 24.469416 24.854258
v 10.104359 24.410231 24.735903
v 9.926829 24.528587 24.854258
v 9.660540 24.646942 25.031786
v 9.838066 24.854057 25.031786
v 10.133951 24.765297 24.854258
v 10.193126 24.883646 24.854258
v 9.867655 24.913235 25.031786
v 10.193126 24.972410 24.854258
v 9.867655 24.972410 25.031786
v 10.459415 24.972410 24.735903
v 10.459415 24.854057 24.735903
v 10.666537 24.972410 24.528786
v 10.666537 24.794880 24.528786
v 10.903238 24.972410 24.292080
v 10.873652 24.765297 24.292080
v 11.080768 24.972410 24.025787
v 11.169535 24.972410 23.729908
v 11.051179 24.765297 24.025787
v 11.169535 24.735703 23.729908
v 11.258298 24.972410 23.434023
v 11.228709 24.735703 23.434023
v 11.110360 24.587765 23.729908
v 10.992004 24.617353 24.025787
v 10.992004 24.410231 23.729908
v 11.169535 24.528587 23.434023
v 11.051179 24.380650 23.434023
v 10.873652 24.173531 23.434023
v 10.814478 24.203119 23.729908
v 10.636949 24.084764 23.729908
v 10.548182 24.143942 24.025787
v 11.258298 24.735703 19.617153
v 11.258298 24.735703 23.138144
v 11.287887 24.972410 23.138144
v 11.287887 24.972410 19.617153
v 11.258298 24.972410 19.321270
v 10.814478 24.646942 24.292080
v 10.636949 24.676531 24.528786
v 10.370652 24.706120 24.735903
v 9.571772 24.942823 25.061375
v 10.281889 24.084764 18.551979
v 10.489007 24.173531 18.551979
v 10.814478 24.439827 18.551979
v 10.636949 24.291882 18.551979
v 10.725712 24.262293 18.729507
v 10.548182 24.143942 18.729507
v 10.341066 23.996000 18.729507
v 10.903238 24.617353 18.551979
v 29.159136 -19.084364 5.888245
v -1.642141 23.670530 23.434023
v 9.956418 25.209116 23.759495
v 8.506598 25.534588 24.854258
v 10.755298 25.564171 22.013792
v 10.755298 25.564171 21.037382
v -0.251498 24.883646 24.440022
v -0.517788 24.942823 24.440022
v -0.340261 25.149939 24.706316
v -0.133146 25.386644 24.854258
v -0.251498 25.416233 24.854258
v -0.192320 25.475410 24.883844
v -0.369847 25.475410 24.854258
v -0.517788 25.209116 24.706316
v -0.458613 25.534588 24.854258
v -0.636143 25.475410 24.795080
v 35.313473 26.096762 27.487602
v 35.638950 25.771292 27.517191
v 35.698120 25.889647 27.487602
v 35.964413 25.475410 27.517191
v 35.846066 25.386644 27.576368
v 36.112350 25.031584 27.576368
v 35.905235 24.913235 27.605955
v 35.638950 24.706120 27.635544
v 36.378643 24.706120 27.576368
v 36.260296 25.149939 27.517191
v 36.496998 24.735703 27.517191
v 36.378643 25.209116 27.487602
v 36.082764 25.534588 27.487602
v 36.112350 25.564171 27.428429
v 36.112350 25.564171 0.236905
v 36.674526 24.854057 27.428429
v 36.822472 24.410231 27.428429
v 36.940826 23.907238 27.428429
v 36.940826 23.907238 27.487602
v 36.852058 24.410231 0.236905
v 36.674526 24.854057 0.236905
v 36.615356 24.794880 0.177729
v 36.378643 25.209116 0.177729
v 36.260296 25.149939 0.148141
v 36.496998 24.735703 0.148141
v 36.141945 25.031584 0.059376
v 36.378643 24.706120 0.059376
v 35.905235 24.913235 0.029788
v 35.461414 24.972410 0.000200
v 35.668533 24.706120 0.000200
v 35.875648 24.439827 0.000200
v 36.141945 24.587765 0.029788
v 36.260296 24.203119 0.029788
v 36.496998 24.291882 0.059376
v 36.704117 24.351059 0.148141
v 36.763294 23.907238 0.148141
v 36.940826 23.907238 0.177729
v 36.940826 23.907238 0.236905
v 36.970409 23.463415 0.236905
v 36.970409 -0.029587 0.207317
v 36.940826 -23.966412 0.177729
v 36.970409 -23.522589 0.236905
v 36.852058 -24.410234 0.236905
v 36.378643 -25.268291 27.428429
v 36.674526 -24.883642 0.236905
v 36.171524 -25.504995 6.243302
v 36.763294 -24.410234 0.177729
v 36.704117 -24.410234 0.148141
v 36.763294 -23.936823 0.148141
v 36.615356 -23.907234 0.059376
v 36.940826 -23.996000 18.551979
v 36.940826 -23.966412 18.256096
v 36.970409 -23.522589 18.256096
v 36.940826 -23.818470 18.551979
v 36.970409 23.463415 6.509596
v 36.970409 5.000400 21.126148
v 36.970409 23.463415 6.243302
v 36.970409 -5.029988 21.126148
v 36.970409 -0.029587 0.236905
v 36.970409 -6.568573 18.551979
v 36.970409 -17.604958 6.243302
v 36.970409 -3.491404 6.243302
v 36.970409 -4.408635 6.243302
v 36.970409 -4.882047 21.895439
v 36.970409 -5.000400 21.481205
v 36.970409 -5.000400 20.711914
v 36.970409 -4.763694 22.220911
v 36.970409 -3.994402 19.084564
v 36.970409 -4.290282 19.350859
v 36.970409 -4.556577 22.605556
v 36.970409 -3.668932 23.315674
v 36.970409 -3.994402 23.138144
v 36.970409 -3.284286 23.493202
v 36.970409 -23.522589 6.243302
v 36.970409 -2.929226 23.552380
v 36.970409 -2.514992 23.581966
v 36.970409 4.734107 22.220911
v 36.970409 4.852458 21.895439
v 36.970409 2.485406 18.611153
v 36.970409 4.023991 6.243302
v 36.970409 2.840463 18.640743
v 36.970409 6.302279 6.243302
v 36.970409 6.923632 6.243302
v 36.970409 4.941222 21.481205
v 36.970409 17.575371 6.243302
v 36.970409 17.664135 6.243302
v 36.970409 23.581766 6.509596
v 36.970409 17.812077 6.243302
v 36.970409 23.670530 6.509596
v 36.970409 4.941222 20.711914
v 36.970409 4.734107 20.001799
v 36.970409 4.852458 20.356853
v 36.970409 17.397839 6.243302
v 36.970409 4.526991 19.646740
v 36.970409 6.183927 6.243302
v 36.970409 5.888045 6.243302
v 36.970409 5.976809 6.243302
v 36.970409 7.722511 6.243302
v 36.970409 9.290684 6.243302
v 36.970409 8.521394 6.243302
v 36.970409 10.681327 6.243302
v 36.970409 10.059975 6.243302
v 36.970409 4.260695 19.350859
v 36.970409 6.154338 6.243302
v 36.970409 5.414634 6.243302
v 36.970409 3.609756 18.877447
v 36.970409 6.124750 6.243302
v 36.970409 3.964813 19.084564
v 36.970409 4.852458 6.243302
v 36.970409 4.379050 6.243302
v 36.970409 3.254697 18.759094
v 36.970409 4.290284 6.243302
v 36.970409 4.142345 6.243302
v 36.970409 -4.852458 6.243302
v 36.970409 -10.533386 9.142942
v 36.970409 -5.444222 6.243302
v 36.970409 -16.273489 6.243302
v 36.970409 -2.514992 18.611153
v 36.970409 -2.929226 18.640743
v 36.970409 -1.331468 6.243302
v 36.970409 -0.147942 6.243302
v 36.970409 -14.468612 6.243302
v 36.970409 -4.556577 19.646740
v 36.970409 -2.278290 6.243302
v 36.970409 3.846464 6.243302
v 36.970409 -10.740503 6.243302
v 36.970409 -10.059975 6.243302
v 36.970409 -5.888044 6.243302
v 36.970409 -6.154337 6.243302
v 36.970409 -6.953218 6.243302
v 36.970409 -7.752098 6.243302
v 36.970409 -8.580568 6.243302
v 36.970409 -9.349858 6.243302
v 36.970409 -11.302678 6.243302
v 36.970409 -3.284286 18.759094
v 36.970409 -3.668932 18.877447
v 36.970409 -16.362255 6.243302
v 36.970409 -4.763694 20.001799
v 36.970409 -4.882047 20.356853
v 36.970409 11.273090 6.243302
v 36.970409 2.485406 23.581966
v 36.970409 4.526991 22.605556
v 36.970409 4.260695 22.901438
v 36.970409 3.964813 23.138144
v 36.970409 3.609756 23.315674
v 36.970409 3.254697 23.493202
v 36.970409 2.840463 23.552380
v 36.970409 -4.290282 22.901438
v 35.047180 -5.858456 0.976609
v 35.106358 -4.852458 0.976609
v 33.360649 -10.562972 0.976609
v 33.863651 -9.704916 0.976609
v 34.337067 -8.787683 0.976609
v 34.632942 -7.870452 0.976609
v 34.899242 -6.894042 0.976609
v 31.348658 -20.918827 5.917832
v 31.348658 -20.859655 5.917832
v 31.348658 -19.764891 5.947420
v 31.348658 -19.764891 6.509596
v 31.348658 -19.735306 5.947420
v 31.437426 -20.031187 5.947420
v 32.946423 -19.705715 4.379248
v 31.407833 -19.912832 5.947420
v 32.857658 -19.439421 4.379248
v 32.768890 -19.173130 4.379248
v 30.608957 -17.368250 4.379248
v 30.313074 -17.338663 4.379248
v -29.958012 -17.338663 4.379248
v -30.253895 -17.338663 4.379248
v 29.691723 -17.338663 4.379248
v -29.662130 -17.338663 4.379248
v 29.987604 -17.338663 4.379248
v 29.395840 -17.368250 4.379248
v 27.324667 -18.906837 4.379248
v 27.235907 -19.173130 4.379248
v 27.117552 -19.439421 4.379248
v 27.028786 -19.705715 4.379248
v 26.999203 -20.001598 4.379248
v 26.999203 -20.297480 4.379248
v 26.999203 -20.593361 4.379248
v 30.372246 -21.776886 6.361654
v 30.372246 -21.776886 6.391243
v 30.372246 -21.776886 6.509596
v 30.401838 -21.776886 6.509596
v 30.579361 -21.717712 5.888245
v 30.697723 -21.628944 5.888245
v 30.756895 -21.569771 5.888245
v 30.845661 -21.540182 5.888245
v 30.904839 -21.510593 5.888245
v 31.023188 -21.392239 18.285685
v 30.993605 -21.421829 5.888245
v 30.934427 -21.481005 5.888245
v 31.111954 -21.273890 5.888245
v 31.171131 -21.214712 6.450419
v 31.023188 -21.392239 18.581566
v 32.532192 -23.345058 18.285685
v 31.141542 -24.084764 6.361654
v 30.816072 -24.173531 6.509596
v 25.993202 -20.652536 18.285685
v 25.993202 -20.238302 18.285685
v 25.993202 -20.238302 18.581566
v 25.993202 -19.853657 6.272891
v 26.022791 -19.824068 6.272891
v 26.673725 -18.019192 18.581566
v 26.910437 -17.723309 18.581566
v 27.443022 -17.161135 6.509596
v 27.295084 -17.309074 6.509596
v 27.443022 -17.161135 18.285685
v 27.768494 -16.924427 18.581566
v 27.768494 -16.924427 18.285685
v 29.247902 -18.995598 6.509596
v 29.395840 -18.936422 6.509596
v 29.455017 -18.906837 6.509596
v 30.253897 -18.906837 5.917832
v 30.401838 -18.906837 5.917832
v -29.691719 -18.906837 5.917832
v -29.602957 -18.906837 5.917832
v -30.461012 -18.906837 5.888245
v -30.431423 -18.906837 5.888245
v 29.514196 -18.906837 5.888245
v 29.573366 -18.906837 5.888245
v 29.514196 -18.906837 6.272891
v 29.514196 -18.906837 6.450419
v 29.632551 -18.877249 5.888245
v 29.632551 -18.877249 6.272891
v 29.602957 -18.877249 6.272891
v 29.691723 -18.877249 5.888245
v -30.342661 -18.877249 5.888245
v -30.253895 -18.877249 5.888245
v -29.839661 -18.877249 5.917832
v -29.721308 -18.877249 5.917832
v 30.135548 -18.877249 5.917832
v 30.224308 -18.877249 5.917832
v 29.602957 -18.877249 6.361654
v 33.064774 -17.723309 18.285685
v 31.200720 -19.498598 6.509596
v 32.650539 -18.906837 4.379248
v 31.259892 -19.646538 5.947420
v 31.200720 -19.498598 5.947420
v 32.502598 -18.670130 4.379248
v 31.111954 -19.409834 5.947420
v 31.141542 -19.409834 5.947420
v -28.863251 -19.409834 5.947420
v -28.892839 -19.409834 5.947420
v -28.863251 -19.409834 6.302479
v 30.934427 -19.173130 5.947420
v 30.904839 -19.173130 5.917832
v 30.816072 -19.113953 5.917832
v 31.674129 -17.841661 4.379248
v 30.756895 -19.113953 5.917832
v -29.159134 -19.113953 5.917832
v -29.188723 -19.113953 5.917832
v 30.520191 -18.936422 5.917832
v -29.425426 -18.936422 6.509596
v -29.425426 -18.936422 5.917832
v 30.579361 -18.966011 5.917832
v 30.668129 -18.995598 5.917832
v 30.668129 -19.025187 5.917832
v -29.395838 -17.368250 4.379248
v -30.135542 -18.847660 5.888245
v -30.194719 -18.847660 5.888245
v -30.017189 -18.847660 5.888245
v 29.928427 -18.847660 5.888245
v 29.869249 -18.847660 5.888245
v 29.810078 -18.847660 5.888245
v 30.105959 -18.847660 5.917832
v -29.958012 -18.847660 5.917832
v 29.987604 -18.847660 5.917832
v -29.898838 -18.847660 5.917832
v -30.549776 -17.368250 4.379248
v -29.188723 -19.113953 6.272891
v -29.159134 -19.113953 6.272891
v -30.875246 -19.113953 5.829068
v -30.816069 -19.084364 5.888245
v 29.099958 -19.113953 5.829068
v 29.129553 -19.084364 6.302479
v -29.099955 -19.173130 5.917832
v -29.070366 -19.173130 5.947420
v 28.804077 -16.451019 6.272891
v 28.449022 -16.539782 6.509596
v 28.419428 -16.569370 6.509596
v 28.389845 -16.569370 6.509596
v 28.093964 -16.746901 6.509596
v 29.602957 -18.877249 6.391243
v 29.395840 -18.906837 5.888245
v 29.455017 -18.936422 6.272891
v 29.366251 -18.936422 5.888245
v 29.307074 -18.966011 5.888245
v 29.277485 -18.995598 6.272891
v 29.247902 -18.995598 6.302479
v 29.247902 -18.995598 6.272891
v 29.188725 -19.054775 6.302479
v 28.596962 -19.646538 5.829068
v 29.247902 -18.995598 5.888245
v 29.040787 -19.173130 5.829068
v 29.099958 -19.113953 6.509596
v 29.011192 -19.173130 5.829068
v 28.744905 -19.439421 5.829068
v 28.804077 -19.409834 5.829068
v 28.922426 -19.232304 5.829068
v 28.952021 -19.232304 6.272891
v 28.952021 -19.232304 6.302479
v 28.952021 -19.232304 6.509596
v 28.892843 -19.261892 6.509596
v 28.892843 -19.261892 6.302479
v 28.863255 -19.261892 5.829068
v 28.833672 -19.350657 5.829068
v 28.685728 -19.498598 5.829068
v 28.626543 -19.616953 5.829068
v 28.567371 -19.705715 5.829068
v 28.508194 -20.001598 5.799480
v 28.419428 -20.297480 5.799480
v 28.419428 -20.327068 5.799480
v 28.508194 -20.741302 5.799480
v 28.596962 -21.037182 5.799480
v 28.685728 -21.185125 5.799480
v 28.804077 -21.273890 5.799480
v 28.892843 -21.421829 5.799480
v -31.082363 -21.421829 5.799480
v -31.052776 -21.421829 5.799480
v 28.863255 -21.421829 5.799480
v 29.011192 -21.510593 5.799480
v 29.099958 -21.569771 5.799480
v 29.129553 -21.599360 5.799480
v 29.040787 -21.540182 5.799480
v 29.247902 -21.688124 5.799480
v -30.727306 -21.688124 6.509596
v -30.727306 -21.688124 6.420831
v 29.277485 -21.688124 5.799480
v -28.626547 19.587364 6.361654
v -28.626547 19.587364 6.332067
v 29.366251 -21.747301 5.799480
v -30.608953 -21.747301 5.799480
v -30.549776 -21.747301 5.799480
v 29.395840 -21.747301 5.799480
v 29.514196 -21.776886 5.799480
v 29.573366 -21.806473 5.829068
v -30.431423 -21.806473 5.829068
v -31.526186 -23.936823 6.509596
v 29.247902 -21.628944 18.581566
v 29.247902 -21.658535 18.285685
v 29.247902 -21.658535 18.581566
v 29.395840 -21.717712 18.285685
v 29.514196 -21.747301 18.581566
v -28.567369 19.705719 18.581566
v 27.324667 -21.747301 4.379248
v 29.129553 -19.084364 6.509596
v -28.626547 19.616953 6.272891
v 29.395840 -18.936422 6.480007
v 29.484606 -18.906837 6.272891
v 34.869652 -25.534584 6.509596
v 30.520191 -21.747301 6.509596
v 30.697723 -21.628944 6.272891
v 30.727306 -21.628944 6.272891
v -29.247900 -21.628944 5.888245
v 30.520191 -21.747301 6.480007
v -29.484604 -21.747301 6.509596
v -29.484604 -21.747301 6.480007
v 30.490608 -21.747301 6.509596
v 30.490608 -21.747301 6.450419
v 30.461012 -21.747301 6.509596
v 31.230303 -21.155537 6.272891
v -29.958012 -23.315474 4.379248
v 29.987604 -23.315474 4.379248
v 30.017193 -21.836061 6.272891
v 32.828068 -11.273090 0.976609
v 34.632942 7.988804 0.976609
v 34.337067 8.965213 0.976609
v 35.106358 5.029988 0.976609
v 35.047180 6.006397 0.976609
v 34.899242 7.012395 0.976609
v 33.863651 9.852858 0.976609
v 33.360649 10.740501 0.976609
v 36.763294 24.410231 0.177729
v 35.964413 24.143942 0.000200
v 36.763294 24.410231 27.487602
v 36.615356 24.794880 27.487602
v 36.378643 25.209116 27.428429
v 36.674526 -0.029587 27.576368
v 36.141945 -25.090759 0.059376
v 36.141945 -24.617348 0.029788
v 35.905235 -24.942822 0.029788
v 35.668533 -25.209114 0.029788
v 35.668533 -24.735704 0.000200
v 35.461414 -25.001999 0.000200
v 35.372650 -25.475407 0.029788
v 35.195118 -25.209114 0.000200
v 35.875648 -24.469410 0.000200
v 35.964413 -24.143942 0.000200
v 34.603359 -25.504995 0.000200
v 34.928825 -25.445818 0.000200
v 34.692127 -25.800877 0.029788
v 35.076767 -25.712111 0.029788
v -35.993999 -24.143942 0.000200
v -35.934822 -24.469410 0.000200
v -36.289883 -24.232704 0.029788
v -36.201115 -24.617348 0.029788
v -36.526585 -24.351057 0.059376
v -36.733704 -24.410234 0.148141
v -36.437820 -24.706116 0.059376
v -36.792877 -24.410234 0.177729
v -35.698112 -24.735704 0.000200
v -26.022787 19.824068 6.272891
v -26.289080 18.699720 6.509596
v -26.289080 18.699720 6.420831
v -26.289080 18.699720 6.332067
v -26.318668 18.670130 6.509596
v -32.768890 11.539384 0.976609
v -33.331066 10.740501 0.976609
v -32.058773 12.249499 0.976609
v -31.319069 12.959617 0.976609
v -30.520187 13.521794 0.976609
v -29.662130 14.054380 0.976609
v -29.307074 14.261496 0.976609
v -28.774488 14.498203 0.976609
v -27.827667 14.823671 0.976609
v -26.821667 15.060375 0.976609
v -26.022787 15.208316 0.976609
v -25.815672 15.237906 0.976609
v -24.809673 15.297080 0.976609
v -23.833261 15.237906 0.976609
v -22.856853 15.060375 0.976609
v -21.850853 14.823671 0.976609
v -21.081564 14.557378 0.976609
v -20.904036 14.498203 0.976609
v -20.016390 14.054380 0.976609
v -19.158333 13.521794 0.976609
v -18.329865 12.959617 0.976609
v -17.590160 12.249499 0.976609
v -16.909632 11.539384 0.976609
v 13.950823 2.988404 2.426429
v -15.341460 8.965213 0.976609
v -15.814872 9.852858 0.976609
v -16.317869 10.740501 0.976609
v -33.863651 9.852858 0.976609
v -34.307476 8.965213 0.976609
v -34.632946 7.988804 0.976609
v -34.899239 7.012395 0.976609
v -35.047180 6.006397 0.976609
v -35.106354 5.029988 0.976609
v -35.106354 -4.852458 0.976609
v -32.768890 -19.173130 4.379248
v -32.828064 -19.439421 4.379248
v -32.916832 -19.705715 4.379248
v -32.976006 -20.001598 4.379248
v -31.496599 -20.031187 5.799480
v -31.496599 20.297480 5.799480
v -31.496599 20.267891 5.799480
v -31.496599 20.445421 5.799480
v -31.496599 19.883245 5.799480
v -31.496599 -20.179129 5.799480
v -31.496599 -20.208714 5.799480
v -31.496599 -20.475010 5.799480
v -31.496599 -20.593361 5.799480
v -32.976006 -20.593361 4.379248
v -31.496599 20.445421 6.272891
v -31.526186 20.415833 6.243302
v -31.496599 -20.031187 6.272891
v -31.496599 19.824068 5.799480
v -31.496599 19.853661 6.272891
v -31.496599 20.297480 6.272891
v -31.496599 20.415833 6.272891
v -31.496599 -20.563772 6.272891
v -31.496599 -20.652536 5.799480
v -31.496599 -20.208714 6.272891
v -31.496599 -20.179129 6.272891
v -31.526186 -20.208714 6.243302
v -31.496599 20.445421 6.480007
v -31.496599 -20.031187 6.509596
v -31.496599 -20.031187 6.480007
v -31.496599 -19.972010 6.391243
v -31.467010 -19.942421 6.272891
v -31.496599 -20.001598 5.799480
v -31.467010 -19.912832 5.799480
v -31.467010 -19.912832 6.272891
v -31.467010 -19.883245 6.420831
v -31.437422 -19.764891 6.509596
v -31.407833 -19.764891 6.480007
v -31.407833 -19.735306 6.272891
v -31.407833 -19.705715 5.829068
v -31.407833 -19.705715 6.391243
v -31.407833 -19.705715 6.420831
v -31.319069 -19.557775 6.509596
v -31.319069 -19.557775 6.420831
v -33.686123 -18.729307 6.509596
v -33.686123 -21.776886 6.509596
v -33.834061 -19.113953 6.272891
v -33.922821 -19.439421 6.272891
v -33.982002 20.504599 6.509596
v -33.982002 20.622953 6.509596
v -31.348658 -21.037182 5.799480
v -33.982002 20.267891 6.509596
v -33.982002 20.238306 6.509596
v -33.982002 -20.267891 18.581566
v -33.982002 -20.238302 18.581566
v -33.982002 -20.238302 18.285685
v -33.952415 -21.007595 6.509596
v -33.922821 -21.037182 6.509596
v -33.922821 -21.066771 6.509596
v -31.437422 -20.918827 5.799480
v -31.496599 -20.741302 5.799480
v -31.526186 -20.297480 5.799480
v -33.005596 -20.297480 4.379248
v -31.526186 -20.327068 5.799480
v -31.526186 20.179129 5.799480
v -31.526186 20.149542 5.799480
v -30.964010 -21.510593 5.799480
v -30.964010 -21.540182 5.799480
v -30.816069 -21.599360 5.799480
v -30.875246 -21.569771 5.799480
v -30.727306 -21.688124 5.799480
v -30.461012 -21.776886 5.799480
v -29.514193 -21.747301 6.509596
v -32.620949 -23.285885 6.272891
v -32.828064 -23.108355 6.509596
v -31.023188 -21.451418 6.361654
v -31.259892 -21.185125 5.799480
v -33.005596 -22.901236 6.450419
v -32.828064 17.397839 6.272891
v -32.828064 -23.078766 6.509596
v -31.437422 19.557777 5.799480
v -31.378244 -20.978006 6.302479
v -30.727306 -21.628944 18.581566
v -30.727306 -21.658535 18.285685
v -31.467010 -20.770889 5.799480
v -30.342661 -21.806473 6.509596
v -30.372250 -21.806473 6.509596
v -30.372250 -21.806473 6.302479
v -30.727306 -21.658535 18.581566
v -31.526186 20.179129 6.272891
v -31.526186 -20.445421 6.272891
v -31.467010 20.563772 6.509596
v -31.467010 20.593361 5.799480
v -31.467010 20.593361 6.509596
v -31.467010 20.563772 6.272891
v -31.467010 19.735306 5.799480
v -31.467010 -19.883245 6.272891
v -31.467010 -19.883245 5.799480
v -33.331066 -18.048777 6.272891
v -33.331066 -18.019192 6.272891
v -33.153534 -17.812073 6.272891
v -33.064774 -17.723309 6.272891
v -27.827667 -14.705316 0.976609
v -28.774488 -14.320670 0.976609
v -34.307476 -8.787683 0.976609
v -34.632946 -7.870452 0.976609
v -34.899239 -6.894042 0.976609
v -35.047180 -5.858456 0.976609
v -33.863651 -9.704916 0.976609
v -33.331066 -10.562972 0.976609
v -32.768890 -11.361854 0.976609
v -32.354656 -11.805676 0.976609
v -32.058773 -12.131146 0.976609
v -31.319069 -12.811675 0.976609
v -30.520187 -13.403436 0.976609
v -29.662130 -13.936023 0.976609
v -29.307074 -14.113552 0.976609
v -30.608953 -18.936422 5.888245
v -30.549776 -18.906837 5.888245
v -30.697718 -18.966011 5.888245
v -30.727306 -18.995598 5.888245
v -30.964010 -19.173130 5.829068
v -31.023188 -19.232304 5.829068
v -31.200718 -19.409834 5.829068
v -31.171129 -19.380245 6.302479
v -31.200718 -19.409834 6.302479
v -31.230307 -19.439421 5.829068
v -31.171129 -19.380245 6.480007
v -31.171129 -19.350657 5.829068
v -31.111952 -19.291483 6.302479
v -31.082363 -19.261892 5.829068
v -31.111952 -19.291483 6.509596
v -31.200718 -19.380245 6.509596
v -31.200718 -19.409834 6.509596
v -31.259892 -19.498598 5.829068
v -31.259892 -19.498598 6.302479
v -31.259892 -19.498598 6.509596
v -31.259892 -19.498598 6.480007
v -31.289480 -19.528187 6.302479
v -31.289480 -19.528187 6.509596
v -31.348658 -19.646538 5.829068
v -31.171129 21.096359 6.480007
v -29.336662 -18.995598 5.917832
v -29.395838 -18.966011 5.917832
v -29.336662 -18.995598 6.391243
v -29.366251 -18.966011 6.450419
v -29.188723 -19.084364 18.285685
v -28.952015 -19.261892 5.947420
v -28.952015 -19.261892 6.509596
v -26.940022 -17.723309 6.272891
v -22.856853 -14.942020 0.976609
v -28.804073 -19.498598 5.947420
v -28.804073 -19.469009 6.361654
v -28.804073 -19.469009 6.272891
v -28.833662 -19.439421 6.450419
v -28.833662 -19.439421 6.480007
v -28.922428 -19.321072 6.509596
v -28.892839 -19.350657 6.361654
v -28.922428 -19.321072 6.361654
v -26.614552 -18.107952 6.272891
v -26.407436 -18.551775 6.272891
v -26.348259 -18.610954 6.272891
v -26.289080 -18.729307 6.272891
v -26.289080 -21.776886 6.509596
v -26.289080 -21.776886 6.272891
v -26.289080 -21.806473 6.509596
v -26.318668 -18.758896 6.243302
v -26.289080 -18.788481 6.272891
v -26.170729 -19.113953 6.509596
v -28.537781 20.001600 6.272891
v -28.567369 -20.682125 6.391243
v -28.596958 19.824068 6.243302
v -28.567369 19.853661 6.272891
v -28.567369 20.445421 5.947420
v -28.567369 20.475012 5.947420
v -28.537781 19.853661 18.285685
v -28.537781 19.853661 18.581566
v -28.537781 19.883245 18.581566
v -28.567369 -20.682125 6.361654
v -28.596958 -20.800478 6.272891
v -28.596958 -20.800478 6.480007
v -28.596958 -20.770889 6.272891
v -28.596958 19.735306 6.391243
v -28.596958 19.735306 6.272891
v -26.466610 -22.131947 6.509596
v -26.466610 -22.131947 6.332067
v -26.200317 -21.481005 6.509596
v -26.200317 -21.451418 6.509596
v -28.804073 -21.214712 6.420831
v -28.833662 -21.273890 18.581566
v -26.940022 -22.842062 6.509596
v -27.147137 -23.078766 6.391243
v -27.413431 -23.315474 6.509596
v -28.537781 -20.060772 6.272891
v -28.596958 -19.853657 6.272891
v -28.626547 -19.764891 6.509596
v -28.626547 -19.794479 6.509596
v -28.567369 19.824068 6.272891
v -28.685724 -19.646538 5.947420
v -28.685724 -19.646538 6.480007
v -27.502197 -18.670130 4.379248
v -29.307074 -19.025187 5.917832
v -29.366251 -18.966011 6.480007
v -29.366251 -18.966011 6.509596
v -29.573366 -18.906837 5.917832
v -33.360649 -18.078365 6.272891
v -31.437422 -19.764891 5.799480
v -31.437422 -19.853657 6.272891
v -31.437422 -19.883245 6.272891
v -31.437422 -19.883245 6.450419
v -31.467010 20.563772 5.799480
v -32.828064 21.037184 4.379248
v -32.798477 17.368254 6.272891
v -32.828064 17.397839 6.509596
v -31.052776 19.054777 5.799480
v -31.082363 19.054777 5.799480
v -31.407833 17.545780 4.379248
v -30.727306 18.847660 5.799480
v -30.727306 18.788485 5.799480
v -31.141541 17.397839 4.379248
v -30.461012 18.699720 5.799480
v -30.431423 18.699720 5.829068
v -30.964010 18.966011 5.799480
v -31.200718 19.202719 5.799480
v -31.259892 19.291483 5.799480
v -32.857655 17.427431 6.272891
v -32.828064 23.049177 6.272891
v -28.596958 20.563772 5.947420
v -27.058374 20.770891 4.379248
v -28.596958 19.735306 5.917832
v -28.596958 19.705719 6.391243
v -28.626547 19.616953 6.509596
v -28.626547 19.587364 6.420831
v -27.502197 18.492603 4.379248
v -28.656136 19.557777 6.361654
v -28.774488 19.380249 5.917832
v -28.804073 19.291483 5.917832
v -28.863251 19.232307 5.917832
v -28.892839 19.202719 5.888245
v -28.922428 19.143541 5.888245
v -29.099955 18.966011 5.888245
v -29.159134 18.936426 5.888245
v -28.952015 19.113955 6.509596
v -28.952015 19.113955 6.272891
v -28.952015 19.054777 5.888245
v -28.952015 19.084366 6.420831
v -28.952015 -21.421829 5.888245
v -28.952015 19.084366 6.509596
v -26.170729 21.333067 6.509596
v -26.170729 21.362656 6.509596
v -26.111553 21.155540 6.420831
v -26.111553 21.155540 6.509596
v -27.147137 17.397839 6.391243
v -27.265493 17.309074 6.272891
v -29.188723 18.906837 5.888245
v -29.129543 17.309074 4.379248
v -29.395838 18.758896 5.888245
v -29.425426 18.758896 6.509596
v -29.425426 18.788485 6.509596
v -29.425426 18.758896 6.420831
v -29.425426 18.758896 6.361654
v -29.662130 18.699720 5.829068
v -29.721308 18.699720 5.829068
v -29.395838 17.220312 4.379248
v -29.247900 18.877251 5.888245
v -29.040781 18.995598 5.888245
v -28.596958 19.705719 6.272891
v -28.537781 19.972010 6.420831
v -28.537781 19.972010 6.272891
v -29.602957 21.569771 5.917832
v -30.431423 21.569771 5.888245
v -30.461012 21.569771 5.888245
v -29.573366 21.569771 5.917832
v -29.425426 21.540182 5.917832
v -29.395838 21.540182 5.917832
v -28.804073 20.978010 5.947420
v -29.099955 21.303480 5.917832
v -29.070366 21.303480 5.947420
v -28.952015 21.214714 5.947420
v -28.892839 21.066772 5.947420
v -28.863251 21.066772 5.947420
v -28.685724 20.830067 5.947420
v -28.626547 20.741302 5.947420
v -29.425426 21.540182 6.509596
v -30.608953 21.540182 5.888245
v -30.549776 21.569771 5.888245
v -30.697718 21.510595 5.888245
v -30.727306 21.481007 5.888245
v -30.964010 21.333067 5.829068
v -30.964010 21.303480 5.829068
v -31.023188 21.244301 5.829068
v -31.082363 21.214714 5.829068
v -31.171129 21.125952 5.829068
v -31.171129 21.125952 6.272891
v -31.200718 21.066772 5.829068
v -31.259892 20.978010 5.829068
v -31.319069 20.889244 5.829068
v -31.348658 20.830067 5.829068
v -31.407833 20.770891 5.829068
v -32.768890 21.303480 4.379248
v -31.496599 20.475012 5.799480
v -31.496599 20.534187 6.332067
v -31.496599 20.504599 6.361654
v -31.496599 20.475012 6.420831
v -31.496599 19.735306 5.799480
v -31.378244 19.498598 6.302479
v -31.348658 19.439421 5.799480
v -33.863651 19.232307 6.272891
v -33.922821 19.439421 6.509596
v -33.922821 19.469009 6.509596
v -31.467010 20.534187 6.272891
v -30.816069 21.392239 5.888245
v -26.081964 19.469009 6.272891
v -26.081964 19.498598 6.272891
v -26.022787 19.853661 6.272891
v -35.934822 -24.469410 27.635544
v -35.964409 -24.942822 27.605955
v -35.934822 -25.445818 27.576368
v -35.609352 -25.712111 27.576368
v -35.195118 -25.948818 27.576368
v -36.201115 -25.652937 18.256096
v -28.093960 -22.605354 4.379248
v -29.336662 -21.688124 5.888245
v -29.395838 -21.717712 5.888245
v -29.277485 -21.628944 6.509596
v -29.307074 -21.658535 6.509596
v -14.572169 5.029988 0.976609
v -14.631344 6.006397 0.976609
v 32.502598 11.835265 0.976609
v 32.117950 12.249499 0.976609
v 31.378246 12.959617 0.976609
v 30.520191 13.521794 0.976609
v 29.662134 14.054380 0.976609
v 28.774488 14.498203 0.976609
v 30.875250 17.309074 4.379248
v 30.608957 17.220312 4.379248
v 33.804482 19.113955 6.509596
v 20.933626 -14.320670 0.976609
v 20.016392 -13.936023 0.976609
v 19.868452 -13.788084 0.976609
v -29.040781 18.995598 18.581566
v -28.952015 19.084366 18.581566
v -30.875246 18.906837 18.581566
v -30.727306 18.847660 18.581566
v -30.964010 18.995598 18.581566
v -31.348658 20.859655 18.285685
v -31.348658 20.859655 18.581566
v -27.768490 23.552181 18.285685
v -27.443020 23.315474 18.581566
v -27.443020 23.315474 18.285685
v -26.910433 22.782887 18.581566
v -28.656136 20.830067 18.581566
v -27.176725 17.397839 18.581566
v -28.626547 19.557777 18.581566
v -28.626547 19.587364 18.581566
v -28.626547 19.587364 18.285685
v -26.022787 20.741302 18.581566
v -28.952015 21.214714 18.285685
v -1.056622 26.500000 18.190519
v 9.110017 26.500000 3.226105
v -1.056622 24.899998 3.226105
v -1.056622 26.500000 3.226105
v 9.110017 24.899998 3.226105
v 9.110017 26.500000 18.190519
v -8.623162 27.242399 25.242796
v -13.867961 26.995998 25.242796
v -8.623162 26.749599 25.242796
v -19.121559 27.242399 25.242796
v -13.867961 27.497601 25.242796
v -19.121559 27.497601 25.242796
v -24.366358 27.497601 25.242796
v -19.121559 26.749599 25.242796
v -13.867961 26.494400 25.242796
v -8.623162 27.497601 25.242796
v -19.121559 26.494400 25.242796
v -3.369562 27.497601 25.242796
v -24.366358 26.494400 25.242796
v -8.623162 26.494400 25.242796
v -3.369562 26.494400 25.242796
v -2.375162 27.497601 25.242796
v -3.369562 25.500000 25.242796
v -13.867961 27.497601 19.249998
v -10.066360 27.497601 19.742798
v -8.623162 27.497601 19.249998
v -7.619961 27.497601 20.684397
v -11.791161 27.497601 20.314798
v -11.808761 27.497601 20.323599
v -24.366358 27.497601 19.249998
v -19.271158 27.497601 19.760397
v -19.227160 27.497601 19.751598
v -19.834358 27.497601 20.041998
v -15.328761 27.497601 20.877998
v -15.293561 27.497601 20.842798
v -20.186357 27.497601 19.610798
v -16.032761 27.497601 19.997997
v -15.997561 27.497601 19.971598
v -6.264761 27.497601 20.244398
v -10.787960 27.497601 19.997997
v -11.852761 27.497601 20.358799
v -11.817560 27.497601 20.332397
v -7.470362 27.497601 20.578798
v -11.685560 27.497601 20.235598
v -11.694361 27.497601 20.244398
v -20.142361 27.497601 19.575598
v -15.962359 27.497601 19.936398
v -15.918360 27.497601 19.909998
v -7.373561 27.497601 20.517197
v -11.597560 27.497601 20.182798
v -11.623960 27.497601 20.200397
v -7.276762 27.497601 20.464397
v -11.544761 27.497601 20.156397
v -11.553561 27.497601 20.156397
v -7.699162 27.497601 20.754799
v -11.870360 27.497601 20.376398
v -11.870360 27.497601 20.385199
v -16.041559 27.497601 19.997997
v -20.203960 27.497601 19.619598
v -19.015961 27.497601 19.751598
v -7.707961 27.497601 20.763597
v -12.468760 27.497601 23.667597
v -7.954361 27.497601 24.485998
v -7.919161 27.497601 24.459597
v -13.665560 27.497601 20.253199
v -11.755960 27.497601 20.279598
v -15.795159 27.497601 21.696398
v -20.080759 27.497601 20.455597
v -20.080759 27.497601 20.473198
v -20.080759 27.497601 20.481998
v -15.803960 27.497601 21.731598
v -15.795159 27.497601 21.713999
v -7.549562 27.497601 20.631598
v -11.729560 27.497601 20.270798
v -20.186357 27.497601 19.601997
v -20.168758 27.497601 19.593199
v -15.997561 27.497601 19.962799
v -11.808761 27.497601 20.332397
v -7.628761 27.497601 20.693197
v -7.452762 27.497601 20.561197
v -11.659160 27.497601 20.217999
v -11.676761 27.497601 20.235598
v -20.098360 27.497601 19.549198
v -15.874361 27.497601 19.883598
v -15.830359 27.497601 19.857199
v -19.834358 27.497601 24.450796
v -19.825560 27.497601 24.450796
v -7.267961 27.497601 20.455597
v -11.527161 27.497601 20.147598
v -7.285561 27.497601 20.473198
v -11.553561 27.497601 20.165197
v -15.909560 27.497601 19.901197
v -20.124758 27.497601 19.566799
v -19.825560 27.497601 20.041998
v -19.825560 27.497601 20.033197
v -15.821560 27.497601 19.857199
v -7.461562 27.497601 20.569998
v -11.562361 27.497601 20.165197
v -7.171162 27.497601 20.411598
v -11.403961 27.497601 20.094797
v -11.447961 27.497601 20.112398
v -11.474361 27.497601 20.121197
v -15.777560 27.497601 19.830797
v -11.483161 27.497601 20.121197
v -7.074361 27.497601 20.376398
v -11.377561 27.497601 20.085999
v -11.333560 27.497601 20.068398
v -15.821560 27.497601 19.848398
v -20.071959 27.497601 19.540398
v -15.733560 27.497601 19.813198
v -6.977561 27.497601 20.341198
v -11.307160 27.497601 20.059597
v -11.324759 27.497601 20.068398
v -15.768760 27.497601 19.830797
v -6.801562 27.497601 20.288397
v -11.183962 27.497601 20.024399
v -11.183962 27.497601 20.033197
v -7.179962 27.497601 20.420399
v -20.045559 27.497601 19.531597
v -19.174358 27.497601 19.742798
v -13.973559 27.497601 20.244398
v -19.165560 27.497601 19.742798
v -15.680759 27.497601 19.795599
v -6.889563 27.497601 20.314798
v -11.236761 27.497601 20.041998
v -11.263162 27.497601 20.050798
v -15.724761 27.497601 19.813198
v -19.975161 27.497601 19.505198
v -15.627961 27.497601 19.777998
v -15.583960 27.497601 19.769197
v -6.783961 27.497601 20.288397
v -11.175161 27.497601 20.024399
v -20.027960 27.497601 19.522799
v -19.121559 27.497601 19.742798
v -13.903160 27.497601 20.244398
v -13.867961 27.497601 20.244398
v -13.859161 27.497601 24.248398
v -19.112759 27.497601 24.741198
v -19.068760 27.497601 24.741198
v -7.091962 27.497601 20.376398
v -6.775162 27.497601 20.288397
v -11.148761 27.497601 20.024399
v -20.019159 27.497601 19.522799
v -15.671960 27.497601 19.795599
v -20.001558 27.497601 19.513998
v -10.867162 27.497601 19.997997
v -10.875960 27.497601 19.997997
v -6.467161 27.497601 20.244398
v -19.667158 27.497601 24.582796
v -15.038360 27.497601 23.869997
v -19.702360 27.497601 24.556398
v -15.575160 27.497601 19.769197
v -6.986362 27.497601 20.341198
v -11.192760 27.497601 20.033197
v -19.922361 27.497601 19.496397
v -15.522360 27.497601 19.760397
v -15.478361 27.497601 19.751598
v -19.737558 27.497601 19.953999
v -15.108760 27.497601 20.675598
v -15.099959 27.497601 20.666798
v -6.669561 27.497601 20.270798
v -11.078361 27.497601 20.006798
v -11.095962 27.497601 20.015598
v -15.531160 27.497601 19.760397
v -11.104760 27.497601 20.015598
v -6.572762 27.497601 20.253199
v -10.999161 27.497601 19.997997
v -11.016760 27.497601 20.006798
v -6.687161 27.497601 20.270798
v -8.033562 27.497601 24.556398
v -8.068762 27.497601 24.582796
v -19.948759 27.497601 19.505198
v -7.998361 27.497601 24.529997
v -12.609561 27.497601 23.799597
v -12.618361 27.497601 23.808397
v -7.954361 27.497601 24.494797
v -12.530361 27.497601 23.729197
v -12.539161 27.497601 23.737997
v -11.025560 27.497601 20.006798
v -6.581561 27.497601 20.253199
v -6.889563 27.497601 24.177996
v -11.949561 27.497601 22.796398
v -7.663961 27.497601 24.019596
v -12.829561 27.497601 20.534798
v -8.051162 27.497601 21.159597
v -7.998361 27.497601 21.080397
v -5.639963 27.497601 20.385199
v -3.369562 27.497601 19.249998
v -5.657561 27.497601 20.376398
v -5.560761 27.497601 20.420399
v -15.425560 27.497601 19.742798
v -10.946362 27.497601 19.997997
v -10.919961 27.497601 19.997997
v -10.937562 27.497601 19.997997
v -15.469561 27.497601 19.751598
v -7.989562 27.497601 24.521196
v -19.895960 27.497601 19.496397
v -20.089560 27.497601 20.490797
v -20.080759 27.497601 24.010798
v -15.803960 27.497601 22.761198
v -20.089560 27.497601 24.001997
v -15.803960 27.497601 21.740396
v -20.071959 27.497601 24.054796
v -15.795159 27.497601 22.769997
v -20.098360 27.497601 23.957996
v -15.768760 27.497601 22.866796
v -20.054359 27.497601 24.098797
v -15.742360 27.497601 22.954798
v -10.840761 27.497601 19.997997
v -6.361562 27.497601 20.244398
v -15.416759 27.497601 19.742798
v -15.372760 27.497601 19.742798
v -10.858361 27.497601 19.997997
v -13.119960 27.497601 19.874798
v -15.363960 27.497601 19.742798
v -7.663961 27.497601 24.045998
v -13.665560 27.497601 24.230797
v -11.967161 27.497601 22.849197
v -19.579161 27.497601 24.635597
v -19.535160 27.497601 24.653198
v -20.098360 27.497601 20.534798
v -15.803960 27.497601 22.752398
v -15.830359 27.497601 21.828398
v -15.786361 27.497601 21.669998
v -19.279959 27.497601 24.732397
v -19.227160 27.497601 24.741198
v -7.672761 27.497601 24.054796
v -15.786361 27.497601 21.661198
v -5.463964 27.497601 24.028399
v -5.472763 27.497601 24.028399
v -15.777560 27.497601 21.661198
v -14.184759 27.497601 24.221996
v -20.071959 27.497601 20.455597
v -20.071959 27.497601 20.446798
v -15.777560 27.497601 21.652397
v -14.070360 27.497601 20.253199
v -19.218359 27.497601 19.751598
v -20.071959 27.497601 20.437998
v -15.777560 27.497601 21.634798
v -20.071959 27.497601 20.429197
v -11.967161 27.497601 22.866796
v -7.672761 27.497601 24.063597
v -15.768760 27.497601 21.625998
v -19.174358 27.497601 24.741198
v -14.070360 27.497601 24.239597
v -19.218359 27.497601 24.741198
v -7.690361 27.497601 24.107597
v -15.768760 27.497601 21.617197
v -13.964760 27.497601 20.244398
v -7.707961 27.497601 24.151598
v -15.733560 27.497601 22.963598
v -20.036760 27.497601 24.151598
v -15.698360 27.497601 23.051596
v -11.975960 27.497601 22.875597
v -15.768760 27.497601 21.608398
v -19.737558 27.497601 19.962799
v -19.279959 27.497601 19.760397
v -14.272759 27.497601 20.288397
v -14.184759 27.497601 20.270798
v -20.063158 27.497601 20.420399
v -15.759960 27.497601 21.590797
v -5.120763 27.497601 23.808397
v -5.191162 27.497601 23.861198
v -20.063158 27.497601 20.402798
v -15.751161 27.497601 21.573198
v -20.749559 27.497601 20.341198
v -15.751161 27.497601 21.564398
v -19.367960 27.497601 22.241997
v -19.367960 27.497601 22.259596
v -15.874361 27.497601 22.241997
v -23.371960 27.497601 22.241997
v -23.371960 27.497601 22.338799
v -20.767160 27.497601 24.151598
v -20.749559 27.497601 24.151598
v -15.830359 27.497601 22.664396
v -20.054359 27.497601 24.107597
v -15.830359 27.497601 22.646797
v -20.054359 27.497601 20.393997
v -15.742360 27.497601 21.537998
v -20.054359 27.497601 20.385199
v -15.733560 27.497601 21.529198
v -12.002360 27.497601 22.963598
v -15.733560 27.497601 21.520397
v -13.674360 27.497601 24.239597
v -19.024759 27.497601 24.741198
v -19.015961 27.497601 24.741198
v -20.054359 27.497601 20.376398
v -15.733560 27.497601 21.511597
v -19.130360 27.497601 24.741198
v -19.121559 27.497601 24.749996
v -15.698360 27.497601 23.060396
v -12.037561 27.497601 23.051596
v -20.045559 27.497601 20.367598
v -15.715960 27.497601 21.485199
v -13.867961 27.497601 24.248398
v -20.036760 27.497601 20.349998
v -15.707159 27.497601 21.449997
v -20.036760 27.497601 20.341198
v -15.698360 27.497601 21.432398
v -13.859161 27.497601 20.244398
v -19.112759 27.497601 19.742798
v -20.027960 27.497601 20.332397
v -15.689560 27.497601 21.423597
v -7.707961 27.497601 24.160398
v -20.010359 27.497601 24.195597
v -15.654360 27.497601 23.139597
v -15.654360 27.497601 23.157198
v -12.046361 27.497601 23.060396
v -13.973559 27.497601 24.239597
v -12.046361 27.497601 23.069199
v -7.725563 27.497601 24.195597
v -20.019159 27.497601 20.314798
v -15.689560 27.497601 21.414797
v -15.671960 27.497601 21.379599
v -5.111961 27.497601 20.693197
v -5.191162 27.497601 20.631598
v -13.762361 27.497601 24.239597
v -20.010359 27.497601 20.297197
v -15.654360 27.497601 21.344397
v -19.869560 27.497601 19.496397
v -8.473560 27.497601 24.732397
v -13.559961 27.497601 24.221996
v -13.568760 27.497601 24.221996
v -15.319962 27.497601 19.742798
v -19.843159 27.497601 19.496397
v -6.475963 27.497601 20.244398
v -4.636763 27.497601 21.247597
v -4.689562 27.497601 21.159597
v -12.090361 27.497601 23.157198
v -7.751961 27.497601 24.239597
v -19.992760 27.497601 24.239597
v -20.010359 27.497601 20.288397
v -15.654360 27.497601 21.335598
v -15.645559 27.497601 21.326797
v -20.001558 27.497601 20.279598
v -15.636761 27.497601 21.309196
v -15.601561 27.497601 23.245197
v -19.966358 27.497601 24.283598
v -15.557559 27.497601 23.324396
v -12.134360 27.497601 23.236399
v -7.751961 27.497601 24.248398
v -12.134360 27.497601 23.245197
v -19.059959 27.497601 19.751598
v -19.068760 27.497601 19.742798
v -6.370363 27.497601 20.244398
v -20.001558 27.497601 20.270798
v -19.992760 27.497601 20.253199
v -15.636761 27.497601 21.300398
v -15.610360 27.497601 21.265198
v -19.966358 27.497601 20.209198
v -15.557559 27.497601 21.177198
v -15.557559 27.497601 21.168398
v -15.610360 27.497601 21.256397
v -19.983959 27.497601 20.244398
v -15.601561 27.497601 21.247597
v -19.957560 27.497601 24.292397
v -15.592760 27.497601 21.238798
v -15.548760 27.497601 23.333197
v -19.975161 27.497601 20.235598
v -15.583960 27.497601 21.221197
v -19.983959 27.497601 24.248398
v -15.610360 27.497601 23.236399
v -7.778362 27.497601 24.292397
v -15.566361 27.497601 21.177198
v -12.327961 27.497601 23.509197
v -7.875161 27.497601 24.415596
v -7.848761 27.497601 24.380398
v -10.823161 27.497601 19.997997
v -19.121559 27.497601 19.249998
v -19.957560 27.497601 20.200397
v -15.548760 27.497601 21.159597
v -7.804762 27.497601 24.327597
v -12.195961 27.497601 23.333197
v -12.248760 27.497601 23.412397
v -12.143161 27.497601 23.253998
v -19.948759 27.497601 20.182798
v -15.531160 27.497601 21.124397
v -15.522360 27.497601 21.124397
v -19.931160 27.497601 24.327597
v -19.931160 27.497601 24.336397
v -19.931160 27.497601 20.165197
v -15.495960 27.497601 21.080397
v -19.878359 27.497601 20.085999
v -15.416759 27.497601 20.974798
v -15.381560 27.497601 20.930798
v -7.813561 27.497601 24.336397
v -19.931160 27.497601 20.156397
v -15.495960 27.497601 21.071598
v -15.487160 27.497601 21.071598
v -15.495960 27.497601 23.412397
v -15.487160 27.497601 23.421198
v -19.904758 27.497601 24.371597
v -15.434360 27.497601 23.491598
v -12.248760 27.497601 23.421198
v -19.860760 27.497601 24.415596
v -19.922361 27.497601 20.156397
v -15.478361 27.497601 21.062798
v -7.839962 27.497601 24.371597
v -15.425560 27.497601 23.500397
v -19.869560 27.497601 24.406797
v -15.363960 27.497601 23.579597
v -15.293561 27.497601 23.649998
v -15.284759 27.497601 23.658796
v -12.257561 27.497601 23.429998
v -19.895960 27.497601 20.112398
v -15.460760 27.497601 21.027597
v -15.425560 27.497601 20.983599
v -19.913559 27.497601 20.138798
v -15.355161 27.497601 23.579597
v -19.895960 27.497601 24.371597
v -19.420759 27.497601 24.697197
v -14.492759 27.497601 24.151598
v -19.429560 27.497601 24.697197
v -19.869560 27.497601 20.085999
v -19.860760 27.497601 20.077198
v -14.695160 27.497601 24.063597
v -19.526360 27.497601 24.661997
v -14.686361 27.497601 24.072397
v -19.772760 27.497601 19.989199
v -15.196760 27.497601 20.754799
v -15.170360 27.497601 20.728397
v -2.375162 27.497601 19.249998
v -8.218362 27.497601 24.661997
v -12.970360 27.497601 24.028399
v -13.058360 27.497601 24.072397
v -14.501561 27.497601 24.142797
v -19.438360 27.497601 24.697197
v -19.667158 27.497601 19.909998
v -19.658360 27.497601 19.901197
v -13.067162 27.497601 24.081198
v -8.262362 27.497601 24.679598
v -19.526360 27.497601 19.830797
v -19.491159 27.497601 19.813198
v -14.475161 27.497601 24.151598
v -14.510361 27.497601 20.349998
v -19.429560 27.497601 19.795599
v -19.438360 27.497601 19.795599
v -13.753560 27.497601 20.253199
v -19.711159 27.497601 19.936398
v -19.702360 27.497601 19.936398
v -19.482359 27.497601 19.813198
v -19.473560 27.497601 19.813198
v -19.376759 27.497601 24.714798
v -14.387160 27.497601 24.177996
v -14.607160 27.497601 20.385199
v -14.589561 27.497601 20.376398
v -13.155161 27.497601 24.116396
v -8.315162 27.497601 24.697197
v -14.580759 27.497601 20.376398
v -7.910361 27.497601 24.450796
v -4.372762 27.497601 22.347597
v -4.372762 27.497601 22.365198
v -14.791960 27.497601 24.019596
v -14.774362 27.497601 24.028399
v -19.482359 27.497601 24.679598
v -14.589561 27.497601 24.116396
v -14.492759 27.497601 20.341198
v -14.677561 27.497601 24.081198
v -13.243159 27.497601 24.142797
v -13.251962 27.497601 24.151598
v -14.483960 27.497601 20.341198
v -13.260760 27.497601 24.151598
v -19.420759 27.497601 19.795599
v -19.376759 27.497601 19.777998
v -19.746359 27.497601 24.529997
v -15.126360 27.497601 23.799597
v -19.746359 27.497601 24.521196
v -14.959161 27.497601 23.922798
v -12.319160 27.497601 23.500397
v -8.121561 27.497601 24.609198
v -12.794362 27.497601 23.931597
v -12.873560 27.497601 23.975597
v -19.535160 27.497601 19.839598
v -14.677561 27.497601 20.411598
v -19.790358 27.497601 24.485998
v -14.686361 27.497601 20.420399
v -19.543959 27.497601 19.839598
v -19.570358 27.497601 19.848398
v -19.139160 27.497601 19.742798
v -14.290359 27.497601 24.204397
v -19.332758 27.497601 24.723597
v -13.762361 27.497601 20.244398
v -13.850360 27.497601 20.244398
v -5.965562 27.497601 24.204397
v -6.053562 27.497601 24.221996
v -14.079161 27.497601 24.230797
v -6.053562 27.497601 20.270798
v -6.159163 27.497601 20.253199
v -6.150362 27.497601 20.261997
v -5.956763 27.497601 20.288397
v -6.044763 27.497601 20.270798
v -5.463964 27.497601 20.464397
v -5.543162 27.497601 20.420399
v -5.182363 27.497601 20.631598
v -5.745561 27.497601 20.349998
v -5.754364 27.497601 20.341198
v -12.847161 27.497601 20.525999
v -12.785560 27.497601 20.569998
v -12.723960 27.497601 20.605198
v -4.689562 27.497601 21.168398
v -4.381562 27.497601 22.461998
v -4.399162 27.497601 22.558798
v -4.592761 27.497601 21.335598
v -4.636763 27.497601 21.256397
v -8.235962 27.497601 21.520397
v -12.380760 27.497601 20.904398
v -12.354361 27.497601 20.939598
v -11.914361 27.497601 21.819597
v -8.350362 27.497601 22.558798
v -8.350362 27.497601 22.549997
v -11.914361 27.497601 21.828398
v -8.323962 27.497601 22.664396
v -11.905561 27.497601 21.898798
v -11.896761 27.497601 21.933998
v -8.332761 27.497601 22.646797
v -4.469561 27.497601 21.625998
v -4.504761 27.497601 21.529198
v -4.495962 27.497601 21.537998
v -19.790358 27.497601 19.997997
v -19.781559 27.497601 19.997997
v -8.297562 27.497601 22.769997
v -11.887960 27.497601 21.986797
v -11.879161 27.497601 22.039597
v -4.372762 27.497601 22.259596
v -4.812762 27.497601 20.983599
v -4.821561 27.497601 20.974798
v -8.367962 27.497601 22.338799
v -11.967161 27.497601 21.643597
v -11.958361 27.497601 21.652397
v -15.047161 27.497601 20.622797
v -15.038360 27.497601 20.622797
v -8.367962 27.497601 22.241997
v -11.993562 27.497601 21.555597
v -11.993562 27.497601 21.564398
v -4.416762 27.497601 21.828398
v -4.399162 27.497601 21.933998
v -14.387160 27.497601 20.314798
v -19.359159 27.497601 19.777998
v -8.517561 27.497601 24.741198
v -13.947161 27.497601 20.244398
v -14.193562 27.497601 24.221996
v -19.156759 27.497601 19.742798
v -8.464762 27.497601 24.732397
v -13.463161 27.497601 24.204397
v -8.420761 27.497601 24.723597
v -8.411963 27.497601 24.723597
v -13.454361 27.497601 24.204397
v -19.323959 27.497601 19.769197
v -14.290359 27.497601 20.288397
v -14.299160 27.497601 24.195597
v -19.332758 27.497601 19.769197
v -14.299160 27.497601 20.288397
v -8.359161 27.497601 24.714798
v -13.348761 27.497601 24.177996
v -14.343161 27.497601 20.305998
v -5.560761 27.497601 24.072397
v -5.569562 27.497601 24.081198
v -14.351961 27.497601 20.305998
v -14.175961 27.497601 20.270798
v -14.079161 27.497601 20.253199
v -8.367962 27.497601 24.714798
v -8.077562 27.497601 24.591597
v -19.746359 27.497601 19.971598
v -15.126360 27.497601 20.693197
v -8.165561 27.497601 24.635597
v -12.952761 27.497601 24.019596
v -14.809561 27.497601 20.481998
v -19.587959 27.497601 19.857199
v -19.587959 27.497601 19.865997
v -19.746359 27.497601 19.962799
v -15.117560 27.497601 20.684397
v -12.521560 27.497601 20.763597
v -8.156762 27.497601 21.335598
v -8.147962 27.497601 21.326797
v -19.623159 27.497601 24.609198
v -15.223161 27.497601 20.772398
v -15.205561 27.497601 20.763597
v -12.380760 27.497601 23.579597
v -4.539963 27.497601 21.432398
v -4.583962 27.497601 21.344397
v -15.231959 27.497601 20.781199
v -19.799160 27.497601 20.006798
v -19.799160 27.497601 20.015598
v -7.927962 27.497601 20.983599
v -13.005562 27.497601 20.446798
v -12.987961 27.497601 20.446798
v -14.800760 27.497601 20.473198
v -19.579161 27.497601 19.857199
v -19.781559 27.497601 24.494797
v -15.205561 27.497601 23.729197
v -14.818360 27.497601 20.481998
v -19.623159 27.497601 19.883598
v -19.596760 27.497601 19.865997
v -15.117560 27.497601 23.808397
v -19.711159 27.497601 24.556398
v -15.047161 27.497601 23.861198
v -19.631960 27.497601 19.883598
v -14.950360 27.497601 20.561197
v -14.888761 27.497601 20.525999
v -12.697560 27.497601 23.861198
v -12.767962 27.497601 23.913998
v -14.791960 27.497601 20.473198
v -14.774362 27.497601 20.464397
v -14.703959 27.497601 20.429197
v -14.765559 27.497601 20.455597
v -14.712762 27.497601 20.429197
v -8.174361 27.497601 24.635597
v -14.967960 27.497601 20.578798
v -8.077562 27.497601 24.582796
v -12.785560 27.497601 23.922798
v -12.433560 27.497601 20.860397
v -5.455162 27.497601 20.473198
v -5.367161 27.497601 20.517197
v -19.851959 27.497601 20.059597
v -15.214360 27.497601 23.720396
v -15.196760 27.497601 23.737997
v -4.381562 27.497601 22.039597
v -4.381562 27.497601 22.048397
v -14.871161 27.497601 20.517197
v -15.047161 27.497601 20.631598
v -8.359161 27.497601 22.039597
v -12.081561 27.497601 21.344397
v -12.063960 27.497601 21.388397
v -14.959161 27.497601 20.569998
v -14.879960 27.497601 23.975597
v -4.759961 27.497601 23.429998
v -4.812762 27.497601 23.500397
v -14.871161 27.497601 23.975597
v -7.989562 27.497601 21.071598
v -12.855960 27.497601 20.517197
v -12.961560 27.497601 24.028399
v -4.381562 27.497601 22.453197
v -20.767160 27.497601 20.341198
v -5.851161 27.497601 20.314798
v -5.947961 27.497601 20.288397
v -12.451160 27.497601 23.649998
v -5.279162 27.497601 20.569998
v -5.287961 27.497601 20.561197
v -12.116760 27.497601 21.291597
v -8.350362 27.497601 21.933998
v -8.341561 27.497601 21.925198
v -8.297562 27.497601 21.713999
v -12.248760 27.497601 21.071598
v -12.222361 27.497601 21.115599
v -12.767962 27.497601 20.578798
v -8.367962 27.497601 22.127598
v -12.037561 27.497601 21.441198
v -12.028761 27.497601 21.467596
v -12.046361 27.497601 21.432398
v -12.627160 27.497601 20.684397
v -8.103961 27.497601 21.247597
v -8.095162 27.497601 21.238798
v -8.306362 27.497601 21.731598
v -12.213560 27.497601 21.124397
v -19.887159 27.497601 20.904398
v -19.948759 27.497601 20.842798
v -8.323962 27.497601 21.828398
v -12.213560 27.497601 21.133198
v -12.195961 27.497601 21.159597
v -8.235962 27.497601 21.529198
v -12.354361 27.497601 20.948397
v -8.306362 27.497601 21.740396
v -8.271161 27.497601 21.625998
v -12.283961 27.497601 21.027597
v -12.283961 27.497601 21.036398
v -11.887960 27.497601 21.977997
v -8.306362 27.497601 22.761198
v -8.306362 27.497601 22.752398
v -8.271161 27.497601 21.617197
v -4.390361 27.497601 21.942799
v -4.416762 27.497601 21.837198
v -8.200761 27.497601 21.432398
v -12.451160 27.497601 20.842798
v -12.195961 27.497601 21.150799
v -8.367962 27.497601 22.145197
v -13.436760 27.497601 20.288397
v -13.515960 27.497601 20.279598
v -13.454361 27.497601 20.288397
v -7.787162 27.497601 20.833998
v -7.778362 27.497601 20.825197
v -13.559961 27.497601 20.270798
v -7.980761 27.497601 21.062798
v -12.952761 27.497601 20.473198
v -12.873560 27.497601 20.517197
v -12.961560 27.497601 20.464397
v -12.794362 27.497601 20.561197
v -12.002360 27.497601 21.529198
v -12.002360 27.497601 21.537998
v -8.367962 27.497601 22.233198
v -4.698363 27.497601 21.150799
v -4.751162 27.497601 21.071598
v -12.019960 27.497601 21.476397
v -12.539161 27.497601 20.754799
v -12.530361 27.497601 20.763597
v -12.609561 27.497601 20.693197
v -15.355161 27.497601 20.904398
v -12.512760 27.497601 20.772398
v -15.275960 27.497601 20.825197
v -8.156762 27.497601 21.344397
v -12.503961 27.497601 20.781199
v -12.327961 27.497601 20.974798
v -12.319160 27.497601 20.983599
v -12.187160 27.497601 21.168398
v -12.160761 27.497601 21.212399
v -12.310360 27.497601 20.992397
v -4.443162 27.497601 21.731598
v -8.367962 27.497601 22.347597
v -11.958361 27.497601 21.661198
v -12.134360 27.497601 21.247597
v -12.134360 27.497601 21.256397
v -12.107962 27.497601 21.300398
v -8.350362 27.497601 21.942799
v -12.099160 27.497601 21.309196
v -12.090361 27.497601 21.335598
v -11.967161 27.497601 21.625998
v -4.416762 27.497601 22.673199
v -4.443162 27.497601 22.761198
v -22.984758 27.497601 21.062798
v -22.923159 27.497601 20.983599
v -11.879161 27.497601 22.127598
v -8.235962 27.497601 22.963598
v -8.244761 27.497601 22.954798
v -4.469561 27.497601 22.849197
v -11.870360 27.497601 22.145197
v -11.870360 27.497601 22.241997
v -8.200761 27.497601 23.060396
v -11.870360 27.497601 22.233198
v -19.376759 27.497601 22.145197
v -19.367960 27.497601 22.233198
v -21.171959 27.497601 24.239597
v -21.180759 27.497601 24.239597
v -8.156762 27.497601 23.139597
v -11.870360 27.497601 22.250797
v -11.870360 27.497601 22.259596
v -11.870360 27.497601 22.312397
v -8.103961 27.497601 23.236399
v -8.156762 27.497601 23.157198
v -21.066359 27.497601 24.221996
v -21.163160 27.497601 24.230797
v -11.870360 27.497601 22.321198
v -8.103961 27.497601 23.245197
v -11.879161 27.497601 22.373997
v -8.051162 27.497601 23.333197
v -8.051162 27.497601 23.324396
v -7.989562 27.497601 23.421198
v -11.879161 27.497601 22.453197
v -11.879161 27.497601 22.461998
v -11.879161 27.497601 22.426798
v -7.998361 27.497601 23.412397
v -4.883162 27.497601 23.579597
v -4.944762 27.497601 23.649998
v -7.927962 27.497601 23.491598
v -11.887960 27.497601 22.470797
v -11.887960 27.497601 22.479597
v -4.962362 27.497601 23.667597
v -5.032763 27.497601 23.729197
v -11.923161 27.497601 22.690798
v -7.461562 27.497601 23.922798
v -7.540761 27.497601 23.869997
v -7.857562 27.497601 23.579597
v -11.887960 27.497601 22.523598
v -11.896761 27.497601 22.558798
v -7.866361 27.497601 23.579597
v -7.795961 27.497601 23.649998
v -11.896761 27.497601 22.567598
v -7.787162 27.497601 23.658796
v -11.905561 27.497601 22.602797
v -20.107159 27.497601 23.790796
v -15.865561 27.497601 22.338799
v -20.089560 27.497601 23.781998
v -7.628761 27.497601 23.799597
v -11.905561 27.497601 22.637999
v -11.914361 27.497601 22.637999
v -7.699162 27.497601 23.737997
v -7.707961 27.497601 23.729197
v -7.716762 27.497601 23.720396
v -5.111961 27.497601 23.799597
v -11.914361 27.497601 22.664396
v -7.549562 27.497601 23.861198
v -7.619961 27.497601 23.808397
v -11.914361 27.497601 22.673199
v -6.977561 27.497601 24.151598
v -11.931961 27.497601 22.752398
v -11.940761 27.497601 22.752398
v -4.469561 27.497601 22.866796
v -12.459961 27.497601 23.658796
v -13.366361 27.497601 24.177996
v -13.885559 27.497601 24.248398
v -14.087960 27.497601 24.230797
v -6.159163 27.497601 24.230797
v -6.176761 27.497601 24.239597
v -11.923161 27.497601 22.708397
v -7.373561 27.497601 23.975597
v -7.382362 27.497601 23.975597
v -20.723160 27.497601 24.133997
v -15.847960 27.497601 22.558798
v -20.652760 27.497601 24.116396
v -21.435959 27.497601 24.239597
v -21.427158 27.497601 24.248398
v -20.450359 27.497601 24.019596
v -20.397558 27.497601 23.993196
v -20.740759 27.497601 24.142797
v -19.411961 27.497601 22.664396
v -19.411961 27.497601 22.646797
v -20.283159 27.497601 23.922798
v -15.856760 27.497601 22.453197
v -20.274359 27.497601 23.913998
v -20.230360 27.497601 23.887598
v -15.865561 27.497601 22.347597
v -21.057560 27.497601 24.221996
v -19.438360 27.497601 22.761198
v -19.420759 27.497601 22.673199
v -19.499960 27.497601 22.963598
v -19.473560 27.497601 22.875597
v -20.036760 27.497601 23.737997
v -20.036760 27.497601 23.729197
v -19.376759 27.497601 22.347597
v -19.587959 27.497601 23.157198
v -19.552759 27.497601 23.069199
v -22.465559 27.497601 20.578798
v -22.456758 27.497601 20.569998
v -15.865561 27.497601 22.127598
v -20.186357 27.497601 20.631598
v -20.115959 27.497601 20.693197
v -20.107159 27.497601 20.701998
v -15.874361 27.497601 22.233198
v -15.865561 27.497601 22.145197
v -19.394360 27.497601 21.933998
v -19.385559 27.497601 22.039597
v -19.816759 27.497601 20.983599
v -19.825560 27.497601 20.974798
v -19.755159 27.497601 21.071598
v -19.807961 27.497601 20.992397
v -19.640760 27.497601 21.247597
v -19.693560 27.497601 21.159597
v -19.684759 27.497601 21.168398
v -19.587959 27.497601 21.335598
v -19.631960 27.497601 21.256397
v -15.856760 27.497601 22.039597
v -20.371161 27.497601 20.517197
v -20.283159 27.497601 20.569998
v -19.411961 27.497601 21.828398
v -19.438360 27.497601 21.731598
v -19.438360 27.497601 21.740396
v -19.394360 27.497601 21.942799
v -15.847960 27.497601 21.942799
v -20.397558 27.497601 20.499598
v -20.379959 27.497601 20.508398
v -20.195160 27.497601 20.631598
v -22.703159 27.497601 20.754799
v -22.632759 27.497601 20.693197
v -20.230360 27.497601 20.605198
v -20.423960 27.497601 20.481998
v -15.847960 27.497601 21.933998
v -15.847960 27.497601 21.925198
v -20.291960 27.497601 20.561197
v -20.643959 27.497601 20.385199
v -20.555960 27.497601 20.420399
v -20.652760 27.497601 20.376398
v -20.450359 27.497601 20.473198
v -20.459158 27.497601 20.464397
v -20.547159 27.497601 20.420399
v -20.740759 27.497601 20.349998
v -12.697560 27.497601 20.631598
v -13.419160 27.497601 20.297197
v -13.445560 27.497601 20.288397
v -6.255962 27.497601 20.253199
v -7.919161 27.497601 20.974798
v -13.146360 27.497601 20.385199
v -13.058360 27.497601 20.420399
v -13.155161 27.497601 20.376398
v -7.857562 27.497601 20.904398
v -7.795961 27.497601 20.842798
v -13.647962 27.497601 20.261997
v -5.270362 27.497601 20.578798
v -5.023962 27.497601 20.763597
v -5.032763 27.497601 20.763597
v -13.551159 27.497601 20.270798
v -14.475161 27.497601 20.341198
v -13.348761 27.497601 20.314798
v -13.172760 27.497601 20.376398
v -12.688761 27.497601 20.631598
v -20.855158 27.497601 20.314798
v -13.260760 27.497601 20.341198
v -13.251962 27.497601 20.341198
v -13.243159 27.497601 20.349998
v -4.469561 27.497601 22.875597
v -4.416762 27.497601 22.664396
v -4.372762 27.497601 22.241997
v -15.284759 27.497601 20.833998
v -4.953563 27.497601 20.833998
v -12.459961 27.497601 20.833998
v -15.372760 27.497601 20.921999
v -15.416759 27.497601 20.983599
v -20.943159 27.497601 20.288397
v -20.951960 27.497601 20.288397
v -21.048759 27.497601 20.270798
v -21.154360 27.497601 20.261997
v -21.163160 27.497601 20.253199
v -21.180759 27.497601 20.253199
v -21.779160 27.497601 20.288397
v -21.682360 27.497601 20.270798
v -21.787960 27.497601 20.288397
v -21.673559 27.497601 20.270798
v -21.136759 27.497601 20.261997
v -21.268759 27.497601 20.244398
v -21.312759 27.497601 20.244398
v -21.427158 27.497601 20.244398
v -21.418360 27.497601 20.244398
v -21.796759 27.497601 20.288397
v -21.523958 27.497601 20.253199
v -21.515160 27.497601 20.253199
v -21.471159 27.497601 20.244398
v -21.462358 27.497601 20.244398
v -21.576759 27.497601 20.253199
v -21.884758 27.497601 20.314798
v -21.981558 27.497601 20.341198
v -22.078360 27.497601 20.376398
v -21.990358 27.497601 20.341198
v -22.087158 27.497601 20.376398
v -22.175159 27.497601 20.411598
v -22.183960 27.497601 20.420399
v -22.271959 27.497601 20.455597
v -22.289560 27.497601 20.473198
v -22.280758 27.497601 20.464397
v -22.711958 27.497601 20.763597
v -22.447958 27.497601 20.561197
v -22.368759 27.497601 20.517197
v -22.623959 27.497601 20.684397
v -20.036760 27.497601 20.754799
v -20.036760 27.497601 20.763597
v -22.544758 27.497601 20.631598
v -22.773558 27.497601 20.825197
v -22.791159 27.497601 20.842798
v -22.782358 27.497601 20.833998
v -23.151958 27.497601 21.335598
v -23.143160 27.497601 21.326797
v -23.099159 27.497601 21.238798
v -23.046358 27.497601 21.159597
v -22.914360 27.497601 20.974798
v -22.852758 27.497601 20.904398
v -22.993559 27.497601 21.080397
v -22.984758 27.497601 21.071598
v -23.160759 27.497601 21.344397
v -23.099159 27.497601 21.247597
v -23.266359 27.497601 21.617197
v -23.239958 27.497601 21.529198
v -23.231157 27.497601 21.520397
v -23.195959 27.497601 21.432398
v -23.275158 27.497601 21.625998
v -23.301559 27.497601 21.713999
v -23.301559 27.497601 21.731598
v -23.301559 27.497601 21.740396
v -23.327959 27.497601 21.828398
v -23.345558 27.497601 21.925198
v -23.363159 27.497601 22.127598
v -23.363159 27.497601 22.039597
v -23.345558 27.497601 21.942799
v -23.345558 27.497601 21.933998
v -23.371960 27.497601 22.145197
v -22.192759 27.497601 24.063597
v -22.183960 27.497601 24.072397
v -23.371960 27.497601 22.233198
v -21.999159 27.497601 24.142797
v -21.990358 27.497601 24.151598
v -20.564760 27.497601 24.081198
v -20.855158 27.497601 24.177996
v -20.863958 27.497601 24.177996
v -20.951960 27.497601 24.204397
v -20.555960 27.497601 24.072397
v -21.796759 27.497601 24.195597
v -21.787960 27.497601 24.204397
v -20.476759 27.497601 24.028399
v -20.459158 27.497601 24.028399
v -20.115959 27.497601 23.799597
v -20.969559 27.497601 24.204397
v -21.268759 27.497601 24.239597
v -21.523958 27.497601 24.239597
v -21.471159 27.497601 24.239597
v -21.418360 27.497601 24.248398
v -21.312759 27.497601 24.248398
v -21.356760 27.497601 24.248398
v -21.374359 27.497601 24.248398
v -21.383160 27.497601 24.248398
v -23.371960 27.497601 22.347597
v -21.691158 27.497601 24.221996
v -21.682360 27.497601 24.221996
v -21.594358 27.497601 24.230797
v -21.576759 27.497601 24.230797
v -21.567959 27.497601 24.239597
v -21.884758 27.497601 24.177996
v -22.632759 27.497601 23.799597
v -22.623959 27.497601 23.808397
v -23.363159 27.497601 22.365198
v -23.363159 27.497601 22.453197
v -23.345558 27.497601 22.549997
v -23.345558 27.497601 22.558798
v -23.327959 27.497601 22.646797
v -23.327959 27.497601 22.664396
v -19.394360 27.497601 22.558798
v -19.385559 27.497601 22.453197
v -19.385559 27.497601 22.461998
v -23.301559 27.497601 22.752398
v -23.301559 27.497601 22.761198
v -23.301559 27.497601 22.769997
v -23.275158 27.497601 22.866796
v -23.239958 27.497601 22.954798
v -23.239958 27.497601 22.963598
v -19.535160 27.497601 23.051596
v -23.204760 27.497601 23.051596
v -23.195959 27.497601 23.060396
v -23.160759 27.497601 23.139597
v -23.151958 27.497601 23.157198
v -20.001558 27.497601 23.702799
v -23.107958 27.497601 23.236399
v -23.099159 27.497601 23.245197
v -23.055159 27.497601 23.324396
v -23.046358 27.497601 23.333197
v -22.993559 27.497601 23.412397
v -22.984758 27.497601 23.421198
v -22.931959 27.497601 23.491598
v -22.923159 27.497601 23.500397
v -22.861559 27.497601 23.579597
v -22.852758 27.497601 23.579597
v -22.791159 27.497601 23.649998
v -22.782358 27.497601 23.658796
v -22.720758 27.497601 23.720396
v -22.711958 27.497601 23.729197
v -22.703159 27.497601 23.737997
v -20.379959 27.497601 23.984398
v -20.371161 27.497601 23.975597
v -22.544758 27.497601 23.861198
v -15.865561 27.497601 22.365198
v -20.195160 27.497601 23.861198
v -22.535959 27.497601 23.869997
v -22.456758 27.497601 23.922798
v -22.377558 27.497601 23.975597
v -15.847960 27.497601 22.549997
v -22.368759 27.497601 23.975597
v -20.291960 27.497601 23.931597
v -22.289560 27.497601 24.019596
v -22.280758 27.497601 24.028399
v -22.175159 27.497601 24.081198
v -22.087158 27.497601 24.116396
v -21.981558 27.497601 24.151598
v -19.464760 27.497601 21.634798
v -19.464760 27.497601 21.625998
v -19.957560 27.497601 20.833998
v -21.567959 27.497601 20.253199
v -21.251158 27.497601 20.253199
v -21.356760 27.497601 20.244398
v -21.374359 27.497601 20.244398
v -21.057560 27.497601 20.270798
v -20.274359 27.497601 20.578798
v -20.027960 27.497601 20.763597
v -20.010359 27.497601 20.781199
v -19.411961 27.497601 21.837198
v -19.376759 27.497601 22.048397
v -19.499960 27.497601 21.537998
v -19.499960 27.497601 21.529198
v -19.535160 27.497601 21.441198
v -19.543959 27.497601 21.432398
v -19.587959 27.497601 21.344397
v -19.702360 27.497601 21.150799
v -20.001558 27.497601 20.789997
v -19.693560 27.497601 23.333197
v -19.640760 27.497601 23.253998
v -19.966358 27.497601 23.667597
v -19.957560 27.497601 23.658796
v -19.948759 27.497601 23.649998
v -19.887159 27.497601 23.579597
v -19.825560 27.497601 23.509197
v -19.816759 27.497601 23.500397
v -19.755159 27.497601 23.421198
v -19.763960 27.497601 23.429998
v -19.631960 27.497601 23.236399
v -19.746359 27.497601 23.412397
v -19.640760 27.497601 23.245197
v -19.543959 27.497601 23.060396
v -19.464760 27.497601 22.866796
v -19.464760 27.497601 22.849197
v -19.376759 27.497601 22.365198
v -20.124758 27.497601 23.808397
v -7.927962 27.497601 23.500397
v -4.469561 27.497601 21.634798
v -4.460762 27.497601 21.643597
v -5.763163 27.497601 24.151598
v -5.851161 27.497601 24.177996
v -4.944762 27.497601 20.842798
v -4.883162 27.497601 20.904398
v -4.504761 27.497601 22.963598
v -4.636763 27.497601 23.245197
v -4.645562 27.497601 23.253998
v -5.041562 27.497601 23.737997
v -5.270362 27.497601 23.913998
v -5.455162 27.497601 24.019596
v -4.742363 27.497601 23.412397
v -4.751162 27.497601 23.421198
v -4.689562 27.497601 23.333197
v -4.548762 27.497601 23.069199
v -4.592761 27.497601 23.157198
v -4.539963 27.497601 23.060396
v -4.636763 27.497601 23.236399
v -5.279162 27.497601 23.922798
v -5.287961 27.497601 23.931597
v -5.367161 27.497601 23.975597
v -5.859962 27.497601 24.177996
v -5.956763 27.497601 24.204397
v -6.071162 27.497601 24.221996
v -5.754364 27.497601 24.151598
v -6.581561 27.497601 24.230797
v -6.572762 27.497601 24.239597
v -6.801562 27.497601 24.195597
v -6.783961 27.497601 24.204397
v -6.695962 27.497601 24.221996
v -6.687161 27.497601 24.221996
v -6.590364 27.497601 24.230797
v -6.475963 27.497601 24.239597
v -6.264761 27.497601 24.239597
v -6.361562 27.497601 24.248398
v -6.379162 27.497601 24.248398
v -6.370363 27.497601 24.248398
v -5.657561 27.497601 24.116396
v -5.745561 27.497601 24.142797
v -4.953563 27.497601 23.658796
v -4.821561 27.497601 23.509197
v -4.539963 27.497601 23.051596
v -11.879161 27.497601 22.118797
v -11.887960 27.497601 21.969198
v -4.416762 27.497601 22.646797
v -11.923161 27.497601 21.810797
v -11.905561 27.497601 21.889997
v -11.931961 27.497601 22.725998
v -7.276762 27.497601 24.028399
v -7.285561 27.497601 24.019596
v -11.931961 27.497601 22.734798
v -7.197562 27.497601 24.063597
v -7.179962 27.497601 24.072397
v -11.931961 27.497601 22.743597
v -7.171162 27.497601 24.081198
v -6.986362 27.497601 24.151598
v -7.091962 27.497601 24.116396
v -6.995161 27.497601 24.142797
v -11.940761 27.497601 22.761198
v -11.914361 27.497601 22.646797
v -11.870360 27.497601 22.347597
v -11.870360 27.497601 22.365198
v -11.870360 27.497601 22.189198
v -8.200761 27.497601 23.051596
v -11.879161 27.497601 22.048397
v -8.271161 27.497601 22.866796
v -11.896761 27.497601 21.942799
v -11.914361 27.497601 21.837198
v -8.359161 27.497601 22.453197
v -11.931961 27.497601 21.740396
v -11.940761 27.497601 21.740396
v -8.367962 27.497601 22.365198
v -11.940761 27.497601 21.731598
v -11.967161 27.497601 21.634798
v -5.763163 27.497601 20.341198
v -13.049561 27.497601 20.420399
v -4.434361 27.497601 21.740396
v -4.372762 27.497601 22.145197
v -4.372762 27.497601 22.233198
v -4.539963 27.497601 21.441198
v -4.812762 27.497601 20.992397
v -5.041562 27.497601 20.754799
v -24.366358 26.494400 19.249998
v -19.121559 27.242399 19.249998
v -13.867961 26.995998 19.249998
v -8.623162 27.242399 19.249998
v -3.369562 25.500000 19.249998
v -8.623162 26.749599 19.249998
v -8.623162 26.494400 19.249998
v -13.867961 26.494400 19.249998
v -3.369562 26.494400 19.249998
v -19.121559 26.749599 19.249998
v -19.121559 26.494400 19.249998
v -7.549562 26.494400 20.631598
v -11.738361 26.494400 20.270798
v -11.703161 26.494400 20.244398
v -6.264761 26.494400 20.244398
v -10.787960 26.494400 19.997997
v -10.066360 26.494400 19.742798
v -7.690361 26.494400 20.745998
v -11.861560 26.494400 20.367598
v -11.843961 26.494400 20.358799
v -15.997561 26.494400 19.971598
v -20.203960 26.494400 19.619598
v -16.032761 26.494400 19.997997
v -16.041559 26.494400 19.997997
v -11.817560 26.494400 20.332397
v -11.870360 26.494400 20.376398
v -11.870360 26.494400 20.385199
v -7.707961 26.494400 20.763597
v -7.435161 26.494400 20.552397
v -11.667960 26.494400 20.226797
v -11.659160 26.494400 20.217999
v -19.015961 26.494400 19.751598
v -20.080759 26.494400 20.473198
v -15.795159 26.494400 21.705198
v -15.803960 26.494400 21.731598
v -20.089560 26.494400 20.490797
v -20.080759 26.494400 20.455597
v -15.786361 26.494400 21.669998
v -15.795159 26.494400 21.696398
v -13.665560 26.494400 20.253199
v -7.611162 26.494400 20.675598
v -11.782361 26.494400 20.305998
v -11.755960 26.494400 20.279598
v -7.628761 26.494400 20.693197
v -20.186357 26.494400 19.610798
v -15.962359 26.494400 19.936398
v -11.799961 26.494400 20.314798
v -11.808761 26.494400 20.323599
v -15.988760 26.494400 19.962799
v -20.177559 26.494400 19.601997
v -15.927160 26.494400 19.909998
v -15.918360 26.494400 19.909998
v -7.373561 26.494400 20.517197
v -11.623960 26.494400 20.200397
v -11.606360 26.494400 20.182798
v -20.168758 26.494400 19.593199
v -15.874361 26.494400 19.883598
v -5.851161 26.494400 20.314798
v -5.956763 26.494400 20.288397
v -11.685560 26.494400 20.235598
v -15.900760 26.494400 19.901197
v -7.479161 26.494400 20.578798
v -11.694361 26.494400 20.244398
v -7.259162 26.494400 20.455597
v -11.535961 26.494400 20.147598
v -11.518362 26.494400 20.138798
v -20.151159 26.494400 19.575598
v -20.142361 26.494400 19.575598
v -7.461562 26.494400 20.569998
v -6.053562 26.494400 20.270798
v -6.141561 26.494400 20.261997
v -6.159163 26.494400 20.253199
v -15.812761 26.494400 19.848398
v -15.777560 26.494400 19.830797
v -7.162363 26.494400 20.411598
v -11.465561 26.494400 20.121197
v -11.447961 26.494400 20.112398
v -15.839160 26.494400 19.857199
v -20.124758 26.494400 19.566799
v -11.571161 26.494400 20.165197
v -7.303161 26.494400 20.473198
v -11.562361 26.494400 20.165197
v -7.065562 26.494400 20.367598
v -11.395161 26.494400 20.085999
v -11.368760 26.494400 20.085999
v -20.107159 26.494400 19.549198
v -8.323962 26.494400 24.697197
v -13.278359 26.494400 24.151598
v -13.251962 26.494400 24.151598
v -15.821560 26.494400 19.857199
v -11.553561 26.494400 20.156397
v -7.276762 26.494400 20.464397
v -11.544761 26.494400 20.156397
v -11.483161 26.494400 20.121197
v -7.179962 26.494400 20.420399
v -11.474361 26.494400 20.121197
v -19.587959 26.494400 24.626797
v -19.579161 26.494400 24.635597
v -14.800760 26.494400 20.473198
v -19.587959 26.494400 19.857199
v -19.579161 26.494400 19.857199
v -20.098360 26.494400 19.549198
v -20.089560 26.494400 19.549198
v -20.071959 26.494400 19.540398
v -6.968762 26.494400 20.332397
v -11.315961 26.494400 20.059597
v -11.298361 26.494400 20.059597
v -15.733560 26.494400 19.813198
v -15.768760 26.494400 19.830797
v -11.403961 26.494400 20.094797
v -19.623159 26.494400 24.609198
v -6.889563 26.494400 20.314798
v -11.263162 26.494400 20.050798
v -11.236761 26.494400 20.041998
v -20.045559 26.494400 19.522799
v -15.715960 26.494400 19.804398
v -20.045559 26.494400 19.531597
v -13.762361 26.494400 24.239597
v -19.024759 26.494400 24.741198
v -19.068760 26.494400 24.741198
v -15.680759 26.494400 19.795599
v -7.091962 26.494400 20.376398
v -11.333560 26.494400 20.068398
v -6.766363 26.494400 20.288397
v -11.166361 26.494400 20.024399
v -11.148761 26.494400 20.024399
v -7.989562 26.494400 24.521196
v -12.609561 26.494400 23.799597
v -12.530361 26.494400 23.729197
v -6.986362 26.494400 20.341198
v -20.027960 26.494400 19.522799
v -11.324759 26.494400 20.068398
v -15.627961 26.494400 19.777998
v -15.671960 26.494400 19.786798
v -8.121561 26.494400 24.609198
v -8.077562 26.494400 24.582796
v -5.437563 26.494400 20.473198
v -5.463964 26.494400 20.464397
v -5.367161 26.494400 20.517197
v -20.019159 26.494400 19.522799
v -6.660762 26.494400 20.270798
v -11.087161 26.494400 20.015598
v -11.069561 26.494400 20.006798
v -15.592760 26.494400 19.769197
v -20.001558 26.494400 19.513998
v -11.201561 26.494400 20.033197
v -15.531160 26.494400 19.760397
v -19.112759 26.494400 24.741198
v -13.867961 26.494400 24.248398
v -13.850360 26.494400 24.248398
v -6.810361 26.494400 20.297197
v -11.192760 26.494400 20.033197
v -6.555161 26.494400 20.253199
v -11.007961 26.494400 19.997997
v -10.990361 26.494400 19.997997
v -19.983959 26.494400 19.505198
v -7.839962 26.494400 24.371597
v -12.319160 26.494400 23.500397
v -12.248760 26.494400 23.421198
v -15.575160 26.494400 19.769197
v -11.183962 26.494400 20.024399
v -6.783961 26.494400 20.288397
v -11.175161 26.494400 20.024399
v -11.104760 26.494400 20.015598
v -15.566361 26.494400 19.769197
v -6.687161 26.494400 20.270798
v -11.095962 26.494400 20.015598
v -19.975161 26.494400 19.505198
v -19.139160 26.494400 19.742798
v -19.156759 26.494400 19.742798
v -19.966358 26.494400 19.505198
v -19.948759 26.494400 19.505198
v -6.449563 26.494400 20.244398
v -10.928761 26.494400 19.997997
v -10.911161 26.494400 19.997997
v -15.478361 26.494400 19.751598
v -11.025560 26.494400 20.006798
v -15.513560 26.494400 19.760397
v -11.975960 26.494400 22.884398
v -7.672761 26.494400 24.063597
v -7.690361 26.494400 24.107597
v -19.939959 26.494400 19.505198
v -8.086361 26.494400 21.221197
v -12.697560 26.494400 20.631598
v -12.723960 26.494400 20.605198
v -19.631960 26.494400 24.609198
v -15.715960 26.494400 21.485199
v -20.045559 26.494400 20.367598
v -20.045559 26.494400 20.358799
v -19.913559 26.494400 19.496397
v -15.460760 26.494400 19.751598
v -19.922361 26.494400 19.496397
v -10.946362 26.494400 19.997997
v -15.425560 26.494400 19.742798
v -6.581561 26.494400 20.253199
v -23.345558 26.494400 21.960398
v -23.363159 26.494400 22.039597
v -20.089560 26.494400 24.001997
v -20.080759 26.494400 24.019596
v -20.089560 26.494400 20.499598
v -20.098360 26.494400 20.534798
v -7.663961 26.494400 24.019596
v -6.889563 26.494400 24.177996
v -20.071959 26.494400 24.054796
v -20.054359 26.494400 24.089998
v -15.803960 26.494400 22.761198
v -15.795159 26.494400 22.787598
v -20.089560 26.494400 23.993196
v -15.812761 26.494400 21.749197
v -20.071959 26.494400 20.437998
v -20.071959 26.494400 20.446798
v -11.949561 26.494400 22.796398
v -7.672761 26.494400 24.054796
v -11.967161 26.494400 22.866796
v -8.367962 26.494400 22.347597
v -11.958361 26.494400 21.669998
v -11.958361 26.494400 21.652397
v -4.399162 26.494400 21.933998
v -4.407961 26.494400 21.854797
v -4.416762 26.494400 21.828398
v -20.019159 26.494400 20.305998
v -15.671960 26.494400 21.370798
v -15.671960 26.494400 21.379599
v -15.777560 26.494400 21.661198
v -12.099160 26.494400 21.326797
v -8.350362 26.494400 21.960398
v -8.359161 26.494400 22.039597
v -15.786361 26.494400 21.661198
v -8.367962 26.494400 22.373997
v -11.940761 26.494400 21.731598
v -15.777560 26.494400 21.652397
v -4.372762 26.494400 22.145197
v -4.381562 26.494400 22.057198
v -4.381562 26.494400 22.039597
v -15.777560 26.494400 21.643597
v -20.749559 26.494400 24.151598
v -20.098360 26.494400 23.957996
v -20.749559 26.494400 20.341198
v -3.369562 26.494400 22.241997
v -4.469561 26.494400 21.625998
v -15.768760 26.494400 21.625998
v -20.071959 26.494400 20.429197
v -15.812761 26.494400 22.743597
v -15.830359 26.494400 22.664396
v -15.830359 26.494400 21.828398
v -15.768760 26.494400 22.866796
v -6.475963 26.494400 20.244398
v -19.895960 26.494400 19.496397
v -19.667158 26.494400 24.582796
v -14.959161 26.494400 23.922798
v -15.751161 26.494400 21.564398
v -15.751161 26.494400 21.573198
v -15.768760 26.494400 21.608398
v -20.063158 26.494400 20.420399
v -15.742360 26.494400 22.937197
v -7.699162 26.494400 24.142797
v -20.054359 26.494400 20.393997
v -20.063158 26.494400 20.402798
v -12.002360 26.494400 22.963598
v -11.958361 26.494400 22.840399
v -19.781559 26.494400 19.997997
v -19.790358 26.494400 19.997997
v -20.027960 26.494400 20.332397
v -15.689560 26.494400 21.414797
v -15.689560 26.494400 21.423597
v -20.036760 26.494400 24.142797
v -20.036760 26.494400 24.151598
v -20.063158 26.494400 20.411598
v -20.775959 26.494400 20.332397
v -23.371960 26.494400 22.241997
v -22.483158 26.494400 20.578798
v -22.544758 26.494400 20.631598
v -20.054359 26.494400 24.107597
v -15.742360 26.494400 21.537998
v -20.054359 26.494400 20.385199
v -15.733560 26.494400 21.529198
v -15.724761 26.494400 21.502798
v -20.045559 26.494400 20.376398
v -15.733560 26.494400 22.963598
v -7.707961 26.494400 24.151598
v -4.495962 26.494400 21.555597
v -20.054359 26.494400 20.376398
v -13.973559 26.494400 24.239597
v -13.894361 26.494400 24.248398
v -19.130360 26.494400 24.741198
v -12.037561 26.494400 23.033997
v -15.733560 26.494400 21.511597
v -19.992760 26.494400 24.230797
v -19.983959 26.494400 24.248398
v -15.372760 26.494400 19.742798
v -15.715960 26.494400 21.476397
v -20.036760 26.494400 20.349998
v -8.350362 26.494400 22.532396
v -11.914361 26.494400 21.819597
v -11.923161 26.494400 21.801998
v -7.725563 26.494400 24.195597
v -19.887159 26.494400 19.496397
v -10.831961 26.494400 19.997997
v -10.849562 26.494400 19.997997
v -15.319962 26.494400 19.742798
v -10.867162 26.494400 19.997997
v -15.707159 26.494400 21.449997
v -20.036760 26.494400 20.341198
v -6.343962 26.494400 20.244398
v -15.707159 26.494400 23.033997
v -20.010359 26.494400 20.288397
v -20.010359 26.494400 20.297197
v -12.134360 26.494400 23.245197
v -12.125561 26.494400 23.227596
v -7.751961 26.494400 24.248398
v -12.046361 26.494400 23.060396
v -15.698360 26.494400 23.060396
v -20.019159 26.494400 24.186796
v -15.698360 26.494400 21.432398
v -12.090361 26.494400 23.157198
v -12.055161 26.494400 23.077997
v -15.663160 26.494400 23.130798
v -15.663160 26.494400 21.361998
v -20.010359 26.494400 24.195597
v -15.654360 26.494400 21.335598
v -20.001558 26.494400 20.279598
v -20.019159 26.494400 20.314798
v -15.566361 26.494400 21.185997
v -19.966358 26.494400 20.217999
v -19.966358 26.494400 20.209198
v -23.239958 26.494400 21.529198
v -23.266359 26.494400 21.608398
v -4.504761 26.494400 21.529198
v -4.531161 26.494400 21.458797
v -15.627961 26.494400 21.291597
v -20.001558 26.494400 20.270798
v -19.992760 26.494400 20.253199
v -15.654360 26.494400 23.157198
v -15.654360 26.494400 21.344397
v -15.407960 26.494400 19.742798
v -15.355161 26.494400 19.742798
v -19.843159 26.494400 19.496397
v -19.121559 26.494400 19.742798
v -19.112759 26.494400 19.742798
v -13.867961 26.494400 20.244398
v -7.760762 26.494400 24.257198
v -15.610360 26.494400 23.227596
v -15.645559 26.494400 21.317999
v -15.636761 26.494400 21.309196
v -19.869560 26.494400 19.496397
v -19.931160 26.494400 24.336397
v -19.904758 26.494400 24.362797
v -15.610360 26.494400 21.256397
v -19.983959 26.494400 20.244398
v -6.370363 26.494400 20.244398
v -19.966358 26.494400 24.283598
v -15.601561 26.494400 23.245197
v -12.151961 26.494400 23.262796
v -7.778362 26.494400 24.292397
v -7.813561 26.494400 24.336397
v -7.804762 26.494400 24.327597
v -15.601561 26.494400 21.247597
v -15.557559 26.494400 23.315598
v -19.983959 26.494400 20.235598
v -15.592760 26.494400 21.221197
v -19.957560 26.494400 24.292397
v -19.939959 26.494400 24.327597
v -19.860760 26.494400 19.496397
v -12.195961 26.494400 23.333197
v -19.975161 26.494400 20.235598
v -8.367962 26.494400 22.118797
v -12.046361 26.494400 21.432398
v -12.063960 26.494400 21.388397
v -15.583960 26.494400 21.221197
v -4.434361 26.494400 21.749197
v -4.443162 26.494400 21.731598
v -15.495960 26.494400 21.080397
v -19.931160 26.494400 20.165197
v -19.931160 26.494400 20.156397
v -8.033562 26.494400 24.556398
v -15.557559 26.494400 21.177198
v -19.957560 26.494400 20.200397
v -15.548760 26.494400 21.159597
v -4.372762 26.494400 22.373997
v -4.372762 26.494400 22.347597
v -15.487160 26.494400 21.071598
v -19.922361 26.494400 20.147598
v -19.737558 26.494400 24.529997
v -19.746359 26.494400 24.521196
v -15.126360 26.494400 23.799597
v -19.939959 26.494400 20.165197
v -19.948759 26.494400 20.182798
v -15.548760 26.494400 23.333197
v -12.239961 26.494400 23.403597
v -15.531160 26.494400 21.124397
v -15.504760 26.494400 23.403597
v -15.522360 26.494400 21.115599
v -15.504760 26.494400 21.089199
v -15.284759 26.494400 23.658796
v -15.223161 26.494400 23.711597
v -19.799160 26.494400 24.477198
v -15.487160 26.494400 23.421198
v -19.895960 26.494400 24.371597
v -15.460760 26.494400 21.027597
v -19.913559 26.494400 20.138798
v -19.904758 26.494400 20.121197
v -14.351961 26.494400 20.305998
v -19.359159 26.494400 19.777998
v -19.341558 26.494400 19.769197
v -19.121559 26.494400 24.749996
v -7.875161 26.494400 24.415596
v -19.834358 26.494400 24.441998
v -19.860760 26.494400 24.415596
v -15.355161 26.494400 23.579597
v -15.443160 26.494400 23.482798
v -4.971163 26.494400 23.676397
v -4.953563 26.494400 23.658796
v -12.107962 26.494400 21.300398
v -12.090361 26.494400 21.335598
v -19.825560 26.494400 20.041998
v -19.834358 26.494400 20.050798
v -15.478361 26.494400 21.053999
v -7.910361 26.494400 24.450796
v -7.901562 26.494400 24.441998
v -12.266360 26.494400 23.438797
v -19.746359 26.494400 19.971598
v -15.126360 26.494400 20.693197
v -15.170360 26.494400 20.728397
v -5.463964 26.494400 24.028399
v -5.437563 26.494400 24.019596
v -5.367161 26.494400 23.975597
v -15.187960 26.494400 20.745998
v -19.772760 26.494400 19.989199
v -12.380760 26.494400 23.579597
v -19.429560 26.494400 19.795599
v -14.492759 26.494400 20.341198
v -14.519159 26.494400 20.358799
v -15.187960 26.494400 23.746798
v -19.869560 26.494400 24.406797
v -19.781559 26.494400 24.494797
v -19.790358 26.494400 24.485998
v -15.205561 26.494400 23.729197
v -14.492759 26.494400 24.151598
v -14.466362 26.494400 24.151598
v -19.420759 26.494400 24.697197
v -19.746359 26.494400 19.962799
v -19.227160 26.494400 19.751598
v -14.079161 26.494400 20.253199
v -14.158360 26.494400 20.270798
v -19.420759 26.494400 19.786798
v -14.589561 26.494400 24.116396
v -14.510361 26.494400 24.142797
v -19.438360 26.494400 24.688396
v -19.429560 26.494400 24.697197
v -14.607160 26.494400 20.385199
v -19.491159 26.494400 19.813198
v -19.482359 26.494400 19.813198
v -19.843159 26.494400 20.059597
v -19.851959 26.494400 20.059597
v -8.359161 26.494400 24.714798
v -8.262362 26.494400 24.679598
v -13.155161 26.494400 24.116396
v -13.075961 26.494400 24.081198
v -19.279959 26.494400 19.760397
v -14.184759 26.494400 20.270798
v -14.263961 26.494400 20.288397
v -19.447159 26.494400 19.804398
v -14.563160 26.494400 20.367598
v -19.869560 26.494400 20.085999
v -15.363960 26.494400 20.921999
v -15.381560 26.494400 20.930798
v -19.068760 26.494400 19.742798
v -13.850360 26.494400 20.244398
v -14.703959 26.494400 24.063597
v -14.686361 26.494400 24.072397
v -19.526360 26.494400 24.661997
v -15.108760 26.494400 23.817198
v -8.315162 26.494400 24.697197
v -14.659961 26.494400 24.081198
v -19.482359 26.494400 24.679598
v -14.589561 26.494400 20.376398
v -13.683161 26.494400 24.239597
v -19.015961 26.494400 24.741198
v -19.464760 26.494400 19.804398
v -19.517559 26.494400 19.830797
v -14.659961 26.494400 20.411598
v -14.686361 26.494400 20.420399
v -13.665560 26.494400 24.230797
v -19.517559 26.494400 24.661997
v -14.712762 26.494400 20.429197
v -19.543959 26.494400 19.839598
v -19.535160 26.494400 19.830797
v -12.697560 26.494400 23.861198
v -12.627160 26.494400 23.817198
v -13.225561 26.494400 24.142797
v -8.227160 26.494400 24.661997
v -7.910361 26.494400 20.965998
v -13.023160 26.494400 20.429197
v -13.031960 26.494400 20.429197
v -19.711159 26.494400 24.556398
v -19.526360 26.494400 19.830797
v -14.695160 26.494400 20.420399
v -8.165561 26.494400 24.635597
v -14.756761 26.494400 20.455597
v -8.218362 26.494400 24.661997
v -19.535160 26.494400 24.653198
v -13.172760 26.494400 20.376398
v -13.225561 26.494400 20.349998
v -13.251962 26.494400 20.341198
v -15.126360 26.494400 20.684397
v -19.315161 26.494400 19.769197
v -19.332758 26.494400 19.769197
v -19.561560 26.494400 19.848398
v -19.174358 26.494400 19.742798
v -13.973559 26.494400 20.244398
v -13.991160 26.494400 20.253199
v -19.825560 26.494400 24.450796
v -19.860760 26.494400 20.077198
v -7.954361 26.494400 24.485998
v -15.407960 26.494400 20.965998
v -19.887159 26.494400 20.103598
v -19.878359 26.494400 20.085999
v -15.355161 26.494400 20.904398
v -12.442361 26.494400 23.641197
v -14.941560 26.494400 20.552397
v -19.658360 26.494400 19.901197
v -19.631960 26.494400 19.883598
v -15.372760 26.494400 23.561996
v -15.407960 26.494400 20.974798
v -15.416759 26.494400 20.983599
v -19.711159 26.494400 19.936398
v -15.047161 26.494400 20.622797
v -15.047161 26.494400 20.631598
v -19.895960 26.494400 20.112398
v -19.702360 26.494400 24.565197
v -12.635961 26.494400 20.675598
v -6.581561 26.494400 24.230797
v -6.475963 26.494400 24.239597
v -6.343962 26.494400 24.248398
v -6.264761 26.494400 24.239597
v -5.578363 26.494400 24.081198
v -5.560761 26.494400 24.072397
v -19.737558 26.494400 19.962799
v -15.108760 26.494400 20.675598
v -4.742363 26.494400 23.403597
v -4.689562 26.494400 23.333197
v -4.539963 26.494400 23.060396
v -4.531161 26.494400 23.033997
v -19.807961 26.494400 20.015598
v -19.816759 26.494400 20.033197
v -13.735960 26.494400 20.253199
v -13.744761 26.494400 20.253199
v -18.963160 26.494400 19.760397
v -13.762361 26.494400 20.244398
v -8.517561 26.494400 24.741198
v -8.473560 26.494400 24.732397
v -19.209558 26.494400 19.751598
v -14.052761 26.494400 20.253199
v -19.209558 26.494400 24.741198
v -19.174358 26.494400 24.741198
v -14.052761 26.494400 24.239597
v -19.059959 26.494400 19.751598
v -19.051159 26.494400 19.751598
v -19.024759 26.494400 19.751598
v -13.947161 26.494400 20.244398
v -14.211160 26.494400 24.213198
v -14.184759 26.494400 24.221996
v -19.279959 26.494400 24.732397
v -8.464762 26.494400 24.732397
v -8.411963 26.494400 24.723597
v -19.227160 26.494400 24.741198
v -14.079161 26.494400 24.230797
v -19.183159 26.494400 19.751598
v -19.235960 26.494400 24.741198
v -13.559961 26.494400 24.221996
v -13.454361 26.494400 24.204397
v -13.903160 26.494400 20.244398
v -13.586362 26.494400 24.221996
v -13.348761 26.494400 24.177996
v -19.262360 26.494400 19.760397
v -14.290359 26.494400 24.204397
v -19.288759 26.494400 24.732397
v -19.587959 26.494400 19.865997
v -14.809561 26.494400 20.481998
v -14.827159 26.494400 20.490797
v -4.407961 26.494400 22.637999
v -4.399162 26.494400 22.558798
v -14.290359 26.494400 20.288397
v -14.307961 26.494400 24.195597
v -19.332758 26.494400 24.723597
v -14.307961 26.494400 20.297197
v -14.316760 26.494400 20.297197
v -4.381562 26.494400 22.453197
v -14.387160 26.494400 24.177996
v -19.341558 26.494400 24.723597
v -19.376759 26.494400 24.714798
v -19.376759 26.494400 19.777998
v -14.387160 26.494400 20.314798
v -14.871161 26.494400 23.975597
v -14.800760 26.494400 24.019596
v -12.961560 26.494400 24.028399
v -8.068762 26.494400 24.573996
v -14.466362 26.494400 20.332397
v -19.675959 26.494400 19.909998
v -14.976759 26.494400 20.578798
v -15.029560 26.494400 20.613997
v -12.873560 26.494400 23.975597
v -14.888761 26.494400 23.966797
v -19.667158 26.494400 19.909998
v -12.759161 26.494400 23.905197
v -14.774362 26.494400 24.028399
v -15.091160 26.494400 20.666798
v -19.596760 26.494400 19.865997
v -15.029560 26.494400 23.878798
v -13.058360 26.494400 24.072397
v -12.987961 26.494400 24.037197
v -15.047161 26.494400 23.861198
v -12.785560 26.494400 23.922798
v -12.803161 26.494400 23.931597
v -19.623159 26.494400 19.883598
v -14.871161 26.494400 20.517197
v -14.888761 26.494400 20.525999
v -19.702360 26.494400 19.927599
v -4.372762 26.494400 22.241997
v -4.372762 26.494400 22.224398
v -19.728758 26.494400 19.953999
v -4.935962 26.494400 20.851597
v -4.953563 26.494400 20.833998
v -12.459961 26.494400 23.658796
v -15.231959 26.494400 20.781199
v -19.799160 26.494400 20.015598
v -19.790358 26.494400 20.006798
v -15.214360 26.494400 20.763597
v -15.425560 26.494400 23.500397
v -4.883162 26.494400 20.904398
v -15.240761 26.494400 20.789997
v -13.445560 26.494400 20.288397
v -13.454361 26.494400 20.288397
v -13.533561 26.494400 20.270798
v -7.787162 26.494400 20.833998
v -14.950360 26.494400 20.561197
v -12.847161 26.494400 20.525999
v -7.989562 26.494400 21.071598
v -7.998361 26.494400 21.089199
v -11.905561 26.494400 21.898798
v -8.332761 26.494400 22.637999
v -8.323962 26.494400 22.664396
v -14.774362 26.494400 20.464397
v -13.366361 26.494400 20.314798
v -13.427960 26.494400 20.297197
v -13.559961 26.494400 20.270798
v -13.630361 26.494400 20.261997
v -5.032763 26.494400 20.763597
v -5.050361 26.494400 20.745998
v -6.035961 26.494400 20.270798
v -12.539161 26.494400 20.754799
v -12.547960 26.494400 20.745998
v -12.609561 26.494400 20.693197
v -15.284759 26.494400 20.833998
v -12.873560 26.494400 20.508398
v -7.971962 26.494400 21.053999
v -4.689562 26.494400 21.159597
v -4.707162 26.494400 21.133198
v -4.830363 26.494400 20.965998
v -4.812762 26.494400 20.983599
v -4.803963 26.494400 21.009996
v -5.534363 26.494400 20.429197
v -5.560761 26.494400 20.420399
v -5.631161 26.494400 20.385199
v -5.657561 26.494400 20.376398
v -5.727963 26.494400 20.349998
v -5.754364 26.494400 20.341198
v -5.930363 26.494400 20.297197
v -5.111961 26.494400 20.693197
v -4.539963 26.494400 21.432398
v -4.592761 26.494400 21.335598
v -4.627962 26.494400 21.265198
v -12.019960 26.494400 21.476397
v -8.367962 26.494400 22.145197
v -8.367962 26.494400 22.224398
v -8.367962 26.494400 22.329998
v -11.967161 26.494400 21.634798
v -11.914361 26.494400 21.854797
v -11.905561 26.494400 21.881199
v -11.896761 26.494400 21.933998
v -8.262362 26.494400 21.608398
v -12.292760 26.494400 21.018797
v -12.301561 26.494400 21.009996
v -4.636763 26.494400 21.247597
v -4.680763 26.494400 21.177198
v -8.103961 26.494400 21.247597
v -12.134360 26.494400 21.247597
v -8.341561 26.494400 21.907598
v -12.125561 26.494400 21.265198
v -12.160761 26.494400 21.212399
v -8.323962 26.494400 21.828398
v -12.178360 26.494400 21.177198
v -12.459961 26.494400 20.833998
v -8.200761 26.494400 21.432398
v -12.442361 26.494400 20.851597
v -12.433560 26.494400 20.860397
v -12.371961 26.494400 20.930798
v -8.227160 26.494400 21.502798
v -8.235962 26.494400 21.529198
v -13.058360 26.494400 20.420399
v -13.128760 26.494400 20.385199
v -12.961560 26.494400 20.464397
v -12.987961 26.494400 20.446798
v -4.751162 26.494400 21.071598
v -12.873560 26.494400 20.517197
v -12.002360 26.494400 21.529198
v -8.271161 26.494400 22.866796
v -11.879161 26.494400 22.057198
v -11.879161 26.494400 22.048397
v -12.785560 26.494400 20.569998
v -12.803161 26.494400 20.552397
v -8.051162 26.494400 21.159597
v -14.959161 26.494400 20.569998
v -14.967960 26.494400 20.578798
v -12.811960 26.494400 20.543598
v -14.783160 26.494400 20.464397
v -12.943960 26.494400 20.473198
v -12.204761 26.494400 21.133198
v -12.213560 26.494400 21.124397
v -12.495160 26.494400 20.798798
v -12.380760 26.494400 20.904398
v -8.156762 26.494400 21.335598
v -12.512760 26.494400 20.772398
v -12.530361 26.494400 20.763597
v -4.575163 26.494400 21.361998
v -12.319160 26.494400 20.983599
v -12.327961 26.494400 20.965998
v -12.354361 26.494400 20.948397
v -8.350362 26.494400 22.558798
v -12.195961 26.494400 21.159597
v -12.231160 26.494400 21.106798
v -8.306362 26.494400 21.731598
v -12.222361 26.494400 21.115599
v -8.367962 26.494400 22.241997
v -11.967161 26.494400 21.625998
v -11.993562 26.494400 21.564398
v -11.887960 26.494400 21.960398
v -8.306362 26.494400 22.743597
v -11.940761 26.494400 21.740396
v -8.359161 26.494400 22.453197
v -23.099159 26.494400 21.247597
v -23.143160 26.494400 21.317999
v -4.751162 26.494400 23.421198
v -8.297562 26.494400 22.787598
v -11.879161 26.494400 22.039597
v -11.931961 26.494400 21.749197
v -11.914361 26.494400 21.828398
v -15.874361 26.494400 22.241997
v -19.464760 26.494400 21.625998
v -19.491159 26.494400 21.555597
v -19.499960 26.494400 21.529198
v -8.306362 26.494400 22.761198
v -11.887960 26.494400 21.995598
v -11.887960 26.494400 21.977997
v -4.812762 26.494400 23.500397
v -19.438360 26.494400 21.731598
v -19.464760 26.494400 21.652397
v -8.165561 26.494400 23.130798
v -11.870360 26.494400 22.259596
v -11.870360 26.494400 22.241997
v -4.592761 26.494400 23.157198
v -4.627962 26.494400 23.227596
v -11.879161 26.494400 22.109999
v -8.244761 26.494400 22.937197
v -11.879161 26.494400 22.127598
v -8.235962 26.494400 22.963598
v -15.856760 26.494400 22.039597
v -20.230360 26.494400 20.605198
v -20.265560 26.494400 20.578798
v -11.870360 26.494400 22.145197
v -23.371960 26.494400 22.145197
v -23.371960 26.494400 22.224398
v -8.156762 26.494400 23.157198
v -11.870360 26.494400 22.268396
v -11.870360 26.494400 22.303596
v -7.927962 26.494400 23.500397
v -11.887960 26.494400 22.514799
v -11.887960 26.494400 22.479597
v -7.725563 26.494400 23.711597
v -11.905561 26.494400 22.602797
v -11.905561 26.494400 22.593996
v -8.112761 26.494400 23.227596
v -11.870360 26.494400 22.321198
v -8.059962 26.494400 23.315598
v -11.879161 26.494400 22.373997
v -11.870360 26.494400 22.365198
v -7.989562 26.494400 23.421198
v -11.879161 26.494400 22.453197
v -11.879161 26.494400 22.426798
v -8.051162 26.494400 23.333197
v -11.879161 26.494400 22.417997
v -11.887960 26.494400 22.523598
v -11.896761 26.494400 22.558798
v -20.195160 26.494400 23.861198
v -20.133558 26.494400 23.817198
v -15.865561 26.494400 22.373997
v -7.787162 26.494400 23.658796
v -11.896761 26.494400 22.567598
v -7.707961 26.494400 23.729197
v -11.905561 26.494400 22.611597
v -5.191162 26.494400 23.861198
v -5.129562 26.494400 23.817198
v -5.111961 26.494400 23.799597
v -7.690361 26.494400 23.746798
v -11.905561 26.494400 22.637999
v -7.804762 26.494400 23.641197
v -7.549562 26.494400 23.861198
v -11.914361 26.494400 22.673199
v -11.914361 26.494400 22.664396
v -20.115959 26.494400 23.799597
v -15.865561 26.494400 22.347597
v -7.628761 26.494400 23.799597
v -11.914361 26.494400 22.637999
v -5.050361 26.494400 23.746798
v -5.032763 26.494400 23.729197
v -15.830359 26.494400 22.637999
v -7.611162 26.494400 23.817198
v -11.923161 26.494400 22.690798
v -7.523161 26.494400 23.878798
v -7.461562 26.494400 23.922798
v -5.771962 26.494400 24.151598
v -5.754364 26.494400 24.151598
v -20.951960 26.494400 24.204397
v -20.872759 26.494400 24.186796
v -20.855158 26.494400 24.177996
v -20.775959 26.494400 24.151598
v -11.931961 26.494400 22.725998
v -7.373561 26.494400 23.975597
v -7.303161 26.494400 24.019596
v -11.940761 26.494400 22.761198
v -11.940761 26.494400 22.752398
v -15.847960 26.494400 22.532396
v -15.847960 26.494400 22.558798
v -20.397558 26.494400 23.993196
v -11.931961 26.494400 22.752398
v -6.986362 26.494400 24.151598
v -6.968762 26.494400 24.151598
v -12.477561 26.494400 23.676397
v -12.547960 26.494400 23.746798
v -12.943960 26.494400 24.019596
v -13.375161 26.494400 24.186796
v -14.105561 26.494400 24.230797
v -4.636763 26.494400 23.245197
v -7.875161 26.494400 23.561996
v -4.372762 26.494400 22.268396
v -15.302361 26.494400 23.641197
v -20.635159 26.494400 24.107597
v -20.582359 26.494400 24.081198
v -20.353559 26.494400 23.966797
v -20.300758 26.494400 23.931597
v -20.283159 26.494400 23.922798
v -20.371161 26.494400 23.975597
v -15.856760 26.494400 22.453197
v -20.230360 26.494400 23.887598
v -20.265560 26.494400 23.905197
v -20.107159 26.494400 23.790796
v -19.957560 26.494400 23.658796
v -19.939959 26.494400 23.641197
v -19.755159 26.494400 23.421198
v -19.737558 26.494400 23.403597
v -15.865561 26.494400 22.329998
v -19.834358 26.494400 23.526798
v -19.816759 26.494400 23.500397
v -20.036760 26.494400 23.729197
v -20.054359 26.494400 23.746798
v -19.649561 26.494400 23.262796
v -19.640760 26.494400 23.245197
v -19.623159 26.494400 23.227596
v -19.587959 26.494400 23.157198
v -19.535160 26.494400 23.033997
v -19.499960 26.494400 22.963598
v -19.464760 26.494400 22.866796
v -19.464760 26.494400 22.840399
v -19.411961 26.494400 22.664396
v -19.411961 26.494400 22.637999
v -19.394360 26.494400 22.558798
v -19.367960 26.494400 22.224398
v -19.376759 26.494400 22.145197
v -19.385559 26.494400 22.453197
v -19.376759 26.494400 22.373997
v -23.345558 26.494400 21.907598
v -23.345558 26.494400 21.933998
v -22.298359 26.494400 20.473198
v -22.368759 26.494400 20.517197
v -15.839160 26.494400 21.907598
v -20.652760 26.494400 20.376398
v -20.731958 26.494400 20.349998
v -11.993562 26.494400 21.546799
v -22.694359 26.494400 20.745998
v -22.711958 26.494400 20.763597
v -22.456758 26.494400 20.569998
v -20.133558 26.494400 20.675598
v -15.865561 26.494400 22.118797
v -15.865561 26.494400 22.145197
v -20.107159 26.494400 20.701998
v -15.874361 26.494400 22.224398
v -20.027960 26.494400 20.763597
v -19.640760 26.494400 21.247597
v -19.693560 26.494400 21.159597
v -22.923159 26.494400 20.983599
v -22.975960 26.494400 21.053999
v -22.852758 26.494400 20.904398
v -22.905560 26.494400 20.965998
v -19.799160 26.494400 21.009996
v -19.816759 26.494400 20.983599
v -19.939959 26.494400 20.851597
v -19.957560 26.494400 20.833998
v -19.755159 26.494400 21.071598
v -19.887159 26.494400 20.904398
v -20.001558 26.494400 20.789997
v -19.834358 26.494400 20.965998
v -15.847960 26.494400 21.960398
v -20.353559 26.494400 20.525999
v -20.371161 26.494400 20.517197
v -22.782358 26.494400 20.833998
v -22.799959 26.494400 20.851597
v -20.195160 26.494400 20.631598
v -20.177559 26.494400 20.640398
v -22.087158 26.494400 20.376398
v -22.157558 26.494400 20.411598
v -20.283159 26.494400 20.569998
v -20.300758 26.494400 20.552397
v -20.115959 26.494400 20.693197
v -22.060759 26.494400 20.367598
v -20.450359 26.494400 20.473198
v -20.459158 26.494400 20.464397
v -20.855158 26.494400 20.314798
v -8.350362 26.494400 21.933998
v -15.425560 26.494400 20.983599
v -15.328761 26.494400 20.877998
v -15.319962 26.494400 20.869198
v -15.205561 26.494400 20.763597
v -15.302361 26.494400 20.851597
v -8.165561 26.494400 21.361998
v -13.155161 26.494400 20.376398
v -7.857562 26.494400 20.904398
v -13.348761 26.494400 20.314798
v -12.759161 26.494400 20.578798
v -15.267160 26.494400 20.816399
v -8.297562 26.494400 21.705198
v -12.248760 26.494400 21.071598
v -12.283961 26.494400 21.036398
v -12.116760 26.494400 21.282797
v -12.081561 26.494400 21.361998
v -12.037561 26.494400 21.458797
v -20.951960 26.494400 20.288397
v -21.031158 26.494400 20.270798
v -21.884758 26.494400 20.314798
v -21.963959 26.494400 20.332397
v -21.110359 26.494400 20.261997
v -21.136759 26.494400 20.261997
v -21.576759 26.494400 20.253199
v -21.655958 26.494400 20.270798
v -21.471159 26.494400 20.244398
v -21.497559 26.494400 20.253199
v -21.163160 26.494400 20.253199
v -21.207159 26.494400 20.253199
v -21.374359 26.494400 20.244398
v -21.409559 26.494400 20.244398
v -21.523958 26.494400 20.253199
v -21.761559 26.494400 20.288397
v -21.787960 26.494400 20.288397
v -22.183960 26.494400 20.420399
v -22.254358 26.494400 20.455597
v -22.606359 26.494400 20.675598
v -22.632759 26.494400 20.693197
v -22.439157 26.494400 20.552397
v -19.711159 26.494400 21.133198
v -23.046358 26.494400 21.159597
v -23.090359 26.494400 21.221197
v -23.151958 26.494400 21.335598
v -23.160759 26.494400 21.361998
v -23.363159 26.494400 22.118797
v -23.292757 26.494400 21.705198
v -23.301559 26.494400 21.731598
v -23.327959 26.494400 21.828398
v -19.394360 26.494400 21.933998
v -19.411961 26.494400 21.854797
v -19.411961 26.494400 21.828398
v -21.523958 26.494400 24.239597
v -21.471159 26.494400 24.239597
v -21.312759 26.494400 24.248398
v -21.268759 26.494400 24.239597
v -21.347960 26.494400 24.248398
v -21.207159 26.494400 24.239597
v -20.731958 26.494400 24.142797
v -20.652760 26.494400 24.116396
v -21.189558 26.494400 24.239597
v -21.163160 26.494400 24.230797
v -21.057560 26.494400 24.221996
v -20.978357 26.494400 24.204397
v -20.485559 26.494400 24.037197
v -20.459158 26.494400 24.028399
v -20.555960 26.494400 24.072397
v -20.441561 26.494400 24.019596
v -21.083960 26.494400 24.221996
v -21.559160 26.494400 24.239597
v -21.374359 26.494400 24.248398
v -21.391960 26.494400 24.248398
v -21.409559 26.494400 24.248398
v -21.427158 26.494400 24.248398
v -21.453560 26.494400 24.239597
v -21.603159 26.494400 24.230797
v -21.576759 26.494400 24.230797
v -21.682360 26.494400 24.221996
v -21.787960 26.494400 24.204397
v -21.708757 26.494400 24.213198
v -21.884758 26.494400 24.177996
v -21.814358 26.494400 24.195597
v -21.990358 26.494400 24.151598
v -21.963959 26.494400 24.151598
v -22.007959 26.494400 24.142797
v -22.087158 26.494400 24.116396
v -22.157558 26.494400 24.081198
v -22.210360 26.494400 24.063597
v -22.183960 26.494400 24.072397
v -22.280758 26.494400 24.028399
v -22.298359 26.494400 24.019596
v -22.456758 26.494400 23.922798
v -22.395159 26.494400 23.966797
v -22.368759 26.494400 23.975597
v -22.544758 26.494400 23.861198
v -22.527159 26.494400 23.878798
v -22.606359 26.494400 23.817198
v -22.632759 26.494400 23.799597
v -22.711958 26.494400 23.729197
v -22.694359 26.494400 23.746798
v -22.729559 26.494400 23.711597
v -20.001558 26.494400 23.702799
v -22.782358 26.494400 23.658796
v -22.799959 26.494400 23.641197
v -22.852758 26.494400 23.579597
v -22.870359 26.494400 23.561996
v -22.923159 26.494400 23.500397
v -22.940758 26.494400 23.482798
v -22.984758 26.494400 23.421198
v -23.002359 26.494400 23.403597
v -23.046358 26.494400 23.333197
v -23.063959 26.494400 23.315598
v -23.099159 26.494400 23.245197
v -23.116758 26.494400 23.227596
v -23.151958 26.494400 23.157198
v -23.160759 26.494400 23.130798
v -23.195959 26.494400 23.060396
v -23.204760 26.494400 23.033997
v -23.239958 26.494400 22.963598
v -23.248758 26.494400 22.937197
v -23.275158 26.494400 22.866796
v -23.292757 26.494400 22.787598
v -23.301559 26.494400 22.761198
v -23.310360 26.494400 22.743597
v -23.327959 26.494400 22.664396
v -23.327959 26.494400 22.637999
v -23.345558 26.494400 22.558798
v -23.345558 26.494400 22.532396
v -23.363159 26.494400 22.453197
v -23.363159 26.494400 22.373997
v -23.371960 26.494400 22.347597
v -23.371960 26.494400 22.329998
v -19.367960 26.494400 22.241997
v -19.367960 26.494400 22.268396
v -20.080759 26.494400 23.773197
v -19.376759 26.494400 22.057198
v -23.310360 26.494400 21.749197
v -23.275158 26.494400 21.625998
v -23.231157 26.494400 21.502798
v -23.195959 26.494400 21.432398
v -19.535160 26.494400 21.458797
v -19.587959 26.494400 21.335598
v -19.623159 26.494400 21.265198
v -23.002359 26.494400 21.089199
v -22.984758 26.494400 21.071598
v -22.764759 26.494400 20.816399
v -20.019159 26.494400 20.772398
v -20.054359 26.494400 20.745998
v -22.280758 26.494400 20.464397
v -21.990358 26.494400 20.341198
v -21.814358 26.494400 20.297197
v -21.682360 26.494400 20.270798
v -21.559160 26.494400 20.253199
v -21.453560 26.494400 20.244398
v -21.427158 26.494400 20.244398
v -21.347960 26.494400 20.244398
v -21.312759 26.494400 20.244398
v -21.268759 26.494400 20.244398
v -21.242359 26.494400 20.253199
v -21.057560 26.494400 20.270798
v -20.934361 26.494400 20.297197
v -20.538361 26.494400 20.429197
v -20.555960 26.494400 20.420399
v -15.847960 26.494400 21.933998
v -20.635159 26.494400 20.385199
v -20.397558 26.494400 20.499598
v -20.441561 26.494400 20.473198
v -20.036760 26.494400 20.763597
v -19.684759 26.494400 21.177198
v -19.579161 26.494400 21.361998
v -19.543959 26.494400 21.432398
v -19.429560 26.494400 21.749197
v -19.385559 26.494400 22.039597
v -19.394360 26.494400 21.960398
v -19.376759 26.494400 22.347597
v -19.438360 26.494400 22.761198
v -19.420759 26.494400 22.681997
v -19.385559 26.494400 22.479597
v -19.693560 26.494400 23.333197
v -19.975161 26.494400 23.676397
v -19.543959 26.494400 23.060396
v -19.473560 26.494400 22.884398
v -19.552759 26.494400 23.077997
v -19.887159 26.494400 23.579597
v -19.763960 26.494400 23.438797
v -8.200761 26.494400 23.060396
v -11.870360 26.494400 22.224398
v -13.480760 26.494400 24.204397
v -12.327961 26.494400 23.526798
v -6.687161 26.494400 24.221996
v -6.607962 26.494400 24.230797
v -6.185563 26.494400 24.239597
v -6.159163 26.494400 24.230797
v -6.555161 26.494400 24.239597
v -6.704761 26.494400 24.213198
v -4.469561 26.494400 22.866796
v -4.460762 26.494400 22.840399
v -4.443162 26.494400 22.761198
v -6.053562 26.494400 24.221996
v -5.974361 26.494400 24.204397
v -5.956763 26.494400 24.204397
v -4.504761 26.494400 22.963598
v -5.279162 26.494400 23.922798
v -5.305561 26.494400 23.931597
v -4.768763 26.494400 23.438797
v -11.870360 26.494400 22.189198
v -4.478364 26.494400 22.884398
v -4.381562 26.494400 22.479597
v -5.657561 26.494400 24.116396
v -5.261562 26.494400 23.905197
v -5.877562 26.494400 24.186796
v -5.851161 26.494400 24.177996
v -6.079963 26.494400 24.221996
v -5.727963 26.494400 24.142797
v -4.935962 26.494400 23.641197
v -4.883162 26.494400 23.579597
v -4.557561 26.494400 23.077997
v -4.416762 26.494400 22.664396
v -4.416762 26.494400 22.681997
v -4.654363 26.494400 23.262796
v -4.830363 26.494400 23.526798
v -5.481562 26.494400 24.037197
v -6.370363 26.494400 24.248398
v -6.396761 26.494400 24.248398
v -6.783961 26.494400 24.204397
v -6.810361 26.494400 24.195597
v -11.931961 26.494400 22.717197
v -11.923161 26.494400 22.708397
v -7.091962 26.494400 24.116396
v -11.931961 26.494400 22.743597
v -7.012761 26.494400 24.142797
v -7.276762 26.494400 24.028399
v -11.931961 26.494400 22.734798
v -7.179962 26.494400 24.072397
v -11.923161 26.494400 22.681997
v -7.936761 26.494400 23.482798
v -11.879161 26.494400 22.470797
v -7.857562 26.494400 23.579597
v -8.103961 26.494400 23.245197
v -11.870360 26.494400 22.347597
v -7.998361 26.494400 23.403597
v -8.209561 26.494400 23.033997
v -11.870360 26.494400 22.180397
v -12.028761 26.494400 21.458797
v -11.993562 26.494400 21.555597
v -4.390361 26.494400 21.960398
v -12.204761 26.494400 21.141998
v -8.306362 26.494400 21.749197
v -8.271161 26.494400 21.625998
v -8.139162 26.494400 21.317999
v -12.679960 26.494400 20.640398
v -7.927962 26.494400 20.983599
v -13.278359 26.494400 20.332397
v -7.804762 26.494400 20.851597
v -7.769563 26.494400 20.816399
v -13.639159 26.494400 20.261997
v -5.279162 26.494400 20.569998
v -5.305561 26.494400 20.552397
v -6.238361 26.494400 20.253199
v -5.771962 26.494400 20.332397
v -5.261562 26.494400 20.578798
v -5.191162 26.494400 20.631598
v -5.015162 26.494400 20.772398
v -5.173564 26.494400 20.640398
v -4.460762 26.494400 21.652397
v -15.777560 26.494400 21.634798
v -15.751161 26.494400 21.581997
v -15.759960 26.494400 21.590797
v -15.610360 26.494400 21.265198
v -15.434360 26.494400 20.992397
v -18.989559 26.494400 19.760397
v -7.206363 26.494400 24.063597
v -7.391161 26.494400 23.966797
v -7.162363 26.494400 24.081198
v -25.366364 27.499998 26.250002
v -2.366365 27.499998 25.250002
v -25.366364 27.499998 25.250002
v -2.366365 27.499998 26.250002
v -24.372763 27.496399 25.241999
v -25.366362 27.496399 25.241999
v -19.616362 27.496399 18.249996
v -19.616362 26.999599 18.249996
v -25.366362 27.496399 18.249996
v -13.875563 27.496399 18.249996
v -8.116362 27.496399 18.249996
v -8.116362 26.999599 18.249996
v -13.875563 26.493599 18.249996
v -2.375561 27.496399 18.249996
v -25.366362 27.496399 19.243599
v -24.372763 27.404398 19.243599
v -24.372763 27.496399 19.243599
v -13.369561 27.496399 19.243599
v -7.867961 26.999599 19.243599
v -8.116362 27.496399 19.243599
v -18.871161 26.999599 19.243599
v -13.875563 27.496399 19.243599
v -18.871161 27.496399 19.243599
v -18.871161 26.925993 19.243599
v -13.369561 26.493599 19.243599
v -18.871161 26.953592 19.243599
v -2.375561 27.496399 19.243599
v -7.867961 27.496399 19.243599
v -19.616362 27.496399 19.243599
v -19.616362 27.496399 18.995199
v -19.616362 27.496399 18.498396
v -13.875563 27.496399 18.746796
v -8.116362 27.496399 18.995199
v -8.116362 27.496399 18.498396

usemtl Default_0
f 607 608 609
f 609 1033 607
f 607 1033 1186
f 607 1186 1077
f 1187 1077 1186
f 1186 1449 1187
f 1447 1187 1449
f 1449 1448 1447
f 1445 1447 1448
f 1448 1446 1445
f 1443 1445 1446
f 1446 1444 1443
f 1260 1443 1444
f 1444 1258 1260
f 1196 1260 1258
f 1258 1259 1196
f 1197 1196 1259
f 1259 621 1197
f 1185 1197 621
f 621 612 1185
f 1185 612 711
f 711 612 625
f 625 1195 711
f 1197 711 1195
f 1195 1198 1197
f 1198 1195 1194
f 1194 1451 1198
f 1450 1198 1451
f 1451 1453 1450
f 1452 1450 1453
f 1453 1461 1452
f 1459 1452 1461
f 1461 1716 1459
f 1718 1459 1716
f 1718 1716 1729
f 1729 1734 1718
f 1734 1736 1718
f 2062 1718 1736
f 1736 1743 2062
f 2061 2062 1743
f 1743 1750 2061
f 1750 1755 2061
f 2060 2061 1755
f 1755 1754 2060
f 2054 2060 1754
f 1754 1761 2054
f 2059 2054 1761
f 1761 1762 2059
f 1762 1766 2059
f 1766 1771 2059
f 1771 1772 2059
f 2058 2059 1772
f 1772 1778 2058
f 1778 1784 2058
f 1784 1785 2058
f 1828 2058 1785
f 1785 1790 1828
f 1790 1791 1828
f 1852 1828 1791
f 1791 1793 1852
f 1793 1798 1852
f 1851 1852 1798
f 1816 1851 1798
f 1813 1816 1798
f 1798 1805 1813
f 1814 1813 1805
f 1805 1812 1814
f 1821 1814 1812
f 1812 1827 1821
f 1829 1821 1827
f 1827 1832 1829
f 1833 1829 1832
f 1832 1837 1833
f 1838 1833 1837
f 1837 1839 1838
f 1842 1838 1839
f 1839 1826 1842
f 1815 1842 1826
f 1815 1826 1825
f 1815 1825 1799
f 1815 1799 1856
f 1815 1856 1858
f 1815 1858 1860
f 1815 1860 1863
f 1815 1863 1841
f 1815 1841 1818
f 1815 1818 1803
f 1803 1802 1815
f 1815 1802 1866
f 1815 1866 1740
f 1740 1870 1815
f 1847 1815 1870
f 1870 1869 1847
f 1848 1847 1869
f 1869 1850 1848
f 1878 1848 1850
f 1850 1888 1878
f 1888 1876 1878
f 1876 1877 1878
f 1878 1877 1885
f 2844 1885 1877
f 1877 2795 2844
f 2795 1835 2844
f 1795 2844 1835
f 1834 1795 1835
f 1834 1835 1881
f 1881 1796 1834
f 1881 1797 1796
f 1795 1796 1797
f 1797 1898 1795
f 1795 1898 2701
f 2701 2875 1795
f 1848 1795 2875
f 2875 2706 1848
f 1846 1848 2706
f 2706 2705 1846
f 1907 1846 2705
f 2705 2874 1907
f 2874 1942 1907
f 1911 1907 1942
f 1912 1911 1942
f 1942 1943 1912
f 1913 1912 1943
f 1914 1913 1943
f 1943 1941 1914
f 1915 1914 1941
f 1919 1915 1941
f 1941 2158 1919
f 1920 1919 2158
f 2158 1940 1920
f 1921 1920 1940
f 1940 2216 1921
f 1922 1921 2216
f 2216 1937 1922
f 1923 1922 1937
f 1937 2872 1923
f 1926 1923 2872
f 2872 2873 1926
f 1930 1926 2873
f 2873 1944 1930
f 1931 1930 1944
f 1944 1924 1931
f 1933 1931 1924
f 1925 1933 1924
f 1924 1917 1925
f 1917 1916 1925
f 1815 1925 1916
f 1815 1916 1932
f 1815 1932 1947
f 1815 1947 1934
f 1934 1938 1815
f 1938 2871 1815
f 2871 2870 1815
f 2870 2869 1815
f 2869 2868 1815
f 2868 2867 1815
f 2867 2866 1815
f 2866 1959 1815
f 1959 1960 1815
f 1807 1815 1960
f 1960 1949 1807
f 1808 1807 1949
f 1949 1951 1808
f 1948 1808 1951
f 1951 1961 1948
f 1948 1961 1468
f 1468 1467 1948
f 1809 1948 1467
f 1467 1473 1809
f 1955 1809 1473
f 1473 1481 1955
f 1965 1955 1481
f 1477 1965 1481
f 1478 1477 1481
f 1481 1480 1478
f 1478 1480 2877
f 2878 1478 2877
f 2877 1199 2878
f 1441 2878 1199
f 1441 1199 1204
f 1204 1442 1441
f 1439 1441 1442
f 1442 1440 1439
f 1437 1439 1440
f 1440 1438 1437
f 1435 1437 1438
f 1438 1436 1435
f 1218 1435 1436
f 1436 1219 1218
f 1217 1218 1219
f 1217 1219 1425
f 1217 1425 640
f 2880 1217 640
f 640 1715 2880
f 1490 2880 1715
f 1491 1490 1715
f 1715 1714 1491
f 1714 1852 1491
f 1714 1715 1505
f 1505 1504 1714
f 1504 1828 1714
f 1504 1505 1506
f 1506 1547 1504
f 1504 1547 1546
f 1546 2059 1504
f 1708 2059 1546
f 1546 1545 1708
f 1709 1708 1545
f 1545 1077 1709
f 2882 1709 1077
f 2883 1709 2882
f 2882 1447 2883
f 1709 2883 1711
f 1711 1710 1709
f 1710 1711 1712
f 1712 2060 1710
f 1713 1712 1711
f 1711 2885 1713
f 2886 1713 2885
f 2885 1260 2886
f 1713 2886 1540
f 1540 1539 1713
f 1539 1540 1541
f 1541 2062 1539
f 1539 2062 1712
f 1460 1541 1540
f 1540 2887 1460
f 1450 1460 2887
f 1541 1460 1459
f 2887 1540 2886
f 2886 1196 2887
f 1198 2887 1196
f 2885 1711 2884
f 2884 1443 2885
f 1712 1713 1539
f 2884 1711 2883
f 2883 1445 2884
f 1077 1545 608
f 1547 608 1545
f 608 1547 1184
f 1708 1709 1710
f 1710 2054 1708
f 1545 1546 1547
f 1506 1184 1547
f 1184 1506 628
f 628 609 1184
f 610 609 628
f 610 628 629
f 610 629 639
f 639 1183 610
f 1182 610 1183
f 1182 1183 1219
f 647 610 1182
f 647 1182 1181
f 647 1181 1180
f 647 1180 1179
f 647 1179 1178
f 1178 1177 647
f 650 647 1177
f 650 1177 1176
f 650 1176 1175
f 650 1175 1174
f 650 1174 1173
f 650 1173 1172
f 650 1172 1171
f 650 1171 1170
f 650 1170 1169
f 650 1169 1168
f 650 1168 1167
f 650 1167 660
f 650 660 649
f 649 638 650
f 652 650 638
f 652 638 637
f 652 637 662
f 652 662 664
f 652 664 666
f 652 666 671
f 1205 652 671
f 671 1215 1205
f 1215 1214 1205
f 1206 1205 1214
f 2888 1206 1214
f 1214 2889 2888
f 1495 2888 2889
f 2889 1499 1495
f 1499 1498 1495
f 1496 1495 1498
f 2107 1496 1498
f 1498 1954 2107
f 2107 1954 1953
f 1953 1950 2107
f 1949 2107 1950
f 1950 1953 1961
f 1953 1952 1961
f 1952 1984 1961
f 1961 1984 1509
f 1511 1509 1984
f 1984 1983 1511
f 1513 1511 1983
f 1983 1998 1513
f 1515 1513 1998
f 1998 2000 1515
f 1518 1515 2000
f 2000 1993 1518
f 1476 1518 1993
f 1993 1474 1476
f 1474 1475 1476
f 1517 1476 1475
f 1517 1475 2891
f 2891 2892 1517
f 1514 1517 2892
f 2892 2893 1514
f 1512 1514 2893
f 2893 2894 1512
f 1510 1512 2894
f 2894 2895 1510
f 1508 1510 2895
f 2895 2896 1508
f 1466 1508 2896
f 2896 2897 1466
f 1472 1466 2897
f 2897 2898 1472
f 2898 1480 1472
f 1473 1472 1480
f 1480 2898 2876
f 2876 2898 1434
f 1434 2877 2876
f 2877 1434 1220
f 1221 1220 1434
f 1434 1433 1221
f 1221 1433 1169
f 1433 1434 1230
f 1230 1229 1433
f 1229 660 1433
f 660 1229 1232
f 1231 1232 1229
f 1232 1231 1233
f 1233 1237 1232
f 1232 1237 636
f 1232 636 649
f 661 636 1237
f 661 1237 663
f 662 661 663
f 1239 663 1237
f 1238 1239 1237
f 1239 1238 1240
f 1240 1242 1239
f 1242 1166 1239
f 665 1239 1166
f 670 665 1166
f 1166 1063 670
f 671 670 1063
f 671 1063 676
f 1166 676 1063
f 676 1166 677
f 676 677 678
f 676 678 1215
f 1244 1215 678
f 678 1245 1244
f 1245 1216 1244
f 1216 1245 1246
f 2899 1216 1246
f 1246 2900 2899
f 2900 1520 2899
f 1522 2899 1520
f 1520 1519 1522
f 1500 1522 1519
f 1987 1500 1519
f 1519 2003 1987
f 1987 2003 1985
f 1985 1986 1987
f 1954 1987 1986
f 1954 1986 1982
f 1954 1982 1952
f 1983 1982 1986
f 1986 1985 1983
f 1985 1997 1983
f 1997 1985 2003
f 2003 2002 1997
f 1998 1997 2002
f 2002 2001 1998
f 2001 2002 1989
f 1989 2004 2001
f 2000 2001 2004
f 2004 1991 2000
f 1991 2004 1989
f 1989 1990 1991
f 2005 1991 1990
f 1994 2005 1990
f 1990 1995 1994
f 1992 1994 1995
f 1992 1995 1999
f 1999 2006 1992
f 2019 1992 2006
f 2019 2006 2008
f 2008 2013 2019
f 2865 2019 2013
f 2013 1978 2865
f 1977 2865 1978
f 1977 1978 1979
f 1977 1979 2028
f 2028 2027 1977
f 2038 1977 2027
f 2027 2026 2038
f 2033 2038 2026
f 2033 2026 2020
f 2033 2020 2031
f 2031 2025 2033
f 2034 2033 2025
f 2034 2025 2024
f 2024 2032 2034
f 2037 2034 2032
f 2037 2032 2014
f 2014 2035 2037
f 2040 2037 2035
f 2035 1988 2040
f 1855 2040 1988
f 1855 1988 1853
f 1853 1854 1855
f 1963 1855 1854
f 1854 1964 1963
f 1962 1963 1964
f 1964 1967 1962
f 1980 1962 1967
f 1967 1966 1980
f 2901 1980 1966
f 1966 2903 2901
f 2901 2903 2904
f 2901 2904 2905
f 2905 2906 2901
f 2901 2906 2902
f 2907 2902 2906
f 2907 2906 2908
f 2908 2909 2907
f 2909 2910 2907
f 2910 2911 2907
f 2910 2912 2911
f 2913 2911 2912
f 2914 2915 2913
f 2915 2914 2916
f 2916 2918 2915
f 2917 2915 2918
f 2918 2921 2917
f 2931 2922 2923
f 2922 2919 2923
f 2922 2915 2919
f 2915 2922 2933
f 2933 2911 2915
f 2933 2902 2911
f 1981 2902 2933
f 2933 2043 1981
f 2044 1981 2043
f 2043 1788 2044
f 2049 2044 1788
f 1788 1787 2049
f 2049 1787 1494
f 1494 1483 2049
f 2036 2049 1483
f 1483 1470 2036
f 1976 2036 1470
f 1470 1524 1976
f 1963 1976 1524
f 1524 1526 1963
f 1524 1525 1526
f 1527 1526 1525
f 3382 1527 1525
f 3383 3382 1525
f 1525 1469 3383
f 3384 3383 1469
f 1469 1471 3384
f 3385 3384 1471
f 1471 1523 3385
f 3386 3385 1523
f 1523 1493 3386
f 3387 3386 1493
f 1493 1529 3387
f 3388 3387 1529
f 1529 1530 3388
f 3389 3388 1530
f 1530 1535 3389
f 3390 3389 1535
f 1535 1538 3390
f 3391 3390 1538
f 3392 3391 1538
f 1533 3392 1538
f 1536 1533 1538
f 1538 1537 1536
f 1536 1537 2048
f 1531 1536 2048
f 2048 1759 1531
f 1759 1753 1531
f 1458 1531 1753
f 1455 1458 1753
f 1753 1752 1455
f 1456 1455 1752
f 1752 1724 1456
f 1552 1456 1724
f 1724 2069 1552
f 1552 2069 2068
f 2068 1554 1552
f 1553 1552 1554
f 1554 1555 1553
f 1553 1555 3393
f 3394 1553 3393
f 1252 3394 3393
f 3393 1254 1252
f 1256 1252 1254
f 1254 1253 1256
f 1253 1165 1256
f 617 1256 1165
f 615 617 1165
f 615 1165 1164
f 615 1164 1163
f 615 1163 1162
f 615 1162 688
f 615 688 689
f 615 689 1068
f 1068 1396 615
f 3395 615 1396
f 1396 3402 3395
f 615 3456 3457
f 615 3431 3456
f 615 3430 3431
f 615 3406 3407
f 615 3397 3406
f 615 3407 3430
f 615 3457 3429
f 615 3429 682
f 682 685 615
f 691 615 685
f 3565 691 685
f 3565 685 3566
f 4956 3565 3566
f 4982 3565 4981
f 4985 691 4982
f 4994 691 4985
f 4979 691 4994
f 4978 3298 690
f 690 691 4978
f 692 690 3298
f 3298 2945 692
f 692 2945 2947
f 2948 692 2947
f 10584 692 2948
f 692 10584 5002
f 5002 5006 692
f 3350 692 5006
f 4904 4856 3610
f 3611 3610 4856
f 3611 4856 5141
f 3611 5141 5142
f 5142 5143 3611
f 5143 5144 3611
f 5144 3609 3611
f 5146 2971 2955
f 5146 2955 2957
f 5147 5146 2957
f 5147 2957 2930
f 5147 2930 2929
f 2929 5149 5147
f 5147 5149 5150
f 5151 5150 5149
f 5149 5152 5151
f 5152 5142 5151
f 5153 5151 5142
f 5153 2082 5151
f 2863 5151 2082
f 2863 2082 2080
f 2080 2079 2863
f 2862 2863 2079
f 2079 2083 2862
f 2864 2862 2083
f 2083 2084 2864
f 2575 2864 2084
f 2084 2085 2575
f 2574 2575 2085
f 2085 2086 2574
f 2086 2087 2574
f 2573 2574 2087
f 2087 2088 2573
f 2088 2092 2573
f 2839 2573 2092
f 2092 2096 2839
f 2828 2839 2096
f 2096 2099 2828
f 2827 2828 2099
f 2099 2102 2827
f 2830 2827 2102
f 2102 2064 2830
f 2838 2830 2064
f 2064 2063 2838
f 2840 2838 2063
f 2063 2018 2840
f 2017 2840 2018
f 1751 2017 2018
f 1752 1751 2018
f 2017 1751 2112
f 2112 5375 2017
f 5371 2017 5375
f 5375 5378 5371
f 5371 5378 5379
f 5380 5371 5379
f 5379 5383 5380
f 3361 5380 5383
f 3362 5402 5401
f 5401 5402 5399
f 5499 5505 1160
f 5503 5499 1160
f 5504 5503 1160
f 5506 5504 1160
f 5500 5506 1160
f 1160 1161 5500
f 5493 5500 1161
f 1161 707 5493
f 5493 707 2964
f 5490 5494 5495
f 5490 5495 707
f 5490 707 1073
f 5490 1073 5491
f 5492 5490 5491
f 3322 3324 1073
f 5489 3322 1073
f 4965 5489 1073
f 4961 4965 1073
f 4962 4961 1073
f 1073 2979 4962
f 4937 2981 681
f 4937 681 4931
f 4936 4937 4931
f 4931 4933 4936
f 4931 4938 4932
f 3629 3631 4960
f 3629 3630 3631
f 3339 700 2973
f 700 2974 2973
f 700 698 2974
f 2975 2974 698
f 698 693 2975
f 2975 693 5469
f 3341 693 3278
f 3278 693 3279
f 3280 5465 5467
f 4952 699 4950
f 4959 4950 699
f 699 3622 4959
f 3622 4958 4959
f 4953 4954 4955
f 4953 4955 4950
f 5463 3327 2971
f 3327 5463 3283
f 2967 3283 5463
f 5462 2967 5463
f 5463 5464 5462
f 5364 5462 5464
f 5464 2864 5364
f 2864 5464 5150
f 5150 5464 5146
f 5460 5462 5364
f 5460 5364 5459
f 5459 3330 5460
f 5461 5460 3330
f 4900 4901 4902
f 4900 5482 4901
f 5482 3332 4901
f 3333 5479 3149
f 3149 5479 5480
f 3838 3149 5480
f 3838 5480 5481
f 5458 3838 5481
f 3335 3838 5458
f 3320 3335 5458
f 3331 3320 5458
f 5458 5476 3331
f 5476 3335 3331
f 3336 5458 3337
f 5458 5442 3337
f 5442 3338 3337
f 3343 5424 3344
f 5424 5414 3344
f 3344 5414 5431
f 5415 5419 5418
f 5418 5419 5417
f 5420 5417 5419
f 5419 5415 5416
f 5415 5414 5400
f 5414 5380 5400
f 5400 5380 5395
f 5380 5414 5370
f 10583 5370 5414
f 10583 2840 5370
f 5431 5414 5415
f 5414 5424 10583
f 10582 10583 5424
f 10582 5424 5455
f 5455 2830 10582
f 5455 5424 5449
f 5455 5449 5441
f 5455 5441 5456
f 5456 2828 5455
f 5457 2828 5456
f 5457 5456 5458
f 5457 5458 5369
f 5369 2573 5457
f 5365 2573 5369
f 5369 5366 5365
f 5364 5365 5366
f 5364 2575 5365
f 5369 5479 5366
f 5482 5366 5479
f 5482 5459 5366
f 5482 3329 5459
f 3328 5459 3329
f 5459 3328 3267
f 5459 3267 3266
f 5480 5369 5458
f 5442 5456 5441
f 5441 2952 5442
f 2952 5441 2953
f 2953 5441 2954
f 2954 5441 3319
f 3319 5449 2961
f 5449 3319 5441
f 5424 2961 5449
f 5424 2962 2961
f 5424 2963 2962
f 10582 2838 10583
f 2963 5424 3343
f 3338 5442 2952
f 5442 5458 5456
f 3335 5476 3336
f 5476 5458 3336
f 5458 5481 5480
f 5480 5479 5369
f 5479 3333 3332
f 5482 5479 3332
f 5482 4900 5483
f 5482 5483 3329
f 5460 5461 3326
f 5459 3266 3330
f 5364 5366 5459
f 3326 5462 5460
f 3325 5462 3326
f 2968 5462 3258
f 5462 3325 3258
f 5463 5146 5464
f 5462 2968 2967
f 2951 686 2949
f 686 3352 2949
f 3120 3352 686
f 3360 3120 686
f 686 687 3360
f 3359 3360 687
f 687 692 3359
f 3359 692 5000
f 5000 692 3348
f 3349 3348 692
f 687 615 692
f 686 615 687
f 699 615 686
f 3620 699 686
f 3618 3620 686
f 699 3620 3619
f 699 3619 3607
f 694 615 699
f 694 699 5465
f 5465 693 694
f 693 615 694
f 5466 686 2951
f 686 5466 3618
f 3618 3619 3620
f 3619 3621 3607
f 3606 3607 3608
f 3622 3607 3606
f 699 3607 3622
f 4959 4953 4950
f 5465 699 4952
f 5465 3280 693
f 3279 693 3280
f 3340 693 3341
f 5469 693 3340
f 698 615 693
f 700 615 698
f 1140 615 700
f 1140 700 5475
f 1136 1140 5475
f 1136 5475 5474
f 5475 700 4947
f 1136 615 1140
f 681 615 1136
f 681 1136 4938
f 4938 1136 4939
f 4940 4939 1136
f 680 615 681
f 680 681 1072
f 1072 1073 680
f 1073 1072 2980
f 2981 2980 1072
f 615 680 701
f 615 701 702
f 615 702 710
f 615 710 616
f 710 1250 616
f 1250 617 616
f 710 1257 1250
f 1251 1250 1257
f 1257 1191 1251
f 1193 1251 1191
f 1191 1192 1193
f 1203 1193 1192
f 1192 1202 1203
f 1262 1203 1202
f 1202 1261 1262
f 1264 1262 1261
f 1261 1263 1264
f 1266 1264 1263
f 1263 1265 1266
f 1432 1266 1265
f 1265 1431 1432
f 1430 1432 1431
f 1431 1429 1430
f 1427 1430 1429
f 1427 1429 1428
f 1428 1426 1427
f 1424 1427 1426
f 1426 1423 1424
f 1422 1424 1423
f 1423 1421 1422
f 1420 1422 1421
f 1421 1419 1420
f 1418 1420 1419
f 1419 1417 1418
f 1416 1418 1417
f 1417 1414 1416
f 1415 1416 1414
f 1414 1270 1415
f 1272 1415 1270
f 1270 1271 1272
f 1222 1272 1271
f 1271 1413 1222
f 1223 1222 1413
f 1413 655 1223
f 657 1223 655
f 655 656 657
f 713 657 656
f 656 631 713
f 713 631 658
f 658 712 713
f 712 658 727
f 1228 712 727
f 1228 727 728
f 1228 728 1226
f 1226 1225 1228
f 1224 1228 1225
f 1224 1225 5507
f 1224 5507 5508
f 5508 5509 1224
f 1222 1224 5509
f 1222 5509 5510
f 5510 5511 1222
f 5511 5510 1565
f 1565 1527 5511
f 5512 5511 1527
f 5511 5512 1272
f 1565 1528 1527
f 1528 1565 1564
f 1528 1564 1855
f 1526 1528 1855
f 1544 1564 1565
f 1564 1544 1543
f 1564 1543 2037
f 1543 1563 2037
f 1543 1542 1563
f 1562 1563 1542
f 1542 5507 1562
f 1562 5507 5513
f 5513 5514 1562
f 1560 1562 5514
f 5514 5515 1560
f 1559 1560 5515
f 5515 5516 1559
f 1557 1559 5516
f 5516 5517 1557
f 1465 1557 5517
f 5517 5518 1465
f 1463 1465 5518
f 5518 2890 1463
f 1475 1463 2890
f 1475 1507 1463
f 1464 1463 1507
f 1464 1507 2865
f 2890 5518 1234
f 1234 2891 2890
f 2891 1234 1236
f 1236 1243 2891
f 1274 1243 1236
f 1274 1236 1235
f 1274 1235 1284
f 1284 5519 1274
f 732 1274 5519
f 732 5519 667
f 667 669 732
f 730 732 669
f 730 669 668
f 1247 730 668
f 668 715 1247
f 1211 1247 715
f 715 718 1211
f 1275 1211 718
f 718 1280 1275
f 1276 1275 1280
f 1280 1283 1276
f 5521 1276 1283
f 1283 5522 5521
f 1503 5521 5522
f 5522 1570 1503
f 1516 1503 1570
f 1570 1569 1516
f 2029 1516 1569
f 1569 2021 2029
f 2028 2029 2021
f 2021 1569 1568
f 1568 2022 2021
f 2020 2021 2022
f 2022 1568 1575
f 1575 2023 2022
f 2031 2022 2023
f 2023 1575 1579
f 1579 2015 2023
f 2024 2023 2015
f 1579 1581 2015
f 2016 2015 1581
f 1581 1583 2016
f 2030 2016 1583
f 1927 2030 1583
f 1583 1585 1927
f 1585 1590 1927
f 1928 1927 1590
f 1590 1592 1928
f 2117 1928 1592
f 1592 1594 2117
f 2119 2117 1594
f 1594 1597 2119
f 2127 2119 1597
f 1597 1598 2127
f 2128 2127 1598
f 1598 1600 2128
f 2143 2128 1600
f 2153 2143 1600
f 1600 1602 2153
f 1602 1604 2153
f 2156 2153 1604
f 1604 1610 2156
f 2159 2156 1610
f 1610 1612 2159
f 2163 2159 1612
f 2165 2163 1612
f 1612 1614 2165
f 1614 1619 2165
f 2161 2165 1619
f 1619 1621 2161
f 2162 2161 1621
f 1621 1623 2162
f 2179 2162 1623
f 1623 1628 2179
f 2183 2179 1628
f 1628 1631 2183
f 2185 2183 1631
f 1631 1634 2185
f 2187 2185 1634
f 1634 1636 2187
f 2191 2187 1636
f 1636 1638 2191
f 2193 2191 1638
f 1638 1640 2193
f 2194 2193 1640
f 1640 2860 2194
f 2194 2860 1893
f 1894 1893 2860
f 2860 2861 1894
f 1894 2861 2859
f 1894 2859 2858
f 1894 2858 2857
f 1894 2857 2856
f 1894 2856 2855
f 1894 2855 2854
f 1894 2854 2215
f 1894 2215 2195
f 1894 2195 2177
f 2177 2172 1894
f 2172 2174 1894
f 2174 2184 1894
f 2184 2186 1894
f 2186 2189 1894
f 2192 1894 2189
f 2189 2188 2192
f 2188 2220 2192
f 2220 2224 2192
f 2224 2226 2192
f 2226 2227 2192
f 2227 2231 2192
f 2231 2234 2192
f 2234 2235 2192
f 2235 2237 2192
f 2237 2239 2192
f 2217 2192 2239
f 2217 2239 2243
f 2243 2251 2217
f 2250 2217 2251
f 2251 2254 2250
f 2252 2250 2254
f 2253 2252 2254
f 2253 2254 2255
f 2255 2259 2253
f 2196 2253 2259
f 2196 2259 2258
f 2196 2258 2257
f 2196 2257 2228
f 2196 2228 2229
f 2196 2229 2242
f 2196 2242 2241
f 2196 2241 2197
f 2196 2197 2198
f 2196 2198 2205
f 2196 2205 2206
f 2196 2206 2222
f 2196 2222 2223
f 2247 2196 2223
f 2247 2223 2248
f 2247 2248 2263
f 2247 2263 2208
f 2247 2208 2276
f 1881 2247 2276
f 1881 2276 2180
f 1881 2180 2182
f 1881 2182 1882
f 1881 1882 1883
f 1882 1903 1883
f 1902 1883 1903
f 1903 10170 1902
f 1902 10170 2701
f 1902 2701 1797
f 5182 2701 10170
f 10170 6638 5182
f 6638 6639 5182
f 6639 6640 5182
f 5182 6640 5180
f 5180 5179 5182
f 5179 5180 5181
f 5181 2706 5179
f 5181 5180 6657
f 6658 5181 6657
f 6657 6609 6658
f 6658 6609 6030
f 6014 6658 6030
f 6662 6012 4929
f 4929 10571 6662
f 10571 5169 6662
f 5181 6662 5169
f 5169 2705 5181
f 10571 10570 5169
f 5170 5169 10570
f 10162 5170 10570
f 10162 10570 5598
f 5588 10162 5598
f 4924 4926 4922
f 4922 4923 4924
f 4923 4922 741
f 741 6150 4923
f 3678 3969 3676
f 7587 754 6606
f 754 6607 6606
f 3683 6608 924
f 924 3973 3683
f 3683 3973 3681
f 3681 3682 3683
f 5995 7588 6032
f 6032 7588 10162
f 10162 5590 6032
f 7588 5995 7589
f 7589 5172 7588
f 5172 5170 7588
f 5172 5171 5170
f 5172 1942 5171
f 7589 7593 5172
f 5172 7593 10569
f 10569 1943 5172
f 7594 10569 7593
f 7594 7593 5600
f 5599 7594 5600
f 7594 5994 5993
f 10494 7594 5993
f 10494 5993 5992
f 10494 5992 4277
f 4277 7590 10494
f 7590 7607 10494
f 7607 10569 10494
f 7607 1941 10569
f 7590 7591 7607
f 7606 7607 7591
f 7601 7606 7591
f 6037 7601 7591
f 6037 7591 6038
f 4277 4278 4279
f 4188 10439 4186
f 4186 4187 4188
f 4188 4187 5875
f 4188 5875 926
f 4188 926 925
f 4188 925 6132
f 6132 925 6131
f 6131 925 5876
f 5877 5876 925
f 925 5878 5877
f 5878 925 10438
f 925 4245 10438
f 4241 4245 4235
f 4235 4240 4241
f 4235 4239 4240
f 4244 4957 4973
f 4244 4248 4957
f 4247 4252 4248
f 4246 4247 4248
f 4247 4246 4250
f 4246 920 4250
f 920 10432 4250
f 7610 7611 4921
f 7612 7610 4921
f 7612 4921 3941
f 5361 7612 3941
f 3941 7618 5361
f 5361 7618 5193
f 5361 5193 5362
f 5362 1937 5361
f 5184 5362 5193
f 5185 5184 5193
f 5185 5193 7627
f 5185 7627 7628
f 5185 7628 7629
f 5185 7629 5186
f 5186 7629 7633
f 7633 7634 5186
f 7635 5186 7634
f 7635 7634 7640
f 7635 7640 7641
f 7641 1924 7635
f 1924 7641 7642
f 7641 7645 7642
f 7645 7649 7642
f 7649 7650 7642
f 7650 7651 7642
f 1917 7642 7651
f 7651 1918 1917
f 1918 7651 1946
f 1932 1918 1946
f 5242 1946 7651
f 7624 5242 7651
f 7624 5195 5242
f 5195 5194 5242
f 5194 1935 5242
f 1935 5194 1936
f 1934 1935 1936
f 1936 1939 1934
f 1939 1936 1905
f 1905 1904 1939
f 1938 1939 1904
f 1904 2131 1938
f 2131 1646 1938
f 1649 1938 1646
f 1649 1646 1645
f 1645 1648 1649
f 1650 1649 1648
f 1648 7653 1650
f 7652 1650 7653
f 7653 1277 7652
f 1411 7652 1277
f 1411 1277 1293
f 1293 1412 1411
f 1409 1411 1412
f 1412 1410 1409
f 1381 1409 1410
f 1410 1379 1381
f 1297 1381 1379
f 1379 1380 1297
f 1298 1297 1380
f 1380 739 1298
f 970 1298 739
f 739 738 970
f 970 738 930
f 930 738 756
f 756 1296 930
f 930 1296 1298
f 1296 1299 1298
f 1299 1296 1295
f 1295 7655 1299
f 7654 1299 7655
f 7655 1652 7654
f 1705 7654 1652
f 1652 1651 1705
f 1706 1705 1651
f 1651 2867 1706
f 1705 1706 1707
f 1704 1707 1706
f 1706 2868 1704
f 1707 1704 1703
f 1703 7657 1707
f 7654 1707 7657
f 7657 1703 7656
f 7656 1297 7657
f 1299 7657 1297
f 1587 7656 1703
f 1703 1588 1587
f 1586 1587 1588
f 1588 2870 1586
f 1587 1586 1650
f 1650 7658 1587
f 7656 1587 7658
f 7658 1381 7656
f 1588 1703 1704
f 1704 2869 1588
f 1651 1652 1653
f 2866 1651 1653
f 1654 1653 1652
f 7659 1654 1652
f 1654 7659 7660
f 7660 1690 1654
f 1690 1655 1654
f 1655 1690 1656
f 1960 1655 1656
f 1497 1656 1690
f 7661 1497 1690
f 1497 7661 2888
f 1656 1497 1496
f 1949 1656 1496
f 1690 7660 7661
f 1303 7661 7660
f 7660 1209 1303
f 1209 1208 1303
f 1207 1303 1208
f 651 1207 1208
f 1208 1210 651
f 764 651 1210
f 1210 1294 764
f 765 764 1294
f 757 765 1294
f 757 1294 1296
f 757 738 765
f 650 765 738
f 738 7099 650
f 7098 650 7099
f 7577 7098 7099
f 7099 7100 7577
f 7572 7577 7100
f 7100 7209 7572
f 7573 7572 7209
f 7209 7385 7573
f 7373 7573 7385
f 7373 7385 7387
f 7387 7566 7373
f 7566 7375 7373
f 7375 7376 7373
f 7376 7391 7373
f 7391 7392 7373
f 7392 7575 7373
f 7361 7373 7575
f 7355 7361 7575
f 7355 7575 7576
f 7355 7576 7574
f 7355 7574 7381
f 7355 7381 7382
f 7355 7382 7571
f 7355 7571 7570
f 7355 7570 7569
f 7355 7569 7568
f 7355 7568 7567
f 7355 7567 7449
f 7355 7449 7358
f 7355 7358 7356
f 7355 7356 7353
f 7353 7354 7355
f 7354 7364 7355
f 7364 7365 7355
f 7365 7357 7355
f 2983 7355 7357
f 7357 7360 2983
f 7360 2984 2983
f 2982 2983 2984
f 3313 3316 7584
f 3314 3313 7584
f 3314 7584 2983
f 3315 3314 2983
f 7584 7585 2983
f 7585 7374 2983
f 7585 7760 7374
f 7370 7374 7760
f 7759 7370 7760
f 7758 7759 7760
f 7748 7758 7760
f 7748 7760 7736
f 7735 7748 7736
f 7734 7735 7736
f 7729 7734 7736
f 7729 7736 7705
f 7729 7705 7707
f 7729 7707 7730
f 7743 7730 7707
f 7708 7743 7707
f 7707 7704 7708
f 7712 7708 7704
f 7704 7685 7712
f 7686 7712 7685
f 7685 7675 7686
f 7687 7686 7675
f 7692 7687 7675
f 7675 2333 7692
f 2339 7692 2333
f 2333 2332 2339
f 2346 2339 2332
f 2322 2346 2332
f 2332 2323 2322
f 2321 2322 2323
f 2323 2326 2321
f 2325 2321 2326
f 1775 2325 2326
f 2326 1896 1775
f 1776 1775 1896
f 1896 1884 1776
f 1748 1776 1884
f 1884 1740 1748
f 1747 1748 1740
f 1740 2314 1747
f 2314 2315 1747
f 2315 1726 1747
f 1726 1720 1747
f 1720 1719 1747
f 1719 2312 1747
f 2312 2313 1747
f 2302 1747 2313
f 2313 2309 2302
f 2309 2310 2302
f 2310 2303 2302
f 2303 2297 2302
f 2297 2296 2302
f 2142 2302 2296
f 2296 2299 2142
f 2299 2288 2142
f 2288 2287 2142
f 2287 2291 2142
f 2291 2280 2142
f 2280 2140 2142
f 2140 2141 2142
f 2141 2648 2142
f 2648 2647 2142
f 2647 2666 2142
f 2666 2667 2142
f 2658 2142 2667
f 2658 2667 2661
f 2292 2658 2661
f 2661 2762 2292
f 2762 2293 2292
f 1728 2292 2293
f 1728 2293 2660
f 1728 2660 2770
f 1728 2770 2657
f 1728 2657 2656
f 1728 2656 2765
f 1728 2765 2766
f 1728 2766 2777
f 1728 2777 2783
f 1728 2783 2774
f 1728 2774 2775
f 1728 2775 2781
f 1728 2781 2782
f 1728 2782 2771
f 1728 2771 2772
f 1728 2772 2785
f 1728 2785 1729
f 2311 1729 2785
f 2785 2784 2311
f 2311 2784 5313
f 5313 9973 2311
f 9973 9974 2311
f 1733 2311 9974
f 1735 1733 9974
f 9974 9979 1735
f 9979 9977 1735
f 1742 1735 9977
f 9977 9980 1742
f 1749 1742 9980
f 9980 5291 1749
f 1757 1749 5291
f 1756 1757 5291
f 5291 5290 1756
f 1758 1756 5290
f 5290 5295 1758
f 5295 5301 1758
f 1770 1758 5301
f 5301 5300 1770
f 1777 1770 5300
f 1779 1777 5300
f 5300 5298 1779
f 5298 1789 1779
f 1779 1789 1785
f 1789 5298 5307
f 5307 1792 1789
f 1789 1792 1791
f 1792 5307 5306
f 5306 1794 1792
f 1792 1794 1793
f 1794 5306 9981
f 9981 1806 1794
f 1794 1806 1798
f 1806 9981 9982
f 9982 1810 1806
f 1806 1810 1805
f 1810 9982 9983
f 9983 1811 1810
f 1810 1811 1812
f 1811 9983 9984
f 9984 9985 1811
f 1830 1811 9985
f 9985 1836 1830
f 1830 1836 1832
f 1836 9985 9986
f 9986 2796 1836
f 1839 1836 2796
f 2796 1824 1839
f 1824 2796 1875
f 1875 1800 1824
f 1825 1824 1800
f 1800 1875 1862
f 1862 1801 1800
f 1799 1800 1801
f 1801 1862 1867
f 1867 1857 1801
f 1856 1801 1857
f 1857 1867 1868
f 1868 1859 1857
f 1858 1857 1859
f 1859 1868 1872
f 1872 1861 1859
f 1860 1859 1861
f 1861 1872 2790
f 2790 1864 1861
f 1863 1861 1864
f 1864 2790 1873
f 1873 1840 1864
f 1841 1864 1840
f 1831 1840 1873
f 1873 1804 1831
f 1803 1831 1804
f 1804 1873 1874
f 1874 1871 1804
f 1802 1804 1871
f 1874 1865 1871
f 1866 1871 1865
f 1865 1874 2316
f 2316 2318 1865
f 1740 1865 2318
f 1740 2318 2317
f 1740 2317 2791
f 1740 2791 2320
f 1740 2320 2793
f 1740 2793 1730
f 1740 1730 1732
f 1740 1732 1741
f 1732 1889 1741
f 2314 1741 1889
f 1889 1732 1731
f 1731 5294 1889
f 5293 1889 5294
f 5292 5293 5294
f 5294 6646 5292
f 6644 5292 6646
f 6646 6486 6644
f 6485 6644 6486
f 4482 1011 4737
f 4744 4737 1011
f 4745 4744 1011
f 1011 1010 4745
f 4742 4745 1010
f 4742 1010 4743
f 4466 1010 4467
f 4734 4467 1010
f 7007 4734 1010
f 1010 1009 7007
f 7010 7007 1009
f 1009 1005 7010
f 4748 7010 1005
f 4477 4748 1005
f 4477 1005 4478
f 4478 4747 4477
f 6292 6293 6294
f 6490 6294 6293
f 6293 6645 6490
f 6645 6491 6490
f 6644 6491 6645
f 6491 6644 6647
f 6293 5344 6645
f 5344 5292 6645
f 6634 5344 6293
f 6293 6488 6634
f 5344 6634 10171
f 10171 1725 5344
f 1727 5344 1725
f 1725 1726 1727
f 5344 1727 5293
f 5345 1725 10171
f 10171 6648 5345
f 6648 6303 5345
f 6303 6643 5345
f 5345 6643 5342
f 5342 5341 5345
f 5341 1721 5345
f 1721 5341 2789
f 1721 2789 1719
f 5343 2789 5341
f 2789 5343 2307
f 2789 2307 2312
f 5285 2307 5343
f 5285 5343 9466
f 9992 5285 9466
f 4755 9992 9466
f 9466 6369 4755
f 10163 10166 10159
f 10166 10167 10168
f 10167 6362 10168
f 6594 6659 6309
f 6659 6661 6309
f 9991 6309 6661
f 9991 6661 9990
f 6661 9988 9989
f 6661 6546 9988
f 6661 6544 6546
f 6643 6595 6545
f 6661 6643 6545
f 6595 6643 6312
f 6302 6303 6304
f 6370 6304 6303
f 6312 6303 6302
f 6544 6661 6545
f 6661 9989 9990
f 6661 6659 5342
f 5342 6659 5343
f 6660 5343 6659
f 6659 6594 6660
f 6311 6660 6594
f 6363 6660 6311
f 6660 6363 6364
f 9466 6660 6364
f 6356 6358 6361
f 6356 6361 1000
f 6356 1000 6354
f 6348 6345 999
f 992 6348 999
f 999 774 992
f 992 774 993
f 992 993 6537
f 6341 992 6537
f 6581 992 6349
f 4967 4472 4471
f 9993 4967 4471
f 4471 9994 9993
f 9993 9994 5283
f 9993 5283 4444
f 4443 9993 4444
f 4443 4444 4445
f 4445 4476 4443
f 4476 10160 4443
f 10161 9993 10160
f 4681 4756 4682
f 4681 4755 4756
f 4681 4682 4683
f 4681 4445 4754
f 4754 9992 4681
f 9992 4754 4444
f 4754 4445 4444
f 9993 4443 10160
f 5285 4444 5283
f 5283 5284 5285
f 5284 2794 5285
f 2308 5285 2794
f 2308 2794 2310
f 2794 2298 2310
f 2794 5337 2298
f 2298 5337 2304
f 2298 2304 2296
f 5339 2304 5337
f 5337 9996 5339
f 9999 5339 9996
f 9996 6586 9999
f 6585 9999 6586
f 4752 4934 4935
f 9999 4934 4752
f 4752 9998 9999
f 9998 4752 4450
f 9998 4450 7600
f 7600 5333 9998
f 5333 5339 9998
f 5339 5333 5332
f 5331 5332 5333
f 5333 10000 5331
f 7603 5331 10000
f 7603 10000 6564
f 6590 7603 6564
f 4462 4455 4449
f 4450 4449 4455
f 4449 4450 4451
f 1024 6575 6582
f 6583 1024 6582
f 6584 1024 6583
f 6325 1024 6584
f 1061 1024 6325
f 1061 6325 6616
f 1061 6616 6572
f 1060 1061 6572
f 6572 6324 1060
f 6326 1060 6324
f 6328 1040 6329
f 1040 1060 6329
f 1040 774 1060
f 6336 1040 6328
f 6336 6335 1040
f 6334 1040 6335
f 993 1040 6334
f 6326 6329 1060
f 1060 774 1061
f 1061 774 1024
f 1024 774 781
f 781 774 777
f 781 777 6601
f 781 6601 6061
f 781 6061 6063
f 6575 781 6063
f 3643 3644 3645
f 3643 3645 6524
f 6054 6526 6525
f 6525 773 6054
f 6054 773 6055
f 7603 7665 7667
f 7603 7666 7665
f 7603 10001 7666
f 10001 7603 6563
f 7667 7604 7603
f 7602 7603 7604
f 7668 7602 7604
f 7670 7602 7668
f 7668 10169 7670
f 7669 7670 10169
f 7670 7669 4966
f 3626 7670 4966
f 3627 3626 4966
f 4920 3695 3627
f 3628 3627 3695
f 5148 3628 3695
f 5148 3695 7671
f 7671 7672 5148
f 7673 5148 7672
f 2853 7673 7672
f 7672 2290 2853
f 2853 2290 2140
f 2290 7672 5346
f 5346 2768 2290
f 2290 2768 2141
f 2768 5346 2649
f 2768 2649 2648
f 5277 2649 5346
f 5278 5277 5346
f 5346 9495 5278
f 9496 5278 9495
f 9495 4411 9496
f 4411 4413 9496
f 4432 9496 4413
f 4433 4432 4436
f 4423 4434 4433
f 4434 4423 4435
f 5132 4434 4435
f 5132 4435 4422
f 4422 9173 5132
f 5132 9173 5279
f 5279 5128 5132
f 5279 5278 5128
f 9172 5279 9173
f 9172 9173 9174
f 9172 9174 9176
f 2767 9172 9176
f 9176 2661 2767
f 2661 9176 9177
f 9176 9175 9177
f 9186 9177 9175
f 4414 9186 9175
f 9175 4426 4414
f 4426 4427 4414
f 4414 4427 4415
f 4414 4415 4416
f 4416 4420 4414
f 4414 4420 9187
f 4440 9187 4420
f 4440 9968 9187
f 9187 9968 9177
f 9969 9177 9968
f 9968 9970 9969
f 9971 9969 9970
f 9971 9970 9972
f 2769 9971 9972
f 9972 2773 2769
f 2770 2769 2773
f 2773 9972 2655
f 2657 2773 2655
f 10044 2655 9972
f 9972 9967 10044
f 10045 10044 9967
f 4708 10045 9967
f 9967 3702 4708
f 4708 3702 3701
f 3701 4709 4708
f 4707 4708 4709
f 10043 10046 4707
f 4707 10046 10045
f 10046 10043 4713
f 10046 4713 10049
f 10049 5330 10046
f 10047 10046 5330
f 5330 2776 10047
f 2778 10047 2776
f 2765 2778 2776
f 10047 2778 10044
f 2776 5330 2779
f 2777 2776 2779
f 5329 2779 5330
f 5328 5329 5330
f 10048 5328 5330
f 5328 10048 4696
f 4696 5335 5328
f 5335 4696 10053
f 10053 10054 5335
f 10054 10055 5335
f 10056 5335 10055
f 10055 10057 10056
f 10056 10057 5334
f 10056 5334 2786
f 2786 2788 10056
f 2788 2780 10056
f 2775 2780 2788
f 2782 2788 2786
f 5334 5311 2786
f 2787 2786 5311
f 5311 5313 2787
f 5311 5312 5313
f 5312 10060 5313
f 10022 5313 10060
f 4675 10022 10060
f 4678 4675 10060
f 10060 10063 4678
f 4679 4678 10063
f 10063 10064 4679
f 10064 4684 4679
f 4669 4674 4723
f 4669 4723 4668
f 4668 4662 4669
f 4664 4669 4662
f 4662 4663 4664
f 4700 4664 4663
f 4700 4663 4701
f 4701 4659 4700
f 4660 4700 4659
f 4659 4463 4660
f 4465 4660 4463
f 4463 4464 4465
f 4468 4465 4464
f 4468 4464 4469
f 4469 4654 4468
f 4656 4468 4654
f 4654 4655 4656
f 4658 4656 4655
f 4655 4661 4658
f 4647 4658 4661
f 4647 4661 4645
f 4645 4646 4647
f 4653 4647 4646
f 4646 4649 4653
f 4651 4653 4649
f 4649 4650 4651
f 4648 4651 4650
f 4648 4650 4652
f 4652 4644 4648
f 4642 4648 4644
f 4644 4643 4642
f 4641 4642 4643
f 4641 4643 4731
f 4731 4732 4641
f 4733 4641 4732
f 10032 10033 10028
f 10028 10031 10032
f 10031 10034 10032
f 10034 10031 9980
f 10034 9980 10072
f 4657 10034 10072
f 4657 10072 4642
f 10072 10071 4642
f 10071 10072 9977
f 10070 10071 9977
f 10071 10070 4651
f 4657 4641 10034
f 10028 5291 10031
f 10028 10027 5291
f 5291 10027 5289
f 10092 5289 10027
f 10092 10027 10020
f 10020 10093 10092
f 10093 6615 10092
f 10094 10092 6615
f 10094 6615 6614
f 6614 6613 10094
f 4634 10094 6613
f 4549 4552 10030
f 4549 10030 10028
f 4549 10028 4637
f 4549 4637 4547
f 4547 4548 4549
f 10091 10028 10041
f 4637 10028 10091
f 10030 10029 10028
f 4552 4549 4548
f 10157 10027 10029
f 4554 10020 10157
f 6554 6555 6556
f 10090 1035 4704
f 4704 1035 1036
f 4704 1036 1037
f 4702 4704 1037
f 4702 1037 1038
f 4621 4702 1038
f 4621 1038 1039
f 4622 4621 1039
f 10013 4622 1039
f 10013 1039 611
f 611 4616 10013
f 4615 10013 4616
f 4614 4615 4616
f 10014 4614 4616
f 4633 4634 4635
f 4634 4633 10095
f 10096 10095 4633
f 4633 10097 10096
f 10098 9662 10101
f 10101 10095 10098
f 10095 10101 5295
f 10095 5295 10094
f 5295 5289 10094
f 9792 10101 9662
f 9661 9792 9662
f 6382 9661 9662
f 10099 6382 9792
f 6382 6381 9792
f 9792 6381 6380
f 10082 9792 6380
f 10082 6380 10083
f 10082 10083 6383
f 10102 10082 6383
f 6377 10102 6383
f 10102 6379 6460
f 6460 6384 10102
f 10104 10102 6384
f 6384 6386 10104
f 10107 10104 6386
f 10108 10107 6386
f 10107 10109 10110
f 10111 10107 10110
f 10113 6392 6391
f 10113 10107 6392
f 6392 10107 10112
f 10107 10113 5297
f 5297 10113 5302
f 5298 5297 5302
f 5297 5298 5299
f 5297 5299 10104
f 10114 5302 10113
f 10114 10113 6390
f 10114 10106 5302
f 5306 5302 10106
f 10105 5306 10106
f 10105 10106 6515
f 6401 10105 6515
f 10115 6402 6405
f 10115 6405 6406
f 10116 10115 6406
f 6514 10116 6406
f 10116 6514 6404
f 10116 6404 6409
f 10100 10116 6409
f 10100 6409 6512
f 10117 10100 6512
f 10117 6512 6408
f 10117 6408 6513
f 10117 6513 6510
f 9637 10117 6510
f 6510 6498 9637
f 6498 9256 9637
f 9256 9983 9637
f 9256 9255 9983
f 9255 9256 6506
f 9255 6506 6505
f 6504 9255 6505
f 10118 9255 6504
f 10118 6504 6509
f 10118 6509 6507
f 9225 10118 6507
f 6507 6617 9225
f 9224 9225 6617
f 9224 6617 6618
f 6618 6419 9224
f 9219 9224 6419
f 9219 6419 6421
f 6421 6422 9219
f 10119 9219 6422
f 6424 10119 6422
f 6430 9223 6500
f 6500 9223 10120
f 9223 9987 10120
f 9987 9986 10120
f 10119 10120 9986
f 10120 10119 6416
f 9223 9220 9987
f 5323 9987 9220
f 9220 9222 5323
f 5321 5323 9222
f 10121 5321 9222
f 6413 10121 9222
f 6413 9222 6414
f 6435 10121 6438
f 10121 6434 6438
f 9254 10121 6435
f 6435 6436 9254
f 9636 9254 6436
f 6496 9636 6436
f 6412 9636 6410
f 9636 6412 6443
f 9636 6443 6442
f 10122 9636 6442
f 6444 10122 6442
f 6439 10122 6444
f 6439 6445 6446
f 6452 10124 6448
f 10124 10123 6448
f 6448 10123 6449
f 10123 6450 6449
f 6450 10123 6495
f 10122 6446 6495
f 10123 10122 6495
f 10122 10123 10153
f 10123 5324 10153
f 10153 5324 1868
f 10123 5315 5324
f 5315 5314 5324
f 2790 5324 5314
f 5314 5316 2790
f 5314 5315 5316
f 5316 5315 10128
f 10125 5316 10128
f 10128 6459 10125
f 6394 10125 6459
f 6375 10125 6376
f 10125 6375 10129
f 10132 10129 6375
f 10132 6375 6457
f 6466 10132 6457
f 10131 6468 5730
f 10133 10131 5730
f 5732 10133 5730
f 10133 5732 10136
f 10136 5287 10133
f 5287 5327 10133
f 5287 5286 5327
f 5286 2316 5327
f 2316 5286 2792
f 2791 2316 2792
f 5288 2792 5286
f 2792 5288 2319
f 2320 2792 2319
f 2319 1730 2320
f 1730 2319 1731
f 5294 2319 5288
f 5294 5288 10143
f 10144 5294 10143
f 10144 10143 6480
f 6481 10144 6480
f 10136 6473 6474
f 6477 10136 6474
f 6476 10139 6477
f 10139 6476 10142
f 10142 5288 10139
f 5287 10139 5288
f 6372 10142 6476
f 10142 6372 6371
f 10142 6371 6478
f 10143 10142 6478
f 10136 6477 10139
f 6473 10136 6475
f 4604 4600 4602
f 4602 4603 4604
f 4608 4604 4603
f 4608 4603 4606
f 4606 4607 4608
f 4625 4608 4607
f 4607 4624 4625
f 4620 4625 4624
f 4624 4610 4620
f 4609 4620 4610
f 4609 4610 4611
f 4611 4619 4609
f 4617 4609 4619
f 4617 4619 4618
f 4618 4486 4617
f 4485 4617 4486
f 4485 4486 4487
f 4485 4487 4741
f 4741 1014 4485
f 1020 4485 1014
f 1014 647 1020
f 647 1052 1020
f 647 1054 1052
f 4609 1052 1054
f 647 1053 1054
f 4620 1054 1053
f 647 1055 1053
f 4625 1053 1055
f 647 1056 1055
f 4604 1055 1056
f 4601 4604 1056
f 4601 1056 1057
f 4599 4601 1057
f 4599 1057 1058
f 4599 1058 4592
f 4533 4592 1058
f 4484 4533 1058
f 4484 1058 1059
f 4482 4484 1059
f 4482 4483 4484
f 647 1059 1058
f 647 1011 1059
f 647 774 1011
f 647 7151 774
f 7190 774 7151
f 7188 774 7189
f 7185 774 7188
f 7183 774 7185
f 3433 3432 7182
f 774 7182 3432
f 774 3432 3410
f 774 3410 3409
f 774 3409 3444
f 774 3444 3449
f 774 3449 3448
f 774 3448 3445
f 774 3445 3446
f 774 3446 3451
f 774 3451 3435
f 774 3435 3436
f 774 3436 3454
f 774 3454 3455
f 774 3455 3441
f 774 3441 3442
f 774 3442 3458
f 774 3458 3459
f 774 3459 3439
f 774 3439 3440
f 774 3440 3460
f 774 3460 3461
f 774 3461 3437
f 774 3437 3438
f 774 3438 3463
f 774 3463 3468
f 774 3468 762
f 762 761 774
f 775 774 761
f 775 761 5929
f 6051 775 5929
f 6570 773 6050
f 773 775 6050
f 6050 775 6051
f 5929 761 6263
f 4757 4758 4759
f 4761 4758 4757
f 4715 4758 4761
f 4715 4716 4411
f 4412 4411 4716
f 6277 763 6598
f 761 763 6277
f 6597 761 6277
f 761 6597 6291
f 5010 761 6291
f 761 5010 5011
f 5011 5932 761
f 5930 761 5932
f 6598 763 6278
f 763 994 6278
f 994 6290 6278
f 6599 994 6287
f 6284 6287 994
f 994 6285 6284
f 6272 6280 995
f 995 991 6272
f 6272 991 6273
f 4440 4439 4438
f 4437 4438 4439
f 4438 4437 4442
f 4442 9968 4438
f 4441 4442 4437
f 4711 4710 4441
f 9966 9970 4710
f 4442 4710 9970
f 9966 9965 9970
f 9965 9966 3700
f 3700 9967 9965
f 3698 3699 3700
f 3702 3700 3699
f 6045 776 5849
f 776 6264 5849
f 5004 5005 766
f 766 6052 5004
f 6568 6569 987
f 987 6532 6568
f 6532 987 6057
f 4665 4713 4666
f 4665 4666 4667
f 4667 4686 4665
f 4714 4665 4686
f 4686 4697 4714
f 4714 4697 4696
f 4695 4696 4697
f 4695 4697 4452
f 4452 4454 4695
f 4693 4695 4454
f 4454 4694 4693
f 4692 4693 4694
f 4692 4712 10053
f 4689 4712 4687
f 4687 4688 4689
f 4691 4689 4688
f 4691 4688 4690
f 4690 4473 4691
f 4475 4691 4473
f 4473 4474 4475
f 4676 4475 4474
f 4474 4685 4676
f 4684 4676 4685
f 4676 4684 10065
f 10065 10057 4676
f 6566 614 6519
f 614 613 6519
f 613 6534 6519
f 6387 780 6540
f 780 1023 6540
f 1023 6353 6540
f 6353 1023 6536
f 6316 1023 6317
f 1023 1027 6317
f 1027 6321 6317
f 6314 1027 6258
f 1027 6542 6258
f 6542 6541 6258
f 6262 644 6469
f 6483 6469 644
f 644 6484 6483
f 6484 644 6470
f 4630 4627 4629
f 4629 4627 4626
f 4626 4627 4628
f 1034 6503 6502
f 1034 10087 6503
f 10087 1034 10088
f 10088 1034 6557
f 1034 6554 6557
f 1034 6502 6501
f 4630 1034 6501
f 1034 4630 10086
f 1034 10086 6560
f 646 1034 6560
f 646 1031 1034
f 1033 1034 1031
f 1449 1033 1031
f 1034 1033 1035
f 1034 1035 6559
f 1031 646 645
f 1031 645 1448
f 645 1006 1448
f 645 644 1006
f 1007 1006 644
f 1007 644 6551
f 1007 6551 6297
f 997 1007 6297
f 997 6297 6553
f 6553 6550 997
f 6549 997 6550
f 998 6300 6368
f 998 6368 6543
f 998 6543 6542
f 998 6547 6300
f 998 997 6547
f 996 997 998
f 998 1027 996
f 996 1027 1028
f 996 1028 1444
f 1444 1001 996
f 996 1001 997
f 1008 997 1001
f 1008 1001 1446
f 1446 1006 1008
f 997 6548 6547
f 6548 997 6549
f 997 1008 1007
f 6431 644 6261
f 6552 644 6431
f 644 6552 6551
f 1006 1007 1008
f 644 645 646
f 644 646 6520
f 4627 4630 6501
f 646 6560 6520
f 6470 644 6520
f 644 6262 6261
f 1027 998 6542
f 6322 1027 6314
f 6321 1027 6322
f 1023 1028 1027
f 779 1028 1023
f 1258 1028 779
f 779 620 1258
f 779 612 620
f 612 779 778
f 612 778 613
f 778 6535 613
f 613 6535 6343
f 6535 778 6344
f 780 6344 778
f 6344 780 6538
f 6538 780 6389
f 778 779 780
f 6536 1023 6316
f 1023 780 779
f 6389 780 6387
f 6534 613 6343
f 612 613 614
f 612 614 988
f 612 988 1025
f 612 1025 1026
f 612 1026 1041
f 612 1041 1042
f 612 1042 986
f 612 986 987
f 612 987 766
f 766 762 612
f 612 762 1066
f 612 1066 1065
f 612 1065 1064
f 612 1064 1062
f 1062 619 612
f 618 612 619
f 619 1190 618
f 1195 618 1190
f 1190 619 1062
f 1190 1062 1188
f 1188 1189 1190
f 1194 1190 1189
f 1194 1189 10173
f 1189 9958 10173
f 9958 1699 10173
f 1699 1453 10173
f 1699 1462 1453
f 1462 1699 1548
f 1548 2797 1462
f 2763 1462 2797
f 2763 2797 1728
f 1717 2763 1728
f 1716 1717 1728
f 1717 1461 2763
f 2797 2798 1728
f 2798 2799 1728
f 2799 2800 1728
f 2800 2801 1728
f 2801 2761 1728
f 2761 2755 1728
f 2755 2654 1728
f 1723 1728 2654
f 1723 2654 2756
f 1723 2756 2760
f 1723 2760 2759
f 1723 2759 2758
f 1723 2758 2757
f 1723 2757 2653
f 1723 2653 2068
f 2653 1556 2068
f 1556 2653 1691
f 1688 1556 1691
f 1691 1695 1688
f 10175 1688 1695
f 1695 10174 10175
f 1399 10175 10174
f 10174 1401 1399
f 1400 1399 1401
f 1401 1396 1400
f 1396 1401 1403
f 1396 1403 1402
f 1396 1402 1397
f 1395 1396 1397
f 9957 1395 1397
f 1397 10176 9957
f 10176 1686 9957
f 1607 9957 1686
f 1686 1693 1607
f 1608 1607 1693
f 2755 1608 1693
f 1606 1607 1608
f 2761 1606 1608
f 1607 1606 1682
f 1682 9956 1607
f 9956 1682 1684
f 1684 9962 9956
f 1394 9956 9962
f 9962 1392 1394
f 1392 1393 1394
f 1394 1393 1395
f 1405 1393 1392
f 9961 1405 1392
f 1405 9961 9960
f 9960 1404 1405
f 1404 9960 9959
f 9959 1407 1404
f 1407 1408 1404
f 1406 1404 1408
f 1408 1067 1406
f 772 1406 1067
f 1067 762 772
f 771 772 762
f 1393 771 762
f 762 3484 1393
f 3464 1393 3484
f 1393 3528 3522
f 1393 3522 3536
f 1393 3536 3540
f 1393 3540 3543
f 1393 3543 3527
f 1393 3527 3526
f 1393 3526 3529
f 1393 3529 3530
f 1393 3530 3541
f 1393 3541 3542
f 1393 3542 3546
f 1393 3546 3544
f 1393 3544 3518
f 1393 3518 3517
f 1393 3517 3490
f 1393 3490 1396
f 3490 3506 1396
f 3506 3501 1396
f 3501 3500 1396
f 3500 3505 1396
f 3505 3498 1396
f 3498 3499 1396
f 3499 3510 1396
f 3510 3411 1396
f 3411 3412 1396
f 3412 3509 1396
f 3509 3414 1396
f 3414 3413 1396
f 3413 3513 1396
f 3513 3511 1396
f 3511 3512 1396
f 3512 3514 1396
f 3515 1396 3514
f 1396 3516 3401
f 1396 3515 3516
f 9889 9846 9890
f 9890 9846 9905
f 9905 9846 9907
f 9906 9846 9909
f 9909 9846 9908
f 9908 9846 9947
f 9900 9846 9892
f 9892 9846 9893
f 9864 9895 9846
f 9846 9896 9864
f 9864 9896 9894
f 9864 9894 9862
f 3422 3475 682
f 3421 3422 682
f 3475 3418 682
f 3418 3473 682
f 3473 3474 682
f 3474 3477 682
f 3477 3478 682
f 3478 3472 682
f 3472 3427 682
f 3426 682 3427
f 3115 3119 696
f 3119 3216 696
f 3216 8180 696
f 8180 8181 696
f 8181 8186 696
f 8186 8183 696
f 8183 8081 696
f 1111 696 8081
f 8081 597 1111
f 1111 597 595
f 1111 595 487
f 631 1111 487
f 589 631 487
f 488 506 8177
f 8177 631 488
f 631 8177 8178
f 631 8178 8137
f 631 8137 8138
f 631 8138 3040
f 3040 3037 631
f 3037 3018 631
f 3018 3036 631
f 3036 3035 631
f 3035 8135 631
f 8135 8134 631
f 8134 8131 631
f 8131 8129 631
f 8129 8128 631
f 8128 8127 631
f 8127 8125 631
f 8125 8124 631
f 8124 8123 631
f 8123 8121 631
f 8121 8120 631
f 8120 8119 631
f 8119 8117 631
f 8117 8116 631
f 8116 8114 631
f 8114 8113 631
f 8113 8112 631
f 8112 8111 631
f 8111 8107 631
f 8107 8106 631
f 8106 8103 631
f 8103 8102 631
f 8102 8101 631
f 8101 8100 631
f 8100 8099 631
f 723 631 8099
f 8099 8098 723
f 8098 8097 723
f 733 723 8097
f 8097 8095 733
f 8095 8094 733
f 8094 8093 733
f 8093 8090 733
f 8090 8088 733
f 8088 8087 733
f 8087 8089 733
f 8089 8086 733
f 8086 8085 733
f 8085 8080 733
f 8080 8082 733
f 8082 7011 733
f 7011 3775 733
f 3777 733 3775
f 3775 3776 3777
f 3777 3776 3772
f 3778 3772 3776
f 3769 3770 3771
f 3772 3771 3770
f 3770 733 3772
f 3774 733 3770
f 3765 733 3774
f 3774 3773 3765
f 3764 3765 3773
f 3762 3763 3764
f 3763 3762 3767
f 3767 733 3763
f 3760 733 3767
f 3767 3766 3760
f 3761 3760 3766
f 3758 3757 3761
f 3756 3757 3758
f 3757 3756 3759
f 3759 733 3757
f 3755 733 3759
f 4917 733 3755
f 3755 3754 4917
f 4918 4917 3754
f 3753 3752 4918
f 3751 3752 3753
f 3750 3749 3751
f 3748 3749 3750
f 3749 3748 3747
f 3749 3747 783
f 783 733 3749
f 3749 733 3752
f 783 786 733
f 864 733 786
f 786 10299 864
f 10299 10296 864
f 10297 864 10296
f 10548 10550 10551
f 10548 10549 10550
f 3844 3845 3846
f 3846 3850 3844
f 3846 3849 3850
f 3851 3850 3849
f 3851 3849 10545
f 3851 10545 10544
f 3851 10544 3841
f 3841 3842 3851
f 3842 3841 3840
f 3842 3840 3843
f 3850 3842 3896
f 5728 5693 861
f 5729 5728 861
f 5906 5729 861
f 862 5906 861
f 861 733 862
f 862 733 863
f 863 733 819
f 863 819 5900
f 5902 863 5900
f 3822 3823 3824
f 3824 3825 3822
f 3824 5904 3825
f 5741 820 5742
f 5743 5742 820
f 820 5745 5743
f 864 5744 5745
f 820 864 5745
f 5753 820 5741
f 820 5753 5752
f 5752 819 820
f 5905 819 5752
f 819 5905 5904
f 3824 819 5904
f 3824 3823 5900
f 863 5901 5906
f 863 5902 5901
f 819 3824 5900
f 819 733 820
f 822 733 861
f 861 5692 822
f 822 5692 5739
f 822 5739 5740
f 5737 822 5740
f 5747 5748 5749
f 5903 5749 5748
f 821 5735 5748
f 860 821 5748
f 860 733 821
f 817 733 860
f 860 5899 817
f 5898 817 5899
f 5760 817 5761
f 817 5760 10474
f 10474 816 817
f 816 10474 9491
f 9484 816 9491
f 5765 9484 9491
f 9477 9478 9479
f 9478 9477 9484
f 5768 857 5763
f 857 816 5763
f 816 5764 5763
f 816 5765 5764
f 9477 5765 816
f 857 733 816
f 859 733 857
f 859 857 5887
f 859 5887 5771
f 859 5771 5888
f 858 859 5888
f 858 5888 5775
f 858 5775 5776
f 5669 858 5776
f 5707 858 5681
f 858 6094 5681
f 6094 858 5773
f 858 5707 832
f 832 733 858
f 831 733 832
f 831 832 5699
f 734 733 831
f 734 831 5710
f 734 5710 5914
f 852 734 5914
f 5914 5684 852
f 5683 852 5684
f 5726 852 5725
f 5723 852 5726
f 852 5723 5631
f 853 852 5631
f 853 5631 5630
f 792 853 5630
f 792 5630 5720
f 792 5720 5718
f 5722 792 5718
f 5586 793 5587
f 793 6571 5587
f 6571 793 5882
f 5882 793 5780
f 5611 793 5586
f 793 5611 5781
f 793 5781 5626
f 724 793 5626
f 5628 724 5626
f 724 5785 5786
f 722 724 5786
f 722 723 724
f 724 5783 5785
f 722 5786 5787
f 985 722 5787
f 631 722 985
f 631 985 984
f 631 984 983
f 631 983 982
f 631 982 981
f 631 981 980
f 631 980 979
f 631 979 978
f 631 978 977
f 631 977 975
f 631 975 976
f 631 976 974
f 631 974 973
f 631 973 800
f 631 800 801
f 653 631 801
f 5852 653 801
f 5831 5852 801
f 653 5850 5851
f 653 5851 5853
f 10562 653 5853
f 4382 3583 10210
f 3583 653 10210
f 3583 795 653
f 795 654 653
f 794 654 795
f 3791 794 795
f 3791 795 3792
f 3791 3792 3793
f 4380 3791 4381
f 5575 3791 4380
f 5574 794 5575
f 5573 794 5574
f 5573 10213 794
f 10213 10212 794
f 10211 794 10212
f 5842 10211 10214
f 5567 804 5841
f 5569 804 5567
f 3949 804 5569
f 3948 3949 3950
f 10483 5616 7615
f 7617 10483 7615
f 7617 7615 7616
f 5238 7617 7616
f 7616 7620 5238
f 5238 7620 5175
f 5238 5175 5174
f 2698 5238 5174
f 5174 2848 2698
f 2698 2848 2120
f 2120 2130 2698
f 2847 2698 2130
f 2130 2509 2847
f 2439 2847 2509
f 2509 2440 2439
f 2438 2439 2440
f 2440 2129 2438
f 2129 2508 2438
f 2696 2438 2508
f 2508 2144 2696
f 2144 2507 2696
f 2694 2696 2507
f 2507 2506 2694
f 2695 2694 2506
f 2506 2154 2695
f 2693 2695 2154
f 2154 2157 2693
f 2692 2693 2157
f 2157 2160 2692
f 2849 2692 2160
f 2160 2505 2849
f 2850 2849 2505
f 2505 2164 2850
f 2851 2850 2164
f 1901 2851 2164
f 1901 2164 2163
f 1899 1901 2163
f 1899 1900 1901
f 1900 1899 2467
f 2467 5374 1900
f 1900 5374 2851
f 5373 2851 5374
f 5374 8020 5373
f 8019 5373 8020
f 8020 5983 8019
f 5981 8019 5983
f 5636 8014 5637
f 8014 5636 8015
f 8014 8015 5372
f 5373 8014 5372
f 8015 10510 5372
f 5372 10510 10511
f 10511 2850 5372
f 10509 10511 10510
f 10510 5536 10509
f 5533 10509 5536
f 5535 5390 5389
f 5387 5389 5390
f 5390 10503 5387
f 10503 10511 5387
f 10503 2692 10511
f 5249 2692 10503
f 5249 10503 6663
f 10504 5249 6663
f 6009 10504 6663
f 6663 6011 6009
f 10505 10506 10507
f 10508 10507 10506
f 10504 5883 5530
f 10504 5530 5445
f 5444 10504 5445
f 5443 5444 5445
f 5444 5443 5529
f 10512 5444 5529
f 5546 10512 5529
f 10512 5591 5592
f 10502 10512 5592
f 5998 10502 5592
f 5989 10513 5606
f 5606 10513 5607
f 5607 10513 5594
f 10513 5595 5594
f 5595 10488 5593
f 10488 5603 5593
f 5603 10488 10489
f 5603 10489 5604
f 5604 10489 5605
f 10502 5605 10489
f 10489 5252 10502
f 5250 10502 5252
f 5252 5251 5250
f 5249 5250 5251
f 5251 2693 5249
f 5249 5444 5250
f 5252 2694 5251
f 10489 10488 5252
f 5233 5252 10488
f 5233 10488 10513
f 10513 10492 5233
f 5233 10492 5231
f 5231 5232 5233
f 5232 2696 5233
f 5232 5231 5240
f 5240 2439 5232
f 2439 5240 10481
f 10481 5240 10484
f 10483 10481 10484
f 10483 10484 5629
f 10483 5629 5617
f 10484 5618 5629
f 10484 5614 5618
f 3972 3968 3593
f 3593 3963 3972
f 3593 3957 3963
f 3963 3957 3958
f 3956 3580 3579
f 3579 3580 3581
f 3953 3581 3580
f 3580 804 3953
f 3948 3953 804
f 3953 3948 3980
f 3953 3980 3979
f 3979 3978 3953
f 3977 3581 3978
f 3980 3948 3981
f 3580 802 804
f 802 803 804
f 804 803 796
f 804 796 5842
f 654 796 803
f 803 1391 654
f 1311 654 1391
f 1309 1311 1391
f 1391 1390 1309
f 1389 1309 1390
f 1390 1363 1389
f 1365 1389 1363
f 1363 1364 1365
f 1366 1365 1364
f 1364 1326 1366
f 1328 1366 1326
f 1326 1327 1328
f 1355 1328 1327
f 1327 1338 1355
f 1340 1355 1338
f 1338 1339 1340
f 1371 1340 1339
f 1339 1370 1371
f 1304 1371 1370
f 1370 1388 1304
f 1305 1304 1388
f 1388 872 1305
f 972 1305 872
f 872 783 972
f 972 783 960
f 960 783 873
f 873 1312 960
f 1305 960 1312
f 1312 1306 1305
f 1306 1312 1322
f 1306 1322 10215
f 10215 10217 1306
f 1304 1306 10217
f 10217 10215 1620
f 1620 1618 10217
f 10218 10217 1618
f 1618 1613 10218
f 10219 10218 1613
f 1613 1611 10219
f 10220 10219 1611
f 10221 10220 1611
f 10221 1611 1609
f 10222 10221 1609
f 1609 1603 10222
f 10223 10222 1603
f 1603 1605 10223
f 10224 10223 1605
f 10225 10224 1605
f 1599 10225 1605
f 1605 1600 1599
f 10226 10225 1599
f 1599 1601 10226
f 10227 10226 1601
f 1601 1596 10227
f 10228 10227 1596
f 1596 1595 10228
f 10229 10228 1595
f 1595 1593 10229
f 10230 10229 1593
f 10231 10230 1593
f 1591 10231 1593
f 1592 1591 1593
f 10232 10231 1591
f 1591 1589 10232
f 10233 10232 1589
f 1589 1584 10233
f 10234 10233 1584
f 1584 1582 10234
f 10235 10234 1582
f 1582 1580 10235
f 10236 10235 1580
f 10236 1580 1578
f 1578 10237 10236
f 1289 10236 10237
f 10237 1290 1289
f 1288 1289 1290
f 1290 1300 1288
f 721 1288 1300
f 1300 1369 721
f 736 721 1369
f 1369 674 736
f 959 736 674
f 674 673 959
f 964 959 673
f 964 673 965
f 1387 964 965
f 1387 965 1385
f 1385 1386 1387
f 1227 1387 1386
f 1227 1386 5514
f 1387 1227 1226
f 1226 909 1387
f 1386 1385 1267
f 1386 1267 5515
f 1268 1267 1385
f 1385 961 1268
f 767 1268 961
f 961 963 767
f 768 767 963
f 963 971 768
f 768 971 717
f 717 769 768
f 769 717 716
f 716 729 769
f 767 769 729
f 718 729 716
f 729 718 714
f 714 1382 729
f 1384 729 1382
f 1382 1383 1384
f 1269 1384 1383
f 1269 1383 5517
f 1384 1269 1268
f 1383 1382 1234
f 1241 1234 1382
f 5520 1241 1382
f 1241 5520 10238
f 10238 1235 1241
f 5519 1235 10238
f 5520 5519 10238
f 1234 1241 1235
f 729 1384 1268
f 1382 714 5520
f 667 5520 714
f 714 668 667
f 716 717 718
f 1281 717 971
f 971 1368 1281
f 1282 1281 1368
f 1368 1367 1282
f 10239 1282 1367
f 1367 10240 10239
f 1571 10239 10240
f 10240 1567 1571
f 1569 1571 1567
f 1567 10240 10241
f 10241 1574 1567
f 1568 1567 1574
f 1574 10241 10237
f 1301 10241 10240
f 10241 1301 1290
f 10239 1571 1570
f 10240 1367 1301
f 1369 1301 1367
f 1282 10239 5522
f 1367 1368 1369
f 1281 1282 1283
f 1368 971 674
f 962 674 971
f 675 674 962
f 962 961 675
f 965 675 961
f 717 1281 1280
f 971 963 962
f 767 768 769
f 961 962 963
f 1268 767 729
f 1267 1268 1269
f 1267 1269 5516
f 961 1385 965
f 964 1387 909
f 909 958 964
f 909 735 958
f 736 958 735
f 909 719 735
f 721 735 719
f 719 720 721
f 720 719 770
f 770 760 720
f 1291 720 760
f 1291 760 1292
f 1291 1292 1289
f 1378 1289 1292
f 1292 1377 1378
f 1376 1378 1377
f 1377 1375 1376
f 1374 1376 1375
f 1375 1372 1374
f 1373 1374 1372
f 1372 1319 1373
f 1320 1373 1319
f 1319 1285 1320
f 1287 1320 1285
f 1285 1286 1287
f 1310 1287 1286
f 1286 1311 1310
f 1287 1310 10229
f 1285 969 1286
f 957 1286 969
f 631 957 969
f 631 969 914
f 914 915 631
f 917 631 915
f 1319 917 915
f 967 631 917
f 917 1372 967
f 967 1372 966
f 966 631 967
f 968 631 966
f 966 1375 968
f 759 631 968
f 968 1292 759
f 908 631 759
f 759 758 908
f 909 908 758
f 909 758 770
f 908 909 902
f 728 902 909
f 902 728 659
f 659 631 902
f 758 759 760
f 902 631 908
f 915 914 1319
f 631 654 957
f 654 1286 957
f 1285 914 969
f 1320 1287 10230
f 1285 1319 914
f 1320 10231 1373
f 917 1319 1372
f 1374 1373 10233
f 1375 966 1372
f 1376 1374 10234
f 1377 968 1375
f 1378 1376 10235
f 1292 968 1377
f 759 1292 760
f 720 1291 1288
f 760 770 758
f 909 770 719
f 675 965 673
f 959 964 958
f 673 674 675
f 958 736 959
f 674 1369 1368
f 735 721 736
f 1301 1369 1300
f 1288 721 720
f 1300 1290 1301
f 1289 1288 1291
f 1290 10237 10241
f 1289 1378 10236
f 10237 1578 1574
f 1575 1574 1578
f 1579 1578 1580
f 10235 10236 1378
f 1581 1580 1582
f 10234 10235 1376
f 1583 1582 1584
f 10233 10234 1374
f 1585 1584 1589
f 10232 10233 1373
f 1590 1589 1591
f 10231 10232 1373
f 10230 10231 1320
f 10229 10230 1287
f 1594 1593 1595
f 10228 10229 1310
f 1310 1309 10228
f 1595 1596 1594
f 10227 10228 1309
f 1596 1601 1597
f 10226 10227 1389
f 1601 1599 1598
f 10225 10226 1389
f 10224 10225 1365
f 10223 10224 1366
f 1603 1602 1605
f 10222 10223 1328
f 1609 1604 1603
f 10221 10222 1328
f 1611 1610 1609
f 10220 10221 1355
f 10219 10220 1340
f 1613 1612 1611
f 10218 10219 1371
f 1618 1614 1613
f 10217 10218 1371
f 1620 1619 1618
f 1629 1620 10215
f 10215 10216 1629
f 1622 1629 10216
f 10216 10242 1622
f 1627 1622 10242
f 10242 10243 1627
f 1630 1627 10243
f 10243 10244 1630
f 1633 1630 10244
f 10244 10245 1633
f 1635 1633 10245
f 10245 10246 1635
f 1637 1635 10246
f 10246 10247 1637
f 1639 1637 10247
f 10247 1679 1639
f 1679 1680 1639
f 1640 1639 1680
f 1680 1679 1681
f 1680 1681 2860
f 1679 1643 1681
f 1681 1643 2861
f 1643 1679 1641
f 1641 1642 1643
f 1643 1642 2859
f 1642 1641 1678
f 1678 1677 1642
f 1642 1677 2858
f 1677 1678 1676
f 1676 1675 1677
f 1677 1675 2857
f 1675 1676 1674
f 1674 1673 1675
f 1675 1673 2856
f 1673 1674 1672
f 1672 1671 1673
f 1673 1671 2855
f 1671 1672 1670
f 1670 1669 1671
f 1671 1669 2854
f 1669 1670 1668
f 1668 1667 1669
f 1669 1667 2215
f 1667 1668 1666
f 1666 1657 1667
f 1657 2195 1667
f 1657 1666 1625
f 1625 1624 1657
f 1624 2177 1657
f 2177 1624 2178
f 2178 1624 2277
f 2213 2178 2277
f 2277 1892 2213
f 1892 2171 2213
f 2279 2213 2171
f 2279 2171 10077
f 10077 5263 2279
f 2173 2279 5263
f 2207 2173 5263
f 5263 5257 2207
f 5257 5259 2207
f 2214 2207 5259
f 2190 2214 5259
f 5259 5260 2190
f 2219 2190 5260
f 5260 5262 2219
f 2221 2219 5262
f 5262 5219 2221
f 5219 5215 2221
f 2225 2221 5215
f 5215 2230 2225
f 2225 2230 2227
f 2230 5215 5217
f 5217 5271 2230
f 2232 2230 5271
f 5271 10249 2232
f 2236 2232 10249
f 10249 10250 2236
f 2238 2236 10250
f 10250 2243 2238
f 2243 10250 10251
f 10251 10252 2243
f 10252 10251 10253
f 10253 10258 10252
f 10258 10259 10252
f 10310 10252 10259
f 10259 10309 10310
f 10309 10311 10310
f 10310 10311 10262
f 2255 10310 10262
f 10262 5275 2255
f 2260 2255 5275
f 5275 5272 2260
f 2256 2260 5272
f 5272 2264 2256
f 2257 2256 2264
f 2264 5272 5274
f 5274 2249 2264
f 2228 2264 2249
f 2249 5274 5276
f 5276 5268 2249
f 2240 2249 5268
f 5268 5270 2240
f 2265 2240 5270
f 5270 2266 2265
f 2198 2265 2266
f 2266 5270 5267
f 5265 2266 5267
f 5266 5265 5267
f 5267 10314 5266
f 10315 5266 10314
f 6249 10315 10314
f 10314 10127 6249
f 10127 6251 6249
f 6248 10315 6197
f 10315 6248 6192
f 10317 10315 6192
f 10316 10317 6192
f 10316 6192 6191
f 6205 10316 6191
f 6204 10316 6205
f 6195 10135 6210
f 10318 6195 6210
f 10318 6210 6209
f 6211 10318 6209
f 6213 10318 6211
f 10146 4359 1154
f 10146 1154 1155
f 10146 1155 4331
f 4360 4331 1155
f 1155 1156 4360
f 4360 1156 4298
f 4360 4298 4334
f 4334 4332 4360
f 4331 4332 4333
f 5656 10141 5657
f 5657 10141 6216
f 6216 10140 6214
f 10318 6214 10140
f 10318 10140 5254
f 5256 10318 5254
f 5254 5255 5256
f 5255 2262 5256
f 2233 5256 2262
f 2223 2233 2262
f 5256 2233 5265
f 2262 5255 2209
f 2263 2262 2209
f 5264 2209 5255
f 2209 5264 2210
f 2208 2209 2210
f 2210 2180 2208
f 2180 2210 2181
f 2210 5165 2181
f 5164 2181 5165
f 5163 5164 5165
f 5165 6641 5163
f 6642 5163 6641
f 6641 6200 6642
f 6244 6642 6200
f 5525 5523 5526
f 5523 5525 5524
f 5524 5200 5523
f 5200 5163 5523
f 6632 5200 5524
f 5524 6085 6632
f 5985 6632 6085
f 6633 6612 6611
f 6638 6633 6611
f 6610 6638 6611
f 6026 6638 6610
f 6028 6639 6026
f 6033 6639 6028
f 6656 5542 6008
f 6657 6656 6008
f 6031 6657 6008
f 6656 5540 5542
f 5541 6656 6034
f 6640 6034 6656
f 6034 6640 6033
f 5541 5540 6656
f 10320 10164 6029
f 4928 4929 4930
f 3651 3652 3653
f 3653 3638 3651
f 3640 3651 3638
f 3638 3639 3640
f 3638 3641 4925
f 3641 3638 3642
f 3641 3642 742
f 7006 3641 742
f 742 7005 7006
f 6016 742 6017
f 742 741 6017
f 740 741 742
f 740 742 1158
f 740 1158 1157
f 740 1157 882
f 882 883 740
f 744 740 883
f 744 883 7008
f 7008 3654 744
f 3654 3655 744
f 3655 4367 744
f 4368 744 4367
f 4361 4363 743
f 743 744 4361
f 4363 1156 743
f 1156 740 743
f 745 740 1156
f 745 7020 740
f 7063 740 7020
f 7134 7135 7136
f 7136 7135 7197
f 7197 7135 7196
f 7197 7196 7195
f 7195 7194 7156
f 7156 7194 7155
f 7155 7194 7090
f 7155 7090 7193
f 7089 7091 7157
f 7157 7091 7173
f 7173 7091 7174
f 7174 7192 7191
f 7191 7192 7056
f 7055 7056 7192
f 7326 7055 7192
f 7192 7541 7326
f 7326 7541 7330
f 7330 7328 7326
f 7325 7326 7328
f 7328 7327 7325
f 7327 7334 7325
f 7334 7341 7325
f 7581 7325 7341
f 7341 7342 7581
f 7582 7581 7342
f 7342 7343 7582
f 7580 7582 7343
f 7343 7344 7580
f 7528 7580 7344
f 7344 7345 7528
f 7583 7528 7345
f 7345 7346 7583
f 7346 7347 7583
f 7579 7583 7347
f 7347 7348 7579
f 7348 7349 7579
f 7359 7579 7349
f 7349 7350 7359
f 7356 7359 7350
f 7350 7351 7356
f 7351 7352 7356
f 7356 7068 7359
f 7024 7359 7068
f 7068 7025 7024
f 7023 7024 7025
f 7072 7071 7073
f 7024 7073 7071
f 7070 7071 7072
f 7071 7070 7087
f 7087 7579 7071
f 7080 7087 7070
f 7081 7084 7080
f 7085 7084 7081
f 7084 7085 7086
f 7086 7580 7084
f 7082 7086 7085
f 7083 7088 7082
f 7079 7088 7083
f 7088 7079 7078
f 7078 7581 7088
f 7581 7078 7066
f 7078 7077 7066
f 7064 7066 7077
f 7053 7055 7065
f 7066 7065 7055
f 7054 7055 7053
f 7051 7055 7054
f 7028 7055 7026
f 7026 7055 7051
f 7065 7066 7064
f 7077 7078 7079
f 7086 7082 7088
f 7088 7582 7086
f 7087 7080 7084
f 7084 7528 7087
f 7069 7068 7057
f 740 7057 7068
f 740 7068 7294
f 740 7294 7293
f 740 7293 7292
f 740 7292 7291
f 740 7291 7290
f 740 7290 7289
f 740 7289 7288
f 740 7288 7287
f 740 7287 7286
f 740 7286 7285
f 740 7285 7101
f 740 7101 7067
f 740 7067 738
f 7097 738 7067
f 7097 7067 7392
f 7392 7207 7097
f 7207 738 7097
f 7213 738 7207
f 7213 7207 7376
f 7214 738 7213
f 7214 7213 7375
f 7375 7215 7214
f 7215 738 7214
f 7208 738 7215
f 7208 7215 7387
f 7387 7553 7208
f 7105 7208 7553
f 7205 7105 7553
f 7553 7406 7205
f 7406 7403 7205
f 7203 7205 7403
f 7123 7203 7403
f 7403 7398 7123
f 7398 7409 7123
f 7116 7123 7409
f 7409 7552 7116
f 7201 7116 7552
f 7125 7201 7552
f 7552 7378 7125
f 7378 7551 7125
f 7199 7125 7551
f 7551 7418 7199
f 7132 7199 7418
f 7418 7535 7132
f 7133 7132 7535
f 7135 7133 7535
f 7535 7533 7135
f 7135 7533 7532
f 7532 7533 7534
f 7536 7532 7534
f 7459 7536 7534
f 7460 7459 7534
f 7534 7529 7460
f 7531 7460 7529
f 7529 7530 7531
f 7526 7531 7530
f 7530 7527 7526
f 7476 7526 7527
f 7527 7525 7476
f 7477 7476 7525
f 7525 7524 7477
f 7522 7477 7524
f 7524 7523 7522
f 7521 7522 7523
f 7523 7518 7521
f 7520 7521 7518
f 7519 7520 7518
f 7517 7519 7518
f 7485 7517 7518
f 7485 7518 7516
f 7486 7485 7516
f 7486 7516 7515
f 7514 7486 7515
f 7514 7515 7513
f 7426 7514 7513
f 7426 7513 7425
f 7424 7426 7425
f 7424 7425 7422
f 7487 7424 7422
f 7422 7511 7487
f 7510 7487 7511
f 7507 7510 7511
f 7511 7508 7507
f 7488 7507 7508
f 7508 7509 7488
f 7489 7488 7509
f 7509 7506 7489
f 7504 7489 7506
f 7506 7505 7504
f 7503 7504 7505
f 7505 7502 7503
f 7453 7503 7502
f 7454 7453 7502
f 7454 7502 7501
f 7499 7454 7501
f 7499 7501 7500
f 7498 7499 7500
f 7498 7500 7497
f 7492 7498 7497
f 7493 7492 7497
f 7493 7497 7494
f 7496 7493 7494
f 7495 7496 7494
f 7450 7495 7494
f 7450 7494 7448
f 7447 7450 7448
f 7447 7448 7428
f 7491 7447 7428
f 7455 7491 7428
f 7427 7455 7428
f 7427 7428 7411
f 7490 7427 7411
f 7452 7490 7411
f 7410 7452 7411
f 7410 7411 7412
f 7423 7410 7412
f 7423 7412 7444
f 7484 7423 7444
f 7484 7444 7433
f 7483 7484 7433
f 7480 7483 7433
f 7458 7480 7433
f 7478 7458 7433
f 7475 7478 7433
f 7462 7475 7433
f 7446 7462 7433
f 7433 7445 7446
f 7472 7446 7445
f 7464 7472 7445
f 7463 7464 7445
f 7338 7463 7445
f 7339 7338 7445
f 7445 7430 7339
f 7429 7339 7430
f 2988 2990 7445
f 7445 7794 2988
f 3061 2988 7794
f 3034 3061 7794
f 3032 3034 7794
f 3032 7794 3076
f 4388 4387 4912
f 4386 4387 4388
f 4386 4907 4387
f 7903 7902 7900
f 7903 7900 7891
f 7907 7903 7891
f 7891 7786 7907
f 7785 7907 7786
f 7785 7786 7787
f 7791 7785 7787
f 7787 7761 7791
f 7761 7916 7791
f 7916 7917 7791
f 7893 7791 7917
f 7917 7910 7893
f 7910 7911 7893
f 7894 7893 7911
f 7955 2996 3318
f 3009 7955 3318
f 3308 7955 3008
f 7955 3308 3307
f 7957 7955 3307
f 7957 7958 7955
f 7959 7955 7958
f 7961 7959 7958
f 7958 7960 7961
f 7961 7960 7962
f 7963 7961 7962
f 7964 7963 7962
f 7962 7965 7964
f 7965 7966 7964
f 7967 7964 7966
f 7966 2342 7967
f 2342 2341 7967
f 7967 2341 7968
f 7967 7968 7969
f 7970 7969 7968
f 7968 7971 7970
f 7970 7971 7972
f 7970 7972 7973
f 7974 7970 7973
f 7973 7975 7974
f 7975 7976 7974
f 7963 7974 7976
f 7969 7974 7963
f 7976 7975 7977
f 7959 7976 7977
f 7977 7978 7959
f 7978 7977 7979
f 7978 7979 3020
f 7978 3020 3019
f 7978 3019 2997
f 7955 7978 2997
f 3020 7979 3027
f 3026 7984 3025
f 7984 3317 3025
f 7984 3306 3317
f 3306 7984 3304
f 7987 7986 7988
f 7989 7987 7988
f 7989 7988 7991
f 7989 7991 7584
f 7989 7584 3310
f 3310 7992 7989
f 3311 3310 7584
f 7991 7993 7584
f 7994 7993 7991
f 7984 7994 7991
f 7984 7991 3305
f 7994 7984 7995
f 7996 7994 7995
f 7995 7975 7996
f 7996 7997 7994
f 7996 7998 7997
f 7998 7999 7997
f 7997 7999 8000
f 7997 8000 7993
f 7993 8000 7585
f 7999 7736 8000
f 7736 7999 7706
f 8001 7706 7999
f 8001 7681 7706
f 7680 7706 7681
f 7679 7680 7681
f 7674 7679 7681
f 7681 2272 7674
f 2334 7674 2272
f 2335 2334 2272
f 2271 2335 2272
f 2270 2271 2272
f 2272 2330 2270
f 2331 2270 2330
f 2327 2331 2330
f 1897 2327 2330
f 2330 1881 1897
f 2324 1897 1881
f 1880 2324 1881
f 1881 1886 1880
f 1879 1880 1886
f 1879 1886 1877
f 1888 1879 1877
f 1879 1888 1849
f 1879 1849 1740
f 1849 1850 1740
f 1880 1879 1740
f 1881 1887 1886
f 1886 1887 2795
f 2593 2795 1887
f 1887 1881 2593
f 2324 1880 1884
f 1897 2324 1884
f 1881 2330 2354
f 2354 2275 1881
f 2275 2354 2350
f 2350 2356 2275
f 2261 2275 2356
f 2356 2355 2261
f 2196 2261 2355
f 2196 2355 2273
f 2196 2273 2274
f 2196 2274 2362
f 2196 2362 2363
f 2196 2363 2202
f 2196 2202 2357
f 2196 2357 2369
f 2369 2218 2196
f 2218 2369 2370
f 2372 2218 2370
f 2370 2373 2372
f 1895 2372 2373
f 1893 1895 2373
f 1893 2373 2347
f 1893 2347 2349
f 1893 2349 2246
f 1893 2246 2245
f 1893 2245 2378
f 1893 2378 2380
f 1893 2380 2385
f 2385 2199 1893
f 2199 2201 1893
f 2396 1893 2201
f 2366 2396 2201
f 2366 2201 2200
f 2200 2367 2366
f 2365 2366 2367
f 2374 2365 2367
f 2367 2404 2374
f 2404 2409 2374
f 2409 2413 2374
f 2413 2415 2374
f 2415 2412 2374
f 2412 2417 2374
f 2417 2419 2374
f 2419 2420 2374
f 2420 2421 2374
f 2399 2374 2421
f 2166 2399 2421
f 2166 2421 2381
f 2114 2166 2381
f 2114 2381 2133
f 2115 2114 2133
f 2115 2133 2132
f 2132 7678 2115
f 2115 7678 2176
f 2176 2175 2115
f 2175 2116 2115
f 2116 2175 1957
f 1957 1956 2116
f 2434 2116 1956
f 1956 2090 2434
f 2433 2434 2090
f 2090 2442 2433
f 2167 2433 2442
f 2167 2442 2089
f 2089 2435 2167
f 2435 2432 2167
f 2432 2431 2167
f 2431 2451 2167
f 2451 2455 2167
f 2455 1843 2167
f 1843 2152 2167
f 2151 2167 2152
f 2150 2151 2152
f 2152 2456 2150
f 2150 2456 5176
f 5176 5178 2150
f 5178 5198 2150
f 2458 2150 5198
f 2457 2458 5198
f 5198 5199 2457
f 5199 5160 2457
f 2463 2457 5160
f 5160 5162 2463
f 2462 2463 5162
f 2468 2462 5162
f 5162 5203 2468
f 5203 5202 2468
f 2469 2468 5202
f 2423 2469 5202
f 5202 5204 2423
f 2389 2423 5204
f 5204 5210 2389
f 5210 2390 2389
f 2389 2390 2391
f 2391 2427 2389
f 2427 2400 2389
f 2400 2427 2374
f 2427 2391 2374
f 2391 2473 2374
f 2473 2475 2374
f 2475 2474 2374
f 2474 2484 2374
f 2484 2479 2374
f 2479 2478 2374
f 2478 2402 2374
f 2402 2403 2374
f 2403 2375 2374
f 2375 2403 2496
f 2365 2375 2496
f 2496 2392 2365
f 2392 2496 8004
f 8004 2397 2392
f 2392 2397 2366
f 2397 8004 8005
f 8005 8006 2397
f 2401 2397 8006
f 8006 8007 2401
f 2494 2401 8007
f 8007 8008 2494
f 2495 2494 8008
f 8008 8009 2495
f 2393 2495 8009
f 8009 5218 2393
f 2492 2393 5218
f 5218 5213 2492
f 2488 2492 5213
f 5213 5209 2488
f 2489 2488 5209
f 5209 2482 2489
f 2497 2489 2482
f 2482 2481 2497
f 1893 2497 2481
f 1893 2481 2500
f 1893 2500 2471
f 1893 2471 2472
f 1893 2472 2501
f 1893 2501 2502
f 1893 2502 2464
f 1893 2464 2170
f 1893 2170 2161
f 2464 2465 2170
f 2467 2170 2465
f 2465 8011 2467
f 8010 2467 8011
f 8011 8012 8010
f 8013 8010 8012
f 8013 8012 5640
f 5727 8013 5640
f 5976 8021 5974
f 8021 5976 8017
f 5374 8021 8017
f 5374 8010 8021
f 5977 8017 5976
f 5979 8017 5977
f 8016 8017 8018
f 8017 8016 8020
f 3788 3790 791
f 3935 3788 791
f 3935 791 836
f 3577 3935 836
f 3578 3577 836
f 3578 836 838
f 3578 838 3576
f 3576 838 833
f 3576 833 3800
f 3576 3800 3801
f 3801 4022 3576
f 3577 3576 4022
f 3577 4022 4383
f 3939 3934 3933
f 3788 3933 3934
f 3800 3947 4378
f 3800 3919 3947
f 3800 3918 3919
f 3636 3955 3959
f 3636 3954 3955
f 3636 3635 3954
f 3680 3954 3635
f 3635 3679 3680
f 3965 3680 3679
f 3679 3964 3965
f 3970 3971 3567
f 3567 3569 3970
f 3567 3568 3569
f 5829 847 5471
f 5471 847 845
f 5470 5471 845
f 5470 845 805
f 5470 805 10500
f 3592 3593 3594
f 3594 3593 3967
f 3952 3593 3592
f 3951 3593 3952
f 3593 3951 805
f 3593 805 807
f 805 806 807
f 849 807 806
f 849 806 1390
f 849 1390 803
f 807 849 802
f 3957 807 802
f 3951 5856 805
f 5855 805 5856
f 5854 805 5855
f 5854 10500 805
f 845 806 805
f 806 845 843
f 843 1363 806
f 834 1363 843
f 843 844 834
f 835 834 844
f 3636 835 844
f 3637 3636 844
f 3637 844 848
f 3635 3637 848
f 848 846 3635
f 848 843 846
f 846 843 847
f 3567 846 847
f 3567 847 10501
f 3684 3567 10501
f 3567 3679 846
f 3679 3567 3966
f 3983 835 3636
f 3636 3918 3983
f 3983 3918 833
f 3918 3636 3924
f 3983 833 835
f 833 834 835
f 837 834 833
f 837 1326 834
f 837 790 1326
f 790 837 836
f 844 843 848
f 847 843 845
f 5470 4968 5471
f 5829 10501 847
f 10501 4970 3684
f 3567 3684 3685
f 3567 3685 3568
f 3971 3966 3567
f 3679 3966 3964
f 3679 3635 846
f 3635 3636 3637
f 3636 3959 3982
f 3982 3924 3636
f 3918 3924 3942
f 3918 3942 3943
f 3800 4378 4379
f 4379 3801 3800
f 3918 3800 833
f 833 838 837
f 836 837 838
f 3576 3577 3578
f 836 791 790
f 790 791 788
f 1327 790 788
f 787 1327 788
f 787 788 789
f 789 839 787
f 828 787 839
f 3975 828 839
f 3975 839 3986
f 3986 3987 3988
f 3974 3975 3976
f 3994 3974 3995
f 3994 3995 3996
f 3996 3998 3994
f 3997 3994 3998
f 3998 4002 3997
f 3932 3997 4002
f 3928 3932 3931
f 3928 3931 3929
f 3928 3929 3930
f 3930 3712 3928
f 3704 3928 3712
f 3712 3710 3704
f 3710 3705 3704
f 3703 3704 3705
f 3703 3705 3711
f 3703 3711 3709
f 3703 3709 3707
f 3707 749 3703
f 3707 812 749
f 812 750 749
f 748 749 750
f 750 782 748
f 3704 748 782
f 750 823 782
f 782 823 827
f 3997 782 827
f 828 827 823
f 3974 827 828
f 750 1370 823
f 808 1370 750
f 3704 749 748
f 808 750 812
f 808 812 784
f 784 783 808
f 808 783 815
f 808 815 1388
f 783 784 785
f 783 785 818
f 783 818 871
f 783 871 870
f 783 870 869
f 783 869 868
f 783 868 867
f 783 867 866
f 783 866 865
f 3870 865 866
f 866 10557 3870
f 3869 3870 3871
f 3869 3871 3872
f 3873 3869 3872
f 5940 5944 5943
f 5947 5943 5944
f 5944 10313 5947
f 5945 5947 10313
f 10313 10312 5945
f 10337 5945 10312
f 3858 10337 10312
f 3858 10312 10255
f 10255 10254 3858
f 3858 10254 10268
f 4972 3858 10268
f 10269 5690 10254
f 10254 10256 10269
f 10264 10269 10256
f 10263 10264 10256
f 10256 10548 10263
f 10263 10548 10275
f 10548 10256 8003
f 10548 8003 10458
f 10548 10458 10342
f 10548 10342 10558
f 10339 10342 10340
f 10339 10340 5949
f 10340 3853 5949
f 3855 3853 10340
f 3855 10340 3856
f 10340 10459 3856
f 10547 3856 10459
f 2490 10547 10459
f 10459 2496 2490
f 2496 10459 8003
f 10547 2490 2486
f 2486 2480 10547
f 5187 10547 2480
f 2480 2477 5187
f 5188 5187 2477
f 2477 5211 5188
f 5211 5212 5188
f 5212 5189 5188
f 5212 10542 5189
f 5907 5189 10542
f 5907 10542 3899
f 3899 3820 5907
f 3820 3819 5907
f 3897 5907 3819
f 3897 3819 3839
f 3897 3839 10543
f 10544 10543 3839
f 10544 5187 10543
f 5189 10543 5187
f 3840 3839 3819
f 3840 3819 3847
f 3847 3819 3848
f 3879 3899 3819
f 3879 3878 3899
f 3590 4089 4083
f 4083 3591 3590
f 3589 3590 3591
f 4092 3589 3591
f 3591 4087 4092
f 4088 4084 4087
f 4088 10535 4084
f 4084 10535 10534
f 4085 4084 10534
f 4085 10534 10532
f 4080 4085 10532
f 4080 10532 10533
f 3985 4080 10533
f 3985 10533 10519
f 3985 10519 3602
f 3984 3985 3602
f 3989 3984 3602
f 3602 3604 3989
f 4076 3657 3656
f 3656 4074 4076
f 4075 4076 4074
f 4074 4065 4075
f 4070 4075 4065
f 4066 4070 4065
f 4065 4062 4066
f 4064 4066 4062
f 4062 4063 4064
f 3900 3902 3903
f 3900 3901 3902
f 3904 3902 3901
f 3901 4053 3904
f 4054 3904 4053
f 4053 4051 4054
f 4052 4054 4051
f 4051 4049 4052
f 4050 4052 4049
f 4049 4045 4050
f 4048 4050 4045
f 4045 4047 4048
f 4046 10521 10531
f 10521 10522 10531
f 4043 10531 10522
f 10522 9373 4043
f 4040 4043 9373
f 9373 9374 4040
f 4038 4040 9374
f 9356 4038 9374
f 5155 9356 9374
f 5155 5226 9356
f 9352 9356 5226
f 5226 5230 9352
f 10524 9352 5230
f 10525 10524 5230
f 10525 5230 10526
f 4027 10525 10526
f 4027 10526 4024
f 4028 4030 4026
f 4029 4026 4030
f 4030 4032 4029
f 4031 4029 4032
f 4032 4034 4031
f 4033 4031 4034
f 4033 4034 4035
f 4035 4037 4033
f 4036 4033 4037
f 4037 4039 4036
f 4038 4036 4039
f 4039 4041 4038
f 4040 4041 4042
f 4042 4044 4040
f 5827 984 5789
f 984 5797 5789
f 985 5796 5797
f 5796 985 5794
f 984 5827 5866
f 984 5866 5865
f 983 5865 5864
f 983 5864 5868
f 5869 983 5868
f 981 5802 5801
f 5802 982 5800
f 5800 982 5798
f 980 5871 5879
f 5872 5871 980
f 5872 980 5801
f 979 5879 5551
f 979 5551 5552
f 5550 978 5547
f 5550 6003 978
f 978 6003 6002
f 5560 977 5557
f 977 5560 5556
f 5554 977 5556
f 5563 975 5562
f 5563 5570 975
f 5570 5572 975
f 976 5577 5571
f 5584 976 5571
f 5580 976 5578
f 976 5580 10496
f 10496 5580 10497
f 10498 10496 10499
f 3829 5819 3830
f 3829 3830 3831
f 3831 3596 3829
f 3829 3596 973
f 3595 973 3596
f 5844 973 5845
f 5846 973 5844
f 5826 973 5846
f 800 5826 5812
f 5812 5822 800
f 5824 800 5822
f 5831 800 5828
f 3921 3913 4005
f 4004 10515 3906
f 4004 3906 3905
f 3905 3649 3648
f 3648 3649 3650
f 3922 3650 3649
f 10420 3922 3649
f 7631 10420 3649
f 7631 3649 7632
f 7630 7631 7632
f 7632 7637 7630
f 7636 7630 7637
f 7636 7637 7638
f 7636 7638 7639
f 7639 2121 7636
f 2512 7636 2121
f 2512 2121 2453
f 2453 1929 2512
f 2511 2512 1929
f 1929 2118 2511
f 2519 2511 2118
f 2118 2510 2519
f 2848 2519 2510
f 5173 2519 2848
f 2510 2118 2117
f 2120 2510 2117
f 2519 5173 2511
f 7630 2511 5173
f 2118 1929 1928
f 1929 2453 2454
f 2454 1927 1929
f 1927 2454 2113
f 1780 2113 2454
f 2454 1819 1780
f 1819 1820 1780
f 1780 1820 2041
f 2041 2042 1780
f 1780 2042 2514
f 1780 2514 2513
f 1780 2513 2533
f 1780 2533 2535
f 1780 2535 2134
f 2134 2530 1780
f 2530 2531 1780
f 1781 1780 2531
f 2531 2518 1781
f 2009 1781 2518
f 2518 2517 2009
f 2010 2009 2517
f 2517 2540 2010
f 2050 2010 2540
f 2540 2525 2050
f 2051 2050 2525
f 2525 2529 2051
f 1763 2051 2529
f 2529 2521 1763
f 1764 1763 2521
f 2521 2520 1764
f 2523 1764 2520
f 2520 2524 2523
f 2522 2523 2524
f 2524 2545 2522
f 2544 2522 2545
f 2545 2546 2544
f 2542 2544 2546
f 2546 2553 2542
f 2553 2543 2542
f 2541 2542 2543
f 2543 2723 2541
f 1745 2541 2723
f 2723 1746 1745
f 1744 1745 1746
f 1746 2301 1744
f 2528 1744 2301
f 2528 2301 2554
f 2554 2110 2528
f 2526 2528 2110
f 2526 2110 2109
f 2526 2109 2563
f 2563 2551 2526
f 2551 2550 2526
f 2571 2526 2550
f 2550 2556 2571
f 2556 2106 2571
f 2077 2571 2106
f 2106 2100 2077
f 2100 2101 2077
f 2067 2077 2101
f 2067 2101 2065
f 2065 2066 2067
f 2093 2067 2066
f 2066 2557 2093
f 2557 2098 2093
f 2094 2093 2098
f 2094 2098 2097
f 2097 2441 2094
f 2437 2094 2441
f 2441 1958 2437
f 1958 2436 2437
f 2436 2845 2437
f 2845 7701 2437
f 7700 2437 7701
f 7701 7698 7700
f 7698 7699 7700
f 7699 7728 7700
f 8023 7700 7728
f 8023 7728 8024
f 8025 8023 8024
f 8025 8024 8026
f 8025 8026 8027
f 8027 8028 8025
f 8028 8029 8025
f 8029 8028 8030
f 8030 8031 8029
f 8029 8031 8022
f 8029 8022 8023
f 2586 8022 8031
f 2586 8031 2591
f 2095 2586 2591
f 2591 2590 2095
f 2103 2095 2590
f 2590 2595 2103
f 2585 2103 2595
f 2595 2071 2585
f 2070 2585 2071
f 2070 2071 2072
f 2070 2072 2587
f 2070 2587 2609
f 2070 2609 2294
f 2070 2294 2295
f 2070 2295 2622
f 2070 2622 2620
f 2620 2621 2070
f 2583 2070 2621
f 1722 2583 2621
f 2621 2623 1722
f 2623 2631 1722
f 1723 1722 2631
f 1722 1723 1724
f 1723 2631 2623
f 1723 2623 2629
f 1723 2629 2624
f 1723 2624 2626
f 1723 2626 2603
f 1723 2603 2604
f 1723 2604 2633
f 1723 2633 2638
f 1723 2638 2642
f 1723 2642 2645
f 2645 2612 1723
f 2645 2646 2612
f 2646 2650 2612
f 2650 2736 2612
f 2735 2612 2736
f 2736 2843 2735
f 2843 2719 2735
f 2740 2735 2719
f 2741 2740 2719
f 2718 2741 2719
f 2717 2718 2719
f 2719 2739 2717
f 2738 2717 2739
f 2739 2745 2738
f 2751 2738 2745
f 2745 2752 2751
f 2748 2751 2752
f 2752 2753 2748
f 2743 2748 2753
f 2753 2754 2743
f 2744 2743 2754
f 2754 2749 2744
f 2676 2744 2749
f 2746 2676 2749
f 2746 2749 10198
f 2746 10198 10197
f 2750 2746 10197
f 8033 2750 10197
f 8033 10197 8034
f 8033 8034 7713
f 7713 7688 8033
f 2675 8033 7688
f 7688 2674 2675
f 2674 2306 2675
f 2662 2675 2306
f 2306 2329 2662
f 2673 2662 2329
f 2673 2329 2608
f 2608 2602 2673
f 2672 2673 2602
f 2602 2601 2672
f 2671 2672 2601
f 2601 2607 2671
f 2670 2671 2607
f 2607 2606 2670
f 2669 2670 2606
f 2606 2641 2669
f 2668 2669 2641
f 2641 2651 2668
f 2652 2668 2651
f 2651 2073 2652
f 2075 2652 2073
f 2073 2074 2075
f 2074 2665 2075
f 2664 2075 2665
f 2663 2664 2665
f 2612 2663 2665
f 2612 2665 2613
f 2612 2613 2614
f 2612 2614 1728
f 2613 2074 2614
f 2658 2614 2074
f 2612 2742 2663
f 2742 2737 2663
f 2737 2742 2717
f 2075 2737 2717
f 2612 2741 2742
f 2664 2663 2737
f 2075 2664 2737
f 2074 2613 2665
f 2074 2073 2658
f 2652 2075 2738
f 2073 2651 2142
f 2668 2652 2751
f 2651 2641 2142
f 2669 2668 2748
f 2641 2606 2142
f 2670 2669 2743
f 2606 2607 2142
f 2671 2670 2744
f 2607 2601 2142
f 2672 2671 2676
f 2676 2747 2672
f 2601 2602 2142
f 2673 2672 2747
f 2602 2608 2142
f 2608 2328 2142
f 2328 2605 2142
f 2328 2305 2605
f 1747 2605 2305
f 1783 1747 2305
f 1783 2305 2306
f 1747 1783 1775
f 2305 2328 2329
f 2328 2608 2329
f 2662 2673 2747
f 2747 2750 2662
f 2329 2306 2305
f 2675 2662 2750
f 2674 1783 2306
f 1783 2674 2322
f 2674 7688 2339
f 7712 7688 7713
f 8034 8035 7713
f 7739 7713 8035
f 7769 7739 8035
f 8035 8036 7769
f 7559 7769 8036
f 7559 8036 7792
f 7559 7792 7433
f 7433 7560 7559
f 7380 7559 7560
f 7380 7560 7335
f 7371 7380 7335
f 7335 7372 7371
f 7370 7371 7372
f 7775 7371 7370
f 7335 7373 7372
f 7362 7372 7373
f 7372 7362 7374
f 7374 7362 7355
f 7373 7335 7384
f 7384 7577 7373
f 7383 7384 7335
f 7394 7383 7335
f 7393 7394 7335
f 7395 7393 7335
f 7399 7395 7335
f 7402 7399 7335
f 7404 7402 7335
f 7335 7438 7404
f 7438 7115 7404
f 7404 7115 7388
f 7390 7404 7388
f 7388 7389 7390
f 7390 7389 7114
f 7114 7110 7390
f 7110 7108 7390
f 7402 7390 7108
f 7108 7106 7402
f 7108 650 7106
f 7106 650 7107
f 7106 7107 7399
f 7107 650 7216
f 7107 7216 7395
f 7216 650 7102
f 7394 7216 7102
f 7102 7103 7394
f 7102 650 7103
f 7109 650 7108
f 650 7109 7284
f 650 7284 7283
f 650 7283 7282
f 650 7282 7281
f 650 7281 7280
f 650 7280 7279
f 7017 650 7279
f 7017 7279 7558
f 7558 7278 7017
f 7278 647 7017
f 7146 647 7278
f 7432 7146 7278
f 7146 7432 7431
f 7431 7145 7146
f 7145 7431 7435
f 7435 7250 7145
f 7250 647 7145
f 7144 647 7250
f 7144 7250 7436
f 7143 7144 7436
f 7436 7437 7143
f 7147 7143 7437
f 7437 7439 7147
f 7148 7147 7439
f 7439 7440 7148
f 7440 7441 7148
f 7149 7148 7441
f 7441 7442 7149
f 7150 7149 7442
f 7442 7443 7150
f 7049 7150 7443
f 7443 7444 7049
f 7050 7049 7444
f 7048 7049 7050
f 7048 7050 7170
f 7154 7049 7152
f 7159 7049 7154
f 7158 7049 7159
f 7187 647 7184
f 7184 647 7049
f 7074 647 7187
f 7076 647 7074
f 7264 7257 7265
f 7265 7257 7256
f 7256 7257 7258
f 7256 7258 7277
f 7276 7275 7274
f 7274 7275 7262
f 7262 7275 7253
f 7262 7253 7263
f 7271 7253 7273
f 7273 7253 7269
f 7269 7253 7270
f 7252 7251 7272
f 7272 7251 7268
f 7268 7251 7260
f 7260 7259 7267
f 7267 7259 7266
f 7255 7266 7259
f 7509 7255 7259
f 7255 7509 7141
f 7141 7140 7255
f 7254 7255 7140
f 7142 7141 7247
f 7249 7247 7141
f 7511 7249 7141
f 7249 7511 7421
f 7421 7093 7249
f 7093 7248 7249
f 7246 7249 7248
f 7129 7093 7130
f 7130 7093 7092
f 7130 7092 7239
f 7239 7092 7244
f 7245 7243 7235
f 7235 7243 7234
f 7234 7243 7242
f 7242 7232 7231
f 7231 7232 7233
f 7233 7232 7241
f 7233 7241 7240
f 7238 7237 7236
f 7236 7237 7224
f 7225 7224 7237
f 7237 7523 7225
f 7523 7237 7241
f 7224 7225 7226
f 7229 7230 7228
f 7228 7230 7227
f 7223 7227 7230
f 7230 7525 7223
f 7227 7223 7222
f 7220 7219 7221
f 7221 7219 7218
f 7217 7218 7219
f 7529 7217 7219
f 7218 7217 7179
f 7177 7133 7176
f 7176 7133 7175
f 7200 7133 7139
f 7175 7133 7200
f 7133 7177 7217
f 7133 7217 7131
f 7217 7534 7131
f 7131 7534 7198
f 7132 7131 7198
f 7417 7198 7534
f 7534 7535 7417
f 7419 7198 7417
f 7417 7418 7419
f 7198 7419 7126
f 7199 7198 7126
f 7126 7419 7127
f 7125 7126 7127
f 7127 7117 7125
f 7127 7379 7117
f 7408 7117 7379
f 7379 7552 7408
f 7117 7408 7118
f 7116 7117 7118
f 7118 7408 7202
f 7123 7118 7202
f 7202 7204 7123
f 7202 7397 7204
f 7554 7204 7397
f 7396 7554 7397
f 7396 7397 7398
f 7557 7398 7397
f 7398 7557 7408
f 7554 7396 7555
f 7555 7206 7554
f 7206 7555 7104
f 7206 7104 7205
f 7556 7104 7555
f 7104 7556 7212
f 738 7104 7212
f 738 7212 7210
f 738 7210 7211
f 738 7211 7209
f 7386 7211 7210
f 7211 7386 7385
f 7210 7212 7386
f 7104 738 7105
f 7556 7386 7212
f 7556 7387 7386
f 7387 7556 7396
f 7556 7555 7396
f 7204 7554 7206
f 7204 7206 7203
f 7397 7202 7557
f 7557 7202 7408
f 7379 7127 7377
f 7377 7378 7379
f 7377 7127 7419
f 7419 7551 7377
f 7179 7217 7177
f 7219 7220 7223
f 7223 7527 7219
f 7222 7223 7220
f 7230 7229 7225
f 7225 7524 7230
f 7226 7225 7229
f 7237 7238 7241
f 7240 7241 7238
f 7232 7516 7241
f 7242 7243 7232
f 7243 7515 7232
f 7515 7243 7092
f 7245 7092 7243
f 7244 7092 7245
f 7092 7093 7094
f 7513 7092 7094
f 7137 7094 7093
f 7093 7138 7137
f 7128 7137 7138
f 7138 7095 7128
f 7096 7128 7095
f 7095 7060 7096
f 7096 7060 7415
f 7415 7420 7096
f 7416 7420 7415
f 7415 7414 7416
f 7414 7095 7416
f 7369 7095 7414
f 7413 7369 7414
f 7369 7413 7368
f 7368 7333 7369
f 7333 7059 7369
f 7058 7369 7059
f 7058 7059 7060
f 7124 7060 7059
f 7059 7121 7124
f 7122 7124 7121
f 7121 7119 7122
f 7120 7122 7119
f 7119 7111 7120
f 7113 7120 7111
f 7111 7112 7113
f 7114 7113 7112
f 7112 7115 7114
f 7111 7400 7112
f 7388 7112 7400
f 7400 7111 7405
f 7401 7400 7405
f 7405 7407 7401
f 7401 7407 7113
f 7389 7401 7113
f 7407 7405 7332
f 7332 7331 7407
f 7407 7331 7120
f 7331 7332 7333
f 7405 7119 7332
f 7400 7401 7389
f 7120 7113 7407
f 7119 7405 7111
f 7122 7120 7331
f 7331 7368 7122
f 7121 7332 7119
f 7124 7122 7368
f 7059 7332 7121
f 7060 7124 7368
f 7332 7059 7333
f 7333 7368 7331
f 7368 7413 7060
f 7095 7369 7058
f 7414 7415 7413
f 7420 7416 7421
f 7421 7422 7420
f 7420 7422 7128
f 7416 7138 7421
f 7413 7415 7060
f 7060 7095 7058
f 7128 7096 7420
f 7138 7416 7095
f 7137 7128 7422
f 7425 7094 7137
f 7248 7093 7129
f 7093 7421 7138
f 7247 7249 7246
f 7261 7255 7254
f 7140 7141 7142
f 7266 7255 7261
f 7259 7260 7251
f 7251 7505 7259
f 7251 7252 7253
f 7253 7502 7251
f 7270 7253 7252
f 7263 7253 7271
f 7275 7501 7253
f 7501 7275 7258
f 7276 7258 7275
f 7277 7258 7276
f 7257 7497 7258
f 7497 7257 7171
f 7172 7171 7257
f 7160 7171 7172
f 7165 7169 7161
f 7161 7169 7171
f 7169 7448 7171
f 7169 7168 7448
f 7165 7168 7169
f 7166 7168 7165
f 7166 7167 7168
f 7168 7167 7411
f 7164 7167 7166
f 7162 7163 7164
f 7162 7050 7163
f 7163 7050 7412
f 7167 7163 7412
f 7164 7163 7167
f 7161 7171 7160
f 7172 7257 7264
f 7184 7049 7158
f 7170 7050 7162
f 7152 7049 7048
f 7049 647 7150
f 7443 7442 7433
f 7150 647 7149
f 7442 7441 7433
f 7149 647 7148
f 7441 7440 7433
f 7440 7439 7433
f 7148 647 7147
f 7439 7437 7433
f 7147 647 7143
f 7437 7436 7433
f 7436 7434 7433
f 7434 7435 7433
f 7434 7436 7250
f 7143 647 7144
f 7250 7435 7434
f 7435 7431 7433
f 7431 7432 7433
f 7432 7558 7433
f 7564 7433 7558
f 7335 7564 7558
f 7558 7565 7335
f 7335 7565 7563
f 7335 7563 7562
f 7335 7562 7561
f 7335 7561 7336
f 7335 7336 7337
f 7283 7337 7336
f 7336 7561 7283
f 7281 7561 7562
f 7280 7562 7563
f 7279 7563 7565
f 7145 647 7146
f 7278 7558 7432
f 7565 7558 7279
f 7563 7279 7280
f 7562 7280 7281
f 7561 7281 7282
f 7282 7283 7561
f 7337 7283 7284
f 7109 7337 7284
f 7337 7109 7438
f 7108 7110 7109
f 7115 7109 7110
f 7110 7114 7115
f 7113 7114 7389
f 7389 7388 7400
f 7112 7388 7115
f 7115 7438 7109
f 7335 7337 7438
f 7404 7390 7402
f 7399 7402 7106
f 7395 7399 7107
f 7393 7395 7216
f 7216 7394 7393
f 7383 7394 7103
f 7103 7384 7383
f 7384 7103 7098
f 7371 7775 7380
f 7380 7775 7774
f 7754 7774 7775
f 7759 7754 7775
f 7768 7774 7754
f 7755 7768 7754
f 7754 7747 7755
f 7737 7755 7747
f 7747 7730 7737
f 7738 7737 7730
f 7737 7738 7739
f 7738 7743 7739
f 7730 7747 7735
f 7755 7737 7769
f 7747 7754 7748
f 7768 7755 7769
f 7774 7768 7769
f 7564 7335 7560
f 7380 7774 7559
f 7433 7564 7560
f 8036 8038 7792
f 8038 7793 7792
f 7792 7793 7445
f 8038 8040 7793
f 7793 8040 8041
f 7793 8041 7794
f 7794 8041 8050
f 3723 7794 8050
f 3719 3723 8050
f 3720 3719 8050
f 3720 8050 8048
f 3720 8048 4911
f 4386 4911 8048
f 8050 8043 8048
f 8043 8047 8048
f 8049 8048 8047
f 8049 8047 8461
f 8049 8461 8463
f 8463 3072 8049
f 3072 3071 8049
f 3079 8049 3071
f 8465 8048 3077
f 3078 3077 8048
f 3079 3078 8048
f 8464 8048 8465
f 8048 8464 4907
f 3075 8463 3074
f 3074 8463 9853
f 9853 4780 4783
f 4783 4780 4784
f 4773 4781 4782
f 8463 4781 4773
f 4775 8463 4773
f 4775 4780 8463
f 4781 8463 9852
f 4781 9852 4785
f 4785 4786 4781
f 4776 4770 4777
f 4776 9852 4770
f 4771 4770 9852
f 4766 4771 9852
f 4766 9852 9850
f 4766 9850 4767
f 4766 4767 4768
f 4766 4768 4769
f 4769 4791 4766
f 4772 4771 4787
f 4768 4794 4796
f 4768 4767 4794
f 4795 4794 4767
f 4767 9850 4764
f 4767 4764 4401
f 4767 4401 4400
f 4401 4764 4399
f 9850 9848 4764
f 9848 7782 4764
f 9849 4764 7782
f 7782 9847 9849
f 9866 9849 9847
f 9847 9846 9866
f 9846 9927 9866
f 9931 9866 9927
f 9849 9869 9870
f 9849 9870 9921
f 9849 9921 9923
f 9849 9923 9935
f 9849 9935 9936
f 9849 9936 9937
f 9849 9937 9938
f 9849 9938 9939
f 9849 9939 9940
f 9849 9940 9934
f 9849 9934 9933
f 9849 9933 9941
f 9849 9941 9929
f 9849 9929 9924
f 9849 9924 9944
f 9887 9846 9920
f 9920 9846 9919
f 9914 9846 9911
f 9911 9846 9902
f 9904 9846 9914
f 9903 9846 9904
f 9916 9846 9912
f 9917 9846 9916
f 9912 9846 9903
f 9919 9846 9917
f 9932 9846 9887
f 9928 9846 9932
f 9869 9866 9931
f 9927 9846 9928
f 9846 9847 7784
f 7784 9844 9846
f 9845 9846 9844
f 9845 9844 10181
f 9845 10181 9827
f 4407 9845 9827
f 4407 9827 4405
f 4407 4405 4404
f 4396 4406 4403
f 4403 4405 4396
f 4406 4396 4398
f 4396 4397 4398
f 4398 4397 4402
f 4397 4788 4789
f 4397 4790 4788
f 4397 9828 4790
f 4790 9828 4792
f 4790 4792 4793
f 3109 3110 9570
f 3090 3109 9570
f 9570 9577 3090
f 3090 9577 3111
f 9578 3111 9577
f 9576 9578 9577
f 9577 9573 9576
f 9575 9576 9573
f 9573 9574 9575
f 9574 9582 9575
f 9617 9575 9582
f 8186 9617 9582
f 9582 9574 9600
f 9582 9600 9599
f 9598 9582 9599
f 9566 9598 9599
f 9571 9566 9599
f 9566 9571 9568
f 9567 9566 9568
f 9567 9568 3247
f 9567 3247 3165
f 9563 9567 3165
f 9563 3165 3059
f 9563 3059 9562
f 9563 9562 9564
f 9564 9565 9563
f 9564 9595 9565
f 9595 9598 9565
f 9593 9595 9564
f 9594 9593 9564
f 9588 9593 9594
f 9592 9588 9594
f 9592 9594 9558
f 9561 9592 9558
f 9561 9558 3211
f 9559 9561 3211
f 3211 3210 9559
f 3210 3209 9559
f 3209 3208 9559
f 3208 3207 9559
f 3207 3206 9559
f 3206 3205 9559
f 3205 3204 9559
f 3204 3203 9559
f 3203 3202 9559
f 3202 3201 9559
f 3201 3185 9559
f 3185 3184 9559
f 3184 3200 9559
f 3200 3199 9559
f 3199 3188 9559
f 3188 3198 9559
f 3198 3197 9559
f 3197 3190 9559
f 3190 3189 9559
f 3189 3194 9559
f 3194 3193 9559
f 3193 3192 9559
f 3192 3196 9559
f 3196 3230 9559
f 3230 3229 9559
f 9560 9559 3229
f 3226 9560 3229
f 3229 3244 3226
f 3244 3227 3226
f 3226 3220 3235
f 3235 9602 3226
f 3235 9603 9602
f 9603 9601 9602
f 9590 9602 9601
f 9601 9585 9590
f 9590 9585 9584
f 9584 9591 9590
f 9560 9590 9591
f 9591 9584 9589
f 9589 9561 9591
f 9583 9589 9584
f 9583 9584 600
f 9583 600 9582
f 9583 9582 9586
f 9588 9586 9582
f 9582 600 587
f 587 585 9582
f 585 450 9582
f 8183 9582 450
f 605 8183 450
f 507 8183 476
f 586 9584 601
f 9584 606 601
f 9584 584 606
f 449 8177 475
f 449 9581 8177
f 8177 9581 9500
f 9581 9501 9500
f 9500 9501 9499
f 8178 9500 9499
f 9502 9499 9501
f 9501 9503 9502
f 9503 9504 9502
f 9502 9504 8200
f 8199 9502 8200
f 8199 8200 3048
f 8138 8199 3048
f 3048 3046 8138
f 3046 3045 8138
f 3045 3042 8138
f 3042 2991 8138
f 2991 3039 8138
f 3039 3038 8138
f 8311 8309 8310
f 8310 8309 8300
f 8310 8300 8342
f 8342 8300 8343
f 8348 8304 8303
f 8303 8304 8297
f 8303 8297 8302
f 8295 8290 8296
f 8296 8290 8350
f 8336 8290 8293
f 8293 8290 8294
f 8294 8290 8291
f 8292 8277 8284
f 8284 8277 8285
f 8285 8277 8286
f 8286 8277 8280
f 8278 8275 8279
f 8279 8275 4127
f 4127 4128 4129
f 4128 8419 8421
f 8419 8275 8420
f 8420 8275 8422
f 8275 8580 8422
f 4908 4909 4910
f 4910 8276 4908
f 8578 4908 8276
f 8276 8577 8578
f 8557 8578 8577
f 8577 8576 8557
f 8557 8576 8558
f 8557 8558 8556
f 8556 8555 8557
f 8555 8556 8246
f 8555 8246 3080
f 3082 8555 3080
f 8555 3084 3085
f 8578 8555 3085
f 8578 3085 3086
f 4802 8578 3086
f 4803 8578 4802
f 4803 3863 3862
f 3861 3862 3863
f 3861 8578 3862
f 4805 8578 3861
f 8431 8578 4804
f 8327 519 596
f 519 8327 590
f 8327 8281 590
f 8281 484 590
f 509 8323 514
f 8323 460 514
f 460 8323 513
f 8323 8351 513
f 8345 8323 8325
f 8325 8323 8316
f 8316 8323 8314
f 8314 8323 8319
f 8314 8319 8320
f 8277 8319 8323
f 8277 8323 8322
f 8277 8322 8281
f 8277 8281 8282
f 8282 8328 8277
f 8328 7778 8277
f 8273 8277 7778
f 8271 8273 7778
f 8271 7778 7757
f 8271 7757 8270
f 8271 8270 8269
f 8271 8269 8272
f 8269 8574 8272
f 8575 8272 8574
f 8575 8574 8573
f 8575 8573 8576
f 8576 8573 8560
f 8573 8562 8560
f 8560 8562 8561
f 8561 8559 8560
f 8558 8560 8559
f 8558 8559 8250
f 8250 8559 8251
f 8250 8251 8249
f 8249 8247 8250
f 8247 8556 8250
f 8249 8248 8247
f 8248 8243 8247
f 8246 8247 8243
f 8246 8243 3031
f 3023 8246 3031
f 8246 3022 3021
f 3081 8246 3021
f 8357 8326 8362
f 8362 8326 8363
f 8363 8326 8360
f 8361 8326 8359
f 447 8359 8326
f 447 8326 516
f 8324 456 512
f 512 492 8324
f 492 8326 8324
f 8329 8324 8326
f 8326 8412 8329
f 8329 8412 8327
f 8418 8327 8412
f 8412 8417 8418
f 8417 7779 8418
f 8418 7779 8413
f 8413 8328 8418
f 7776 8413 7779
f 7777 7776 7779
f 7779 7780 7777
f 7750 7777 7780
f 7780 7751 7750
f 7749 7750 7751
f 7756 7749 7751
f 7751 7752 7756
f 7731 7756 7752
f 7731 7752 7742
f 7732 7731 7742
f 7746 7732 7742
f 7742 7722 7746
f 7718 7746 7722
f 7722 7711 7718
f 7710 7718 7711
f 7709 7710 7711
f 7711 7682 7709
f 7684 7709 7682
f 7682 7683 7684
f 7676 7684 7683
f 7677 7676 7683
f 7683 2846 7677
f 2176 7677 2846
f 2846 1957 2176
f 1957 2846 2845
f 2846 7683 7701
f 7676 7677 7678
f 7684 7676 7678
f 7683 7682 7699
f 7721 7699 7682
f 7684 7678 7709
f 7709 7678 7719
f 7678 8264 7719
f 7719 8264 8424
f 8424 8270 7719
f 7733 7719 8270
f 7746 7719 7733
f 8270 8424 8267
f 8424 8265 8267
f 8267 8265 8266
f 8267 8266 8268
f 8268 8269 8267
f 8268 8266 8571
f 8268 8571 8572
f 8574 8268 8572
f 8572 8571 8570
f 8570 8562 8572
f 8570 8563 8562
f 8570 2729 8563
f 2729 2725 8563
f 8563 2725 8564
f 8563 8564 8561
f 8565 8561 8564
f 8566 8565 8564
f 8564 2724 8566
f 2724 2384 8566
f 8566 2384 8567
f 8566 8567 8568
f 8568 8567 8569
f 8569 8252 8568
f 8251 8568 8252
f 8565 8568 8251
f 8254 8252 8569
f 8569 7717 8254
f 8256 8254 7717
f 7716 8256 7717
f 7717 7714 7716
f 7714 7715 7716
f 7716 7715 8260
f 8260 8259 7716
f 8259 8260 7763
f 8256 8259 7763
f 7763 7764 8256
f 8255 8256 7764
f 8255 7764 8257
f 8257 8258 8255
f 8258 8253 8255
f 8255 8253 8254
f 8253 8258 8248
f 8238 8248 8258
f 8238 8258 8237
f 8238 8237 3067
f 8239 8238 3067
f 8237 3043 3066
f 3043 8237 2998
f 8237 3011 2999
f 8237 7892 3011
f 7892 3065 3011
f 3065 7892 3012
f 3012 7892 7891
f 7891 7898 3012
f 4119 4120 4121
f 4119 4121 2985
f 8238 2987 2986
f 8238 2986 2994
f 8243 8238 2994
f 2994 2985 8243
f 8243 2985 8241
f 8241 3309 8243
f 8243 3309 3029
f 8241 2985 4121
f 4071 4072 4073
f 4072 4071 3775
f 4073 4072 4283
f 7899 7914 7897
f 7914 7891 7897
f 7891 7914 7915
f 7891 7915 7898
f 7892 8237 8257
f 7892 8257 7786
f 2998 8237 2999
f 8237 3066 3069
f 8237 3069 3068
f 8238 8239 2987
f 8237 3068 3067
f 8237 8258 8257
f 8257 7764 7786
f 7762 7764 7763
f 7761 7762 7763
f 7762 7787 7764
f 7763 8260 7761
f 8260 8261 7761
f 8260 7715 8261
f 8262 8261 7715
f 8263 8262 7715
f 7693 8263 7715
f 7691 7693 7715
f 7690 7693 7691
f 7689 7690 7691
f 7691 7717 7689
f 7690 7689 7702
f 7690 7702 2385
f 2199 7702 7689
f 2199 7689 2714
f 2199 2714 2337
f 2199 2337 2336
f 2199 2336 2716
f 2199 2716 2386
f 2199 2386 2388
f 2199 2388 2200
f 2200 2388 2387
f 2386 2387 2388
f 2387 2386 2383
f 2383 2382 2387
f 2405 2387 2382
f 2382 2406 2405
f 2408 2405 2406
f 2406 2407 2408
f 2414 2408 2407
f 2407 2728 2414
f 2416 2414 2728
f 2728 2721 2416
f 2410 2416 2721
f 2721 2720 2410
f 2411 2410 2720
f 2720 2124 2411
f 2148 2411 2124
f 2126 2148 2124
f 2124 2125 2126
f 2132 2126 2125
f 2125 8264 2132
f 8265 8264 2125
f 8265 2125 2731
f 2125 2124 2731
f 2148 2126 2149
f 2148 2149 2419
f 2133 2149 2126
f 2411 2148 2417
f 2720 2731 2124
f 2731 2720 2722
f 2722 8266 2731
f 2410 2411 2412
f 2720 2721 2722
f 2730 2722 2721
f 8571 2722 2730
f 2416 2410 2415
f 2721 2728 2730
f 2729 2730 2728
f 2414 2416 2413
f 2728 2407 2729
f 2408 2414 2409
f 2407 2406 2725
f 2724 2725 2406
f 2405 2408 2404
f 2406 2382 2724
f 2387 2405 2367
f 2382 2383 2384
f 2338 2384 2383
f 2383 2336 2338
f 2386 2716 2383
f 2336 2383 2716
f 2336 2337 2338
f 2337 2715 2338
f 2842 2338 2715
f 2714 2842 2715
f 2338 2842 7689
f 8567 2338 7689
f 2714 2715 2337
f 2842 2714 7689
f 7693 7690 2385
f 2713 8263 7693
f 2244 2713 7693
f 2379 2244 7693
f 2380 2379 7693
f 2244 2379 2378
f 2371 2713 2244
f 2376 2371 2244
f 2137 2376 2244
f 2377 2137 2244
f 2246 2377 2244
f 2137 2377 2138
f 2137 2138 2139
f 2349 2139 2138
f 2376 2139 2349
f 2376 2349 2348
f 2376 2348 2370
f 2370 2368 2376
f 2364 2370 2348
f 2347 2364 2348
f 2349 2138 2377
f 2376 2137 2139
f 2371 2376 2368
f 2371 2368 2204
f 2204 2361 2371
f 2361 2204 2203
f 2203 2360 2361
f 2709 2361 2360
f 2360 2708 2709
f 2709 2708 10201
f 2709 10201 8263
f 2708 10202 10201
f 10201 10202 10203
f 10203 8262 10201
f 10203 10202 10204
f 10203 10204 10205
f 10203 10205 8261
f 8261 10205 7916
f 7916 10205 10206
f 10206 10205 10207
f 7960 10206 10207
f 10206 7960 10208
f 10206 10208 7917
f 10205 10204 10207
f 10204 7965 10207
f 10204 10209 7965
f 10204 10202 10209
f 10202 2710 10209
f 10209 2710 2711
f 10209 2711 7966
f 2343 2711 2710
f 2710 2358 2343
f 2344 2343 2358
f 2358 2359 2344
f 2362 2344 2359
f 2359 2358 2360
f 2343 2344 2345
f 2345 2712 2343
f 2712 2345 2352
f 2352 2340 2712
f 2342 2712 2340
f 2712 2342 2711
f 2340 2352 2356
f 2273 2352 2345
f 2274 2345 2344
f 2358 2710 2708
f 2711 2343 2712
f 2708 2710 10202
f 2708 2360 2358
f 2361 2709 2713
f 2360 2203 2359
f 2363 2359 2203
f 2202 2203 2204
f 2357 2204 2368
f 2713 2371 2361
f 2713 2709 8263
f 8262 8263 10201
f 10203 8261 8262
f 7715 7714 7691
f 7714 7717 7691
f 8259 8256 7716
f 8254 8256 8255
f 8569 7689 7717
f 8253 8252 8254
f 8249 8252 8253
f 8567 7689 8569
f 2384 2338 8567
f 2384 2724 2382
f 8566 8568 8565
f 2725 2724 8564
f 2725 2729 2407
f 8570 2730 2729
f 2730 8570 8571
f 2722 8571 8266
f 8265 2731 8266
f 8424 8264 8265
f 7682 7711 7721
f 7720 7721 7711
f 7723 7720 7711
f 7720 7723 7728
f 7723 7745 7728
f 7741 7745 7723
f 7741 7723 7722
f 7741 7740 7745
f 7740 7744 7745
f 7744 7753 7745
f 7753 7766 7745
f 8425 7745 7766
f 8426 8425 7766
f 8426 7766 7790
f 7790 8427 8426
f 8428 8426 8427
f 4813 8428 8427
f 4813 8427 4915
f 4813 4915 4916
f 4812 4813 4814
f 4812 4913 3715
f 3715 8428 4812
f 3717 8428 3715
f 3717 3715 3714
f 4390 8436 3716
f 3716 8436 8437
f 3716 8437 3717
f 8436 8438 8437
f 8429 8437 8438
f 8438 8026 8429
f 8429 8026 8425
f 8437 8429 8428
f 8436 8439 8438
f 8027 8438 8439
f 8439 8440 8027
f 8439 8441 8440
f 8441 8442 8440
f 8442 8443 8440
f 8440 8443 8028
f 8442 8444 8443
f 8445 8443 8444
f 8444 8446 8445
f 8446 8447 8445
f 8032 8445 8447
f 2592 8032 8447
f 8447 2636 2592
f 2596 2592 2636
f 2636 2617 2596
f 2597 2596 2617
f 2617 2588 2597
f 2072 2597 2588
f 2588 2617 2616
f 2616 2589 2588
f 2587 2588 2589
f 2589 2616 2611
f 2611 2610 2589
f 2609 2589 2610
f 2610 2611 2732
f 2732 2598 2610
f 2294 2610 2598
f 2598 2732 2630
f 2630 2599 2598
f 2295 2598 2599
f 2599 2630 2634
f 2634 2618 2599
f 2622 2599 2618
f 2634 2635 2618
f 2619 2618 2635
f 2625 2619 2635
f 2635 2637 2625
f 2637 2626 2625
f 2635 2603 2637
f 2635 2639 2603
f 2639 2635 2632
f 2604 2639 2632
f 2619 2625 2629
f 2618 2619 2620
f 2635 2634 2632
f 2634 2733 2632
f 7697 2632 2733
f 7697 2733 8448
f 7727 7697 8448
f 7727 8448 8449
f 8449 8450 7727
f 8451 7727 8450
f 8451 8450 7773
f 7772 8451 7773
f 7773 7770 7772
f 7770 7771 7772
f 7772 7771 8452
f 7772 8452 8453
f 8453 8452 7726
f 8451 8453 7726
f 7726 8452 7724
f 7724 7725 7726
f 7725 7727 7726
f 7727 7725 7696
f 7725 7724 7696
f 7696 7724 7694
f 7694 7695 7696
f 7695 7697 7696
f 7697 7695 2646
f 7695 7694 2646
f 7724 8455 7694
f 8454 7694 8455
f 8456 8454 8455
f 8455 8457 8456
f 8458 8456 8457
f 8458 8457 8459
f 8460 8458 8459
f 8459 8461 8460
f 8461 8459 8462
f 8459 9855 8462
f 8462 9855 9854
f 8462 9854 9852
f 9856 9854 9855
f 9855 9857 9856
f 9857 8452 9856
f 9857 9855 8457
f 9854 9856 9848
f 9856 7771 9848
f 8458 8460 10187
f 8458 10187 10188
f 10189 10188 10187
f 8045 10189 10187
f 8045 10187 8046
f 8042 8045 8046
f 8043 8042 8046
f 8041 8042 8043
f 8044 8045 8042
f 8040 8044 8042
f 8039 8044 8040
f 10193 8044 8039
f 10193 8039 10200
f 10200 10194 10193
f 10193 10194 10192
f 10190 10193 10192
f 10192 10191 10190
f 10191 10189 10190
f 10195 10189 10191
f 10191 2752 10195
f 10192 2753 10191
f 2754 10192 10194
f 10200 10198 10194
f 10199 10198 10200
f 10199 10200 8037
f 8035 10199 8037
f 8037 10200 8039
f 8037 8039 8038
f 10193 10190 8044
f 10190 8045 8044
f 10190 10189 8045
f 10189 10195 10188
f 10195 10196 10188
f 10188 10196 8456
f 10195 2745 10196
f 8046 10187 8460
f 8046 8460 8047
f 8457 9855 8459
f 10188 8456 8458
f 8455 9857 8457
f 10196 8454 8456
f 2739 8454 10196
f 8454 2719 7694
f 8455 7724 9857
f 8452 9857 7724
f 9856 8452 7771
f 7771 7770 7783
f 7783 7782 7771
f 7781 7782 7783
f 7784 7781 7783
f 7783 7773 7784
f 7773 9843 7784
f 7770 7773 7783
f 8453 8451 7772
f 7773 8450 9843
f 8450 9841 9843
f 9841 9842 9843
f 9842 9844 9843
f 9841 9834 9842
f 9834 9832 9842
f 10181 9842 9832
f 9832 9829 10181
f 9829 9832 9831
f 9831 9830 9829
f 9829 9830 9828
f 9827 9829 9828
f 9830 9831 8442
f 9833 9831 9832
f 9833 8444 9831
f 9833 9832 9834
f 9834 9835 9833
f 8446 9833 9835
f 8446 9835 9836
f 9835 9837 9836
f 9837 2615 9836
f 9836 2615 2636
f 9837 2643 2615
f 2616 2615 2643
f 9838 2643 9837
f 9839 9838 9837
f 9840 9838 9839
f 9841 9840 9839
f 9840 10182 9838
f 2644 9838 10182
f 2644 10182 2734
f 2732 2644 2734
f 8448 2734 10182
f 10182 9840 8449
f 9838 2644 2643
f 2611 2643 2644
f 9839 9837 9835
f 9835 9834 9839
f 9841 9839 9834
f 8450 9840 9841
f 7726 7727 8451
f 9840 8450 8449
f 10182 8449 8448
f 7696 7697 7727
f 8448 2733 2734
f 2630 2734 2733
f 2640 2632 7697
f 2642 2640 7697
f 2632 2640 2638
f 2733 2634 2630
f 2734 2630 2732
f 2644 2732 2611
f 2643 2611 2616
f 2615 2616 2617
f 2596 2597 2595
f 2617 2636 2615
f 2592 2596 2590
f 9836 2636 8447
f 8032 2592 2591
f 8445 8032 8030
f 9836 8447 8446
f 9833 8446 8444
f 8443 8445 8030
f 8444 8442 9831
f 9830 8442 8441
f 4792 9830 8441
f 8441 9822 4792
f 4779 4792 9822
f 4779 9822 4394
f 4779 4394 4393
f 4393 4778 4779
f 4392 4394 4395
f 4798 4395 9822
f 4798 9822 8436
f 4798 8436 4389
f 4798 4389 4797
f 4798 4797 4799
f 8364 8326 8365
f 8388 8326 8364
f 8389 8326 8391
f 8390 8326 8389
f 8381 8326 8390
f 8386 8326 8380
f 8385 8326 8386
f 8394 8326 8385
f 8392 8326 8393
f 8384 8326 8392
f 8383 8326 8384
f 8368 8326 8367
f 8367 8326 8382
f 8377 8326 8368
f 8378 8326 8377
f 3232 3234 3235
f 3235 3234 3236
f 3235 3236 3237
f 3236 3087 3237
f 3241 3237 3087
f 3172 3239 3240
f 3237 3240 3239
f 9604 3237 3239
f 9604 3239 3242
f 9604 3242 3243
f 9605 9604 3243
f 9605 3243 3225
f 9605 3225 3224
f 3175 9605 3224
f 3224 3233 3175
f 3176 3175 3233
f 3171 3178 3179
f 3177 3179 3178
f 3175 3177 3178
f 3178 9507 3175
f 3178 3174 9507
f 3174 9615 9507
f 9615 9616 9507
f 9605 9507 9616
f 9616 9610 9605
f 9616 9597 9610
f 9610 9597 9596
f 9596 9611 9610
f 9604 9610 9611
f 9604 9611 9603
f 9587 9611 9596
f 9581 9587 9596
f 9581 9585 9587
f 9611 9587 9601
f 9581 9596 9597
f 9581 9597 9612
f 9581 9612 9613
f 9581 9613 9614
f 9581 9614 9503
f 9506 9614 9613
f 9506 9613 9615
f 9614 9506 9504
f 9504 9506 9505
f 9505 9506 3174
f 9505 3174 3056
f 3051 9505 3056
f 3055 3051 3056
f 3050 3048 3051
f 3052 3050 3051
f 3051 3055 3052
f 8200 9505 3051
f 3056 3174 3170
f 9615 9613 9612
f 9616 9612 9597
f 9612 9616 9615
f 3174 9506 9615
f 3178 3170 3174
f 3171 3170 3178
f 3175 3176 3177
f 3175 9507 9605
f 3238 3225 3243
f 9605 9610 9604
f 3237 9604 9603
f 3239 3172 3242
f 3237 3241 3240
f 3220 3231 3232
f 3057 3058 3059
f 3166 3057 3059
f 3245 3246 9569
f 3110 3245 9569
f 9568 9569 3246
f 3246 3248 9568
f 3219 3218 3165
f 3217 3165 3218
f 3165 3217 3166
f 3214 9562 3215
f 9558 9562 3214
f 3214 3213 9558
f 3213 3212 9558
f 4809 8326 8371
f 8371 8326 8369
f 8369 8326 8373
f 8373 8326 8372
f 8372 8326 8379
f 4811 8326 4809
f 4809 4810 4811
f 4915 8326 8415
f 8415 8326 4811
f 8379 8326 8378
f 8382 8326 8383
f 8393 8326 8394
f 8380 8326 8381
f 8391 8326 8388
f 4391 4797 4389
f 4389 4390 4391
f 4392 4393 4394
f 4394 9822 4395
f 4779 4778 4792
f 8439 9822 8441
f 9822 8439 8436
f 4390 4389 8436
f 3716 3717 3718
f 3713 3714 3715
f 8428 3717 8437
f 3713 3715 4913
f 8326 4915 8427
f 4812 8428 4813
f 8426 8428 8429
f 8427 7790 8326
f 8417 8326 7790
f 7788 8417 7790
f 7789 7788 7790
f 7788 7789 7779
f 7789 7790 7766
f 7767 7789 7766
f 7765 7767 7766
f 7767 7765 7751
f 7765 7753 7751
f 7789 7767 7780
f 8426 8429 8425
f 8024 7745 8425
f 7753 7765 7766
f 7753 7744 7752
f 7744 7740 7742
f 7740 7741 7742
f 7721 7720 7728
f 7710 7709 7719
f 7718 7710 7719
f 7711 7722 7723
f 7746 7718 7719
f 7722 7742 7741
f 7732 7746 7733
f 7731 7732 7733
f 7731 7733 7757
f 7744 7742 7752
f 7756 7731 7757
f 7752 7751 7753
f 7749 7756 7757
f 7750 7749 7757
f 7751 7780 7767
f 7777 7750 7778
f 7780 7779 7789
f 7776 7777 7778
f 7778 8413 7776
f 7779 8417 7788
f 8327 8418 8328
f 8412 8326 8417
f 8327 8324 8329
f 8324 8327 598
f 8324 598 456
f 8359 517 518
f 8326 492 516
f 8359 447 517
f 8360 8326 8361
f 8365 8326 8357
f 8246 3023 3022
f 8243 3029 3031
f 8238 8243 8248
f 8249 8253 8248
f 8251 8252 8249
f 8559 8565 8251
f 8561 8565 8559
f 8561 8562 8563
f 8573 8572 8562
f 8572 8573 8574
f 8575 8274 8272
f 8273 8272 8274
f 8274 8275 8273
f 8275 8274 8276
f 8575 8577 8274
f 8269 8268 8574
f 8270 8267 8269
f 7757 7733 8270
f 7750 7757 7778
f 8273 8271 8272
f 8277 8273 8275
f 7778 8328 8413
f 8327 8328 8282
f 8281 8322 510
f 510 8322 511
f 8322 482 511
f 8322 8323 482
f 8277 8313 8319
f 8318 8319 8313
f 8321 8319 8318
f 8277 8309 8313
f 8312 8313 8309
f 8317 8313 8312
f 8344 8323 8345
f 8351 8323 8344
f 482 8323 509
f 484 8281 510
f 8282 8281 8327
f 8327 596 598
f 4804 8578 4805
f 4800 4801 4802
f 3862 8578 4803
f 4802 3086 4800
f 3084 8555 3082
f 8246 3081 3080
f 8246 8556 8247
f 8556 8558 8250
f 8560 8558 8576
f 8577 8575 8576
f 8578 8557 8555
f 8577 8276 8274
f 4908 8578 8431
f 4910 8275 8276
f 4910 8579 8580
f 8275 4910 8580
f 4128 8275 8419
f 4127 8275 4128
f 8278 8277 8275
f 8280 8277 8278
f 8277 8292 8290
f 8277 8290 8289
f 8277 8289 8297
f 8298 8297 8289
f 8298 8289 8305
f 8288 8289 8290
f 8349 8289 8288
f 8291 8290 8292
f 8339 8290 8336
f 8350 8290 8339
f 8288 8290 8295
f 8306 8289 8349
f 8305 8289 8306
f 8302 8297 8298
f 8277 8297 8304
f 8277 8304 8300
f 8301 8300 8304
f 8299 8300 8301
f 8308 8304 8348
f 8307 8304 8308
f 8301 8304 8307
f 8343 8300 8299
f 8277 8300 8309
f 8312 8309 8311
f 8318 8313 8317
f 8320 8319 8321
f 8199 8138 9499
f 3048 8200 3051
f 8200 9504 9505
f 9503 9614 9504
f 9499 9502 8199
f 9581 9503 9501
f 9581 449 603
f 584 9581 603
f 584 9584 9581
f 476 8183 605
f 9584 586 600
f 9589 9583 9586
f 9589 9586 9592
f 9581 9584 9585
f 9601 9587 9585
f 9602 9590 9560
f 9611 9601 9603
f 3237 9603 3235
f 3220 3232 3235
f 9602 9560 3226
f 9591 9559 9560
f 9559 9591 9561
f 3212 3211 9558
f 9561 9589 9592
f 9562 9558 9594
f 9588 9592 9586
f 9582 9593 9588
f 9595 9593 9582
f 9594 9564 9562
f 3059 3215 9562
f 3165 3166 3059
f 9567 9563 9565
f 3247 3219 3165
f 3248 3247 9568
f 9565 9566 9567
f 9569 9568 9571
f 9571 9572 9569
f 9570 9569 9572
f 9573 9570 9572
f 9572 9571 9600
f 9566 9565 9598
f 9595 9582 9598
f 9599 9600 9571
f 9572 9600 9574
f 9572 9574 9573
f 9575 9617 9576
f 9580 9576 9617
f 8181 9580 9617
f 9576 9580 9578
f 9579 9578 9580
f 8180 9579 9580
f 9578 9579 3113
f 3111 9578 3113
f 9573 9577 9570
f 9569 9570 3110
f 3110 3106 3245
f 4778 4793 4792
f 9828 9830 4792
f 4397 9827 9828
f 4789 4402 4397
f 4397 4396 9827
f 4403 4404 4405
f 4396 4405 9827
f 9896 9845 4407
f 10181 9829 9827
f 9844 9842 10181
f 7784 9843 9844
f 7781 7784 9847
f 9849 9866 9869
f 9847 7782 7781
f 4410 4764 9849
f 9881 4410 9849
f 9849 9868 9881
f 4408 4410 9881
f 4410 4765 4764
f 9848 7771 7782
f 9850 9854 9848
f 9852 9854 9850
f 4771 4766 4791
f 4770 4771 4772
f 4785 9852 4776
f 8463 8462 9852
f 4773 4774 4775
f 4780 4775 4774
f 9853 8463 4780
f 3075 3073 8463
f 3073 3072 8463
f 8461 8462 8463
f 8460 8461 8047
f 8048 8049 3079
f 8043 8046 8047
f 8050 8041 8043
f 8042 8041 8040
f 8038 8039 8040
f 8036 8037 8038
f 7774 7769 7559
f 8035 8037 8036
f 7737 7739 7769
f 7743 7713 7739
f 8034 10199 8035
f 8034 10197 10199
f 2675 2750 8033
f 2750 2747 2746
f 10197 10198 10199
f 10198 2749 10194
f 2676 2746 2747
f 2744 2676 2671
f 2754 10194 2749
f 2743 2744 2670
f 2754 2753 10192
f 2748 2743 2669
f 2753 2752 10191
f 2751 2748 2668
f 10195 2752 2745
f 2738 2751 2652
f 2745 2739 10196
f 2717 2738 2075
f 8454 2739 2719
f 2718 2717 2742
f 2741 2718 2742
f 2612 2740 2741
f 2719 2843 7694
f 2736 7694 2843
f 2612 2735 2740
f 2650 7694 2736
f 2650 2646 7694
f 2646 2645 7697
f 2645 2642 7697
f 2638 2640 2642
f 2632 2638 2633
f 2632 2633 2604
f 2639 2604 2603
f 2626 2637 2603
f 2624 2625 2626
f 2625 2624 2629
f 2619 2629 2623
f 2623 2621 2619
f 2583 1722 2576
f 2583 2576 2841
f 2841 2803 2583
f 2803 2584 2583
f 2584 2803 2582
f 2582 2581 2584
f 2070 2584 2581
f 2581 2580 2070
f 2070 2580 2810
f 2070 2810 2808
f 2070 2808 2807
f 2070 2807 2804
f 2070 2804 2805
f 2070 2805 2816
f 2070 2816 2819
f 2070 2819 2726
f 2070 2726 2727
f 2070 2727 2821
f 2558 2070 2821
f 2558 2821 2627
f 2558 2627 2628
f 2558 2628 2813
f 2558 2813 2559
f 2093 2558 2559
f 2093 2559 2594
f 2093 2594 2600
f 2093 2600 2572
f 2823 2572 2600
f 2600 2822 2823
f 2823 2822 5158
f 5158 5340 2823
f 2829 2823 5340
f 5340 5348 2829
f 5348 5338 2829
f 2078 2829 5338
f 2076 2078 5338
f 5338 5317 2076
f 5317 5319 2076
f 2570 2076 5319
f 2561 2570 5319
f 5319 5192 2561
f 5192 5191 2561
f 2549 2561 5191
f 2548 2549 5191
f 5191 5296 2548
f 5296 5350 2548
f 2547 2548 5350
f 5350 1765 2547
f 2547 1765 2523
f 1765 5350 5349
f 5349 2052 1765
f 1765 2052 1763
f 2052 5349 5354
f 5354 2053 2052
f 2052 2053 2050
f 2053 5354 5353
f 5353 2011 2053
f 2053 2011 2010
f 2011 5353 9205
f 9205 2045 2011
f 2011 2045 2009
f 2045 9205 9206
f 9206 1782 2045
f 2045 1782 1781
f 1782 9206 9207
f 9207 9208 1782
f 2539 1782 9208
f 9208 2538 2539
f 2539 2538 2537
f 2537 2515 2539
f 2515 1780 2539
f 1780 2515 2516
f 2515 2537 2516
f 2831 2516 2537
f 2537 2443 2831
f 2445 2831 2443
f 2443 2444 2445
f 2832 2445 2444
f 2832 2444 1968
f 1968 2418 2832
f 2030 2832 2418
f 2030 2418 1974
f 2030 1974 1964
f 1968 1974 2418
f 1974 1968 1967
f 2579 1968 2444
f 2444 2833 2579
f 9210 2579 2833
f 2833 9209 9210
f 9210 9209 9213
f 9210 9213 9211
f 9211 9212 9210
f 2903 9210 9212
f 2903 9212 9216
f 4815 9216 9212
f 9218 4815 9212
f 9217 4815 9218
f 9218 9211 9217
f 9217 9211 9227
f 9217 9227 4816
f 4817 9243 9216
f 9244 9216 9243
f 9246 9216 9244
f 9245 3357 2904
f 2905 3356 3358
f 3358 9252 2905
f 9258 2905 9252
f 9253 2905 9259
f 2906 9253 9257
f 9271 2906 9257
f 9272 9442 9271
f 9442 9444 9447
f 9442 9447 2906
f 9445 2906 9447
f 9446 9447 9444
f 1094 3123 9275
f 4906 1094 9275
f 4514 1094 4906
f 4512 4514 4906
f 3262 9456 9455
f 9455 9454 3262
f 9454 627 3262
f 627 3260 3262
f 4818 3261 4514
f 4818 4514 4513
f 4876 4818 4513
f 3261 626 4514
f 626 3261 3260
f 627 626 3260
f 624 626 627
f 627 725 624
f 631 624 725
f 631 725 726
f 632 631 726
f 726 1095 632
f 632 1095 630
f 1104 630 1095
f 1104 1095 3155
f 1104 3155 3158
f 3288 1104 3158
f 9440 4877 9439
f 9439 2927 9440
f 9440 2927 4875
f 2924 2925 2926
f 2924 2926 9438
f 2924 9438 4888
f 4887 2924 4888
f 4888 4892 4887
f 3264 1108 3064
f 3064 1108 9441
f 1108 4820 9441
f 4820 4819 9441
f 4821 4820 4880
f 3263 9273 4820
f 1099 3263 4820
f 1099 3161 3263
f 1100 3288 3287
f 1100 3287 1099
f 1099 1097 1100
f 1101 1100 1097
f 1097 631 1101
f 1101 631 630
f 1096 631 1097
f 1103 631 1096
f 1096 1108 1103
f 1110 1103 1108
f 1108 3063 1110
f 1103 1110 1102
f 1109 1102 1110
f 1110 3293 1109
f 3293 3291 1109
f 3290 1109 3291
f 4886 4885 4884
f 4882 4884 4885
f 9281 9280 634
f 634 4884 9281
f 4884 634 1109
f 1109 3292 4884
f 634 633 1109
f 633 634 635
f 635 631 633
f 633 631 1102
f 1080 631 635
f 635 1107 1080
f 1112 1080 1107
f 1112 1107 3124
f 3169 1112 3124
f 3167 1085 3168
f 1085 1112 3168
f 1085 1079 1112
f 1079 1085 1084
f 1084 631 1079
f 1083 1084 1085
f 1083 1085 9283
f 1083 9283 1113
f 696 1083 1113
f 696 1113 1115
f 1115 1116 696
f 1004 696 1116
f 1116 9278 1004
f 9277 1004 9278
f 9277 9285 9286
f 3286 1004 9286
f 3285 1004 3286
f 4640 4556 4638
f 4638 4639 4640
f 4639 4638 9392
f 9392 9387 4639
f 9386 4639 9387
f 9388 9386 9387
f 9390 9388 9387
f 9387 9384 9390
f 9391 9390 9384
f 4869 9391 9384
f 9384 9385 4869
f 4867 4869 9385
f 9385 9397 4867
f 4727 9396 9398
f 4727 9398 9394
f 9394 9395 4727
f 4728 4727 9395
f 4728 9395 9382
f 4898 4728 9382
f 9379 4898 9382
f 9380 9379 9382
f 9382 9383 9380
f 9381 9380 9383
f 4866 9381 9383
f 4866 9383 9378
f 4460 4866 9378
f 4460 9378 9377
f 4670 4460 9377
f 9377 9404 4670
f 4671 4670 9404
f 9404 9464 4671
f 4865 4671 9464
f 4865 9464 9465
f 4865 9465 9461
f 9463 4865 9461
f 4893 4899 4894
f 4893 9343 4899
f 4899 9343 9375
f 4899 9375 9376
f 9369 4899 9376
f 9369 9376 9367
f 9369 9367 9370
f 3282 1135 3281
f 1137 3281 1135
f 682 1137 1135
f 682 1135 1134
f 682 1134 1129
f 682 1129 1130
f 682 1130 1131
f 682 1131 1127
f 682 1127 1128
f 682 1128 1126
f 682 1126 1105
f 682 1105 1106
f 683 682 1106
f 4999 683 1106
f 1106 3274 4999
f 4993 683 4997
f 4984 683 4993
f 4989 4984 4991
f 683 4984 4996
f 683 4996 4988
f 683 4988 4987
f 683 4987 4986
f 684 683 4986
f 684 4986 4983
f 4983 4806 684
f 4806 685 684
f 685 4806 4808
f 685 4808 9159
f 685 9159 9158
f 9158 4975 685
f 4977 685 4975
f 9164 9166 9162
f 9163 9164 9162
f 9162 9165 9163
f 9165 9168 9163
f 9163 9168 9169
f 9163 9169 9183
f 9180 9163 9183
f 2841 9180 9183
f 9180 2841 2578
f 2578 9178 9180
f 9178 9179 9180
f 9167 9180 9179
f 9167 9179 2976
f 3297 9167 2976
f 9202 9198 9200
f 9203 9202 9200
f 9182 9203 9200
f 9182 9200 9181
f 9178 9182 9181
f 9178 9184 9182
f 5138 9182 9184
f 9184 5131 5138
f 5131 5130 5138
f 9204 5138 5130
f 5130 5129 9204
f 9204 5129 4904
f 5140 4904 5129
f 5139 5140 5129
f 5131 5139 5129
f 5139 5131 5141
f 5141 5131 5153
f 5140 5139 5141
f 5138 9204 9199
f 9199 9201 5138
f 9202 5138 9201
f 5129 5130 5131
f 5153 5131 9184
f 9200 9197 9181
f 9196 9181 9197
f 9181 9196 9185
f 9203 9182 5138
f 9202 9203 5138
f 9185 2978 9181
f 2978 9179 9181
f 9179 2978 2977
f 9167 3297 9164
f 9179 2977 2976
f 9178 9181 9179
f 9178 2578 9184
f 2802 9184 2578
f 2802 2578 2577
f 2577 2081 2802
f 2082 2802 2081
f 2081 2577 1722
f 2080 2081 1722
f 2576 2577 2578
f 9184 2802 2082
f 9167 9163 9180
f 9169 9194 9183
f 9183 9194 9334
f 9334 2582 9183
f 2582 9334 9335
f 9335 2809 2582
f 2580 2582 2809
f 2809 9335 2812
f 2810 2809 2812
f 9336 2812 9335
f 9335 5137 9336
f 9337 9336 5137
f 4851 9337 5137
f 4851 5137 4905
f 4852 4851 4905
f 3274 1105 3272
f 3272 1105 2940
f 2941 2940 1105
f 1105 3354 2941
f 1105 3355 3354
f 3355 1105 3353
f 4848 4849 4850
f 9332 4850 4849
f 1126 9332 4849
f 1126 4849 5003
f 9333 1128 3277
f 1128 3275 3277
f 3276 1127 9331
f 9330 9331 1127
f 1127 9329 9330
f 3623 9329 3624
f 3623 3624 3625
f 9328 1131 9322
f 3624 1131 9328
f 4854 4448 4855
f 9338 4855 4448
f 4448 9340 9338
f 9340 9339 9338
f 9339 9336 9338
f 9340 9341 9339
f 9339 9341 5368
f 2806 9339 5368
f 5368 2817 2806
f 2807 2806 2817
f 2817 5368 2811
f 2804 2817 2811
f 5308 2811 5368
f 5309 5308 5368
f 5309 5368 9469
f 9359 5309 9469
f 9362 9359 9469
f 9469 9467 9362
f 9467 9469 9344
f 9344 9483 9467
f 9483 9471 9467
f 9471 9482 9467
f 9482 9471 9475
f 9468 9482 9475
f 9468 9475 9476
f 9468 9476 9344
f 9344 9471 9468
f 9471 9470 9468
f 9470 9474 9468
f 9474 9473 9468
f 9473 9474 9472
f 9472 9344 9473
f 9344 9487 9473
f 4857 4859 4860
f 4858 4857 4860
f 4860 9344 4858
f 9341 4858 9344
f 9341 4719 4858
f 4857 4858 4719
f 4447 4446 4719
f 4719 9340 4447
f 4446 4447 4448
f 9344 4860 9487
f 9474 9470 9472
f 9470 9471 9472
f 9472 9471 9344
f 9475 9474 9476
f 9474 9471 9476
f 9474 9475 9471
f 9471 9483 9476
f 9483 9344 9476
f 9359 9362 9485
f 9485 9360 9359
f 9359 9360 4861
f 4861 9345 9359
f 9345 4861 3634
f 9345 3634 9346
f 9346 5363 9345
f 5309 9345 5363
f 5363 5310 5309
f 5310 5363 5358
f 5358 5357 5310
f 5310 5357 2818
f 5310 2818 2811
f 2816 2811 2818
f 2820 2818 5357
f 5357 5305 2820
f 2824 2820 5305
f 2814 2824 5305
f 5305 5304 2814
f 5304 5336 2814
f 2815 2814 5336
f 2825 2815 5336
f 5336 5159 2825
f 5159 5158 2825
f 5157 5158 5159
f 5159 9377 5157
f 5159 5336 9464
f 2559 2815 2825
f 2825 2826 2559
f 2825 2594 2826
f 2594 2825 2822
f 2813 2814 2815
f 5304 5303 5336
f 5336 5303 9342
f 9465 5336 9342
f 4895 9465 9342
f 4895 9342 9343
f 9343 9342 5303
f 9343 5303 9376
f 5367 9376 5303
f 5305 5367 5303
f 5367 5305 5358
f 5367 5358 9364
f 9367 5367 9364
f 9365 9367 9364
f 9363 9365 9364
f 9364 9357 9363
f 9351 9350 9349
f 9350 9347 9349
f 9347 9348 9349
f 9347 9366 4903
f 4903 9366 9346
f 4903 9346 4718
f 4718 4717 4903
f 9486 9485 9361
f 4862 4861 4863
f 3632 3633 3634
f 4718 3634 3633
f 4717 4718 3633
f 9347 9350 9366
f 9350 5358 9366
f 9350 9351 9358
f 9357 9350 9358
f 9357 9364 9350
f 9363 9367 9365
f 9368 9367 9363
f 5358 9350 9364
f 5303 5304 5305
f 2627 2824 2814
f 2821 2820 2824
f 2726 2818 2820
f 5357 5358 5305
f 5358 5363 9366
f 9346 9366 5363
f 4718 9346 3634
f 3632 3634 4861
f 9360 4863 4861
f 9362 9361 9485
f 5309 9359 9345
f 9344 9469 5368
f 5308 5309 5310
f 2811 5308 5310
f 9339 2806 2812
f 2808 2812 2806
f 9344 5368 9341
f 4719 9341 9340
f 4448 4447 9340
f 9338 9493 4855
f 9493 9494 4855
f 4851 4855 9494
f 4853 4855 4851
f 9494 9493 4851
f 9337 9493 9338
f 4448 4854 4446
f 9482 9468 9467
f 1130 3256 9326
f 1130 9326 9322
f 1130 3257 3256
f 3257 1130 3255
f 3255 1134 2958
f 2958 1134 2959
f 2960 2959 1134
f 9327 3624 9328
f 1127 3624 9329
f 3275 1127 3276
f 9332 1128 9333
f 5003 3353 1126
f 9171 9170 9188
f 9194 9171 9188
f 9169 9161 9171
f 9194 9188 9192
f 9194 9192 9189
f 9192 9193 9189
f 9190 9189 9193
f 9189 9190 5135
f 5135 9191 9189
f 9189 9191 9334
f 5135 5134 9191
f 5134 9335 9191
f 5133 5134 5135
f 5134 5133 5136
f 5134 5136 4905
f 4851 4852 4853
f 4905 5137 5134
f 9493 9337 4851
f 9337 9338 9336
f 5134 5137 9335
f 2812 9336 9339
f 9335 9334 9191
f 9194 9189 9334
f 9194 9169 9171
f 9161 9169 9168
f 9164 9163 9167
f 4956 685 4977
f 4806 4807 4808
f 4807 4806 4983
f 4986 4987 4988
f 4989 4991 4992
f 4997 683 4995
f 683 4999 4995
f 682 683 684
f 1106 1105 3274
f 1105 1126 3353
f 9332 1126 1128
f 1128 1127 3275
f 3624 1127 1131
f 1131 1130 9322
f 1130 1129 3255
f 1129 1134 3255
f 682 1133 1137
f 1137 1133 9318
f 9319 1137 9318
f 9323 9321 9320
f 9321 1137 9320
f 9321 9324 1137
f 9315 9317 9316
f 9315 9316 1138
f 9315 1138 9290
f 9315 9290 9289
f 9288 1138 9314
f 9314 1138 9313
f 9311 9312 9310
f 1138 9310 9312
f 9310 1138 3268
f 4459 4460 4461
f 4897 4896 4728
f 4729 4728 4896
f 9298 1114 9297
f 9297 1114 3249
f 1114 3250 3249
f 9296 9295 9293
f 9293 9295 1004
f 9293 1004 9292
f 9293 9292 9294
f 1004 9291 9292
f 9291 1004 3284
f 9295 3251 1004
f 1004 3251 1003
f 3250 1003 3251
f 1114 1003 3250
f 1114 696 1003
f 1098 696 1114
f 4495 1098 1114
f 1098 4495 4551
f 9299 1098 4551
f 4550 4551 4494
f 9306 1098 9299
f 9302 1098 9303
f 1098 9302 697
f 9305 697 9302
f 9307 695 9304
f 695 697 9304
f 695 696 697
f 682 696 695
f 682 695 1141
f 682 1141 1139
f 682 1139 1138
f 682 1138 1132
f 1138 3252 1132
f 3254 1132 3252
f 1132 3254 1133
f 1133 3254 3253
f 1141 3268 1139
f 3268 1141 3269
f 3269 1141 3270
f 3270 1141 9309
f 9309 1141 9308
f 9300 695 9301
f 9308 1141 9300
f 1141 695 9300
f 696 682 8077
f 9301 695 9307
f 9304 697 9305
f 9303 1098 9306
f 4495 4494 4551
f 4493 4494 4495
f 697 696 1098
f 9298 4495 1114
f 4495 9298 4493
f 4864 4724 4671
f 4672 4671 4724
f 1139 3268 1138
f 1138 9312 9313
f 9290 1138 9288
f 9316 3252 1138
f 1137 9319 9320
f 3253 9318 1133
f 682 1132 1133
f 1137 9324 3281
f 1135 3282 1134
f 1134 3282 2960
f 9367 9368 9370
f 9367 9376 5367
f 9343 9376 9375
f 4895 9343 4893
f 4893 4894 4895
f 9465 4895 9462
f 9465 9462 9461
f 9465 9464 5336
f 4864 4671 4865
f 9404 5159 9464
f 4670 4671 4672
f 9404 9377 5159
f 9378 5157 9377
f 4866 4460 4459
f 9378 9383 5157
f 5157 9383 5340
f 9383 9382 5340
f 5347 5340 9382
f 4728 4898 4897
f 9395 5347 9382
f 4727 4728 4729
f 9395 9394 5347
f 5338 5347 9394
f 9385 5338 9394
f 9385 9394 9398
f 9397 9385 9398
f 4867 4868 4869
f 9385 9384 5338
f 9384 9387 5338
f 5338 9387 5318
f 9387 9392 5318
f 5319 5318 9392
f 5319 9392 9402
f 9402 9403 5319
f 9403 9402 4555
f 4555 9409 9403
f 4539 9403 9409
f 9409 9410 4539
f 9410 9411 4539
f 4725 4539 9411
f 4539 4725 4542
f 4542 4541 4539
f 4541 4540 4539
f 4538 4539 4540
f 4555 4556 4557
f 9414 1115 9413
f 1115 9414 9419
f 9276 1115 9419
f 9414 9418 9419
f 9413 1113 9415
f 1113 9416 9415
f 1113 9284 9416
f 9284 9417 9416
f 9355 9420 9422
f 3137 9420 9355
f 3135 3137 9355
f 3135 9355 9372
f 9371 3135 9372
f 9372 9412 9371
f 9371 9412 9423
f 9371 9423 9424
f 4538 9426 9423
f 9425 9423 9426
f 4538 9423 9412
f 9412 9372 5190
f 5190 4539 9412
f 5190 5192 4539
f 5356 5190 9372
f 5351 5356 9372
f 5351 5296 5356
f 5190 5356 5296
f 9371 3136 3135
f 9355 5351 9372
f 9354 5351 9355
f 9354 9355 3131
f 3131 3130 9354
f 3271 9354 3130
f 9428 9435 3271
f 9435 9428 4873
f 4873 9436 9435
f 9436 5349 9435
f 5349 5351 9435
f 9436 9433 5349
f 5355 5349 9433
f 9432 5355 9433
f 4871 9432 9433
f 4871 4891 9432
f 4890 9432 4891
f 4889 4890 4891
f 9430 9427 9431
f 9431 9421 9430
f 3131 9421 9431
f 9282 1107 9279
f 9279 1107 634
f 1107 9282 3126
f 3125 1107 3126
f 4872 4873 4870
f 4870 4871 4872
f 4871 9436 4872
f 9437 9432 4890
f 4890 9438 9437
f 5353 9437 9438
f 5353 5355 9437
f 4890 4892 9438
f 4891 4871 4889
f 9432 9437 5355
f 9433 9436 4871
f 4873 4872 9436
f 9429 4873 9428
f 9435 9354 3271
f 9355 9421 3131
f 9354 9435 5351
f 9421 9355 9422
f 9412 4539 4538
f 4543 4540 4541
f 4541 4542 4543
f 4725 4726 4542
f 4539 5192 9403
f 4555 9408 9409
f 4638 4555 9402
f 9402 9392 4638
f 4555 4638 4556
f 3284 1004 3285
f 1004 9277 9286
f 1116 9276 9278
f 1003 696 1004
f 1116 1115 9276
f 1113 9413 1115
f 9284 1113 9283
f 1084 1083 1111
f 1085 3167 9283
f 3168 1112 3169
f 1107 3125 3124
f 1080 1112 1079
f 1079 631 1080
f 1107 635 634
f 9279 634 9280
f 4884 4881 9281
f 4881 4882 4883
f 4881 4884 4882
f 3292 4886 4884
f 3292 1109 3289
f 3290 3289 1109
f 1110 3152 3293
f 3152 1110 3259
f 3163 3162 1110
f 3062 3163 1110
f 3162 3259 1110
f 1102 1109 633
f 1108 1096 1099
f 1102 631 1103
f 1100 1101 1104
f 1097 1099 1096
f 3159 1099 3287
f 3159 3161 1099
f 4819 4820 4821
f 4820 1108 1099
f 3063 1108 3264
f 3063 3062 1110
f 4888 9438 4892
f 9438 2926 5353
f 2927 2926 2925
f 2927 9205 2926
f 2925 4874 4875
f 2925 4875 2927
f 2927 9439 9205
f 4879 9439 4877
f 9439 4879 4878
f 9261 9439 4878
f 9261 9260 9265
f 9266 9265 9260
f 9266 9260 9264
f 9264 9270 9266
f 9267 9266 9270
f 9267 9269 9240
f 9242 9267 9240
f 9242 9241 9249
f 9248 9249 9241
f 9248 9241 9247
f 9247 3294 9248
f 3296 9248 3294
f 9228 9229 9230
f 9215 3296 9235
f 9235 9229 9215
f 9214 9215 9229
f 9214 9229 9232
f 9232 9234 9214
f 9233 9214 9234
f 9233 9231 9213
f 9211 9231 9226
f 627 9453 9449
f 627 9449 1088
f 9449 9450 1088
f 9448 1088 9450
f 1088 9448 9451
f 1088 9451 1095
f 9451 9452 1095
f 3157 1095 9452
f 1095 3157 3156
f 9213 9214 9233
f 9214 9209 9215
f 9208 9215 9209
f 9248 9215 9208
f 9230 9229 9235
f 9215 9248 3296
f 9248 9208 9249
f 9267 9242 9249
f 9263 9240 9269
f 9269 9268 9263
f 9270 9263 9268
f 9249 9266 9267
f 9266 9249 9207
f 9264 9263 9270
f 9262 9263 9264
f 9266 9207 9265
f 9265 9439 9261
f 9439 9265 9206
f 4877 4878 4879
f 3288 1100 1104
f 1095 3156 3155
f 630 1104 1101
f 1095 726 1088
f 630 631 632
f 1088 726 725
f 624 631 622
f 622 623 624
f 623 622 1092
f 1092 1419 623
f 1123 1419 1092
f 1092 1117 1123
f 1118 1123 1117
f 1117 631 1118
f 1118 631 1090
f 1090 1089 1118
f 1089 1090 1091
f 1091 1414 1089
f 1125 1414 1091
f 1091 1121 1125
f 1122 1125 1121
f 1121 631 1122
f 1122 631 1120
f 1120 1124 1122
f 1124 1120 1119
f 1119 1271 1124
f 1124 1271 1125
f 672 1119 1120
f 1119 672 655
f 1120 631 672
f 1125 1122 1124
f 1121 1091 1090
f 1090 631 1121
f 1123 1118 1089
f 1417 1123 1089
f 1117 1092 622
f 622 631 1117
f 1088 725 627
f 626 624 623
f 626 623 1093
f 626 1093 1070
f 1070 1094 626
f 1070 1069 1094
f 1094 1069 3121
f 1069 3122 3121
f 4846 3122 4844
f 4846 4844 4843
f 4847 4844 4822
f 4844 1076 4822
f 4823 4822 1076
f 4823 1076 1074
f 1074 4826 4823
f 4825 4823 4826
f 4842 4822 4824
f 3378 3379 3366
f 3379 3364 3366
f 3379 3365 3364
f 3379 3367 3365
f 2932 3372 2931
f 3372 3369 3373
f 3373 2922 3372
f 2936 2922 3373
f 2935 2936 2937
f 2938 2935 2937
f 3371 3373 3370
f 2935 2938 3351
f 3351 3375 2935
f 2935 3375 2934
f 2935 2934 2922
f 2934 3375 3380
f 1774 2934 3380
f 3380 1768 1774
f 1773 1774 1768
f 1768 1767 1773
f 1787 1773 1767
f 1787 1767 2039
f 1787 2039 1760
f 1760 2047 1787
f 1787 2047 1492
f 2047 2046 1492
f 1534 1492 2046
f 2046 2057 1534
f 1537 1534 2057
f 1535 1534 1537
f 1760 2057 2046
f 1760 2048 2057
f 1530 1492 1534
f 1760 2046 2047
f 2039 1739 1760
f 1739 1738 1760
f 1786 1760 1738
f 1737 1786 1738
f 1786 1737 2568
f 2568 2567 1786
f 2567 2568 2569
f 2569 2834 2567
f 2567 2834 1753
f 1760 2567 1753
f 2055 1753 2834
f 2835 2055 2834
f 2055 2835 2836
f 2055 2836 2056
f 2837 2056 2836
f 2836 9655 2837
f 9656 2837 9655
f 5409 9656 9655
f 9655 5429 5409
f 5429 5412 5409
f 5404 5409 5412
f 5410 5429 5430
f 5429 5425 5430
f 5429 5426 5425
f 5421 5422 5423
f 5422 5452 5423
f 5452 9674 5423
f 9672 9673 9674
f 4544 4546 4632
f 4544 4545 4546
f 4545 4544 643
f 5497 4545 643
f 5496 5497 643
f 643 5498 5496
f 5498 643 3146
f 643 3147 3146
f 5502 3148 1160
f 1159 1160 3148
f 642 1160 1159
f 1159 643 642
f 641 642 643
f 643 705 641
f 1263 641 705
f 705 704 1263
f 703 704 705
f 704 703 1032
f 704 1032 708
f 708 709 704
f 1265 704 709
f 709 708 1029
f 1029 1030 709
f 1030 1431 709
f 1075 1431 1030
f 1086 1075 1030
f 1030 1087 1086
f 1086 1087 9641
f 1086 9641 1082
f 9639 1082 9641
f 1082 9640 9638
f 4841 1082 9638
f 4841 1078 1082
f 1075 1082 1078
f 1075 1078 1074
f 1074 1071 1075
f 1071 1428 1075
f 1070 1428 1071
f 4827 1074 1078
f 4827 1078 4841
f 4829 4827 4841
f 4829 4828 4827
f 4826 4827 4828
f 3141 3132 9650
f 9652 3141 9650
f 9652 9650 5280
f 9652 5280 5487
f 5486 9652 5487
f 5486 5487 5484
f 9651 5485 9648
f 9664 9651 9648
f 9660 9664 9648
f 9664 9660 9651
f 9652 9651 9659
f 5485 9651 9652
f 6041 3127 2943
f 3128 3127 6041
f 2944 3128 6041
f 5840 2944 6041
f 9642 5840 6041
f 6041 9647 9642
f 9647 3379 9642
f 3379 9647 3380
f 5282 3380 9647
f 5282 3381 3380
f 3381 5282 5281
f 1769 3381 5281
f 5359 1769 5281
f 5352 5359 5281
f 5281 5280 5352
f 5359 5352 5360
f 5360 2568 5359
f 9654 2568 5360
f 5360 5436 9654
f 9671 9654 5436
f 9671 5436 5435
f 9670 9671 5435
f 9669 5439 5440
f 4840 4598 4597
f 4840 4597 4593
f 4593 4597 1032
f 4594 4593 1032
f 4593 4594 4595
f 4596 4597 4598
f 4597 4596 708
f 4596 4833 708
f 4838 708 4833
f 4839 4838 4833
f 4830 4832 4838
f 4838 4832 1029
f 4832 1081 1029
f 4832 4836 1081
f 4836 1087 1081
f 9658 1087 4836
f 4836 9657 9658
f 4836 4831 4837
f 3144 1087 9658
f 1087 3144 3145
f 3143 1087 3145
f 3142 1087 3143
f 5472 1087 3142
f 4836 4832 4831
f 4830 4831 4832
f 4833 4596 4834
f 4596 4598 4605
f 9666 3140 5437
f 5436 9666 5437
f 3140 9666 3138
f 3138 9666 3139
f 3139 9666 3347
f 9649 3134 3345
f 9649 3345 9665
f 9649 9665 5352
f 9649 5352 9650
f 3345 9666 9665
f 9666 5360 9665
f 3132 3134 9649
f 9666 3345 3347
f 5448 5450 5446
f 9671 5446 5450
f 5450 5448 5452
f 5452 9653 5450
f 9654 5450 9653
f 9653 2569 9654
f 2569 9653 2835
f 9655 2835 9653
f 9655 9653 5422
f 5454 5452 5448
f 5454 9672 5452
f 9671 9670 5446
f 5435 5436 5437
f 9671 5450 9654
f 5360 9666 5436
f 5352 9665 5360
f 1769 5359 1737
f 1739 1769 1737
f 3381 1769 1768
f 5280 5281 5282
f 6041 5282 9647
f 6041 5487 5282
f 5487 6041 2942
f 2942 6041 2943
f 5487 2942 5484
f 5485 9652 5486
f 5280 5282 5487
f 5280 9650 5352
f 9652 9659 3141
f 9649 9650 3132
f 5473 5472 3142
f 1082 9639 9640
f 5472 9641 1087
f 1030 1081 1087
f 1075 1086 1082
f 1030 1029 1081
f 1029 708 4838
f 4597 708 1032
f 4594 1032 703
f 4636 4594 703
f 703 643 4636
f 705 643 703
f 641 1261 642
f 642 1261 706
f 642 706 1160
f 1159 3148 3147
f 643 1159 3147
f 4636 643 4544
f 4544 4632 4636
f 4636 4595 4594
f 4593 4595 4835
f 9672 9674 5452
f 5452 5422 9653
f 5422 5421 5429
f 5428 5429 5421
f 5427 5429 5428
f 5426 5429 5427
f 5405 5406 5404
f 5411 5406 5405
f 5406 5413 5391
f 5377 5406 5391
f 5381 5377 5391
f 5382 5376 5381
f 5393 5376 5382
f 5392 5376 5393
f 5385 5378 5392
f 5394 5379 5385
f 5384 5379 5394
f 5376 5392 5378
f 5377 5381 5376
f 5376 5375 5377
f 9656 5377 5375
f 9656 5406 5377
f 5413 5406 5411
f 5409 5404 5406
f 5429 5410 5412
f 5429 9655 5422
f 5406 9656 5409
f 2837 9656 2112
f 2112 2111 2837
f 2056 2837 2111
f 1753 2056 2111
f 1753 2111 1751
f 2835 9655 2836
f 1753 2055 2056
f 2834 2569 2835
f 2568 9654 2569
f 1737 5359 2568
f 1760 1786 2567
f 1737 1738 1739
f 1769 1739 2039
f 1769 2039 1767
f 1767 1768 1769
f 1774 1773 1788
f 1768 3380 3381
f 2934 1774 2043
f 3379 3380 3375
f 3379 3375 3368
f 2935 2922 2936
f 3370 3373 3369
f 3375 3351 3376
f 3376 3368 3375
f 3367 3379 3368
f 9642 3379 3378
f 4825 4824 4823
f 4827 4826 1074
f 1071 1074 1076
f 1071 1076 1069
f 4822 4823 4824
f 4844 1069 1076
f 4847 4845 4844
f 4843 4844 4845
f 3122 1069 4844
f 1069 1070 1071
f 1093 1426 1070
f 623 1423 1093
f 627 9454 9453
f 4512 4513 4514
f 4514 626 1094
f 1094 3121 3123
f 9275 9274 4906
f 2906 9271 9442
f 9259 2905 9258
f 9251 9252 3358
f 3356 2905 3357
f 2904 9246 9245
f 2904 9216 9246
f 9226 9227 9211
f 4816 4815 9217
f 9216 4815 4817
f 9212 9211 9218
f 9211 9213 9231
f 9213 9209 9214
f 9209 2833 2538
f 2538 2833 2443
f 2579 9210 2903
f 1968 2579 1966
f 2445 2832 2030
f 2444 2443 2833
f 2831 2445 2030
f 2516 2831 2030
f 2030 2113 2516
f 2443 2537 2538
f 2538 9208 9209
f 1782 2539 1780
f 9207 9249 9208
f 9207 9206 9265
f 9206 9205 9439
f 9205 5353 2926
f 5353 5354 5355
f 5349 5355 5354
f 5349 5350 5351
f 2548 2547 2544
f 5296 5351 5350
f 5191 5190 5296
f 2549 2548 2542
f 2561 2549 2528
f 2528 2527 2561
f 2527 2526 2561
f 5190 5191 5192
f 5319 9403 5192
f 2570 2561 2526
f 2570 2571 2076
f 5317 5318 5319
f 5318 5317 5338
f 2076 2077 2078
f 2078 2067 2829
f 2572 2829 2067
f 5348 5347 5338
f 5347 5348 5340
f 5158 5157 5340
f 2822 2825 5158
f 2572 2823 2829
f 2822 2600 2594
f 2559 2826 2594
f 2558 2093 2103
f 2815 2559 2813
f 2814 2813 2628
f 2814 2628 2627
f 2824 2627 2821
f 2820 2821 2727
f 2820 2727 2726
f 2818 2726 2819
f 2818 2819 2816
f 2811 2816 2805
f 2811 2805 2804
f 2817 2804 2807
f 2806 2807 2808
f 2812 2808 2810
f 2809 2810 2580
f 2580 2581 2582
f 2803 9183 2582
f 9183 2803 2841
f 2578 2841 2576
f 2577 2576 1722
f 2070 2583 2584
f 2621 2620 2619
f 2618 2620 2622
f 2599 2622 2295
f 2598 2295 2294
f 2610 2294 2609
f 2589 2609 2587
f 2588 2587 2072
f 2597 2072 2071
f 2070 2558 2585
f 2071 2595 2597
f 2103 2585 2558
f 2595 2590 2596
f 2095 2103 2093
f 2590 2591 2592
f 2586 2095 2094
f 8032 2591 8031
f 8022 2586 2437
f 8030 8032 8031
f 8030 8028 8443
f 8027 8440 8028
f 8027 8026 8438
f 8026 8024 8425
f 8025 8029 8023
f 7745 8024 7728
f 8023 8022 7700
f 7721 7728 7699
f 7699 7698 7683
f 7698 7701 7683
f 8022 2437 7700
f 7701 2845 2846
f 2845 2436 1957
f 2436 1958 1957
f 1958 2441 1956
f 2094 2437 2586
f 2441 2097 2090
f 2097 2091 2090
f 2089 2090 2091
f 2091 2065 2089
f 2065 2091 2557
f 2091 2097 2098
f 2093 2094 2095
f 2098 2557 2091
f 2093 2572 2067
f 2557 2066 2065
f 2104 2065 2101
f 2065 2104 2435
f 2067 2078 2077
f 2101 2100 2104
f 2100 2106 2104
f 2105 2104 2106
f 2104 2105 2432
f 2077 2076 2571
f 2106 2556 2105
f 2556 2550 2105
f 2450 2105 2550
f 2105 2450 2431
f 2571 2570 2526
f 2550 2551 2450
f 2551 2563 2450
f 2452 2450 2563
f 2563 2534 2452
f 1845 2452 2534
f 2534 2691 1845
f 2459 1845 2691
f 2459 2691 2687
f 2687 2690 2459
f 2690 2145 2459
f 2145 2681 2459
f 2460 2459 2681
f 2681 2689 2460
f 2460 2689 5156
f 5156 5183 2460
f 2461 2460 5183
f 5183 5176 2461
f 5177 5176 5183
f 5183 10517 5177
f 9460 5177 10517
f 4049 9460 10517
f 9460 9457 5177
f 9457 5178 5177
f 9407 5178 9457
f 9407 9457 3901
f 9407 9406 5178
f 5197 5178 9406
f 9406 9405 5197
f 5197 9405 9399
f 5199 5197 9399
f 9399 9400 5199
f 9400 9401 5199
f 5199 9401 5161
f 9459 5161 9401
f 9459 9401 4065
f 9459 9458 5161
f 5161 9458 5162
f 10518 5162 9458
f 10518 9458 3603
f 3603 3602 10518
f 3656 3603 9458
f 10518 10519 5162
f 9458 9459 3656
f 9401 9400 4065
f 9400 9399 4060
f 4060 4062 9400
f 4059 4060 9399
f 4060 4059 4061
f 9399 9405 4059
f 4058 4059 9405
f 3779 4058 9405
f 4058 3779 4056
f 4059 4058 4057
f 9405 9406 3779
f 3780 3779 9406
f 3779 3780 3781
f 9406 9407 3780
f 3900 3780 9407
f 3780 3900 4055
f 9457 9460 4053
f 10520 10517 5183
f 10520 5183 10521
f 4045 10517 10520
f 4046 4045 10520
f 5156 10521 5183
f 5154 5156 2689
f 5225 5154 2689
f 2689 2688 5225
f 5234 5225 2688
f 2688 2684 5234
f 5234 2684 5241
f 5230 5234 5241
f 2683 5241 2684
f 2147 2683 2684
f 2684 2686 2147
f 2145 2147 2686
f 2145 2686 2685
f 2145 2685 2680
f 2688 2680 2685
f 2145 2146 2147
f 2145 2682 2146
f 2683 2146 2682
f 2682 2449 2683
f 2449 5236 2683
f 5236 2449 5237
f 5235 5236 5237
f 5237 10523 5235
f 10528 5235 10523
f 10523 4000 10528
f 4000 3999 10528
f 3999 10527 10528
f 4021 10527 3999
f 3999 4020 4021
f 4023 4021 4020
f 4000 4014 4015
f 4014 4000 4017
f 4017 4019 4014
f 4017 4018 4019
f 3920 4003 3909
f 3920 3909 3647
f 7648 3920 3647
f 3647 10421 7648
f 7648 10421 7643
f 7647 7648 7643
f 7639 7647 7643
f 7639 7646 7647
f 3910 7647 7646
f 7646 4006 3910
f 4006 3917 3910
f 3916 3910 3917
f 4009 4008 4007
f 3915 4007 4008
f 7637 3915 4008
f 7637 10417 3915
f 3913 3915 10417
f 7632 10516 10417
f 7632 10515 10516
f 3913 3914 3915
f 4007 3915 3914
f 4008 4009 4006
f 7638 4008 4006
f 3911 4010 3912
f 3910 3911 3912
f 3920 3912 4010
f 3911 3910 3916
f 3917 4006 4009
f 4006 7646 7638
f 7647 3910 3912
f 3912 7648 7647
f 10476 7643 10421
f 10476 10421 10422
f 10422 10475 10476
f 10476 10475 5168
f 5168 2679 10476
f 2447 10476 2679
f 2498 2447 2679
f 2679 2532 2498
f 2513 2498 2532
f 2532 2679 2678
f 2678 2536 2532
f 2533 2532 2536
f 2536 2678 2677
f 2677 2135 2536
f 2535 2536 2135
f 2135 2677 2448
f 2448 2136 2135
f 2134 2135 2136
f 2136 2145 2134
f 2145 2136 2485
f 2449 2485 2136
f 2136 2448 2449
f 2677 5239 2448
f 5237 2448 5239
f 5239 2677 5167
f 5167 5166 5239
f 10530 5239 5166
f 10530 5166 10475
f 3907 10530 10475
f 3907 10475 3586
f 3605 3907 3586
f 3586 3588 3605
f 3908 3588 3587
f 3646 3908 3587
f 10422 3646 3587
f 3647 3646 10422
f 3646 3647 3570
f 3646 3570 3572
f 3646 3572 3908
f 3586 3587 3588
f 4013 3907 4012
f 4013 4012 3925
f 3927 4013 3925
f 3925 3926 3927
f 4016 3927 3926
f 3926 4018 4016
f 10529 3927 4016
f 4016 10523 10529
f 10529 10523 5239
f 4017 10523 4016
f 3927 10529 10530
f 10530 4013 3927
f 4011 3925 4012
f 3587 3586 10475
f 10530 3907 4013
f 5239 10530 10529
f 5166 5167 5168
f 2678 5167 2677
f 5167 2678 2679
f 2447 2498 2499
f 2447 2499 2446
f 2446 2122 2447
f 2122 7643 2447
f 7643 2122 2121
f 2121 2122 2123
f 2122 2446 2123
f 2041 2123 2446
f 2042 2446 2499
f 2514 2499 2498
f 2679 5168 5167
f 5168 10475 5166
f 3587 10475 10422
f 10476 2447 7643
f 10421 3647 10422
f 3912 3920 7648
f 3909 3570 3647
f 3920 4010 4003
f 4017 4016 4018
f 4015 4001 4000
f 4023 4025 4021
f 4024 4021 4025
f 3999 4001 4020
f 4021 10526 10527
f 5241 10527 10526
f 5241 5235 10527
f 3999 4000 4001
f 10523 4017 4000
f 10528 10527 5235
f 5237 5239 10523
f 5236 5235 5241
f 2448 5237 2449
f 2449 2682 2485
f 2145 2485 2682
f 2684 2685 2686
f 2683 2147 2146
f 5241 2683 5236
f 2685 2684 2688
f 5234 5230 5225
f 2680 2688 2689
f 5155 5154 5225
f 5154 5155 5156
f 5156 5155 9373
f 2689 2681 2680
f 2459 2460 2461
f 2461 2697 2459
f 2459 2697 1843
f 2461 1843 2697
f 1843 2461 2456
f 2145 2680 2681
f 2145 2690 2564
f 2145 2564 2565
f 2145 2565 2566
f 2145 2566 2562
f 2562 1746 2145
f 1746 2552 2145
f 2552 2546 2145
f 1746 2553 2552
f 1746 2562 2300
f 2301 2300 2562
f 2562 2560 2301
f 2562 2555 2560
f 2554 2560 2555
f 2554 2555 2108
f 2566 2108 2555
f 2555 2562 2566
f 2108 2566 2565
f 2108 2565 2687
f 2687 2534 2108
f 2109 2108 2534
f 2564 2687 2565
f 2687 2564 2690
f 1845 2459 1843
f 1843 1844 1845
f 2534 2687 2691
f 2452 1845 1844
f 2452 1844 2455
f 2450 2452 2451
f 2534 2563 2109
f 2108 2109 2110
f 2526 2527 2528
f 2110 2554 2108
f 2560 2554 2301
f 1744 2528 2549
f 2541 1744 2549
f 1746 2300 2301
f 1744 2541 1745
f 2723 2543 1746
f 2542 2541 2549
f 2553 1746 2543
f 2546 2552 2553
f 2544 2542 2548
f 2546 2545 2145
f 2522 2544 2547
f 2545 2524 2145
f 2523 2522 2547
f 2524 2520 2145
f 1764 2523 1765
f 2520 2521 2145
f 1763 1764 1765
f 2521 2529 2145
f 2051 1763 2052
f 2529 2525 2145
f 2050 2051 2052
f 2525 2540 2145
f 2010 2050 2053
f 2540 2517 2145
f 2009 2010 2011
f 2517 2518 2145
f 1781 2009 2045
f 2518 2531 2145
f 1780 1781 1782
f 2531 2530 2145
f 2530 2134 2145
f 2135 2134 2535
f 2536 2535 2533
f 2532 2533 2513
f 2498 2513 2514
f 2499 2514 2042
f 2042 2041 2446
f 2123 2041 1820
f 1820 1819 2123
f 2453 2123 1819
f 1780 2516 2113
f 1819 2454 2453
f 2123 2453 2121
f 7636 2512 2511
f 2121 7639 7643
f 7646 7639 7638
f 4008 7638 7637
f 2511 7630 7636
f 7637 7632 10417
f 7630 5173 7631
f 10477 7631 5173
f 5173 5175 10477
f 3923 10477 5175
f 10477 3923 10431
f 10477 10431 5813
f 5815 10477 5813
f 3693 10482 3694
f 3692 3693 3694
f 3692 3694 7616
f 10482 7616 3694
f 10482 5808 7616
f 7616 5808 5807
f 3923 10155 10479
f 10479 3785 3923
f 3687 3923 3785
f 3785 3688 3687
f 3686 3687 3688
f 10478 10514 3923
f 3686 10478 3687
f 3687 10478 3923
f 3923 7621 10155
f 7621 3923 7620
f 5806 7621 7620
f 7621 5806 10155
f 7620 5807 5806
f 10445 10419 7631
f 3585 3583 3582
f 3582 3583 3584
f 3585 10561 3583
f 795 10561 10560
f 3799 3792 10560
f 3792 3799 3794
f 3792 3794 3795
f 10430 5814 5813
f 10477 5815 10445
f 10430 5813 10431
f 3923 10514 10431
f 7631 10477 10445
f 3906 7632 3649
f 10419 10420 7631
f 3649 3905 3906
f 7632 3906 10515
f 3914 3913 3921
f 5828 800 5824
f 5845 973 3595
f 3829 974 5819
f 5820 5819 974
f 5820 974 5821
f 974 10496 5821
f 5821 10496 10498
f 5584 5578 976
f 5577 976 5572
f 975 5553 5562
f 5553 975 5554
f 977 5558 5557
f 5558 977 6002
f 978 5548 5547
f 5548 978 5552
f 5798 982 5869
f 4033 4036 9352
f 4031 4033 9352
f 10524 4029 4031
f 10525 4026 4029
f 4026 4027 4028
f 4021 4024 10526
f 4027 4026 10525
f 5241 10526 5230
f 4029 10524 10525
f 4031 9352 10524
f 5226 5225 5230
f 9356 9352 4036
f 5225 5226 5155
f 9356 4036 4038
f 4040 4038 4041
f 9374 9373 5155
f 4043 4040 4044
f 10522 5156 9373
f 10522 10521 5156
f 4046 10520 10521
f 4045 4046 4047
f 4045 4049 10517
f 4049 4051 9460
f 4051 4053 9460
f 4053 3901 9457
f 3901 3900 9407
f 3903 4055 3900
f 4055 3781 3780
f 3781 4056 3779
f 4056 4057 4058
f 4057 4061 4059
f 5716 831 5713
f 831 5698 5713
f 5712 831 5716
f 831 5712 5711
f 4061 4063 4060
f 4062 4060 4063
f 4062 4065 9400
f 4065 4074 9459
f 4074 3656 9459
f 3603 3656 3657
f 3657 3604 3603
f 3602 3603 3604
f 4080 4081 4082
f 3984 4081 3985
f 10519 10518 3602
f 10533 5203 10519
f 4080 3985 4081
f 10533 10532 5203
f 5203 10532 5201
f 4080 4086 4085
f 10534 5201 10532
f 4084 4085 4086
f 10534 10535 5201
f 5201 10535 5205
f 5205 5204 5201
f 5204 5205 5206
f 5206 5205 9353
f 10536 5206 9353
f 4091 10536 9353
f 4083 4091 9353
f 9353 10559 4083
f 4091 4094 10536
f 10537 10536 4094
f 4094 4095 10537
f 4095 10538 10537
f 10538 5221 10537
f 5206 10537 5221
f 5221 5210 5206
f 10538 10539 5221
f 5212 5221 10539
f 10540 5212 10539
f 10540 10539 3833
f 10540 3833 10541
f 3880 10540 10541
f 10542 10540 3880
f 4097 3833 10539
f 4097 10539 10538
f 4099 4097 10538
f 10538 4095 4099
f 4099 4095 4096
f 4095 4094 4093
f 4094 4091 4090
f 10536 10537 5206
f 10559 9353 5205
f 10559 5205 10535
f 4088 10559 10535
f 4088 3591 10559
f 4087 3591 4088
f 3591 4083 10559
f 4091 4083 4089
f 4089 4090 4091
f 4090 4093 4094
f 4093 4096 4095
f 4097 4099 4096
f 3833 4097 4098
f 3832 3833 3834
f 3832 10541 3833
f 10389 3880 10541
f 3880 10389 3878
f 3878 3879 3880
f 3879 3898 3880
f 3898 3899 3880
f 3899 3898 3821
f 3898 3879 3821
f 3821 3879 4971
f 3819 3821 4971
f 3848 3819 4971
f 3897 10543 5907
f 3819 3820 3821
f 3820 3899 3821
f 3880 3899 10542
f 5907 10543 5189
f 10540 10542 5212
f 5212 5211 5221
f 5221 5211 2390
f 2476 2390 5211
f 2390 2476 2473
f 5211 2477 2476
f 2476 2477 2474
f 5187 5188 5189
f 2477 2480 2484
f 5187 10545 10547
f 10546 10547 10545
f 2480 2486 2478
f 2486 2490 2402
f 10546 3856 10547
f 3846 3856 10546
f 10458 10459 10340
f 10458 10340 10342
f 10458 8003 10459
f 8003 10256 8004
f 10256 10254 8004
f 5690 5689 10254
f 10254 5689 6621
f 3859 3858 3860
f 3857 3858 3859
f 3864 3858 3857
f 4972 3860 3858
f 10254 6621 10268
f 10254 10255 8004
f 10312 8005 10255
f 10337 3858 3864
f 10312 10313 8005
f 5944 8006 10313
f 5944 10257 8006
f 10257 5944 6623
f 10257 6623 5936
f 10257 5936 5938
f 5938 10267 10257
f 10266 10257 10267
f 10266 10267 5697
f 10552 10266 5697
f 5700 10552 5697
f 5706 10328 5705
f 10328 5708 5705
f 10328 5927 5708
f 5927 10328 5688
f 5688 10328 5928
f 5696 5928 10343
f 10552 5696 10343
f 10552 10343 8008
f 5928 10328 10343
f 10328 8009 10343
f 10328 5706 5701
f 5703 10328 5701
f 5709 5702 10554
f 5924 10554 5702
f 5671 5663 10472
f 5671 10472 5926
f 10554 5925 5926
f 10472 10554 5926
f 10554 10472 5218
f 5218 10328 10554
f 5214 5218 10472
f 5214 10472 5209
f 10471 5209 10472
f 10471 10463 5209
f 5209 10463 5207
f 5207 5208 5209
f 5208 5207 5222
f 5222 5223 5208
f 5223 2482 5208
f 2482 5223 2483
f 5224 2483 5223
f 2483 5224 2503
f 2471 2483 2503
f 10464 2503 5224
f 10464 5224 10465
f 10464 10465 10466
f 10466 5397 10464
f 10467 10464 5397
f 5403 10467 5397
f 5397 5396 5403
f 5403 5396 5951
f 5647 5403 5951
f 5966 10469 5649
f 5649 10469 5644
f 10468 5645 5644
f 5403 5645 10468
f 10469 10468 5644
f 10469 8011 10468
f 10467 10468 8011
f 8011 2466 10467
f 5643 10469 5966
f 10469 5643 8012
f 8012 5643 5642
f 3708 3806 3706
f 3706 3707 3708
f 3805 3706 3806
f 3706 3805 784
f 3807 3805 3808
f 10461 785 10460
f 3805 10460 785
f 10461 10326 785
f 818 10326 10473
f 10473 3818 3813
f 3813 871 10473
f 3574 871 3813
f 3574 3813 3812
f 3812 3575 3574
f 3573 3574 3575
f 3573 3575 3597
f 3573 3597 3598
f 3573 3598 3888
f 870 3573 3888
f 3894 3888 3598
f 3881 3892 3893
f 3881 3893 3883
f 3883 3882 3881
f 3876 3881 3882
f 3882 3877 3876
f 3835 3876 3877
f 3826 3835 3836
f 3826 3836 3837
f 3826 3837 3827
f 3826 3827 3828
f 3828 868 3826
f 3827 3875 3828
f 867 3828 3875
f 3875 10555 867
f 867 10555 5894
f 5893 867 5894
f 867 5892 10556
f 10557 867 10556
f 867 5893 5892
f 3835 3826 868
f 3884 3887 3885
f 3884 3885 3886
f 5701 3884 10553
f 3887 3884 5706
f 3876 3835 868
f 3876 869 3881
f 3888 3881 869
f 3881 3888 3892
f 3894 3892 3888
f 3574 3573 870
f 3813 3816 3817
f 5672 10471 5919
f 5675 5919 10471
f 5675 10471 5662
f 5662 10471 5663
f 5672 5674 10471
f 5678 10471 5674
f 5676 10463 5678
f 5676 5679 10463
f 10463 5679 10462
f 5661 10462 5679
f 5654 10470 5661
f 5654 5653 10470
f 5651 10470 5653
f 5432 5433 5434
f 5433 10470 5434
f 5434 10470 5666
f 10470 5433 5222
f 5224 5222 5433
f 5224 5433 5438
f 5433 5432 5438
f 5916 5438 5432
f 5958 10465 5918
f 10465 5438 5918
f 10465 5958 5959
f 5955 10466 5959
f 5956 10466 5955
f 5957 10466 5956
f 10466 5953 5398
f 5953 10466 5957
f 5438 5915 5918
f 5438 5916 5915
f 5651 5666 10470
f 10470 10462 5661
f 10462 10470 5207
f 3817 3812 3813
f 3813 3818 3816
f 3805 3807 10460
f 5645 5403 5647
f 5396 5397 5398
f 5403 10468 10467
f 10467 2466 10464
f 2504 10464 2466
f 2502 2504 2466
f 5397 10466 5398
f 10466 10465 5959
f 5438 10465 5224
f 2503 10464 2504
f 2501 2503 2504
f 5223 5222 5224
f 5222 5207 10470
f 10462 5207 10463
f 10463 10471 5678
f 10471 10472 5663
f 5925 10554 5924
f 5709 10554 5703
f 10554 10328 5703
f 3884 5701 5706
f 5696 10552 5700
f 8008 10266 10552
f 8007 10257 10266
f 5942 6623 5944
f 5944 5939 5942
f 5939 5944 5940
f 865 3874 10300
f 10300 786 865
f 865 3869 3874
f 3874 3869 3873
f 3870 3869 865
f 10557 866 867
f 3828 867 868
f 3876 868 869
f 3888 869 870
f 3574 870 871
f 871 818 10473
f 818 785 10326
f 3805 785 784
f 3706 784 812
f 3707 3706 812
f 3709 3708 3707
f 3704 3703 749
f 3704 782 3928
f 3932 3928 782
f 3997 3932 782
f 3994 3997 827
f 3974 3994 827
f 3987 839 4385
f 4384 4385 839
f 5501 4384 839
f 3786 5501 789
f 3786 789 3787
f 3987 3986 839
f 3974 828 3975
f 823 787 828
f 823 1338 787
f 839 789 5501
f 789 788 791
f 3788 3935 3933
f 789 791 3790
f 3790 3787 789
f 8018 8017 5979
f 5974 8021 5973
f 8013 5973 8021
f 5973 8013 5727
f 8012 5642 5640
f 8013 8021 8010
f 10469 8012 8011
f 2466 8011 2465
f 2464 2466 2465
f 2466 2464 2502
f 2504 2502 2501
f 2503 2501 2472
f 2503 2472 2471
f 2483 2471 2500
f 2483 2500 2481
f 1893 2487 2497
f 1893 2491 2487
f 2488 2487 2491
f 1893 2394 2491
f 2492 2491 2394
f 1893 2395 2394
f 2393 2394 2395
f 1893 2493 2395
f 2495 2395 2493
f 1893 2398 2493
f 2494 2493 2398
f 2481 2482 2483
f 2489 2497 2487
f 2482 5209 5208
f 2487 2488 2489
f 5213 5214 5209
f 2491 2492 2488
f 5214 5213 5218
f 2394 2393 2492
f 10328 5218 8009
f 2395 2495 2393
f 8008 10343 8009
f 2493 2494 2495
f 8008 8007 10266
f 2398 2401 2494
f 2401 2398 2396
f 8007 8006 10257
f 2396 2397 2401
f 8005 10313 8006
f 8005 8004 10255
f 8003 8004 2496
f 2490 2496 2403
f 2403 2402 2490
f 2402 2478 2486
f 2478 2479 2480
f 2479 2484 2480
f 2484 2474 2477
f 2474 2475 2476
f 2475 2473 2476
f 2473 2391 2390
f 2390 5210 5221
f 5204 5206 5210
f 2423 2389 2400
f 2400 2422 2423
f 2422 2400 2399
f 2470 2422 2399
f 2426 2470 2399
f 2470 2426 2469
f 2422 2470 2469
f 5202 5201 5204
f 2469 2423 2422
f 2468 2469 2426
f 2426 2429 2468
f 2429 2428 2468
f 2428 2429 2426
f 2428 2426 2166
f 2425 2428 2166
f 2424 2425 2166
f 2167 2424 2166
f 2167 2430 2424
f 2430 2457 2424
f 2424 2463 2425
f 2425 2462 2428
f 5201 5202 5203
f 5203 5162 10519
f 2462 2468 2428
f 2462 2425 2463
f 5160 5161 5162
f 2463 2424 2457
f 5161 5160 5199
f 5198 5197 5199
f 2457 2430 2458
f 2151 2458 2430
f 5197 5198 5178
f 5176 5177 5178
f 2456 2461 5176
f 2151 2150 2458
f 2167 2151 2430
f 2456 2152 1843
f 1843 2455 1844
f 2455 2451 2452
f 2451 2431 2450
f 2431 2432 2105
f 2432 2435 2104
f 2435 2089 2065
f 2433 2167 2114
f 2090 2089 2442
f 2434 2433 2114
f 2090 1956 2441
f 2116 2434 2114
f 1956 1957 1958
f 2175 2176 1957
f 7677 2176 7678
f 7678 2132 8264
f 2126 2132 2133
f 2114 2115 2116
f 2149 2133 2381
f 2381 2420 2149
f 2166 2114 2167
f 2399 2166 2426
f 2374 2399 2400
f 2420 2381 2421
f 2420 2419 2149
f 2419 2417 2148
f 2417 2412 2411
f 2412 2415 2410
f 2415 2413 2416
f 2413 2409 2414
f 2409 2404 2408
f 2404 2367 2405
f 2365 2374 2375
f 2366 2365 2392
f 2367 2200 2387
f 2396 2366 2397
f 1893 2396 2398
f 2199 2200 2201
f 2199 2385 7702
f 2385 2380 7693
f 2379 2380 2378
f 2244 2378 2245
f 2244 2245 2246
f 2377 2246 2349
f 2347 2348 2349
f 2364 2347 2373
f 2372 1895 2192
f 2370 2364 2373
f 2218 2372 2192
f 2368 2370 2369
f 2368 2369 2357
f 2204 2357 2202
f 2203 2202 2363
f 2359 2363 2362
f 2344 2362 2274
f 2345 2274 2273
f 2352 2273 2355
f 2355 2356 2352
f 2275 2261 2247
f 2356 2350 2340
f 2341 2340 2350
f 2350 2351 2341
f 2351 2350 2354
f 2354 2353 2351
f 7971 2351 2353
f 8002 7971 2353
f 2353 2272 8002
f 2353 2354 2330
f 2327 1897 1896
f 2331 2327 2326
f 2270 2331 2326
f 2330 2272 2353
f 2271 2270 2323
f 2335 2271 2332
f 2334 2335 2332
f 7674 2334 2333
f 8002 2272 7681
f 7679 7674 7675
f 7680 7679 7675
f 7680 7703 7706
f 7703 7705 7706
f 7705 7703 7704
f 7703 7680 7685
f 8002 7681 8001
f 8002 8001 7972
f 7972 8001 7998
f 7998 8001 7999
f 7973 7998 7996
f 7984 7979 7995
f 7994 7997 7993
f 7988 7985 7991
f 7985 3305 7991
f 3305 3304 7984
f 7979 7984 3026
f 3002 7979 3026
f 7979 3002 3001
f 3028 7979 3001
f 7979 3028 3027
f 7977 7995 7979
f 7995 7977 7975
f 7996 7975 7973
f 7998 7973 7972
f 7972 7971 8002
f 7968 2351 7971
f 7969 7970 7974
f 7968 2341 2351
f 2340 2341 2342
f 2711 2342 7966
f 7964 7967 7969
f 10209 7966 7965
f 10207 7965 7962
f 7964 7969 7963
f 7961 7963 7976
f 7960 10207 7962
f 10208 7960 7958
f 7961 7976 7959
f 7978 7955 7959
f 10208 7958 7957
f 7910 10208 7957
f 7910 7957 7906
f 7957 3006 7906
f 7957 3004 3006
f 7957 3014 3004
f 3014 7957 3015
f 7957 3307 3015
f 7955 3009 3008
f 7955 2997 2996
f 7910 7906 7905
f 7910 7905 7909
f 7893 7895 7912
f 7893 7912 7904
f 7893 7904 7902
f 7894 7901 7895
f 7893 7894 7895
f 7910 7909 7911
f 7917 10208 7910
f 7791 7893 7907
f 7916 10206 7917
f 7761 8261 7916
f 7787 7762 7761
f 7787 7786 7764
f 7907 7785 7791
f 7786 7891 7892
f 7903 7907 7893
f 7902 7903 7893
f 7900 7896 7891
f 7896 7897 7891
f 3745 3744 3746
f 3747 3746 3744
f 3747 3744 1357
f 3739 1357 3744
f 3744 3743 3739
f 1346 1357 3739
f 1346 3739 3731
f 3731 3733 1346
f 3730 1346 3733
f 3733 3734 3730
f 3729 3730 3734
f 3728 3725 3729
f 3727 3725 3728
f 4919 3725 3727
f 3724 3725 3726
f 3725 3724 3599
f 3599 747 3725
f 810 3725 747
f 747 949 810
f 952 810 949
f 952 949 6173
f 952 6173 4341
f 4341 953 952
f 953 4341 5913
f 5913 5912 953
f 953 5912 5911
f 953 5911 3895
f 3895 948 953
f 948 810 953
f 811 810 948
f 811 948 10346
f 811 10346 10347
f 811 10347 4310
f 4310 809 811
f 809 4310 10348
f 809 10348 10349
f 809 10349 3815
f 3815 889 809
f 889 810 809
f 814 810 889
f 5950 814 889
f 889 6158 5950
f 5756 814 5754
f 814 5756 5881
f 814 5881 5767
f 814 5767 5766
f 814 5766 813
f 5791 813 5766
f 875 5891 5890
f 825 875 5890
f 825 810 875
f 875 810 813
f 875 813 5809
f 813 5804 5809
f 5805 813 5793
f 813 5805 5804
f 824 810 825
f 824 825 826
f 826 878 824
f 1335 824 878
f 1336 1335 878
f 878 881 1336
f 881 886 1336
f 1329 1336 886
f 886 885 1329
f 885 840 1329
f 1330 1329 840
f 1330 840 884
f 1324 1330 884
f 884 854 1324
f 1325 1324 854
f 854 888 1325
f 888 1323 1325
f 1323 888 947
f 10350 1323 947
f 947 1617 10350
f 10350 1617 10351
f 10351 1337 10350
f 1337 10351 1331
f 1337 1331 1330
f 10364 1331 10351
f 10351 1616 10364
f 1658 10364 1616
f 1659 1658 1616
f 1616 1615 1659
f 1615 2169 1659
f 2168 1659 2169
f 1908 2168 2169
f 2169 2269 1908
f 1909 1908 2269
f 2269 2699 1909
f 1909 2699 5248
f 5248 10066 1909
f 1910 1909 10066
f 2212 1910 10066
f 10066 9978 2212
f 9978 9975 2212
f 1891 2212 9975
f 2171 1891 9975
f 9975 9976 2171
f 9976 9975 10069
f 10069 10067 9976
f 10067 10068 9976
f 10077 9976 10068
f 10077 10068 10036
f 10036 10035 10077
f 10035 10036 4079
f 4079 4122 10035
f 10026 10035 4122
f 4122 4123 10026
f 10025 10026 4123
f 4309 10025 4123
f 4126 4309 4123
f 4125 4126 4123
f 4123 4124 4125
f 4078 4124 4122
f 4077 4078 4079
f 4079 4068 4077
f 4130 4077 4068
f 4068 4067 4130
f 4132 4130 4067
f 4067 4131 4132
f 4133 4132 4131
f 4131 4134 4133
f 4136 4133 4134
f 4134 4135 4136
f 4137 4136 4135
f 4135 4158 4137
f 4156 4137 4158
f 4158 4157 4156
f 4155 4156 4157
f 4157 4152 4155
f 4153 4155 4152
f 4152 4138 4153
f 4154 4153 4138
f 4138 4140 4154
f 4159 4150 4151
f 4151 3782 4159
f 3784 4159 3782
f 3782 3783 3784
f 4163 4146 4145
f 4145 4142 4163
f 4145 4143 4142
f 4141 4142 4143
f 10061 4143 10062
f 10061 10062 10391
f 10451 10061 10391
f 10451 10391 10450
f 4164 4165 4166
f 4169 4165 4167
f 4167 4168 4169
f 4177 4169 4168
f 4171 4172 4173
f 4173 4178 4171
f 4178 4281 4179
f 4281 4178 10085
f 4281 10085 10395
f 4281 10395 10396
f 10396 10395 10406
f 10406 10404 10396
f 4275 10405 10051
f 10051 4276 4275
f 4274 4275 4276
f 4276 4280 4274
f 4276 10052 10402
f 6148 10050 6146
f 10051 10050 6148
f 10050 10051 5245
f 10050 5245 10399
f 10399 6147 10050
f 10448 10399 5245
f 5245 1906 10448
f 1905 10448 1906
f 10448 1905 5196
f 1906 5245 2281
f 2283 1906 2281
f 2281 2282 2283
f 2131 2283 2282
f 2282 2700 2131
f 2700 1647 2131
f 1647 2700 1665
f 1647 1665 1664
f 1664 1644 1647
f 1646 1647 1644
f 1664 900 1644
f 1644 900 905
f 1644 905 1645
f 10398 1645 905
f 905 1307 10398
f 1278 10398 1307
f 1278 1307 1308
f 1308 1279 1278
f 1277 1278 1279
f 1279 1308 929
f 929 906 1279
f 1279 906 907
f 1279 907 1293
f 919 1293 907
f 907 738 919
f 919 738 918
f 918 738 916
f 1412 918 916
f 916 913 1412
f 916 738 913
f 913 738 912
f 912 1410 913
f 912 911 1410
f 912 738 911
f 911 738 910
f 1379 911 910
f 910 737 1379
f 910 738 737
f 919 918 1293
f 906 738 907
f 797 738 906
f 751 738 797
f 797 898 751
f 3937 751 898
f 3937 898 5581
f 5581 10416 3937
f 3936 3937 3938
f 4263 4195 6137
f 4195 751 6137
f 6135 6137 751
f 6136 6135 751
f 6141 6136 751
f 4195 752 751
f 4195 4218 752
f 752 4218 5833
f 5833 928 752
f 738 752 928
f 921 738 928
f 921 928 6117
f 6117 5835 921
f 904 921 5835
f 904 5835 5834
f 5834 5837 904
f 6142 904 5837
f 6129 904 6130
f 4162 904 6129
f 4162 903 904
f 903 738 904
f 923 738 903
f 4184 923 903
f 4184 903 6138
f 4183 4184 4185
f 4225 4184 4183
f 6109 6111 923
f 6109 923 6112
f 10434 923 6111
f 10435 10434 6111
f 10434 4255 4254
f 922 10434 4254
f 10412 922 4254
f 6105 10411 10413
f 6105 6104 922
f 6104 920 922
f 920 738 922
f 851 738 920
f 850 738 851
f 4238 850 851
f 4244 4238 851
f 4246 4244 851
f 4238 4235 850
f 4235 925 850
f 4235 4238 4236
f 925 738 850
f 6106 920 6104
f 920 6106 5564
f 920 5564 5566
f 10433 920 5566
f 922 10411 6105
f 10411 922 10412
f 4253 4254 4255
f 4258 10426 7628
f 4258 7628 4200
f 4258 4200 4199
f 4199 4200 4201
f 4226 4227 4228
f 4228 4256 4226
f 4204 4226 4256
f 7619 4204 4256
f 7618 7619 4256
f 3940 3941 3690
f 3691 3690 3941
f 3689 3690 3691
f 3691 4921 3689
f 3940 7626 3941
f 3941 7626 7619
f 10428 4256 4228
f 4256 10428 10427
f 4256 10427 10429
f 7627 4256 10429
f 7627 10429 4200
f 10429 4224 4200
f 4227 10428 4228
f 4224 4201 4200
f 7628 10426 10418
f 7628 10418 3796
f 3796 3797 3798
f 7629 3796 3798
f 4260 3798 3797
f 4259 4257 4222
f 4222 3798 4259
f 3798 4222 4262
f 7633 3798 4262
f 4222 7633 4262
f 4223 4222 4257
f 4221 4222 4223
f 4268 3945 4261
f 4267 4268 4261
f 7644 4267 4261
f 4261 7645 7644
f 4267 7644 4264
f 4264 4266 4267
f 4266 4264 4265
f 4265 4264 4219
f 4220 4219 4264
f 7634 4220 4264
f 7634 4222 4220
f 4219 4220 4221
f 7640 4264 7644
f 4268 4267 4266
f 3944 4261 3945
f 3944 3945 3946
f 3944 3946 4190
f 4189 3944 4190
f 4189 4198 4197
f 4196 4197 4198
f 4196 4198 4202
f 4196 4202 4203
f 7650 4196 4203
f 4203 7624 7650
f 7624 4203 4216
f 4216 10442 7624
f 10443 7624 10442
f 10442 10444 10443
f 7622 6125 6124
f 7622 6124 6123
f 7622 6123 6122
f 10446 7622 6122
f 10446 6122 4205
f 4205 10399 10446
f 10446 10399 5196
f 4210 10399 4205
f 4210 4205 4215
f 4210 4215 4208
f 4208 4209 4210
f 4205 4206 4207
f 4211 4207 4206
f 4206 4205 10447
f 897 10409 10410
f 10410 10414 897
f 10414 6108 897
f 898 897 6108
f 6108 6144 898
f 6144 10415 898
f 898 10415 6107
f 6107 5582 898
f 10409 897 10408
f 4270 10408 4271
f 4269 4270 4271
f 4271 931 6102
f 6145 6102 931
f 931 6103 6145
f 6103 931 10407
f 4249 4231 6004
f 4231 932 6004
f 6004 932 6005
f 6006 4242 4273
f 4273 4242 4272
f 933 10397 9480
f 4242 933 9480
f 4242 932 933
f 797 933 932
f 797 932 931
f 797 931 897
f 797 799 933
f 797 798 799
f 799 798 6100
f 6099 799 6100
f 3961 3960 6098
f 3960 799 6098
f 3960 10397 799
f 3960 3961 3962
f 3960 3962 4181
f 3960 4181 4182
f 830 6097 6100
f 6097 830 6096
f 6128 842 5885
f 842 6092 5885
f 842 5886 6092
f 842 6087 5886
f 5635 841 5633
f 5633 841 6084
f 877 5960 6079
f 879 877 6079
f 879 6079 5967
f 5969 879 5967
f 879 5970 5972
f 6023 879 5972
f 880 6083 6086
f 841 880 6086
f 886 880 841
f 880 879 6083
f 879 880 881
f 879 6025 6083
f 6025 879 6023
f 5970 879 5969
f 881 877 879
f 877 876 5960
f 876 5961 5960
f 5962 876 5923
f 876 5921 5923
f 5990 826 6078
f 826 5778 6078
f 6167 825 6073
f 6073 825 5889
f 825 6167 6074
f 826 6074 5659
f 3990 3991 3992
f 3992 4284 3990
f 3990 4284 10365
f 10365 10366 3990
f 4309 3990 10366
f 10366 10365 5258
f 10366 5258 10025
f 5263 10025 5258
f 5258 10365 5259
f 10367 5259 10365
f 10367 10368 5259
f 4286 10368 10367
f 4284 4286 10367
f 4286 4284 4308
f 4285 4289 4284
f 4286 4287 4288
f 4291 4288 4287
f 4287 4290 4291
f 4307 4291 4290
f 6163 10369 6164
f 6164 10369 10080
f 10080 10081 6164
f 10081 10080 5260
f 10081 5260 10368
f 4288 10081 10368
f 5261 5260 10080
f 10369 5261 10080
f 5261 10369 5220
f 5220 5219 5261
f 10370 5220 10369
f 10370 10369 4294
f 4294 4295 10370
f 4295 4297 10370
f 4297 10378 10370
f 4297 10377 10378
f 6157 10378 10377
f 10376 6157 6156
f 6156 5964 10376
f 5963 10376 5964
f 10372 10371 5963
f 10371 10372 6153
f 10374 10371 6153
f 10374 6153 6152
f 6152 6154 10374
f 6154 6155 10374
f 10382 10374 6155
f 10382 6155 10386
f 4104 10382 10386
f 10291 4104 10386
f 10386 10384 10387
f 4112 3895 4113
f 3889 3895 4112
f 3891 3895 3889
f 3889 3890 3891
f 3891 3890 10453
f 3891 10453 948
f 4311 4312 4310
f 3809 4310 4312
f 3811 4310 3809
f 3814 3815 3810
f 3815 3814 4304
f 4303 4304 3814
f 889 4304 6160
f 6159 889 6160
f 4292 4293 4294
f 4295 4293 4296
f 10381 10375 10380
f 10381 10372 10375
f 10381 10373 10372
f 4305 10369 6162
f 10369 4305 4292
f 4292 4305 4306
f 4340 4341 4342
f 10290 4100 4104
f 4102 4104 4100
f 4102 4101 4104
f 4100 4101 4102
f 4103 4104 4101
f 10388 4104 4103
f 4103 4110 10388
f 4110 10287 10388
f 10287 10249 10388
f 10287 10454 10249
f 10284 10454 10287
f 10284 10287 10286
f 10285 10284 10286
f 4377 4375 4374
f 4377 4374 10455
f 4377 10455 10345
f 10345 10454 4377
f 10345 10250 10454
f 10281 10250 10345
f 10281 10345 10344
f 10283 10281 10344
f 4374 10283 10457
f 4374 10282 10283
f 10279 10281 10282
f 10280 10281 10279
f 10278 10280 10279
f 10277 10280 10276
f 10265 10280 10277
f 10265 6624 10253
f 10253 10280 10265
f 10258 6624 6626
f 6626 10273 10258
f 4369 4316 10272
f 4316 10259 10272
f 4369 4314 4316
f 4314 4315 4316
f 4974 4316 4315
f 6190 6188 10311
f 6190 4316 6189
f 4316 6190 10309
f 6187 10311 6188
f 6187 10260 10311
f 6076 10260 6187
f 6076 6075 10260
f 6075 10338 10260
f 10260 10338 6077
f 6077 6628 10260
f 10261 10260 6628
f 10261 6628 10270
f 10270 6630 10261
f 6630 6629 10261
f 6629 6185 10261
f 10271 10261 6185
f 6185 6184 10271
f 6184 6252 10271
f 6182 10271 6252
f 6183 10308 6182
f 6183 6170 10308
f 6170 6181 10308
f 10332 10308 6181
f 6181 6186 10332
f 10307 10332 6186
f 5935 10307 6186
f 5934 5933 10307
f 10307 5933 6228
f 6230 10307 6228
f 10298 6232 6225
f 6225 6234 10298
f 6234 6233 10298
f 6227 10298 6233
f 4335 4338 4336
f 4335 4339 4338
f 4339 4335 5933
f 4114 4115 4116
f 4114 4116 4118
f 4118 1145 4114
f 4344 4114 1145
f 4344 1145 1146
f 4344 1146 1147
f 4344 1147 3615
f 3615 4347 4344
f 4347 4346 4344
f 4346 4345 4344
f 4348 4349 4350
f 4349 4348 10325
f 1149 6176 6175
f 1148 1149 6175
f 745 1149 1148
f 745 1148 1147
f 4348 1147 1148
f 745 1150 1149
f 10322 1149 1150
f 10322 1150 6201
f 1150 6203 6202
f 1150 10321 6203
f 3802 3803 3804
f 3804 4351 3802
f 3804 4352 4351
f 4352 1152 4354
f 4355 4354 1152
f 4357 4355 1152
f 1152 6241 4357
f 4358 6243 1153
f 1153 4325 4358
f 4327 4358 4325
f 4325 4326 4327
f 4325 4359 4326
f 4359 4325 1153
f 1152 1153 6243
f 6242 1152 6243
f 745 1153 1152
f 745 1152 1151
f 745 1154 1153
f 4355 4356 4353
f 1152 6242 6241
f 4355 4357 4356
f 4353 4354 4355
f 4352 1151 1152
f 9645 6220 6218
f 6220 9645 6226
f 6222 6226 10324
f 6223 6222 10324
f 10324 10298 6223
f 10298 10324 5276
f 5276 10307 10298
f 5269 5276 10324
f 5269 10324 5270
f 9645 5270 10324
f 9645 10126 5270
f 10126 9645 6206
f 10126 6206 6208
f 10126 6208 10127
f 10127 5267 10126
f 6240 10127 6208
f 4330 4329 9646
f 9644 4330 9646
f 6238 9644 9646
f 9643 6238 6206
f 6238 9643 9644
f 9643 9645 9644
f 4330 9644 9645
f 4330 9645 6238
f 6238 9645 6217
f 4328 4329 4330
f 10127 6240 10323
f 9645 9643 6206
f 9645 10324 6226
f 6217 9645 6218
f 4352 3804 1151
f 3804 1150 1151
f 3804 3803 10321
f 3804 10321 1150
f 6201 1150 6202
f 1149 10322 10327
f 745 1151 1150
f 6174 1148 6175
f 10327 6176 1149
f 1148 6174 10325
f 1148 10325 4348
f 4350 3616 4348
f 3615 4348 3616
f 3615 3616 3617
f 3615 3617 4347
f 4348 3615 1147
f 745 1147 1146
f 745 1146 1145
f 745 1145 1144
f 745 1144 1143
f 745 1143 1142
f 745 1142 746
f 745 746 747
f 747 746 753
f 747 753 956
f 951 747 956
f 3867 951 956
f 956 4317 3867
f 1142 6237 6236
f 6236 6235 746
f 4322 746 6235
f 4322 4321 746
f 4370 746 4321
f 746 6180 5895
f 5897 746 5895
f 746 5897 6254
f 746 6254 10306
f 10305 746 10306
f 753 10305 10304
f 10304 6177 753
f 753 6177 6071
f 753 6071 6070
f 6255 753 6070
f 4371 4318 6255
f 4318 4371 4372
f 4319 4318 4372
f 4317 4318 4319
f 4318 753 6255
f 4370 6180 746
f 4320 4321 4322
f 4322 4324 4320
f 6235 4323 4322
f 10293 6237 1142
f 1142 4343 10293
f 4322 4323 4324
f 3865 3866 3867
f 3866 950 3867
f 3866 955 950
f 955 747 950
f 954 747 955
f 954 955 6179
f 954 6179 6178
f 954 6178 5759
f 10295 954 5759
f 4107 4313 4105
f 4105 4106 4107
f 4106 10294 4107
f 954 4107 10294
f 10294 949 954
f 949 10294 6256
f 949 6256 6171
f 949 6171 6172
f 949 6172 6067
f 949 6067 6066
f 4376 4374 4373
f 3868 5757 955
f 4107 10295 4313
f 954 10295 4107
f 955 5757 6179
f 955 3866 3868
f 3868 3866 3865
f 956 4318 4317
f 951 3867 950
f 950 747 951
f 4318 956 753
f 10305 753 746
f 1142 6236 746
f 4343 1142 1143
f 4118 4343 1143
f 4343 4118 4117
f 4118 1143 1144
f 4114 4344 4345
f 4118 1144 1145
f 4114 4345 4115
f 4116 4117 4118
f 4335 4336 4337
f 4337 10329 4335
f 6228 4335 10329
f 6223 10298 6227
f 10298 6230 6232
f 10298 10307 6230
f 4335 6228 5933
f 5935 5934 10307
f 10307 5274 10332
f 5273 10332 5274
f 10308 10332 5273
f 5273 10271 10308
f 10271 5273 5275
f 6182 10308 10271
f 5275 10261 10271
f 10260 10261 10262
f 4974 6189 4316
f 10274 10272 10259
f 10273 10274 10259
f 10280 10278 10276
f 10280 10251 10281
f 10281 10283 10282
f 10345 10456 10344
f 10345 10455 10456
f 4374 10457 10455
f 4373 4374 4375
f 10287 10288 10286
f 10284 4377 10454
f 10287 4110 10288
f 10289 10288 4110
f 4109 4110 4103
f 4111 4110 4109
f 4108 4110 4111
f 4104 10388 5271
f 4108 10289 4110
f 10383 10385 10386
f 10384 10386 10385
f 10290 4104 10291
f 4104 5271 10382
f 5271 5216 10382
f 10383 10386 6155
f 5216 10374 10382
f 10374 5216 10371
f 5215 10371 5216
f 10376 10371 5215
f 10378 10376 5215
f 5215 5220 10378
f 10373 6153 10372
f 10371 10376 5963
f 10376 10378 6157
f 10377 4297 10379
f 4296 4297 4295
f 4295 4294 4293
f 4292 4294 10369
f 10370 10378 5220
f 10369 6163 6162
f 4307 6164 10081
f 4291 4307 10081
f 4288 4291 10081
f 4289 4308 4284
f 4288 10368 4286
f 10367 10365 4284
f 4284 3992 4285
f 3990 4309 3991
f 826 5659 5778
f 6089 826 5990
f 826 6089 5921
f 876 826 5921
f 876 5962 5961
f 876 877 878
f 6084 841 6086
f 841 5635 5750
f 842 841 5750
f 840 841 842
f 842 5750 6087
f 6000 842 6128
f 887 842 6000
f 6040 887 6000
f 887 6040 5621
f 6166 887 5621
f 890 5816 5818
f 890 5818 5863
f 5863 6093 890
f 890 6093 6088
f 891 890 6088
f 891 6088 5870
f 891 5870 5860
f 5860 830 891
f 829 891 830
f 829 830 798
f 830 5860 6091
f 830 6091 6090
f 829 890 891
f 888 890 829
f 829 893 888
f 829 892 893
f 892 1663 893
f 1661 893 1663
f 1662 1661 1663
f 1663 1665 1662
f 1665 2707 1662
f 1662 2707 1660
f 2267 1660 2707
f 2268 2267 2707
f 2707 2702 2268
f 2704 2268 2702
f 2702 2703 2704
f 2704 2703 5253
f 5253 5227 2704
f 5227 5247 2704
f 2699 2704 5247
f 5229 5247 5227
f 5227 5228 5229
f 5229 5228 10390
f 10391 5229 10390
f 10391 10390 10392
f 10393 10391 10392
f 10390 10449 10392
f 4164 10392 10449
f 4167 4164 10449
f 10449 10059 4167
f 10449 5228 10059
f 5253 10059 5228
f 10058 10059 5253
f 5253 5246 10058
f 10084 10058 5246
f 10085 10084 5246
f 10084 10085 4173
f 10084 4173 4175
f 10084 4175 10058
f 4175 10079 10058
f 10079 10078 10058
f 10058 10078 4168
f 4174 10079 4175
f 10059 10058 4168
f 10449 10390 5228
f 5247 5229 5248
f 5229 10062 5248
f 10452 5248 10062
f 10452 10024 5248
f 4145 10024 10452
f 4145 4144 10024
f 10023 10024 4144
f 4144 3782 10023
f 10024 10023 10066
f 10023 10038 10066
f 4151 10038 10023
f 4151 4139 10038
f 10037 10038 4139
f 4139 4138 10037
f 10038 10037 9978
f 10037 10076 9978
f 4152 10076 10037
f 5228 5227 5253
f 5246 5253 2703
f 2703 2284 5246
f 5244 5246 2284
f 2284 2281 5244
f 2286 2281 2284
f 2284 2285 2286
f 2700 2286 2285
f 2285 2707 2700
f 5244 5243 5246
f 10395 5246 5243
f 5243 10051 10395
f 5243 5244 5245
f 2285 2284 2703
f 2703 2702 2285
f 2268 2704 2699
f 2707 2285 2702
f 2267 2268 2269
f 2169 1660 2267
f 1661 1662 1660
f 1660 1617 1661
f 1617 1660 1615
f 893 1661 947
f 901 1663 892
f 1663 901 1664
f 829 901 892
f 829 797 901
f 901 797 900
f 899 900 797
f 797 929 899
f 899 929 1356
f 899 1356 905
f 888 856 890
f 5816 890 856
f 5816 856 5817
f 856 5880 5817
f 856 5847 5880
f 856 855 5847
f 854 855 856
f 855 5620 5847
f 855 887 5620
f 887 855 884
f 887 6165 5620
f 6165 887 6166
f 884 842 887
f 830 6090 6096
f 6099 6098 799
f 798 830 6100
f 798 797 829
f 799 10397 933
f 10397 3960 4182
f 9480 9481 4242
f 9481 4182 4242
f 4242 4182 4243
f 4243 4272 4242
f 4242 6006 932
f 932 6006 6005
f 4231 931 932
f 4231 4249 4229
f 4229 4230 4231
f 4230 10407 4231
f 931 4231 10407
f 4271 897 931
f 897 4271 10408
f 10399 4210 4209
f 6122 10447 4205
f 10446 5196 7622
f 5195 7622 5196
f 5195 7623 7622
f 6125 7622 7623
f 7623 6126 6125
f 7623 7624 6126
f 7625 6126 7624
f 10443 7625 7624
f 4202 4216 4203
f 4197 4196 7650
f 4197 7650 10441
f 10441 6120 4197
f 4197 6120 3944
f 3944 6120 6119
f 3944 6119 7649
f 6119 6121 7649
f 7649 6121 10441
f 3944 4189 4197
f 4261 3944 7649
f 4193 4194 4195
f 4217 4218 4194
f 4222 4221 4220
f 4259 3798 4260
f 10434 922 923
f 6112 4184 4225
f 4191 4162 4192
f 4161 4192 4162
f 4160 4161 4162
f 4191 6113 4162
f 903 6113 6139
f 6139 6138 903
f 923 4184 6112
f 922 738 923
f 4162 6113 903
f 4160 4162 6129
f 6142 6130 904
f 6117 928 6118
f 904 738 921
f 928 5833 6118
f 4195 4194 4218
f 4195 4263 4193
f 6141 3937 3936
f 5582 5581 898
f 3937 6141 751
f 797 897 898
f 738 751 752
f 797 906 929
f 1308 1356 929
f 1356 1308 1307
f 1277 10398 1278
f 1307 905 1356
f 7653 1645 10398
f 905 900 899
f 900 1664 901
f 1663 1664 1665
f 2707 1665 2700
f 2700 2282 2286
f 2131 2155 2283
f 2281 2286 2282
f 1906 2283 2155
f 1906 2155 1904
f 5244 2281 5245
f 10448 5196 10399
f 10051 5243 5245
f 6147 6146 10050
f 10051 6148 10052
f 10399 10401 6147
f 4276 10402 10403
f 10400 10401 10399
f 4209 10400 10399
f 4280 4276 10403
f 10051 10052 4276
f 10051 10405 10406
f 10395 10051 10406
f 5246 10395 10085
f 4178 4179 4180
f 4178 4173 10085
f 4175 4173 4172
f 4172 4176 4175
f 4174 4175 4176
f 10059 4168 4167
f 4164 4167 4165
f 10391 10393 10450
f 10391 10062 5229
f 4143 10452 10062
f 4143 4145 10452
f 4144 4145 4146
f 4146 3783 4144
f 3782 4144 3783
f 3782 4151 10023
f 4139 4151 4150
f 4150 4140 4139
f 4138 4139 4140
f 4138 4152 10037
f 4152 4157 10076
f 10074 10076 4157
f 10076 10074 9975
f 4157 4158 10074
f 4158 4135 10074
f 10069 10074 4135
f 4135 4134 10069
f 4134 4131 10067
f 4131 4067 10067
f 4067 4068 4069
f 4069 10068 4067
f 4069 4068 10036
f 4126 3991 4309
f 4309 10366 10025
f 10026 10025 5263
f 4123 4122 4124
f 10026 5263 10035
f 4122 4079 4078
f 4068 4079 10036
f 4069 10036 10068
f 10068 10067 4067
f 10067 10069 4134
f 10074 10069 9975
f 1890 2212 1891
f 1890 1891 1892
f 2212 1890 2211
f 2168 2211 1890
f 1890 2277 2168
f 9975 9978 10076
f 10038 9978 10066
f 2211 1910 2212
f 1910 2211 1908
f 5248 10024 10066
f 5247 5248 2699
f 2699 2269 2268
f 1908 1909 1910
f 2269 2169 2267
f 2168 1908 2211
f 2277 1659 2168
f 1659 2277 1632
f 1660 2169 1615
f 1615 1616 1617
f 1658 1659 1632
f 1632 1626 1658
f 1626 10363 1658
f 10363 1626 10362
f 10362 1332 10363
f 10363 1332 10364
f 1332 10362 1333
f 1332 1333 1336
f 10361 1333 10362
f 10362 1625 10361
f 1333 10361 1334
f 1333 1334 1335
f 1348 1335 1334
f 1334 1341 1348
f 1348 1341 946
f 1348 946 894
f 1348 894 824
f 810 894 946
f 810 946 945
f 810 945 944
f 810 944 943
f 810 943 942
f 810 942 941
f 810 941 940
f 810 940 939
f 810 939 938
f 810 938 937
f 810 937 935
f 810 935 936
f 1346 810 936
f 935 1346 936
f 1346 935 1317
f 1345 1346 1317
f 1317 1316 1345
f 1345 1316 10353
f 10353 10354 1345
f 1347 1345 10354
f 10354 10355 1347
f 1358 1347 10355
f 10355 10248 1358
f 1359 1358 10248
f 10248 10247 1359
f 1361 1359 10247
f 1361 1357 1359
f 1360 1357 1361
f 1360 1361 10246
f 1362 1357 1360
f 1362 1360 10245
f 1350 1357 1362
f 1350 1362 10244
f 1357 1350 1349
f 1349 896 1357
f 895 1357 896
f 895 896 783
f 934 783 896
f 927 783 934
f 1314 927 934
f 1314 934 1349
f 1349 1315 1314
f 1313 1314 1315
f 1313 1315 10242
f 1314 1313 1321
f 1321 874 1314
f 874 1321 873
f 1322 1321 1313
f 1322 1313 10216
f 927 1314 874
f 874 783 927
f 895 783 1357
f 896 1349 934
f 1315 1349 1350
f 1315 1350 10243
f 1346 1358 1359
f 10248 10355 1679
f 1346 1347 1358
f 10355 10354 1641
f 10354 10353 1678
f 10352 10353 1316
f 1316 1344 10352
f 10356 10352 1344
f 1344 1352 10356
f 10357 10356 1352
f 1352 1354 10357
f 10358 10357 1354
f 1354 10359 10358
f 10358 10359 1668
f 1342 10359 1354
f 1343 1342 1354
f 1354 1353 1343
f 1353 943 1343
f 1342 1343 1341
f 1343 944 1341
f 10360 10359 1342
f 1334 10360 1342
f 1666 10359 10360
f 10361 1666 10360
f 10357 10358 1670
f 1353 1354 1352
f 1352 1351 1353
f 1351 940 1353
f 940 1351 1318
f 1344 1318 1351
f 10356 10357 1672
f 1351 1352 1344
f 10352 10356 1674
f 1318 1344 1316
f 10353 10352 1676
f 1316 1317 1318
f 1318 1317 938
f 1346 1345 1347
f 937 1317 935
f 937 938 1317
f 1318 938 939
f 1318 939 940
f 941 1353 940
f 1353 941 942
f 1353 942 943
f 943 944 1343
f 945 1341 944
f 945 946 1341
f 1341 1334 1342
f 10360 1334 10361
f 1625 10362 1626
f 1626 1632 1624
f 10364 1658 10363
f 10364 1332 1331
f 1331 1332 1329
f 1616 10351 1617
f 1617 947 1661
f 1323 10350 1337
f 1323 1337 1324
f 888 893 947
f 856 888 854
f 1323 1324 1325
f 854 884 855
f 1330 1324 1337
f 842 884 840
f 1329 1330 1331
f 841 840 885
f 841 885 886
f 1336 1329 1332
f 886 881 880
f 881 878 877
f 1335 1336 1333
f 1348 824 1335
f 878 826 876
f 826 825 6074
f 810 824 894
f 5891 875 5809
f 5889 825 5890
f 5793 813 5791
f 889 6159 6158
f 5754 814 5950
f 813 810 814
f 4304 889 3815
f 10349 3810 3815
f 4310 3811 10348
f 10347 4311 4310
f 948 10453 10346
f 809 810 811
f 3895 3891 948
f 4341 4340 5913
f 6173 10292 4341
f 949 6066 6173
f 953 810 952
f 949 747 954
f 3725 810 3730
f 745 747 3599
f 745 3599 3601
f 745 3601 3658
f 745 3658 3660
f 745 3660 3664
f 745 3664 3666
f 745 3666 3668
f 745 3668 3670
f 745 3670 3673
f 745 3673 3675
f 7019 745 3675
f 7013 745 7018
f 7012 745 7013
f 7029 745 7012
f 7030 745 7031
f 7033 745 7030
f 3662 3601 3600
f 3661 3601 3662
f 3659 3658 3661
f 3663 3660 3659
f 3665 3664 3663
f 3671 3666 3665
f 3667 3666 3671
f 3669 3668 3667
f 3672 3670 3669
f 3674 3673 3672
f 7035 745 7032
f 7034 745 7035
f 7043 745 7034
f 7044 745 7043
f 7062 745 7044
f 7061 745 7062
f 7032 745 7033
f 7031 745 7029
f 7018 745 7019
f 3673 3674 3675
f 3670 3672 3673
f 3668 3669 3670
f 3666 3667 3668
f 3664 3665 3666
f 3660 3663 3664
f 3658 3659 3660
f 3601 3661 3658
f 3599 3600 3601
f 3600 3599 3724
f 3726 3725 4919
f 3735 3733 3732
f 3732 3731 3741
f 3741 3731 3736
f 3737 3731 3738
f 3736 3731 3737
f 3730 3729 3725
f 3734 3733 3735
f 1346 3730 810
f 3731 3732 3733
f 3739 3738 3731
f 3738 3739 3740
f 1346 1359 1357
f 3743 3744 3745
f 3742 3739 3743
f 3740 3739 3742
f 7482 7481 7541
f 7545 7482 7541
f 7465 7545 7541
f 7466 7465 7541
f 7543 7466 7541
f 7540 7543 7541
f 7540 7541 7542
f 7473 7540 7542
f 7473 7542 7539
f 7474 7473 7539
f 7474 7539 7538
f 7537 7474 7538
f 7537 7538 7532
f 7196 7532 7538
f 7538 7194 7196
f 7194 7538 7539
f 7542 7091 7539
f 7090 7539 7091
f 7091 7542 7192
f 4907 4386 8048
f 4388 4911 4386
f 4911 3721 3720
f 3719 3720 3721
f 3719 3722 3723
f 4914 3723 3722
f 3076 3723 4914
f 7794 3723 3076
f 7445 7793 7794
f 2990 7512 7445
f 7445 7512 7430
f 7445 7433 7792
f 7444 7443 7433
f 7444 7412 7050
f 7412 7411 7167
f 7411 7428 7168
f 7428 7448 7168
f 7494 7171 7448
f 7171 7494 7497
f 7500 7258 7497
f 7258 7500 7501
f 7502 7253 7501
f 7505 7251 7502
f 7506 7259 7505
f 7259 7506 7509
f 7508 7141 7509
f 7141 7508 7511
f 7422 7421 7511
f 7137 7422 7425
f 7094 7425 7513
f 7092 7513 7515
f 7516 7232 7515
f 7518 7241 7516
f 7241 7518 7523
f 7524 7225 7523
f 7525 7230 7524
f 7527 7223 7525
f 7530 7219 7527
f 7219 7530 7529
f 7534 7217 7529
f 7536 7537 7532
f 7535 7534 7533
f 7139 7133 7135
f 7131 7132 7133
f 7418 7417 7535
f 7198 7199 7132
f 7551 7419 7418
f 7126 7125 7199
f 7378 7377 7551
f 7552 7379 7378
f 7201 7125 7117
f 7117 7116 7201
f 7409 7408 7552
f 7118 7123 7116
f 7408 7409 7398
f 7398 7403 7396
f 7203 7123 7204
f 7205 7203 7206
f 7403 7406 7396
f 7553 7396 7406
f 7105 7205 7104
f 7396 7553 7387
f 7105 738 7208
f 7067 7101 7575
f 7101 7285 7576
f 7285 7286 7574
f 7382 7286 7287
f 7287 7288 7382
f 7289 7570 7288
f 7290 7569 7289
f 7291 7569 7290
f 7292 7568 7291
f 7293 7567 7292
f 7294 7449 7293
f 7068 7358 7294
f 7057 740 7016
f 7016 740 7014
f 7073 7024 7023
f 7025 7068 7069
f 7071 7359 7024
f 7359 7071 7579
f 7579 7087 7583
f 7583 7087 7528
f 7528 7084 7580
f 7580 7086 7582
f 7582 7088 7581
f 7066 7325 7581
f 7325 7066 7326
f 7481 7330 7541
f 7541 7192 7542
f 7055 7326 7066
f 7056 7055 7028
f 7174 7091 7192
f 7089 7090 7091
f 7193 7090 7089
f 7539 7090 7194
f 7195 7196 7194
f 7532 7196 7135
f 7139 7135 7134
f 7014 740 7063
f 7020 745 7061
f 4363 4299 1156
f 4299 4363 4364
f 4298 4299 4300
f 4298 4300 4301
f 4298 4301 4302
f 4368 4361 744
f 4147 4282 4170
f 4282 4147 882
f 4147 4170 4148
f 4147 4148 4149
f 4147 7009 882
f 7009 4366 883
f 4365 883 4366
f 4365 7008 883
f 743 740 744
f 883 882 7009
f 882 1157 4282
f 3653 4282 1157
f 3653 1157 1158
f 740 738 741
f 741 738 754
f 3677 741 754
f 754 3678 3677
f 754 738 755
f 754 755 6608
f 755 738 924
f 924 738 926
f 742 6016 6015
f 4922 4927 6017
f 7005 742 6015
f 3642 1158 742
f 3642 3638 1158
f 3638 4925 3639
f 3638 3653 1158
f 4282 3653 3652
f 6612 6633 5984
f 5984 6633 5985
f 6632 5985 6633
f 6633 10170 6632
f 6085 5524 5527
f 5200 6632 10170
f 5527 5524 5525
f 5526 5523 6246
f 6642 6246 5523
f 10334 10333 10335
f 6247 10145 6082
f 6082 10145 6080
f 10145 10319 6080
f 10145 5165 10319
f 5264 10319 5165
f 10141 10319 5264
f 10141 5264 10140
f 10145 6247 6641
f 6198 6641 6247
f 6246 6642 6244
f 6200 6641 6198
f 5523 5163 6642
f 5165 10145 6641
f 5164 5163 5200
f 5200 1903 5164
f 2278 5164 1903
f 2181 5164 2278
f 2278 2182 2181
f 5165 2210 5264
f 5255 5254 5264
f 10316 10318 5256
f 5264 5254 10140
f 10140 6216 10141
f 10141 5656 10319
f 10319 5656 6080
f 4302 4334 4298
f 4299 4298 1156
f 745 1156 1155
f 4331 4360 4332
f 745 1155 1154
f 4359 1153 1154
f 10318 6213 6214
f 10318 10316 6195
f 6195 10316 6196
f 10134 6210 10135
f 10316 6204 6196
f 10316 5256 10317
f 5256 5266 10317
f 10127 10323 6251
f 10315 6249 6197
f 10315 10317 5266
f 10127 10314 5267
f 5265 5266 5256
f 2266 5265 2233
f 2206 2266 2233
f 5267 5270 10126
f 2197 2240 2265
f 5268 5269 5270
f 2242 2249 2240
f 5269 5268 5276
f 10307 5276 5274
f 5272 5273 5274
f 2258 2260 2256
f 5273 5272 5275
f 10262 10261 5275
f 10260 10262 10311
f 10311 10309 6190
f 4316 10309 10259
f 10252 10310 2251
f 10259 10258 10273
f 10258 10253 6624
f 10280 10253 10251
f 10250 10281 10251
f 2236 2238 2237
f 10249 10454 10250
f 2232 2236 2235
f 5271 10388 10249
f 2230 2232 2231
f 5271 5217 5216
f 5215 5216 5217
f 2221 2225 2224
f 5219 5220 5215
f 5219 5262 5261
f 2219 2221 2220
f 5260 5261 5262
f 2190 2219 2188
f 5260 5259 10368
f 2214 2190 2189
f 2207 2214 2184
f 5257 5258 5259
f 5258 5257 5263
f 2173 2207 2174
f 2173 2172 2279
f 10077 10035 5263
f 9976 10077 2171
f 2213 2279 2172
f 2171 1892 1891
f 2277 1890 1892
f 2178 2213 2172
f 1632 2277 1624
f 1624 1625 1626
f 1666 10361 1625
f 1668 10359 1666
f 1668 1670 10358
f 1670 1672 10357
f 1672 1674 10356
f 1674 1676 10352
f 1676 1678 10353
f 1678 1641 10354
f 1641 1679 10355
f 1679 10247 10248
f 1639 1638 1637
f 10247 10246 1361
f 1637 1636 1635
f 10246 10245 1360
f 1635 1634 1633
f 10245 10244 1362
f 1633 1631 1630
f 10244 10243 1350
f 1630 1628 1627
f 10243 10242 1315
f 1627 1623 1622
f 10242 10216 1313
f 1622 1621 1629
f 1629 1621 1620
f 10216 10215 1322
f 1321 1322 1312
f 1312 873 1321
f 873 783 874
f 815 783 872
f 972 960 1305
f 872 1388 815
f 1304 1305 1306
f 1370 808 1388
f 1371 1304 10217
f 1339 823 1370
f 1340 1371 10219
f 1338 823 1339
f 1355 1340 10220
f 1327 787 1338
f 1355 10221 1328
f 1327 1326 790
f 1366 1328 10223
f 1364 834 1326
f 1365 1366 10224
f 1363 834 1364
f 1365 10225 1389
f 1390 806 1363
f 1309 1389 10227
f 1309 1310 1311
f 1286 654 1311
f 1391 803 1390
f 803 802 849
f 3580 3957 802
f 3953 3978 3581
f 3580 3956 3957
f 3958 3957 3956
f 3957 3593 807
f 3967 3593 3968
f 10493 10495 10490
f 10493 10490 5987
f 10487 5987 10490
f 10490 10491 10487
f 5612 10487 10491
f 10487 5612 5610
f 10487 5610 5609
f 5609 10486 10487
f 10487 10486 5231
f 10486 5609 5608
f 10486 5608 5622
f 10485 10486 5622
f 10485 5622 5615
f 10485 5615 5614
f 10485 5240 10486
f 10487 10492 5987
f 10492 5988 5987
f 5614 10484 10485
f 10485 10484 5240
f 5231 10486 5240
f 10487 5231 10492
f 10492 10513 5988
f 5233 2696 5252
f 10488 5595 10513
f 10513 5989 5988
f 5605 10502 5998
f 10512 10502 5250
f 5591 10512 5546
f 10512 5250 5444
f 5883 10504 6018
f 6018 10504 6019
f 6020 10508 10506
f 5390 5538 5537
f 5390 5537 6010
f 5390 6010 6011
f 6663 5390 6011
f 6019 10504 6009
f 10504 5444 5249
f 5390 6663 10503
f 5389 5387 5386
f 5386 5387 5388
f 5387 10509 5388
f 5538 5390 5535
f 10509 5532 5388
f 5532 10509 5533
f 5536 10510 5543
f 10509 5387 10511
f 10510 8015 5543
f 8015 5544 5543
f 8015 5638 5544
f 5638 8015 5636
f 5637 8014 5980
f 8019 5980 8014
f 5980 8019 5981
f 5983 8020 8016
f 5373 8019 8014
f 5374 8017 8020
f 5372 2851 5373
f 5374 2467 8010
f 2170 2467 1899
f 2170 1899 2165
f 2851 1901 1900
f 2851 5372 2850
f 2164 2505 2159
f 2850 10511 2849
f 2505 2160 2159
f 2849 10511 2692
f 2160 2157 2156
f 2692 5249 2693
f 2157 2154 2153
f 2693 5251 2695
f 2154 2506 2143
f 2695 5251 2694
f 2506 2507 2143
f 2694 5252 2696
f 2507 2144 2143
f 2144 2508 2128
f 2696 5232 2438
f 2508 2129 2128
f 2129 2440 2127
f 2438 5232 2439
f 2440 2509 2127
f 10481 2847 2439
f 2509 2130 2127
f 2847 10481 2698
f 2130 2120 2119
f 2510 2120 2848
f 2848 5174 5173
f 5238 2698 10481
f 5173 5174 5175
f 5175 7620 3923
f 7620 7616 5807
f 10481 7617 5238
f 7615 3692 7616
f 10483 7617 10481
f 10483 5617 5616
f 7615 7613 3692
f 7613 7614 3692
f 804 3949 3948
f 5841 804 5842
f 10211 5842 796
f 10211 796 794
f 3795 3793 3792
f 795 10560 3792
f 3791 5575 794
f 796 654 794
f 795 3583 10561
f 4382 3584 3583
f 10562 10210 653
f 653 5852 5850
f 631 653 654
f 801 800 5831
f 800 973 5826
f 3829 973 974
f 10496 974 976
f 976 975 5572
f 975 977 5554
f 977 978 6002
f 978 979 5552
f 980 5879 979
f 980 981 5801
f 5802 981 982
f 5869 982 983
f 983 984 5865
f 985 5797 984
f 5794 985 5787
f 5783 724 5628
f 724 723 793
f 792 793 723
f 793 792 5910
f 793 5910 5780
f 792 5722 5910
f 5720 5719 5718
f 723 853 792
f 723 852 853
f 5725 852 5683
f 723 734 852
f 831 5711 5710
f 832 5707 5699
f 831 5699 5698
f 5773 858 5669
f 857 5770 5772
f 857 5772 5887
f 858 733 859
f 5770 857 5768
f 9478 5765 9479
f 5765 9478 9484
f 816 9484 9477
f 5898 5761 817
f 860 5747 5899
f 816 733 817
f 821 5736 5735
f 821 822 5736
f 860 5748 5747
f 5736 822 5737
f 5692 861 5733
f 5733 861 5734
f 821 733 822
f 862 863 5906
f 5693 5734 861
f 3839 3840 3841
f 3839 3841 10544
f 5187 10544 10545
f 3849 10546 10545
f 3850 3851 3842
f 3849 3846 10546
f 3846 3845 3856
f 3855 3856 3845
f 3855 4612 3853
f 4612 3854 3853
f 3852 3853 3854
f 10341 10339 5949
f 10549 10548 10558
f 10551 10275 10548
f 10297 5744 864
f 786 10300 10299
f 820 733 864
f 786 783 865
f 1357 783 3747
f 3746 3747 3748
f 3752 3751 3749
f 4917 4918 3752
f 3754 3755 3756
f 3752 733 4917
f 3759 3756 3755
f 3760 3761 3757
f 3766 3767 3768
f 3757 733 3760
f 3768 3767 3762
f 3765 3764 3763
f 3773 3774 3769
f 3763 733 3765
f 3770 3769 3774
f 3771 3772 3778
f 3776 3775 4071
f 3772 733 3777
f 4072 3775 7011
f 723 733 734
f 631 723 722
f 3038 3040 8138
f 8137 9499 8138
f 9499 8137 8178
f 9500 8178 8177
f 475 8177 506
f 488 631 589
f 1111 631 1084
f 597 8081 507
f 696 1111 1083
f 8081 8183 507
f 9582 8183 8186
f 9617 8186 8181
f 9580 8181 8180
f 9579 8180 3216
f 3216 3116 9579
f 3116 3114 9579
f 3116 3216 3119
f 3119 3118 3116
f 3118 3117 3116
f 3114 3116 3117
f 3114 3113 9579
f 3113 3112 3111
f 3112 3091 3111
f 8159 3115 696
f 8162 8159 696
f 8167 8162 696
f 8166 8167 696
f 8170 8166 696
f 8169 8170 696
f 8168 8169 696
f 8165 8168 696
f 8164 8165 696
f 8163 8164 696
f 8139 8163 696
f 8140 8139 696
f 8176 8140 696
f 8173 8176 696
f 8172 8173 696
f 8182 8172 696
f 8077 8182 696
f 8174 8077 682
f 8161 8174 682
f 8136 8161 682
f 8130 8136 682
f 8126 8130 682
f 8122 8126 682
f 8118 8122 682
f 8115 8118 682
f 8110 8115 682
f 8105 8110 682
f 3426 8105 682
f 9896 9846 9845
f 9893 9846 9895
f 9947 9846 9900
f 9907 9846 9906
f 9902 9846 9889
f 1393 3535 3528
f 1393 3520 3535
f 1393 3537 3520
f 1393 3465 3538
f 1393 3538 3531
f 1393 3531 3532
f 1393 3532 3537
f 9849 9944 9868
f 4408 4409 4410
f 4763 4410 4409
f 4765 4410 4763
f 4765 4399 4764
f 4399 4400 4401
f 4767 4400 4795
f 762 3469 3471
f 762 3471 3534
f 762 3534 3533
f 762 3533 3507
f 762 3507 3508
f 762 3508 3483
f 1393 3464 3465
f 762 3483 3484
f 1393 1406 771
f 772 771 1406
f 1067 1408 1066
f 1408 1188 1066
f 1393 1404 1406
f 1408 1407 1188
f 1407 9959 9958
f 9960 1694 9959
f 1549 9959 1694
f 1694 1550 1549
f 1548 1549 1550
f 1550 2798 1548
f 1550 1694 1700
f 1700 2799 1550
f 1701 1700 1694
f 9961 1701 1694
f 1701 9961 9962
f 1700 1701 1702
f 1702 2800 1700
f 2800 1702 1683
f 1702 1684 1683
f 1684 1702 1701
f 9959 1549 1699
f 1694 9960 9961
f 1404 1393 1405
f 1392 9962 9961
f 9956 1394 1395
f 9962 1684 1701
f 1682 1683 1684
f 1683 1682 1606
f 2801 1683 1606
f 1686 1692 1693
f 2654 1693 1692
f 1686 1685 1692
f 1685 2760 1692
f 1685 1686 1687
f 1687 1697 1685
f 1697 2759 1685
f 1697 1687 1698
f 1698 1696 1697
f 1696 2758 1697
f 1696 1698 1695
f 10178 1698 1687
f 1687 10177 10178
f 1403 10178 10177
f 1698 10178 10174
f 10177 1687 1686
f 9957 1607 9956
f 1686 10176 10177
f 1402 10177 10176
f 1395 9957 9956
f 1396 1395 1393
f 10176 1397 1402
f 10177 1402 1403
f 10178 1403 1401
f 1399 1400 1398
f 1398 1255 1399
f 1255 10179 1399
f 10179 1255 1254
f 1254 10180 10179
f 1689 10179 10180
f 10180 1555 1689
f 1556 1689 1555
f 10179 1689 10175
f 1255 1398 1253
f 1253 1398 1163
f 1400 688 1398
f 1401 10174 10178
f 10175 1399 10179
f 10174 1695 1698
f 1688 10175 1689
f 1695 1691 1696
f 1691 2757 1696
f 1556 1688 1689
f 2757 1691 2653
f 2758 1696 2757
f 2759 1697 2758
f 2760 1685 2759
f 2756 1692 2760
f 1692 2756 2654
f 1728 1723 2612
f 1693 2654 2755
f 1608 2755 2761
f 1606 2761 2801
f 1683 2801 2800
f 2799 1700 2800
f 2798 1550 2799
f 1462 2763 1461
f 2797 1548 2798
f 1549 1548 1699
f 1699 9958 9959
f 9958 1189 1407
f 1189 1188 1407
f 1064 1188 1062
f 1188 1064 1065
f 1065 1066 1188
f 1066 762 1067
f 762 766 776
f 762 776 989
f 762 989 990
f 762 990 991
f 991 990 6282
f 990 989 6283
f 6283 989 6275
f 6275 989 6268
f 6274 989 6266
f 989 6265 6266
f 776 5008 5009
f 6265 989 5009
f 6268 989 6274
f 989 776 5009
f 987 986 6047
f 6058 987 6047
f 1041 6527 6529
f 6573 1041 6529
f 6522 6527 1041
f 6522 1041 6523
f 6338 6331 1025
f 1025 6339 6338
f 6333 1025 6331
f 6523 1025 6333
f 6330 1042 6573
f 6064 1042 6330
f 1042 6064 6060
f 986 6060 6048
f 6047 986 6048
f 986 1042 6060
f 1042 1041 6573
f 1041 1026 6523
f 1026 1025 6523
f 6339 1025 988
f 6339 988 6518
f 988 614 6531
f 614 6566 6531
f 6518 988 6531
f 10057 4475 4676
f 4691 4475 10055
f 4691 10055 4689
f 10054 4712 4689
f 4692 10053 4693
f 4696 4695 4693
f 4714 10048 4665
f 10048 10049 4665
f 987 6058 6057
f 6056 987 6569
f 6052 987 6056
f 766 987 6052
f 776 766 5005
f 6264 776 5005
f 5008 776 6045
f 4442 4441 4710
f 4431 4422 4421
f 4421 4422 4423
f 4430 4422 4431
f 4424 4422 4430
f 4422 4424 4417
f 4418 4417 4424
f 4417 4418 4419
f 9173 4417 4419
f 4429 4419 4418
f 4428 4419 4429
f 4425 4419 4428
f 4419 4425 4426
f 990 6283 6282
f 991 6282 6273
f 995 762 991
f 994 762 995
f 994 995 6280
f 6285 994 6280
f 6599 6288 994
f 6290 994 6288
f 763 762 994
f 4758 4715 4760
f 4758 4760 9964
f 9963 4758 9964
f 5346 9963 9964
f 4758 9963 7671
f 4758 7671 3697
f 4758 3697 3696
f 3695 3696 3697
f 9964 4760 4715
f 4715 9495 9964
f 6263 761 5930
f 773 774 775
f 761 762 763
f 3469 762 3468
f 7182 774 7183
f 10158 7189 774
f 7190 10158 774
f 7151 647 7076
f 4533 4484 4483
f 4533 4483 4531
f 4531 4532 4533
f 4592 4533 4532
f 647 1058 1057
f 647 1057 1056
f 647 1014 1015
f 647 1015 1051
f 647 1051 1050
f 647 1050 1049
f 647 1049 1047
f 647 1047 1048
f 647 1048 1046
f 647 1046 1045
f 1017 647 1045
f 1045 4580 1017
f 4503 1017 4580
f 4580 4507 4503
f 4506 4503 4507
f 4576 4577 4578
f 4561 4578 4577
f 4561 4577 4588
f 4588 1044 4561
f 4561 1044 10010
f 10010 4559 4561
f 4559 4560 4561
f 648 4504 10009
f 648 10009 10010
f 648 4505 4504
f 4503 4504 4505
f 4505 1016 4503
f 4505 648 1016
f 648 647 1016
f 1044 648 10010
f 1044 610 648
f 1013 610 1044
f 1012 610 1013
f 4508 1012 1013
f 1013 4501 4508
f 4501 4515 4508
f 4509 4508 4515
f 4516 4510 4509
f 4516 4558 4510
f 4520 4510 4558
f 4568 4523 4488
f 4488 4740 4568
f 4568 4740 4519
f 4740 4517 4519
f 4517 4518 4519
f 4524 4740 4518
f 4525 4524 4518
f 4524 4525 4526
f 4525 4521 4526
f 4526 4521 4520
f 4525 1043 4521
f 1012 4521 1043
f 1012 4510 4521
f 1043 4525 4740
f 4740 1019 1043
f 1019 610 1043
f 1018 610 1019
f 4490 1018 1019
f 1019 4488 4490
f 4488 4489 4490
f 4739 4490 4489
f 4530 4490 4738
f 4529 4490 4530
f 4529 4536 4480
f 1018 4529 4480
f 4480 1021 1018
f 4480 4479 1021
f 4479 1022 1021
f 1022 610 1021
f 611 610 1022
f 611 1022 6578
f 6578 6577 611
f 1022 6579 6578
f 1022 4736 6579
f 4481 4736 4479
f 4481 4480 4735
f 4735 4480 4534
f 4535 4480 4537
f 4534 4480 4535
f 4736 1022 4479
f 4479 4480 4481
f 4537 4480 4536
f 4738 4490 4739
f 4489 4488 4522
f 4490 4529 1018
f 1021 610 1018
f 4740 4524 4526
f 4518 4517 4525
f 4517 4740 4525
f 4740 4488 1019
f 4522 4488 4523
f 4508 4500 4502
f 4500 4501 4502
f 4501 4588 4502
f 4501 4500 4511
f 4500 4508 4511
f 4510 4520 4521
f 4508 4509 4510
f 4515 4501 4511
f 4588 4501 1013
f 4508 4510 1012
f 1043 610 1012
f 4588 1013 1044
f 4502 4588 4577
f 4578 4561 4560
f 6433 6620 9223
f 6428 6433 9223
f 9220 6620 9221
f 9221 6426 9220
f 6426 6425 9220
f 6425 6432 9220
f 4585 4584 4587
f 4586 4587 4584
f 4584 1048 4586
f 4574 4586 1048
f 4586 4574 4589
f 4573 4589 4574
f 4572 4573 4574
f 1047 4572 4574
f 4570 4572 1047
f 4572 4570 4591
f 4572 4591 4590
f 4572 4590 4575
f 4569 4570 4571
f 4570 1049 4571
f 4567 4571 1049
f 4571 4567 4566
f 4565 4566 4567
f 4565 4567 4528
f 4458 4492 4456
f 4456 4457 4458
f 4456 4741 4457
f 4741 4456 1015
f 4491 4456 4492
f 4491 1051 4456
f 6397 10124 6453
f 10124 6454 6453
f 10124 6397 6494
f 10128 10124 6494
f 6396 10128 6494
f 6396 6458 10128
f 4492 4496 4491
f 4527 4491 4496
f 4491 4527 1050
f 4527 4567 1050
f 4527 4496 4528
f 4527 4528 4567
f 4569 4591 4570
f 4572 4575 4573
f 4586 4589 4587
f 4585 4563 4584
f 4562 4584 4563
f 4562 4563 4564
f 4562 4564 4581
f 4562 4581 4582
f 1046 4562 4582
f 4581 4498 4582
f 4497 4582 4498
f 4497 4498 4499
f 4579 4497 4499
f 4583 4580 4579
f 4497 4579 4580
f 4582 4497 1045
f 4584 4562 1046
f 4504 4503 4506
f 4507 4580 4583
f 1017 4503 1016
f 1045 4497 4580
f 1016 647 1017
f 4582 1045 1046
f 4584 1046 1048
f 4574 1048 1047
f 4570 1047 1049
f 4567 1049 1050
f 4491 1050 1051
f 4456 1051 1015
f 4485 1020 1052
f 4741 1015 1014
f 4487 4457 4741
f 4617 4485 1052
f 4609 4617 1052
f 4620 4609 1054
f 4620 1053 4625
f 4625 1055 4608
f 4604 4608 1055
f 4604 4601 4600
f 4599 4600 4601
f 4599 4592 4631
f 6492 6646 6482
f 10144 6482 6646
f 10144 6481 6482
f 10143 6478 6480
f 10142 10143 5288
f 5286 5287 5288
f 10136 10139 5287
f 6475 10136 5732
f 10131 10133 5327
f 10131 5327 10130
f 6463 10131 10130
f 10130 10132 6463
f 10132 10130 5325
f 10131 6463 6464
f 6465 10131 6464
f 6493 10131 6465
f 5327 5325 10130
f 5326 5325 5327
f 5327 1874 5326
f 5326 1874 5316
f 5325 5326 5316
f 5316 10129 5325
f 10131 6493 6468
f 10132 6466 6463
f 10132 5325 10129
f 6376 10125 6394
f 6459 10128 6458
f 10125 10129 5316
f 10124 10128 5315
f 10124 5315 10123
f 10124 6452 6454
f 6446 10122 6439
f 10122 10153 9636
f 5322 9636 10153
f 5322 10153 1867
f 1867 5320 5322
f 5320 5321 5322
f 5322 5321 9254
f 6410 9636 6496
f 5322 9254 9636
f 10121 6415 6434
f 9222 6432 6414
f 6415 10121 6413
f 10121 9254 5321
f 5321 5320 5323
f 1862 5323 5320
f 9222 9220 6432
f 1875 9987 5323
f 9220 9223 6620
f 6416 6500 10120
f 9223 6430 6428
f 6417 6416 10119
f 10119 6424 6417
f 9219 10119 9985
f 9224 9219 9985
f 9225 9224 9985
f 10118 9225 9984
f 9255 10118 9984
f 6506 9256 6497
f 6497 9256 6498
f 10117 9637 9982
f 10117 9982 10100
f 10116 10100 9981
f 10116 9981 10115
f 6402 10115 10105
f 6402 10105 6403
f 6400 6399 10106
f 6401 6403 10105
f 6399 6515 10106
f 10105 10115 5306
f 10106 10114 6400
f 6390 10113 6391
f 6455 10114 6390
f 6516 10114 6455
f 6400 10114 6516
f 10111 10112 10107
f 10107 10108 10109
f 10107 5297 10104
f 10102 10104 5299
f 10103 10083 10154
f 6377 6379 10102
f 10102 5299 10082
f 5301 10082 5299
f 10103 6383 10083
f 9792 10082 5301
f 9663 10099 9792
f 9661 6382 9663
f 9792 9661 9663
f 9792 5301 10101
f 10095 10096 10098
f 4633 10018 10097
f 4703 4621 4623
f 4698 4621 4703
f 4698 4699 4621
f 4704 4705 4706
f 4616 611 6577
f 611 1039 609
f 4622 10013 4623
f 4621 4622 4623
f 1038 609 1039
f 4702 4621 4699
f 1037 1033 1038
f 4704 4702 4705
f 1036 1033 1037
f 1035 1033 1036
f 1035 10090 6561
f 1035 6561 6559
f 1034 6559 6554
f 6554 6556 6557
f 10088 6557 10089
f 10020 10019 10156
f 10095 10094 4634
f 10020 10156 10093
f 10020 10027 10157
f 10092 10094 5289
f 10027 10028 10029
f 4733 10032 10034
f 10041 10028 10033
f 4641 4733 10034
f 4642 4641 4657
f 4648 4642 10071
f 4651 4648 10071
f 4653 4651 10070
f 10070 10075 4653
f 10075 10070 9979
f 10073 10075 9979
f 10075 10073 4658
f 4647 4653 10075
f 4658 4647 10075
f 4656 4658 10073
f 4656 10073 10039
f 10039 10073 9974
f 10040 10039 9974
f 10039 10040 4465
f 4468 4656 10039
f 4465 4468 10039
f 4660 4465 10040
f 4660 10040 10021
f 10021 10040 9973
f 10022 10021 9973
f 10021 10022 4664
f 4700 4660 10021
f 4664 4700 10021
f 4669 4664 10022
f 4669 4675 4674
f 4673 4674 4675
f 4677 4673 4678
f 4678 4680 4677
f 4684 10064 10065
f 10065 10064 5334
f 5312 5334 10064
f 5312 10064 10063
f 4678 4679 4680
f 4675 4678 4673
f 4675 4669 10022
f 10063 10060 5312
f 2771 2786 2787
f 5312 5311 5334
f 10065 5334 10057
f 10057 10055 4475
f 5335 10056 2780
f 5329 5335 2780
f 10054 4689 10055
f 10054 10053 4712
f 4696 4693 10053
f 4714 4696 10048
f 5329 5328 5335
f 2780 2779 5329
f 2774 2779 2780
f 10047 10044 10046
f 10049 10048 5330
f 4713 4665 10049
f 3699 3701 3702
f 9967 3700 3702
f 10045 4708 4707
f 10045 10046 10044
f 9967 9972 9965
f 2655 10044 2778
f 2656 2655 2778
f 9971 2769 2659
f 2660 2659 2769
f 9965 9972 9970
f 2659 9969 9971
f 4442 9970 9968
f 9969 2659 9177
f 2762 9177 2659
f 4440 4438 9968
f 4420 4416 4440
f 4427 4426 4425
f 4426 9175 4419
f 9174 4419 9175
f 9186 4414 9187
f 9187 9177 9186
f 9175 9176 9174
f 4419 9174 9173
f 9172 2767 5279
f 2764 5279 2767
f 2764 2767 2666
f 5279 2764 2649
f 2649 2764 2647
f 9173 4422 4417
f 4434 5132 5128
f 5128 4432 4434
f 4435 4423 4422
f 4432 4433 4434
f 4432 5128 9496
f 4411 4412 4413
f 9495 4715 4411
f 5278 9496 5128
f 9964 9495 5346
f 5277 5278 5279
f 2649 5277 5279
f 5346 7672 9963
f 7673 2853 5331
f 7673 5331 7602
f 2852 5331 2853
f 2852 2853 2280
f 7670 5148 7673
f 7671 9963 7672
f 3697 7671 3695
f 3628 5148 7670
f 3696 3695 4920
f 3626 3627 3628
f 3628 7670 3626
f 7670 7673 7602
f 773 6570 6055
f 6524 773 6525
f 3645 773 6524
f 7663 773 3645
f 7663 3645 6603
f 3645 7664 6603
f 773 7663 6602
f 777 773 6602
f 6601 777 6602
f 777 774 773
f 1024 781 6575
f 7600 4455 4462
f 4462 7599 7600
f 7599 6565 7600
f 10000 7600 6565
f 7603 6590 6563
f 10000 6565 6564
f 7603 7602 5331
f 5331 2852 5332
f 2289 5332 2852
f 2289 2852 2291
f 2304 5332 2289
f 2304 2289 2288
f 7600 10000 5333
f 4455 7600 4450
f 4752 4451 4450
f 9999 6587 4934
f 4720 4721 4722
f 4753 4722 4721
f 6591 4753 4721
f 9995 6591 4721
f 6591 9995 6592
f 9994 6593 6592
f 9994 4470 6593
f 9995 9994 6592
f 9995 5337 9994
f 9995 4721 4720
f 4720 6588 9995
f 9996 9995 6588
f 6587 9999 6585
f 6586 9996 6588
f 9999 9998 5339
f 9995 9996 5337
f 5332 2304 5339
f 5337 2794 5284
f 5284 5283 5337
f 5337 5283 9994
f 4470 9994 4471
f 4967 9993 10161
f 4470 4471 4472
f 992 6341 6349
f 6537 993 6334
f 993 774 1040
f 1000 774 999
f 1000 999 6347
f 6351 1000 6347
f 6359 1000 6350
f 1000 6351 6350
f 1002 774 1000
f 1002 1000 6580
f 1002 6580 10004
f 1002 10004 4751
f 4751 6539 1002
f 1005 1002 6539
f 6318 1005 6539
f 4749 4750 4751
f 1005 6320 10005
f 6318 6320 1005
f 4751 4750 6539
f 4749 4751 10004
f 1005 774 1002
f 992 6581 6348
f 6345 6347 999
f 6354 1000 6359
f 6361 6360 1000
f 6580 1000 6360
f 10166 10163 10167
f 9466 6364 6369
f 4755 4681 9992
f 9992 4444 5285
f 6660 9466 5343
f 2307 5285 2308
f 2307 2308 2309
f 5341 5342 5343
f 6661 5342 6643
f 6303 6312 6643
f 6648 6370 6303
f 6370 6648 6306
f 6648 6635 6306
f 6635 6596 6306
f 6307 6634 6305
f 6634 6307 6635
f 6596 6635 6307
f 6635 6648 10171
f 1725 5345 1721
f 1725 1721 1720
f 6635 10171 6634
f 6488 6293 6292
f 6488 6636 6634
f 6636 6305 6634
f 10005 4478 1005
f 4748 4477 4747
f 1009 774 1005
f 1010 774 1009
f 4466 4743 1010
f 1011 774 1010
f 4744 4745 4746
f 1059 1011 4482
f 6647 6644 6489
f 6489 6644 6485
f 6486 6646 6492
f 6645 5292 6644
f 5294 10144 6646
f 5293 5292 5344
f 1889 5293 1727
f 1727 2315 1889
f 2319 5294 1731
f 1730 1731 1732
f 1730 2793 2320
f 2792 2320 2791
f 2316 2791 2317
f 2316 2317 2318
f 1874 5327 2316
f 1873 5316 1874
f 1840 1831 1818
f 1873 2790 5316
f 5324 2790 1872
f 1872 1868 5324
f 1868 1867 10153
f 5320 1867 1862
f 5323 1862 1875
f 9987 1875 2796
f 2796 9986 9987
f 9986 9985 10119
f 1811 1830 1827
f 9984 9225 9985
f 9984 9983 9255
f 9983 9982 9637
f 9981 10100 9982
f 9981 5306 10115
f 5306 5307 5302
f 5298 5302 5307
f 5298 5300 5299
f 1777 1779 1778
f 1770 1777 1772
f 5301 5299 5300
f 1758 1770 1766
f 5301 5295 10101
f 5290 5289 5295
f 1756 1758 1754
f 5289 5290 5291
f 1757 1756 1755
f 1757 1750 1749
f 9980 10031 5291
f 1749 1743 1742
f 9980 9977 10072
f 1742 1736 1735
f 9977 9979 10070
f 9979 9974 10073
f 1734 1733 1735
f 10040 9974 9973
f 9973 5313 10022
f 2784 2787 5313
f 2772 2787 2784
f 1729 2311 1733
f 2784 2785 2772
f 2787 2772 2771
f 2786 2771 2782
f 2788 2782 2781
f 2788 2781 2775
f 2780 2775 2774
f 2779 2774 2783
f 2779 2783 2777
f 2776 2777 2766
f 2776 2766 2765
f 2778 2765 2656
f 2655 2656 2657
f 2773 2657 2770
f 2769 2770 2660
f 2659 2660 2293
f 2292 1728 2614
f 2293 2762 2659
f 9177 2762 2661
f 2658 2292 2614
f 2767 2661 2667
f 2142 2658 2073
f 2667 2666 2767
f 2666 2647 2764
f 2647 2648 2649
f 2648 2141 2768
f 2141 2140 2290
f 2140 2280 2853
f 2280 2291 2852
f 2291 2287 2289
f 2287 2288 2289
f 2288 2299 2304
f 2299 2296 2304
f 2302 2142 2605
f 2296 2297 2298
f 2297 2303 2298
f 2303 2310 2298
f 2310 2309 2308
f 2309 2313 2307
f 1747 2302 2605
f 2312 2307 2313
f 2312 1719 2789
f 1719 1720 1721
f 1726 1725 1720
f 2315 1727 1726
f 2315 2314 1889
f 1740 1741 2314
f 1740 1884 1880
f 1776 1748 1747
f 1884 1896 1897
f 1775 1776 1747
f 1896 2326 2327
f 2325 1775 1783
f 2321 2325 1783
f 2326 2323 2270
f 2322 2321 1783
f 2323 2332 2271
f 2346 2322 2674
f 2339 2346 2674
f 2332 2333 2334
f 7692 2339 7688
f 2333 7675 7674
f 7687 7692 7688
f 7686 7687 7688
f 7675 7685 7680
f 7686 7688 7712
f 7685 7704 7703
f 7708 7712 7713
f 7708 7713 7743
f 7743 7738 7730
f 7704 7707 7705
f 7705 7736 7706
f 7734 7729 7730
f 7735 7734 7730
f 7748 7735 7747
f 7736 7760 8000
f 7758 7748 7754
f 7759 7758 7754
f 7775 7370 7759
f 7374 7370 7372
f 8000 7760 7585
f 7993 7585 7584
f 3316 3311 7584
f 2982 3315 2983
f 7355 2983 7374
f 7365 7578 7357
f 7352 7353 7356
f 7358 7068 7356
f 7449 7294 7358
f 7567 7293 7449
f 7568 7292 7567
f 7569 7291 7568
f 7570 7289 7569
f 7571 7288 7570
f 7571 7382 7288
f 7286 7382 7381
f 7381 7574 7286
f 7574 7576 7285
f 7576 7575 7101
f 7361 7355 7362
f 7373 7361 7362
f 7575 7392 7067
f 7207 7392 7391
f 7391 7376 7207
f 7376 7375 7213
f 7215 7375 7566
f 7566 7387 7215
f 7385 7386 7387
f 7385 7209 7211
f 7373 7572 7573
f 738 7209 7100
f 7373 7577 7572
f 7098 7577 7384
f 7103 650 7098
f 738 7100 7099
f 765 650 764
f 1210 1302 1294
f 1295 1294 1302
f 1302 1210 1209
f 7659 1302 1209
f 1302 7659 7655
f 764 650 651
f 1207 651 652
f 1303 1207 1206
f 1208 1209 1210
f 7661 1303 1206
f 1209 7660 7659
f 1653 1654 1655
f 1959 1653 1655
f 1707 7654 1705
f 1652 7655 7659
f 7657 1299 7654
f 7655 1295 1302
f 1294 1295 1296
f 1296 756 757
f 756 738 757
f 737 738 739
f 930 1298 970
f 737 739 1380
f 1297 1298 1299
f 1380 1379 737
f 1297 7656 1381
f 1379 1410 911
f 1381 7658 1409
f 7652 1409 7658
f 1412 913 1410
f 1412 1293 918
f 1279 1293 1277
f 1409 7652 1411
f 10398 1277 7653
f 7658 1650 7652
f 1649 1650 1586
f 1586 2871 1649
f 1645 7653 1648
f 1644 1645 1646
f 1646 2131 1647
f 2131 1904 2155
f 1904 1905 1906
f 1936 5196 1905
f 5196 1936 5194
f 5194 5195 5196
f 5195 7624 7623
f 1946 5242 1935
f 1947 1946 1935
f 7651 7650 7624
f 7650 7649 10441
f 7645 4261 7649
f 7641 7644 7645
f 7644 7641 7640
f 4264 7640 7634
f 7635 1944 5186
f 4222 7634 7633
f 3798 7633 7629
f 3796 7629 7628
f 7627 4200 7628
f 4256 7627 5193
f 5184 5185 5186
f 5186 2873 5184
f 5184 2872 5362
f 5193 7618 4256
f 7618 3941 7619
f 7608 7612 5361
f 5361 2216 7608
f 7609 7612 7608
f 7609 7608 7605
f 7609 7605 5623
f 5623 6605 7609
f 6605 6604 7609
f 6043 7609 6604
f 7609 6043 6042
f 7609 6042 7610
f 9488 9489 9490
f 9489 4234 9490
f 4234 9489 9492
f 4232 4234 9492
f 4232 4233 4234
f 4212 4213 4214
f 4213 4212 10436
f 7598 4213 10436
f 5625 7601 6133
f 7601 5625 5624
f 7605 7601 5624
f 6044 7605 5624
f 9489 9488 9492
f 7605 6044 5623
f 7608 7606 7605
f 7608 1940 7606
f 4921 3691 3941
f 7612 7609 7610
f 4251 4246 4252
f 4250 4251 4252
f 10432 920 10433
f 4246 851 920
f 4252 4247 4250
f 4244 4246 4248
f 4244 4236 4238
f 4235 4236 4237
f 4235 4237 4239
f 925 4235 4245
f 926 738 925
f 5875 924 926
f 5874 924 5875
f 924 5874 5873
f 10439 4188 6132
f 4279 7592 7590
f 7592 6039 7590
f 7590 6039 6038
f 7601 6037 6133
f 7601 7605 7606
f 7606 2158 7607
f 6038 7591 7590
f 4279 7590 4277
f 5992 7595 4277
f 6035 7593 6001
f 7589 5997 6001
f 7594 5599 5994
f 7593 6035 5600
f 7594 10494 10569
f 6001 7593 7589
f 5997 7589 5995
f 10440 3681 3973
f 5873 3973 924
f 755 924 6608
f 6607 754 6608
f 754 7587 7586
f 7586 3678 754
f 3676 3677 3678
f 5858 741 3677
f 741 5858 6149
f 6150 741 6149
f 4922 6017 741
f 4927 4922 4926
f 4928 6665 6022
f 4928 6022 10571
f 10571 6022 6021
f 10570 6021 5596
f 10572 5597 10573
f 10162 5588 5590
f 10570 5596 5598
f 10162 7588 5170
f 5169 5170 5171
f 5171 2874 5169
f 10570 10571 6021
f 4929 4928 10571
f 6662 6013 6012
f 6658 6013 6662
f 6029 10164 10165
f 6013 6658 6014
f 6609 6657 6031
f 6658 6662 5181
f 6656 6657 5180
f 6656 5180 6640
f 6639 6033 6640
f 6638 6026 6639
f 6633 6638 10170
f 5179 2701 5182
f 10170 1903 5200
f 1883 1902 1797
f 1903 1882 2278
f 2182 2278 1882
f 2180 2181 2182
f 2247 1881 2275
f 2180 2276 2208
f 2209 2208 2263
f 2262 2263 2248
f 2262 2248 2223
f 2196 2247 2261
f 2233 2223 2222
f 2233 2222 2206
f 2266 2206 2205
f 2266 2205 2198
f 2265 2198 2197
f 2240 2197 2241
f 2240 2241 2242
f 2249 2242 2229
f 2249 2229 2228
f 2264 2228 2257
f 2256 2257 2258
f 2260 2258 2259
f 2253 2196 2218
f 2259 2255 2260
f 10310 2255 2254
f 2252 2253 2218
f 2250 2252 2218
f 2254 2251 10310
f 2217 2250 2218
f 2251 2243 10252
f 2238 2243 2239
f 2192 2217 2218
f 2239 2237 2238
f 2237 2235 2236
f 2235 2234 2232
f 2234 2231 2232
f 2231 2227 2230
f 2227 2226 2225
f 2226 2224 2225
f 2224 2220 2221
f 2220 2188 2219
f 2188 2189 2190
f 1894 2192 1895
f 2189 2186 2214
f 2186 2184 2214
f 2184 2174 2207
f 2172 2173 2174
f 2172 2177 2178
f 2195 1657 2177
f 2195 2215 1667
f 2215 2854 1669
f 2854 2855 1671
f 2855 2856 1673
f 2856 2857 1675
f 2857 2858 1677
f 2858 2859 1642
f 2859 2861 1643
f 2861 2860 1681
f 1893 1894 1895
f 2860 1640 1680
f 2193 2194 1893
f 1638 1639 1640
f 2191 2193 1893
f 1636 1637 1638
f 2187 2191 1893
f 1634 1635 1636
f 2185 2187 1893
f 1631 1633 1634
f 2183 2185 1893
f 1628 1630 1631
f 2179 2183 1893
f 1623 1627 1628
f 2162 2179 1893
f 1621 1622 1623
f 2161 2162 1893
f 1619 1620 1621
f 2165 2161 2170
f 1614 1618 1619
f 1612 1613 1614
f 2163 2165 1899
f 2159 2163 2164
f 1610 1611 1612
f 2156 2159 2160
f 1604 1609 1610
f 2153 2156 2157
f 1602 1603 1604
f 1600 1605 1602
f 2143 2153 2154
f 2128 2143 2144
f 1598 1599 1600
f 2127 2128 2129
f 1598 1597 1601
f 2119 2127 2130
f 1597 1594 1596
f 2117 2119 2120
f 1593 1594 1592
f 1928 2117 2118
f 1591 1592 1590
f 1927 1928 1929
f 1589 1590 1585
f 1584 1585 1583
f 2113 2030 1927
f 1853 2016 2030
f 1582 1583 1581
f 2014 2015 2016
f 1580 1581 1579
f 1578 1579 1575
f 1574 1575 1568
f 1567 1568 1569
f 1516 2029 2012
f 2012 1501 1516
f 1501 2012 2007
f 2007 1572 1501
f 1502 1501 1572
f 1572 1573 1502
f 10575 1502 1573
f 1573 10574 10575
f 1212 10575 10574
f 10574 1213 1212
f 1211 1212 1213
f 1213 10574 2900
f 10575 1212 1276
f 10574 1573 2900
f 1502 10575 5521
f 1573 1572 1577
f 1573 1577 1576
f 1573 1576 1520
f 1521 1520 1576
f 1989 1521 1576
f 1521 1989 2003
f 1990 1576 1577
f 1577 1996 1990
f 1996 1577 1572
f 1501 1502 1503
f 1572 2007 1996
f 1999 1996 2007
f 2008 2007 2012
f 1979 2012 2029
f 1569 1570 1571
f 1503 1516 1501
f 1570 5522 10239
f 5521 1503 1502
f 5522 1283 1282
f 1276 5521 10575
f 1283 1280 1281
f 1275 1276 1212
f 1280 718 717
f 1212 1211 1275
f 714 718 715
f 1213 1247 1211
f 1247 1213 1248
f 1247 1248 1249
f 1249 1248 730
f 731 730 1248
f 1248 679 731
f 679 1248 1245
f 730 731 679
f 1246 1248 1213
f 714 715 668
f 730 1247 1249
f 679 732 730
f 679 677 732
f 677 1273 732
f 667 668 669
f 5520 667 5519
f 1274 732 1273
f 1235 5519 1284
f 1243 1274 1273
f 1243 1273 1242
f 1234 1235 1236
f 1383 1234 5518
f 1463 1464 1465
f 1566 1465 1464
f 1566 1464 1977
f 5518 5517 1383
f 1465 1566 1557
f 1558 1557 1566
f 1558 1566 2038
f 5517 5516 1269
f 1557 1558 1559
f 1561 1559 1558
f 1561 1558 2033
f 5516 5515 1267
f 1559 1561 1560
f 5515 5514 1386
f 1560 1561 1562
f 5514 5513 1227
f 1225 1227 5513
f 1563 1562 1561
f 1563 1561 2034
f 1542 1543 1544
f 5509 1542 1544
f 1544 1565 5510
f 5510 5509 1544
f 1542 5509 5508
f 5508 5507 1542
f 5513 5507 1225
f 1228 1224 1223
f 1225 1226 1227
f 909 1226 728
f 727 659 728
f 1228 1223 712
f 659 727 658
f 658 631 659
f 672 631 656
f 657 713 712
f 656 655 672
f 657 712 1223
f 1119 655 1413
f 1222 1223 1224
f 1271 1119 1413
f 1272 1222 5511
f 1270 1125 1271
f 1415 1272 5512
f 5512 3382 1415
f 1414 1125 1270
f 1415 3382 1416
f 1417 1089 1414
f 1418 1416 3384
f 1123 1417 1419
f 1420 1418 3385
f 1421 623 1419
f 1422 1420 3386
f 1423 623 1421
f 1424 1422 3387
f 1426 1093 1423
f 1427 1424 3388
f 1428 1070 1426
f 1429 1075 1428
f 1430 1427 3389
f 1431 1075 1429
f 1432 1430 3390
f 1265 709 1431
f 1266 1432 3391
f 1265 1263 704
f 1266 3392 1264
f 3392 10581 1264
f 10581 10580 1264
f 10580 10581 1532
f 1532 1457 10580
f 10579 10580 1457
f 1457 1454 10579
f 10578 10579 1454
f 1454 1551 10578
f 10577 10578 1551
f 10577 1551 10576
f 1251 10577 10576
f 10576 1252 1251
f 1551 1553 10576
f 10578 10577 1193
f 1456 1551 1454
f 10579 10578 1203
f 1455 1454 1457
f 10580 10579 1262
f 1458 1457 1532
f 1533 1532 10581
f 1531 1532 1533
f 1263 1261 641
f 1262 1264 10580
f 1202 706 1261
f 706 1202 680
f 706 680 707
f 1203 1262 10579
f 1192 680 1202
f 1193 1203 10578
f 1191 680 1192
f 1251 1193 10577
f 1257 702 1191
f 1250 1251 1252
f 1257 710 702
f 701 1191 702
f 680 1191 701
f 4947 700 3339
f 4948 4947 3339
f 4947 4948 4949
f 1136 5474 4942
f 1136 4942 3630
f 4945 4943 4942
f 4944 4943 4945
f 3630 4942 4943
f 3630 3629 1136
f 3629 4940 1136
f 4939 4940 4941
f 4939 4941 4946
f 4946 4938 4939
f 4931 4932 4933
f 4938 4931 681
f 1072 681 2981
f 2980 2979 1073
f 4961 4962 4963
f 4961 4964 4965
f 4965 5488 5489
f 5491 1073 3324
f 707 680 1073
f 5495 2966 707
f 2965 707 2966
f 2964 707 2965
f 706 707 1161
f 1161 1160 706
f 5505 5502 1160
f 5408 5399 5402
f 5402 3362 5407
f 5395 5380 3363
f 3363 5380 3361
f 5383 5379 5384
f 5371 5380 5370
f 5378 5385 5379
f 5378 5375 5376
f 5370 2017 5371
f 5375 2112 9656
f 2111 2112 1751
f 2017 5370 2840
f 1752 2018 2063
f 2840 10583 2838
f 1752 2063 2064
f 1752 2064 1722
f 2838 10582 2830
f 2064 2102 1722
f 2830 5455 2827
f 2102 2099 1722
f 2827 5455 2828
f 2099 2096 1722
f 2828 5457 2839
f 2096 2092 1722
f 2839 5457 2573
f 2092 2088 1722
f 2088 2087 1722
f 2573 5365 2574
f 2087 2086 1722
f 2086 2085 1722
f 2574 5365 2575
f 2085 2084 1722
f 2575 5364 2864
f 2084 2083 1722
f 5150 2862 2864
f 2083 2079 1722
f 2079 2080 1722
f 2081 2080 2082
f 5151 2863 2862
f 2082 5153 9184
f 5149 3613 5152
f 3613 3612 5152
f 2862 5150 5151
f 5149 2929 3613
f 2929 2928 3613
f 2928 2929 2930
f 3614 2930 2957
f 5147 5150 5146
f 2971 5146 5463
f 3614 2928 2930
f 2928 3612 3613
f 5145 5152 3612
f 5145 5144 5152
f 5144 5143 5152
f 5143 5142 5152
f 5141 5153 5142
f 5141 4856 5140
f 3609 3610 3611
f 4904 5140 4856
f 4904 5022 9204
f 3349 692 3350
f 5006 5002 5007
f 692 615 690
f 4978 691 4979
f 3566 685 4956
f 3565 4982 691
f 690 615 691
f 682 684 685
f 3429 3428 682
f 3428 3424 682
f 3424 3420 682
f 3420 3421 682
f 615 3396 3397
f 1396 3401 3402
f 615 3395 3396
f 1068 1400 1396
f 1400 1068 689
f 689 688 1400
f 1398 688 1162
f 1163 1398 1162
f 1253 1163 1164
f 615 616 617
f 617 1250 1256
f 1164 1165 1253
f 1253 1254 1255
f 1252 1256 1250
f 10180 1254 3393
f 3394 1252 10576
f 1553 3394 10576
f 1555 10180 3393
f 1555 1554 1556
f 1552 1553 1551
f 1554 2068 1556
f 1723 2068 2069
f 1723 2069 1724
f 1551 1456 1552
f 1722 1724 1752
f 1454 1455 1456
f 1751 1752 1753
f 1457 1458 1455
f 1532 1531 1458
f 1753 1759 1760
f 2048 1760 1759
f 2057 2048 1537
f 1533 1536 1531
f 10581 3392 1533
f 3391 3392 1266
f 3390 3391 1432
f 1537 1538 1535
f 3389 3390 1430
f 1534 1535 1530
f 3388 3389 1427
f 1492 1530 1529
f 3387 3388 1424
f 1529 1493 1492
f 1492 1493 1494
f 3386 3387 1422
f 1523 1494 1493
f 3385 3386 1420
f 1471 1483 1523
f 3384 3385 1418
f 1469 1470 1471
f 3383 3384 1416
f 3382 3383 1416
f 3382 5512 1527
f 1526 1527 1528
f 1525 1524 1469
f 1470 1469 1524
f 1962 2036 1976
f 1483 1471 1470
f 1962 2049 2036
f 1494 1523 1483
f 1492 1494 1787
f 1787 1788 1773
f 2049 1962 2044
f 1788 2043 1774
f 1981 2044 1962
f 2043 2933 2934
f 2902 1981 1980
f 2934 2933 2922
f 3372 2922 2931
f 2919 2915 2917
f 2915 2911 2913
f 2908 2906 9445
f 2907 2911 2902
f 2906 2905 9253
f 3357 2905 2904
f 2903 9216 2904
f 2903 1966 2579
f 1980 2901 2902
f 1966 1967 1968
f 1962 1980 1981
f 1967 1964 1974
f 1962 1976 1963
f 1964 1854 2030
f 1855 1963 1526
f 1854 1853 2030
f 2016 1853 1988
f 2040 1855 1564
f 1988 2035 2016
f 2037 2040 1564
f 2035 2014 2016
f 2015 2014 2032
f 2034 2037 1563
f 2032 2024 2015
f 2023 2024 2025
f 2033 2034 1561
f 2025 2031 2023
f 2022 2031 2020
f 2021 2020 2026
f 2038 2033 1558
f 2026 2027 2021
f 1977 2038 1566
f 2027 2028 2021
f 2029 2028 1979
f 2012 1979 1978
f 2865 1977 1464
f 1978 2013 2012
f 2019 2865 1507
f 1507 1474 2019
f 2013 2008 2012
f 2007 2008 2006
f 1992 2019 1474
f 2006 1999 2007
f 1996 1999 1995
f 1992 1993 1994
f 1995 1990 1996
f 2005 1994 1993
f 1991 2005 1993
f 1576 1990 1989
f 2003 1989 2002
f 2003 1519 1521
f 1500 1987 1954
f 1522 1500 1499
f 1519 1520 1521
f 2899 1522 1499
f 1520 2900 1573
f 2900 1246 1213
f 1216 2899 2889
f 1246 1245 1248
f 1245 678 679
f 1244 1216 1215
f 678 677 679
f 1273 677 1166
f 666 665 670
f 1166 1242 1273
f 1242 1240 1243
f 1243 1240 2892
f 1240 1238 2893
f 1239 665 663
f 664 663 665
f 637 636 661
f 1237 1233 1238
f 1238 1233 2894
f 1233 1231 2895
f 1229 1230 1231
f 1231 1230 2896
f 1220 1221 1200
f 1200 1199 1220
f 1199 1200 1201
f 1200 1172 1201
f 1221 1170 1200
f 1230 1434 2898
f 1230 2898 2897
f 1467 1466 1472
f 2897 2896 1230
f 1468 1508 1466
f 1508 1468 1509
f 2896 2895 1231
f 1509 1510 1508
f 2895 2894 1233
f 1511 1512 1510
f 2894 2893 1238
f 1513 1514 1512
f 2893 2892 1240
f 1515 1517 1514
f 2892 2891 1243
f 2890 2891 1475
f 1507 1475 1474
f 1474 1993 1992
f 1476 1517 1518
f 1993 2000 1991
f 1517 1515 1518
f 2001 2000 1998
f 1514 1513 1515
f 1997 1998 1983
f 1512 1511 1513
f 1982 1983 1984
f 1510 1509 1511
f 1984 1952 1982
f 1952 1953 1954
f 1954 1498 1500
f 1496 2107 1949
f 1495 1496 1497
f 1498 1499 1500
f 1499 2889 2899
f 2888 1495 1497
f 2889 1214 1216
f 1206 2888 7661
f 1205 1206 1207
f 1214 1215 1216
f 1215 671 676
f 652 1205 1207
f 670 671 666
f 665 666 664
f 663 664 662
f 661 662 637
f 636 637 638
f 651 650 652
f 638 649 636
f 1232 649 660
f 1167 1433 660
f 1433 1167 1168
f 1168 1169 1433
f 1221 1169 1170
f 1171 1200 1170
f 1171 1172 1200
f 1173 1201 1172
f 1201 1173 1174
f 1201 1174 1204
f 1204 1174 1175
f 1175 1176 1204
f 1442 1176 1177
f 650 7017 647
f 1442 1177 1178
f 1178 1179 1440
f 1179 1180 1440
f 1438 1180 1181
f 1181 1182 1436
f 647 648 610
f 1183 639 1219
f 639 629 640
f 629 1505 640
f 628 1505 629
f 609 610 611
f 1505 628 1506
f 1490 1491 1488
f 1488 1487 1490
f 1487 2881 1490
f 2881 1487 10585
f 10585 1435 2881
f 10585 1487 10586
f 10586 1437 10585
f 1486 10586 1487
f 1489 1486 1487
f 1486 1489 1484
f 1484 1485 1486
f 1485 10587 1486
f 10587 1485 2879
f 2879 1441 10587
f 1479 2879 1485
f 1482 1479 1485
f 1479 1482 1477
f 1482 1975 1477
f 1972 1477 1975
f 1973 1972 1975
f 1975 1970 1973
f 1815 1973 1970
f 1815 1970 1817
f 1815 1817 1813
f 1969 1817 1970
f 1817 1969 1816
f 1969 1489 1816
f 1815 1971 1973
f 1815 1945 1971
f 1965 1971 1945
f 1971 1965 1972
f 1815 1822 1945
f 1955 1945 1822
f 1815 1823 1822
f 1809 1822 1823
f 1809 1823 1807
f 1970 1975 1969
f 1975 1484 1969
f 1972 1973 1971
f 1484 1975 1482
f 2879 1479 2878
f 1485 1484 1482
f 1489 1969 1484
f 10586 1486 10587
f 10587 1439 10586
f 1487 1488 1489
f 1488 1851 1489
f 1491 1851 1488
f 2880 1490 2881
f 2881 1218 2880
f 1715 640 1505
f 639 640 1425
f 1425 1219 639
f 1217 2880 1218
f 1219 1436 1182
f 1218 2881 1435
f 1436 1438 1181
f 1435 10585 1437
f 1438 1440 1180
f 1437 10586 1439
f 1178 1440 1442
f 10587 1441 1439
f 1442 1204 1176
f 1201 1204 1199
f 2878 1441 2879
f 1199 2877 1220
f 1478 2878 1479
f 2876 2877 1480
f 1477 1478 1479
f 1965 1477 1972
f 1945 1955 1965
f 1480 1481 1473
f 1822 1809 1955
f 1472 1473 1467
f 1466 1467 1468
f 1509 1468 1961
f 1961 1951 1950
f 1808 1948 1809
f 1949 1950 1951
f 1807 1808 1809
f 1656 1949 1960
f 1815 1807 1823
f 1655 1960 1959
f 1653 1959 2866
f 2867 1651 2866
f 2868 1706 2867
f 2869 1704 2868
f 2870 1588 2869
f 2871 1586 2870
f 1938 1649 2871
f 1938 1934 1939
f 1935 1934 1947
f 1946 1947 1932
f 1918 1932 1916
f 1916 1917 1918
f 7642 1917 1924
f 1933 1925 1815
f 1931 1933 1815
f 1944 7635 1924
f 1930 1931 1815
f 2873 5186 1944
f 1926 1930 1815
f 2872 5184 2873
f 1923 1926 1815
f 1937 5362 2872
f 1922 1923 1815
f 2216 5361 1937
f 1921 1922 1815
f 1940 7608 2216
f 1920 1921 1815
f 2158 7606 1940
f 1919 1920 1815
f 1941 7607 2158
f 1915 1919 1815
f 1914 1915 1815
f 1943 10569 1941
f 1913 1914 1815
f 1912 1913 1815
f 1942 5172 1943
f 1911 1912 1815
f 1907 1911 1815
f 2874 5171 1942
f 2705 5169 2874
f 1846 1907 1815
f 2706 5181 2705
f 2875 5179 2706
f 2701 5179 2875
f 1898 1797 2701
f 1881 1883 1797
f 2593 1881 1835
f 1795 1834 1796
f 1795 1848 2844
f 1835 2795 2593
f 2795 1877 1886
f 1885 2844 1848
f 1888 1877 1876
f 1850 1849 1888
f 1848 1878 1885
f 1850 1869 1740
f 1846 1847 1848
f 1847 1846 1815
f 1869 1870 1740
f 1865 1740 1866
f 1871 1866 1802
f 1802 1803 1804
f 1831 1803 1818
f 1840 1818 1841
f 1864 1841 1863
f 1861 1863 1860
f 1859 1860 1858
f 1857 1858 1856
f 1801 1856 1799
f 1800 1799 1825
f 1824 1825 1826
f 1826 1839 1824
f 1838 1842 1815
f 1839 1837 1836
f 1833 1838 1815
f 1837 1832 1836
f 1829 1833 1815
f 1832 1827 1830
f 1821 1829 1815
f 1827 1812 1811
f 1814 1821 1815
f 1812 1805 1810
f 1813 1814 1815
f 1805 1798 1806
f 1816 1813 1817
f 1816 1489 1851
f 1851 1491 1852
f 1798 1793 1794
f 1793 1791 1792
f 1852 1714 1828
f 1791 1790 1789
f 1790 1785 1789
f 1828 1504 2058
f 1785 1784 1779
f 1784 1778 1779
f 1778 1772 1777
f 2058 1504 2059
f 1772 1771 1770
f 1771 1766 1770
f 1766 1762 1758
f 1762 1761 1758
f 2059 1708 2054
f 1761 1754 1758
f 2054 1710 2060
f 1754 1755 1756
f 2060 1712 2061
f 1750 1757 1755
f 1743 1749 1750
f 2061 1712 2062
f 1736 1742 1743
f 2062 1541 1718
f 1734 1735 1736
f 1733 1734 1729
f 1728 1729 1716
f 1459 1718 1541
f 1716 1461 1717
f 1452 1459 1460
f 1461 1453 1462
f 1460 1450 1452
f 1453 1451 10173
f 2887 1198 1450
f 1451 1194 10173
f 1190 1194 1195
f 1195 625 618
f 625 612 618
f 620 612 621
f 711 1197 1185
f 620 621 1259
f 1196 1197 1198
f 1259 1258 620
f 1196 2886 1260
f 1258 1444 1028
f 1260 2885 1443
f 1444 1446 1001
f 1443 2884 1445
f 1446 1448 1006
f 1445 2883 1447
f 1031 1448 1449
f 1447 2882 1187
f 1077 1187 2882
f 1449 1186 1033
f 609 1038 1033
f 1184 609 608
f 1077 608 607

usemtl Default_0
f 2912 2914 2913
f 2923 2917 2921
f 2923 2921 2931
f 3565 4956 4976
f 4976 4980 3565
f 3565 4980 4981
f 4980 4982 4981
f 4982 4980 4985
f 4980 4979 4994
f 4980 4998 4979
f 4998 2946 4979
f 4979 2946 3298
f 4979 3298 4978
f 2948 2947 2946
f 2946 10584 2948
f 5006 5007 3350
f 5001 3350 5007
f 5001 5007 5002
f 4998 5001 5002
f 4998 5022 5001
f 5026 5001 5022
f 3610 5026 5022
f 5022 4904 3610
f 3609 5144 5145
f 5026 3609 5145
f 5026 5145 3612
f 5026 3612 2928
f 5029 5026 2928
f 5029 2928 3614
f 5029 3614 2956
f 2971 5029 2956
f 2956 2955 2971
f 5383 3362 3361
f 3361 3362 3363
f 5395 3363 3362
f 5401 5395 3362
f 5399 5400 5401
f 5408 5400 5399
f 5046 5400 5408
f 5048 5046 5408
f 5402 5048 5408
f 5407 5048 5402
f 5383 5048 5407
f 5384 5048 5383
f 5048 5384 5081
f 5062 5048 5081
f 5081 5080 5062
f 5078 5062 5080
f 5078 5080 5065
f 5065 5067 5078
f 5067 5502 5078
f 5502 5505 5078
f 5505 5499 5078
f 2964 2966 5493
f 5049 5493 2966
f 5049 2966 5494
f 5490 5049 5494
f 3323 5492 5491
f 5491 3324 3323
f 3322 3323 3324
f 4937 4962 2979
f 2979 2981 4937
f 5037 4936 4933
f 4933 4932 5037
f 4938 5037 4932
f 5031 5037 4938
f 5031 4938 4946
f 4946 4941 5031
f 4941 4940 5031
f 4940 3629 5031
f 4960 5031 3629
f 5031 3631 3630
f 5035 5031 3630
f 5035 3630 4943
f 5035 4943 4944
f 4945 5035 4944
f 5033 5035 4945
f 5033 4945 4942
f 5033 4942 5474
f 5474 4947 5033
f 4947 4949 5033
f 5033 4949 4948
f 2972 5033 4948
f 2972 4948 3339
f 2973 2972 3339
f 5469 2972 2975
f 5039 2972 5469
f 5039 5469 3340
f 3278 5039 3340
f 3340 3341 3278
f 3278 3279 3280
f 5467 3278 3280
f 5467 5465 5468
f 4951 5467 5468
f 4951 5468 5465
f 5465 4952 4951
f 4950 4951 4952
f 4959 4958 5041
f 5041 4951 4959
f 4959 4951 4953
f 4951 4954 4953
f 4954 4951 4955
f 5041 5040 4951
f 5038 4951 5040
f 3327 5038 5040
f 3342 3327 5040
f 2971 3342 5040
f 3342 2971 2969
f 2970 2969 2971
f 3327 2970 2971
f 3330 3326 5461
f 3326 3330 3266
f 3266 3265 3326
f 5477 3326 3265
f 3330 5477 3265
f 3330 3265 3267
f 3330 3267 3329
f 3329 5483 3330
f 5483 5108 3330
f 3330 5108 5038
f 5108 5039 5038
f 3151 5039 5108
f 4902 3151 5108
f 4902 5108 4900
f 3149 4901 3332
f 3332 3333 3149
f 3331 3335 3321
f 3335 3334 3321
f 3334 3838 3321
f 3321 3838 3150
f 3320 3321 3150
f 3150 3149 3320
f 3149 3150 3151
f 3150 3838 3151
f 3838 5034 3151
f 5034 5033 3151
f 3838 3336 5034
f 3337 5034 3336
f 3337 3338 2952
f 3337 2952 5032
f 2952 5030 5032
f 5030 5031 5032
f 5032 5031 5034
f 2952 2961 5030
f 2961 2963 5030
f 3344 5030 2963
f 2963 3343 3344
f 5431 5418 3344
f 5415 5418 5431
f 5417 5030 5418
f 5420 5030 5417
f 5036 5030 5420
f 5036 5420 5046
f 5046 5045 5036
f 5037 5036 5045
f 5037 5045 4963
f 4963 4962 5037
f 4961 4963 5045
f 4964 4961 5045
f 4965 4964 5045
f 5488 4965 5045
f 5488 5045 3322
f 5045 5046 3323
f 3323 5046 5049
f 5419 5046 5420
f 5416 5046 5419
f 5036 5037 5030
f 5400 5416 5415
f 2952 2953 2954
f 2954 3319 2961
f 3344 5418 5030
f 2961 2962 2963
f 2952 2954 2961
f 3337 5032 5034
f 3838 3334 3336
f 3334 3335 3336
f 3320 3331 3321
f 3335 3320 5481
f 5481 5478 3335
f 5478 5481 3320
f 3838 5478 3320
f 5478 3838 3335
f 3149 3838 3320
f 3149 3151 4901
f 4901 3151 4902
f 5039 3151 5033
f 5108 5483 4900
f 3267 3328 3329
f 5477 3330 5038
f 3326 5477 5038
f 3265 3266 3267
f 3258 3325 3326
f 3327 3258 3326
f 3327 2969 3258
f 3258 2969 2968
f 2967 2968 2969
f 2967 2969 3283
f 2970 3327 3283
f 2969 2970 3283
f 3327 3342 2969
f 3327 3326 5038
f 4951 5038 5039
f 5027 5040 5041
f 5040 5027 5029
f 5027 5041 4958
f 5027 4958 3622
f 5027 3622 3606
f 5027 3606 3608
f 5027 3608 3607
f 3607 3621 5027
f 5027 3621 3619
f 5027 3619 3618
f 3618 5466 5027
f 2950 5027 5466
f 2950 5466 2951
f 2949 2950 2951
f 2949 3352 3120
f 5000 3120 3359
f 5000 2950 3120
f 5001 2950 5000
f 5001 5000 3348
f 3348 3349 3350
f 3359 3120 3360
f 2950 2949 3120
f 2950 5001 5027
f 4955 4951 4950
f 4951 3278 5467
f 3278 4951 5039
f 2972 2974 2975
f 4816 9227 5121
f 5121 4817 4816
f 4815 4816 4817
f 5121 9236 4817
f 4817 9236 9243
f 9244 9236 9246
f 9245 9246 9236
f 9236 3357 9245
f 9236 3358 3357
f 3356 3357 3358
f 9252 9257 9258
f 9258 9257 9259
f 9259 9257 9253
f 9257 5012 9271
f 9271 5012 9272
f 5012 9442 9272
f 5012 9443 9442
f 9442 9443 9444
f 9447 2909 9445
f 2909 9447 9446
f 9446 9443 2909
f 9444 9443 9446
f 9443 5012 5082
f 9443 5082 2910
f 5014 5082 5012
f 5012 5013 5014
f 3123 5014 5013
f 3123 5013 9274
f 9274 9275 3123
f 4906 5013 4512
f 4513 4512 5013
f 5060 4513 5013
f 5058 5060 5013
f 5058 5059 5060
f 3262 5060 5059
f 3262 5059 9456
f 3260 3261 3262
f 3261 4818 3262
f 5060 4818 4876
f 5086 3288 3158
f 3158 5122 5086
f 5122 5087 5086
f 5086 5087 5088
f 5091 5088 5087
f 5091 5087 9262
f 5091 9262 4878
f 4878 4877 5091
f 9440 5091 4877
f 9440 4875 5089
f 5089 4875 4874
f 2925 5089 4874
f 2924 5089 2925
f 4887 4892 5094
f 5094 5123 4887
f 5094 5120 5123
f 5123 5120 5089
f 5090 5089 5120
f 3064 5090 5120
f 3064 5120 3154
f 3064 3154 3062
f 3062 3063 3064
f 3063 3264 3064
f 9441 4819 5090
f 4821 5090 4819
f 4880 5090 4821
f 4820 5090 4880
f 5088 5090 4820
f 9273 5088 4820
f 3263 3161 3160
f 3159 3160 3161
f 3160 3159 3287
f 3160 3287 3288
f 3288 5088 3160
f 3289 3290 3291
f 3292 3289 3291
f 4886 3292 3291
f 5124 4886 3291
f 3152 5124 3291
f 3152 5120 5124
f 4886 5124 4885
f 4885 5093 4882
f 4883 4882 5093
f 4883 5093 4881
f 9281 4881 5093
f 5093 9280 9281
f 3124 5015 3169
f 3169 5015 3167
f 3167 3168 3169
f 9277 9278 9276
f 9276 5119 9277
f 9277 5119 9285
f 9286 9285 3286
f 3284 3285 3286
f 3286 5075 3284
f 5077 3284 5075
f 5075 5076 5077
f 5116 5077 5076
f 9393 5116 5076
f 9393 5076 4556
f 4640 9393 4556
f 4867 9397 9398
f 9396 4867 9398
f 5098 9463 9461
f 9461 9462 5098
f 5104 5098 9462
f 5104 9462 4895
f 4895 4894 5104
f 4899 5104 4894
f 9369 9370 9368
f 5105 9369 9368
f 9368 5110 5105
f 5107 5105 5110
f 5110 5100 5107
f 3281 5107 5100
f 3281 5100 2960
f 3281 2960 3282
f 4999 3274 5053
f 4995 4999 5053
f 4995 5053 4990
f 4995 4990 4989
f 4997 4995 4989
f 4989 4992 4997
f 4997 4992 4993
f 4991 4984 4993
f 4975 4976 4977
f 5051 4976 4975
f 5051 5050 4976
f 5056 4976 5050
f 9160 5056 5050
f 9160 5050 9162
f 9166 9160 9162
f 3297 2976 2978
f 2978 9185 3297
f 9185 5056 3297
f 5056 9185 9195
f 5056 9195 5021
f 9198 5021 9195
f 9195 9200 9198
f 9201 9199 9202
f 5021 9199 9204
f 5021 9204 5022
f 9195 9196 9197
f 9198 9202 9199
f 9195 9197 9200
f 5021 9198 9199
f 9196 9195 9185
f 2976 2977 2978
f 4905 5111 4852
f 4853 4852 5111
f 5101 4853 5111
f 5102 5101 5111
f 5111 5112 5102
f 3354 5102 5112
f 2941 3354 5112
f 2939 2941 5112
f 2939 5112 5053
f 2939 5053 3273
f 2940 2939 3273
f 3272 2940 3273
f 3272 3273 3274
f 5052 5053 5112
f 2939 2940 2941
f 3353 3354 3355
f 5102 3354 3353
f 5102 3353 5003
f 5003 4848 5102
f 4850 5102 4848
f 4850 9332 5102
f 3277 5102 9332
f 3277 9332 9333
f 3275 3276 3277
f 3277 3276 5103
f 9331 5103 3276
f 3623 9330 9329
f 3625 5024 3623
f 5024 3625 3624
f 5024 3624 9327
f 9322 5024 9327
f 9322 9327 9328
f 9322 5025 5024
f 5023 5024 5025
f 5025 5028 5023
f 5023 5028 9467
f 5023 9467 9468
f 5023 9468 5109
f 5103 5023 5109
f 5103 5109 5101
f 5101 5109 4855
f 4855 5109 4854
f 9473 9487 4860
f 9473 4860 5109
f 4859 5109 4860
f 4719 5109 4857
f 4446 5109 4719
f 4857 5109 4859
f 9357 5110 9363
f 5110 9357 9351
f 9349 5110 9351
f 5110 9348 9347
f 4903 5110 9347
f 5113 4903 4717
f 3633 5113 4717
f 3633 5028 5113
f 5100 5113 5028
f 3633 3632 5028
f 4861 5028 3632
f 5028 4861 4862
f 5028 4862 4863
f 5028 4863 9486
f 5028 9486 9361
f 5028 9361 9362
f 9486 4863 9485
f 5113 5110 4903
f 5110 9349 9348
f 9358 9351 9357
f 9360 9485 4863
f 4854 5109 4446
f 5109 9468 9473
f 9467 5028 9362
f 5028 5025 5100
f 9325 5100 5025
f 9326 9325 5025
f 3256 9325 9326
f 3255 3256 3257
f 3255 9325 3256
f 3255 2958 9325
f 2958 2959 2960
f 9325 2958 5100
f 5023 5103 5024
f 9330 5024 5103
f 9326 5025 9322
f 9330 3623 5024
f 9330 5103 9331
f 3277 5103 5102
f 4848 5003 4849
f 5112 5111 5052
f 5052 5111 5135
f 5052 5135 9190
f 5052 9190 9193
f 5052 9193 9192
f 5052 9192 9188
f 9188 5057 5052
f 5057 4990 5052
f 4990 5057 5050
f 9161 5050 5057
f 9161 5057 9188
f 9170 9161 9188
f 9170 9171 9161
f 5111 5136 5133
f 5111 5133 5135
f 5101 5102 5103
f 5101 4855 4853
f 5111 4905 5136
f 9168 9165 9161
f 9162 9161 9165
f 9166 9164 3297
f 9160 9166 3297
f 9161 9162 5050
f 3297 5056 9160
f 5021 4976 5056
f 5050 5051 4990
f 4990 5051 4807
f 4807 4984 4990
f 4983 4984 4807
f 4807 5051 4808
f 5051 4975 9158
f 9158 9159 5051
f 4808 5051 9159
f 4984 4983 4986
f 4986 4988 4996
f 4986 4996 4984
f 4991 4993 4992
f 4989 4990 4984
f 5052 4990 5053
f 3273 5053 3274
f 9318 5107 9319
f 9319 5107 9323
f 9323 9320 9319
f 3281 9324 9321
f 9323 5107 9321
f 5107 9318 5106
f 9318 3253 5106
f 3253 5099 5106
f 5105 5106 5099
f 5099 5104 5105
f 3253 3252 5099
f 3252 9317 5099
f 9315 5099 9317
f 9288 9289 9290
f 9288 5099 9289
f 9314 5099 9288
f 9313 5055 9314
f 9311 5055 9313
f 9311 9313 9312
f 3268 5055 9310
f 3268 5043 5055
f 5054 5055 5043
f 5043 5042 5054
f 5054 5042 4461
f 4461 4460 5054
f 4459 4461 5042
f 4866 4459 5042
f 5042 5043 5044
f 5042 5044 5047
f 5047 5079 5042
f 5042 5079 9379
f 5047 5097 5079
f 5079 5097 4896
f 4897 5079 4896
f 4898 5079 4897
f 4729 4896 5097
f 4727 4729 5097
f 5097 5047 5114
f 5114 5115 5097
f 5097 5115 5118
f 5097 5118 4867
f 4867 5118 4868
f 4869 4868 5118
f 5118 5115 5116
f 5118 5116 9389
f 5118 9389 9388
f 5117 5116 5115
f 5115 4493 5117
f 9297 5117 4493
f 9297 4493 9298
f 3249 3250 3251
f 3251 5117 3249
f 5117 3251 9296
f 5117 9296 5077
f 9293 5077 9296
f 9291 9294 9292
f 9291 5077 9294
f 9294 5077 9293
f 9295 9296 3251
f 4551 5115 9299
f 5115 4551 4550
f 4494 5115 4550
f 9299 5114 9306
f 9306 5114 9303
f 9303 5114 9302
f 9302 5047 9305
f 9305 5047 9304
f 9304 5047 9307
f 3268 3269 3270
f 9309 5043 3270
f 9308 5044 9309
f 9300 5044 9308
f 9301 5044 9300
f 9307 5047 9301
f 3249 5117 9297
f 4493 5115 4494
f 5114 9299 5115
f 9302 5114 5047
f 9301 5047 5044
f 5043 9309 5044
f 5055 5054 5098
f 5098 5099 5055
f 5098 5054 4724
f 4724 4864 5098
f 4865 5098 4864
f 4672 4724 5054
f 4670 4672 5054
f 3268 3270 5043
f 9310 5055 9311
f 5099 9314 5055
f 9289 5099 9315
f 3252 9316 9317
f 3252 3253 3254
f 2958 2960 5100
f 3281 9321 5107
f 5100 5110 5113
f 5105 5107 5106
f 5110 9368 9363
f 5105 5104 9369
f 4899 9369 5104
f 5099 5098 5104
f 4865 9463 5098
f 4460 4670 5054
f 9381 4866 5042
f 9380 9381 5042
f 9379 9380 5042
f 4898 9379 5079
f 9396 4727 5097
f 4867 9396 5097
f 9391 4869 5118
f 9390 9391 5118
f 9388 9390 5118
f 9386 9388 9389
f 4639 9386 9389
f 9389 9393 4639
f 5127 4538 4540
f 4543 5127 4540
f 4542 5127 4543
f 5096 5127 4542
f 4542 4726 5096
f 5096 4726 4725
f 9409 5096 4725
f 5096 9409 9408
f 9408 4555 5096
f 4555 5076 5096
f 5076 4555 4557
f 5096 5119 5127
f 5127 5119 5125
f 5126 5125 5119
f 9413 5126 5119
f 9413 5119 9414
f 5119 9419 9418
f 9414 5119 9418
f 9415 5126 9413
f 9416 9417 5126
f 9417 9284 5126
f 5126 9284 9283
f 9283 5017 5126
f 5017 9283 3167
f 9415 9416 5126
f 5017 5125 5126
f 5125 5017 5016
f 9420 5125 5016
f 9420 5016 9421
f 9420 9421 9422
f 9371 9424 5125
f 3136 9371 5125
f 5125 9424 9425
f 9425 9426 5125
f 9426 4538 5125
f 9423 9425 9424
f 3130 3129 3271
f 3271 3129 9427
f 9427 9428 3271
f 4890 4889 5094
f 5094 4889 4871
f 5092 5094 4871
f 4871 4870 5092
f 5092 4870 4873
f 9434 5092 4873
f 4873 9429 9434
f 9434 9429 9427
f 5016 9434 9427
f 9427 9430 5016
f 3129 3131 9431
f 9434 5016 5095
f 5016 5015 5095
f 5095 5015 5092
f 5093 5092 5015
f 3126 5093 5015
f 3126 9282 5093
f 9279 5093 9282
f 3124 3125 3126
f 5095 5092 9434
f 5092 5093 5094
f 5124 5094 5093
f 9427 9429 9428
f 3129 9431 9427
f 3129 3130 3131
f 3135 3136 3137
f 9420 3137 3136
f 9430 9421 5016
f 3136 5125 9420
f 5015 5016 5017
f 5119 5096 5075
f 5127 5125 4538
f 9411 9410 4725
f 9410 9409 4725
f 4640 4639 9393
f 4556 5076 4557
f 9393 9389 5116
f 5077 5116 5117
f 5076 5075 5096
f 3284 5077 9291
f 3286 5119 5075
f 5119 3286 9285
f 9419 5119 9276
f 3167 5015 5017
f 3126 5015 3124
f 5093 9279 9280
f 4885 5124 5093
f 3291 3293 3152
f 3259 3153 3152
f 3152 3153 3154
f 3153 3162 3154
f 3162 3163 3154
f 3153 3259 3162
f 9273 3263 3160
f 5088 9273 3160
f 3163 3062 3154
f 3152 3154 5120
f 5090 3064 9441
f 5089 5090 5091
f 5120 5094 5124
f 4892 4890 5094
f 4887 5123 2924
f 5123 5089 2924
f 4878 9260 9261
f 9267 9270 9268
f 9267 9268 9269
f 9240 9241 9242
f 3294 3295 3296
f 3295 9238 3296
f 9237 3296 9238
f 9237 9238 5083
f 9228 9237 5083
f 5083 9229 9228
f 9228 9230 9239
f 9235 9239 9230
f 9235 3296 9239
f 9233 9234 5085
f 5085 9231 9233
f 5085 9226 9231
f 5085 5121 9226
f 5085 5084 5121
f 5059 5121 5084
f 5084 9450 5059
f 9450 9449 5059
f 9449 9453 5059
f 9455 5059 9453
f 5122 3157 9452
f 3155 3156 3157
f 5122 9452 9451
f 5122 9451 9448
f 9448 5084 5122
f 5084 5083 5122
f 5084 9448 9450
f 5083 5084 5085
f 5083 5085 9232
f 9232 5085 9234
f 5083 9232 9229
f 9237 9228 9239
f 9238 5087 5083
f 5087 9238 9250
f 9250 9263 5087
f 9240 9263 9250
f 9250 9247 9240
f 9250 9238 9247
f 9239 3296 9237
f 3295 3294 9238
f 9247 9238 3294
f 9240 9247 9241
f 4878 9264 9260
f 5089 5091 9440
f 9264 4878 9262
f 9262 5087 9263
f 5088 5091 5090
f 5087 5122 5083
f 3158 3157 5122
f 3288 5086 5088
f 3158 3155 3157
f 3121 3122 3123
f 3122 4846 3123
f 5014 4846 4843
f 5014 4843 5018
f 4843 4845 5018
f 5018 4845 4847
f 4822 5018 4847
f 4826 5019 4825
f 5019 4824 4825
f 4824 5019 4842
f 4842 5019 5018
f 3374 5018 5019
f 3374 5019 5020
f 5020 3377 3374
f 3366 3374 3377
f 3366 3377 3378
f 3364 3365 3366
f 3367 3368 3365
f 3374 3365 3368
f 3374 3368 3376
f 3376 3351 3374
f 3374 3351 3369
f 2920 3374 3369
f 2920 3369 3372
f 2920 3372 2932
f 2931 2920 2932
f 3373 2937 2936
f 2938 2937 3351
f 2937 3371 3351
f 3370 3351 3371
f 5412 5410 5404
f 5065 5404 5410
f 5425 5065 5410
f 5430 5425 5410
f 5068 5425 5426
f 5427 5068 5426
f 5423 5068 5427
f 5423 5427 5428
f 5423 5428 5421
f 5423 9674 9673
f 9672 5068 9673
f 5068 9672 5447
f 5068 5447 5453
f 5068 5453 5070
f 5069 5068 5070
f 5070 5071 5069
f 5069 5071 4593
f 4593 4835 5069
f 4835 4595 5069
f 4595 4636 5069
f 5066 5069 4636
f 4636 4632 5066
f 4546 5066 4632
f 3146 5496 5498
f 3146 5067 5496
f 3146 3147 3148
f 3148 5502 3146
f 9641 5472 9639
f 5472 5061 9639
f 9639 5061 5020
f 5020 9638 9639
f 9638 9640 9639
f 4841 5020 4829
f 5020 4828 4829
f 5020 4841 9638
f 5472 5473 5061
f 5061 5473 3144
f 3144 5074 5061
f 5063 5061 5074
f 5074 3346 5063
f 3141 5063 3346
f 3141 3346 3133
f 3133 3132 3141
f 5484 5485 5486
f 5484 5063 5485
f 5485 5063 9648
f 9651 9660 9659
f 9660 3141 9659
f 9648 5063 9660
f 5484 5064 5063
f 5484 2942 5064
f 2944 5064 2942
f 2942 2943 2944
f 3128 2944 2943
f 3127 3128 2943
f 9670 5435 9669
f 5073 9670 9669
f 5440 5073 9669
f 5437 5440 5439
f 5437 5439 5435
f 5437 5073 5440
f 5437 9667 5073
f 5073 9667 3346
f 5071 5073 3346
f 3346 5072 5071
f 5071 5072 4596
f 4596 4605 5071
f 4605 4598 5071
f 4598 4840 5071
f 5072 4839 4833
f 4834 5072 4833
f 4838 4839 5072
f 4838 5072 4830
f 9658 9657 3144
f 9657 4836 5074
f 4836 4837 5074
f 4831 5074 4837
f 5072 5074 4831
f 3142 3143 3144
f 3145 3144 3143
f 5072 4831 4830
f 4834 4596 5072
f 9668 3346 9667
f 3140 3346 9668
f 5437 3140 9668
f 3138 3139 3140
f 3139 3347 3346
f 3345 3346 3347
f 3345 3134 3346
f 3139 3346 3140
f 5437 9668 9667
f 9670 5073 5451
f 9670 5451 5446
f 5446 5451 5447
f 5446 5447 5448
f 5448 5447 5454
f 5451 5073 5070
f 9669 5435 5439
f 5840 9642 5064
f 9642 3377 5064
f 5061 5064 3377
f 2944 5840 5064
f 3132 3133 3134
f 3133 3346 3134
f 3141 9660 5063
f 3346 5074 5072
f 5061 5063 5064
f 9657 5074 3144
f 5473 3142 3144
f 5497 5496 5067
f 4545 5497 5067
f 5067 5066 4545
f 5066 4546 4545
f 4593 5071 4840
f 5071 5070 5073
f 5068 5069 5066
f 5066 5065 5068
f 5451 5070 5453
f 5453 5447 5451
f 5454 5447 9672
f 5423 9673 5068
f 5065 5425 5068
f 5404 5065 5405
f 5405 5080 5411
f 5411 5080 5413
f 5391 5413 5080
f 5391 5081 5381
f 5381 5081 5382
f 5393 5081 5392
f 5392 5081 5385
f 5385 5081 5394
f 5382 5081 5393
f 2937 3373 3371
f 3369 3351 3370
f 9642 3378 3377
f 3374 3366 3365
f 3377 5020 5061
f 4828 5020 5019
f 5018 3374 2920
f 5018 2920 5082
f 2912 5082 2920
f 5019 4826 4828
f 4842 5018 4822
f 9454 9455 9453
f 5059 9455 9456
f 5060 3262 4818
f 5059 5058 5121
f 5060 4876 4513
f 5013 4906 9274
f 5014 3123 4846
f 5013 5012 5058
f 5058 5012 9236
f 9236 5012 9251
f 9251 5012 9252
f 5082 5014 5018
f 9257 9252 5012
f 3358 9236 9251
f 9243 9236 9244
f 9236 5121 5058
f 9226 5121 9227
f 2972 2973 2974
f 2972 5039 5033
f 5474 5475 4947
f 5033 5034 5035
f 5035 5034 5031
f 3631 5031 4960
f 5031 5030 5037
f 5037 4937 4936
f 2979 2980 2981
f 4962 4937 5037
f 5489 5488 3322
f 3322 5045 3323
f 5490 5492 3323
f 3323 5049 5490
f 2966 5495 5494
f 5049 5062 5493
f 2964 2965 2966
f 5500 5493 5062
f 5506 5500 5062
f 5504 5506 5062
f 5503 5504 5062
f 5499 5503 5062
f 5067 3146 5502
f 5065 5066 5067
f 5405 5065 5080
f 5062 5078 5499
f 5081 5391 5080
f 5062 5049 5048
f 5394 5081 5384
f 5048 5049 5046
f 5400 5046 5416
f 5395 5401 5400
f 5383 5407 3362
f 2955 2956 2957
f 2971 5040 5029
f 3614 2957 2956
f 5029 5027 5026
f 3609 5026 3610
f 5001 5026 5027
f 5022 4998 5021
f 3350 5001 3348
f 5002 10584 4998
f 2945 2946 2947
f 2946 2945 3298
f 2946 4998 10584
f 4980 5021 4998
f 4985 4980 4994
f 4976 5021 4980
f 4977 4976 4956
f 2920 2931 2921
f 2917 2923 2919
f 2921 2918 2920
f 2916 2920 2918
f 2920 2916 2914
f 2912 2920 2914
f 2912 2910 5082
f 2910 2909 9443
f 2908 9445 2909

usemtl Default_0
f 3402 3405 3395
f 3396 3395 3405
f 3397 3396 3405
f 3400 3397 3405
f 3400 3405 3415
f 3415 3398 3400
f 3398 3399 3400
f 3399 3556 3400
f 3400 3556 3555
f 3400 3555 3554
f 3400 3554 3553
f 3400 3553 3552
f 3400 3552 3551
f 3400 3551 3550
f 3400 3550 3549
f 3400 3549 3548
f 3400 3548 3547
f 3400 3547 3403
f 3400 3403 3404
f 3404 3557 3400
f 3400 3557 3423
f 3400 3423 3421
f 3421 3420 3400
f 3420 3424 3400
f 3424 3428 3400
f 3428 3429 3400
f 3429 3457 3400
f 3456 3400 3457
f 3400 3431 3430
f 3400 3430 3407
f 3400 3407 3406
f 3400 3456 3431
f 2984 3070 2982
f 3315 2982 3070
f 3313 3315 3070
f 3313 3070 7990
f 3313 7990 3312
f 3312 3316 3313
f 7151 7075 7190
f 10158 7190 7075
f 7189 10158 7075
f 7189 7075 7188
f 7185 7075 7183
f 7183 7075 7182
f 7182 7075 3434
f 7182 3434 3433
f 3519 3464 3484
f 3519 3484 3483
f 3519 3483 3508
f 3519 3508 3507
f 3519 3507 3533
f 3519 3533 3534
f 3519 3534 3471
f 3471 3470 3519
f 9945 3519 3470
f 3470 9946 9945
f 9860 9945 9946
f 9860 9946 9873
f 9860 9873 9865
f 9860 9865 8489
f 8489 9861 9860
f 9858 9860 9861
f 9858 9861 8487
f 9858 8487 8485
f 9858 8485 4795
f 9859 9858 4795
f 9859 4795 4400
f 9859 4400 4399
f 9859 4399 4765
f 9859 4765 4763
f 9859 4763 4409
f 9860 9859 4409
f 9860 4409 4408
f 4408 9868 9860
f 9867 9860 9868
f 9867 9868 9944
f 9944 9926 9867
f 9867 9926 9942
f 9867 9942 9943
f 9867 9943 9875
f 9867 9875 9876
f 9867 9876 9930
f 9867 9930 9945
f 9930 9876 3519
f 3521 3519 9876
f 3521 9876 3523
f 3528 3521 3523
f 3523 3522 3528
f 3405 3515 3514
f 3405 3516 3515
f 3405 3401 3516
f 3405 3514 3512
f 3405 3512 3511
f 3405 3511 3513
f 3405 3513 3413
f 3405 3413 3414
f 3414 3509 3415
f 3495 3415 3509
f 3495 3497 3415
f 9898 3415 3497
f 3497 9901 9898
f 9901 9889 9898
f 9890 9898 9889
f 9907 9898 9905
f 9906 9898 9907
f 9909 9898 9906
f 9947 9898 9908
f 9900 9898 9947
f 9892 9898 9900
f 9893 9899 9892
f 9899 9893 9897
f 9897 3399 9899
f 3399 9897 9863
f 9897 9895 9863
f 9864 9863 9895
f 9862 9894 8492
f 8492 9863 9862
f 8492 9891 9863
f 3556 9863 9891
f 8492 9885 9891
f 3555 9891 9885
f 8492 9884 9885
f 3554 9885 9884
f 8492 9949 9884
f 9949 3552 9884
f 8492 9950 9949
f 9950 3551 9949
f 8492 9951 9950
f 9950 9951 3550
f 8492 9952 9951
f 9951 9952 3549
f 9952 9953 3549
f 8492 9953 9952
f 8492 9954 9953
f 9953 9954 3547
f 9954 9948 3547
f 8492 9948 9954
f 8492 8491 9948
f 8489 9948 8491
f 8490 8489 8491
f 8489 8490 7878
f 7878 8488 8489
f 8488 8487 8489
f 8488 8486 8487
f 8488 8507 8486
f 8486 8507 8483
f 8483 8482 8486
f 8486 8482 8485
f 8484 8485 8482
f 8480 8484 8482
f 8482 8481 8480
f 8479 8480 8481
f 8481 8477 8479
f 8479 8477 8476
f 8471 8479 8476
f 8472 8471 8476
f 7662 8472 8476
f 8476 7930 7662
f 7662 7930 3434
f 3408 3434 7930
f 7930 8478 3408
f 8503 3408 8478
f 8478 8504 8503
f 8504 8502 8503
f 8503 8502 3443
f 7831 3443 8502
f 8502 8501 7831
f 8501 7835 7831
f 7835 3447 7831
f 3447 7835 3452
f 3448 3447 3452
f 7836 3452 7835
f 7835 8500 7836
f 8500 8498 7836
f 8512 7836 8498
f 8512 8498 7833
f 8512 7833 3462
f 3450 8512 3462
f 3439 3450 3462
f 3558 3462 7833
f 7832 3558 7833
f 7832 7833 7834
f 7832 7834 3557
f 7834 8513 3557
f 7834 8514 8513
f 8499 8513 8514
f 7942 8499 8514
f 8498 7942 8514
f 7942 8498 7940
f 7940 7941 7942
f 7942 7941 7943
f 7941 8515 7943
f 8496 7943 8515
f 8515 8516 8496
f 8496 8516 8517
f 8517 8518 8496
f 8497 8496 8518
f 8497 8518 8519
f 8519 8499 8497
f 8497 8499 7943
f 8499 8519 8520
f 8520 8519 8521
f 8520 8521 8522
f 8523 8520 8522
f 8523 8522 7830
f 3423 8523 7830
f 3423 7830 3419
f 3423 3419 3418
f 3418 3475 3423
f 3475 3422 3423
f 3425 3426 3427
f 3426 3425 8132
f 8105 3426 8132
f 8110 8105 8132
f 8115 8110 8132
f 8118 8115 8132
f 8122 8118 8132
f 8126 8122 8132
f 8130 8126 8132
f 8136 8130 8132
f 8132 8133 8136
f 8133 8141 8136
f 8161 8136 8141
f 8174 8161 8141
f 8077 8174 8141
f 8182 8077 8141
f 8172 8182 8141
f 8173 8172 8141
f 8176 8173 8141
f 8140 8176 8141
f 8139 8140 8141
f 8139 8141 8160
f 8163 8139 8160
f 8164 8163 8160
f 8165 8164 8160
f 8168 8165 8160
f 8169 8168 8160
f 8170 8169 8160
f 8166 8170 8160
f 8167 8166 8160
f 8162 8167 8160
f 8159 8162 8160
f 3115 8159 8160
f 8160 3092 3115
f 3115 3092 3091
f 3091 3112 3115
f 3112 3113 3115
f 3113 3114 3115
f 3114 3117 3115
f 3117 3118 3115
f 3118 3119 3115
f 3776 7818 3778
f 3778 7818 3771
f 3771 7818 3769
f 3773 7818 3764
f 3764 7818 3762
f 3766 3563 3761
f 3761 3563 3758
f 3754 3563 4918
f 4918 3563 3753
f 3753 7821 3751
f 3751 7821 3750
f 7020 7045 7063
f 7063 7045 7014
f 7015 7014 7045
f 7045 7040 7015
f 7047 7015 7040
f 7040 7306 7047
f 7046 7047 7306
f 7306 7311 7046
f 7038 7046 7311
f 7311 7041 7038
f 7041 7039 7038
f 7037 7038 7039
f 7037 7039 7178
f 7178 7052 7037
f 7027 7037 7052
f 7052 7134 7027
f 7136 7027 7134
f 7195 7027 7197
f 7156 7027 7195
f 7193 7027 7155
f 7089 7027 7193
f 7157 7027 7089
f 7174 7027 7173
f 7191 7027 7174
f 7352 7351 7329
f 7353 7352 7329
f 7351 7350 7329
f 7025 7015 7023
f 7023 7015 7073
f 7073 7015 7072
f 7070 7015 7080
f 7080 7015 7081
f 7085 7015 7082
f 7082 7015 7083
f 7077 7015 7064
f 7064 7015 7065
f 7065 7015 7053
f 7054 7015 7051
f 7051 7015 7026
f 7026 7015 7027
f 7026 7027 7028
f 7028 7027 7056
f 7053 7015 7054
f 7079 7015 7077
f 7083 7015 7079
f 7081 7015 7085
f 7072 7015 7070
f 7069 7015 7025
f 7057 7015 7069
f 2989 7429 7430
f 2989 7430 7512
f 7512 2990 2989
f 2988 2989 2990
f 3033 3032 3076
f 3076 4914 3033
f 8051 3033 4914
f 4914 3722 8051
f 3722 3719 8051
f 3719 3721 8051
f 8051 3721 4911
f 8051 4911 4388
f 4912 8051 4388
f 4907 8466 4387
f 4387 8466 8051
f 8053 8051 8466
f 8053 8466 8468
f 8053 8468 8470
f 8054 8053 8470
f 8470 8473 8054
f 8056 8054 8473
f 8473 8475 8056
f 8475 8058 8056
f 8057 8056 8058
f 8058 7324 8057
f 8061 8057 7324
f 7927 8061 7324
f 7927 7324 7926
f 7926 7925 7927
f 7928 7927 7925
f 7925 7944 7928
f 8059 7928 7944
f 8059 7944 8062
f 8062 7862 8059
f 7862 7861 8059
f 7873 8059 7861
f 7861 7864 7873
f 8061 7873 7864
f 7864 8063 8061
f 8063 7864 7869
f 7869 7871 8063
f 8063 7871 8057
f 8057 7871 8055
f 8065 8055 7871
f 7871 7367 8065
f 8065 7367 7340
f 7340 2989 8065
f 8065 2989 8052
f 8052 2989 8051
f 7366 7340 7367
f 7367 7546 7366
f 7471 7366 7546
f 7544 7471 7546
f 7546 7547 7544
f 7547 7469 7544
f 7470 7544 7469
f 7329 7470 7469
f 7329 7469 7548
f 7548 7795 7329
f 7363 7329 7795
f 7796 7363 7795
f 7796 7795 7797
f 7797 7798 7796
f 7799 7796 7798
f 7798 7801 7799
f 7800 7799 7801
f 7800 7801 7802
f 7803 7800 7802
f 7804 7803 7802
f 7804 7802 7805
f 7806 7804 7805
f 7806 7805 7807
f 7808 7806 7807
f 7808 7807 7809
f 7810 7808 7809
f 7810 7809 7811
f 7810 7811 7812
f 7813 7810 7812
f 7814 7813 7812
f 7815 7814 7812
f 7815 7812 7816
f 7815 7816 3563
f 7817 7815 3563
f 3563 3768 7817
f 7817 3768 7818
f 7818 7828 7817
f 7827 7817 7828
f 7827 7828 7837
f 7837 7814 7827
f 7837 7838 7814
f 7841 7814 7838
f 7838 7843 7841
f 7844 7841 7843
f 7843 7845 7844
f 7846 7844 7845
f 7851 7846 7845
f 7874 7851 7845
f 7874 7845 7875
f 7887 7874 7875
f 7875 7886 7887
f 7885 7887 7886
f 7884 7885 7886
f 7886 7897 7884
f 7897 7896 7884
f 7896 7900 7884
f 7902 7884 7900
f 7901 7894 7911
f 7901 7911 7909
f 7888 7901 7909
f 7888 7909 7905
f 7888 7905 7906
f 7906 3005 7888
f 7889 7888 3005
f 3005 7913 7889
f 7889 7913 7850
f 7874 7889 7850
f 7850 7913 7918
f 7850 7918 7919
f 7846 7850 7919
f 7920 7846 7919
f 7919 7921 7920
f 7920 7921 7844
f 7921 7919 7840
f 7813 7921 7840
f 7841 7921 7813
f 7919 7842 7840
f 7840 7842 7839
f 7839 7810 7840
f 7839 7842 7947
f 7947 7808 7839
f 7948 7947 7842
f 7842 7918 7948
f 7918 7949 7948
f 7949 7950 7948
f 7948 7950 7951
f 7950 7952 7951
f 7804 7951 7952
f 7953 7952 7950
f 7950 7954 7953
f 2995 7953 7954
f 2995 7954 3318
f 2996 2995 3318
f 3318 7956 3009
f 3007 3009 7956
f 3007 7956 3005
f 3007 3005 3013
f 3007 3013 3015
f 3015 3307 3007
f 3007 3307 3308
f 3007 3308 3008
f 2997 3019 2995
f 2995 3019 3020
f 3027 7953 3020
f 3027 7980 7953
f 7980 7981 7953
f 7980 7982 7981
f 7982 7983 7981
f 7981 7983 7803
f 7981 7803 7952
f 3024 7983 7982
f 3024 7982 10568
f 3024 10568 3003
f 3003 3002 3024
f 3002 3026 3024
f 3025 3024 3026
f 3024 3317 3306
f 3304 3305 3306
f 3306 3305 7983
f 3305 7985 7983
f 7983 7985 7986
f 7987 7983 7986
f 7990 7989 7992
f 3312 7992 3310
f 3310 3311 3312
f 7170 7153 7048
f 7048 7153 7152
f 7152 7153 7154
f 7159 7075 7158
f 7158 7075 7184
f 7184 7075 7187
f 7074 7075 7076
f 7187 7075 7074
f 7075 7159 7153
f 7075 7153 7180
f 7075 7180 7181
f 7075 7181 7662
f 7662 7181 8474
f 7310 8474 7181
f 7181 7041 7310
f 8475 8474 7310
f 7181 7180 7041
f 7042 7041 7180
f 7180 7178 7042
f 7180 7153 7178
f 7265 7178 7153
f 7265 7153 7264
f 7277 7178 7256
f 7276 7178 7277
f 7274 7178 7276
f 7263 7178 7262
f 7271 7178 7263
f 7273 7178 7271
f 7270 7178 7269
f 7252 7178 7270
f 7272 7178 7252
f 7260 7178 7268
f 7267 7178 7260
f 7140 7178 7254
f 7254 7178 7261
f 7261 7178 7266
f 7142 7178 7140
f 7247 7178 7142
f 7248 7178 7246
f 7129 7178 7248
f 7130 7178 7129
f 7244 7178 7239
f 7245 7178 7244
f 7235 7178 7245
f 7242 7178 7234
f 7231 7178 7242
f 7240 7178 7233
f 7238 7178 7240
f 7236 7178 7238
f 7226 7178 7224
f 7229 7178 7226
f 7228 7178 7229
f 7222 7178 7227
f 7220 7178 7222
f 7221 7178 7220
f 7179 7178 7218
f 7177 7178 7179
f 7176 7178 7177
f 7175 7052 7176
f 7200 7052 7175
f 7139 7052 7200
f 7218 7178 7221
f 7227 7178 7228
f 7224 7178 7236
f 7233 7178 7231
f 7234 7178 7235
f 7239 7178 7130
f 7246 7178 7247
f 7266 7178 7267
f 7268 7178 7272
f 7269 7178 7273
f 7262 7178 7274
f 7172 7153 7160
f 7160 7153 7161
f 7161 7153 7165
f 7166 7153 7164
f 7164 7153 7162
f 7165 7153 7166
f 7264 7153 7172
f 7256 7178 7265
f 7154 7153 7159
f 7162 7153 7170
f 3079 3071 8467
f 3077 3079 8467
f 8467 8465 3077
f 8467 8464 8465
f 8464 8467 8466
f 3077 3078 3079
f 3071 3073 8467
f 3074 8467 3073
f 3074 3073 3075
f 4783 3074 9853
f 9851 4783 4784
f 9851 4784 4780
f 9851 4780 4774
f 4774 4773 9851
f 4782 9851 4773
f 4781 4786 9851
f 4785 9851 4786
f 4776 9851 4785
f 4777 9851 4776
f 4769 8484 4791
f 8484 4771 4791
f 4771 8484 4787
f 4787 9851 4772
f 4772 9851 4770
f 4787 8484 9851
f 8484 4769 4768
f 4796 8484 4768
f 4794 8485 4796
f 9927 9922 9931
f 9931 9922 9869
f 9869 9922 9870
f 9925 9924 9929
f 9925 9929 9922
f 9922 9886 9925
f 9886 3545 9925
f 3525 9925 3545
f 3525 3545 3542
f 9925 3525 9926
f 3539 9926 3525
f 3540 3539 3525
f 3545 9886 3488
f 3488 3544 3545
f 9888 3488 9886
f 9886 9887 9888
f 9920 9888 9887
f 9919 9918 9920
f 9918 9919 9913
f 9913 3502 9918
f 3504 9918 3502
f 3504 3502 3495
f 3489 3504 3495
f 3495 3506 3489
f 3489 9888 3504
f 3502 3503 3495
f 3496 3495 3503
f 3503 9910 3496
f 3496 9910 3497
f 9910 3503 9915
f 9915 9914 9910
f 9911 9910 9914
f 9904 9913 9903
f 9903 9913 9912
f 9912 9913 9916
f 9916 9913 9917
f 9913 9904 9915
f 9902 9910 9911
f 9910 9902 9901
f 9914 9915 9904
f 9915 3503 9913
f 9918 3504 9888
f 3502 9913 3503
f 9917 9913 9919
f 9932 9922 9928
f 9888 9920 9918
f 9887 9886 9932
f 3488 9888 3489
f 3488 3489 3490
f 9922 9932 9886
f 9924 9925 9926
f 9922 9929 9941
f 9922 9941 9933
f 9933 9934 9922
f 9940 9922 9934
f 9939 9922 9940
f 9938 9922 9939
f 9937 9922 9938
f 9936 9922 9937
f 9935 9922 9936
f 9923 9922 9935
f 9921 9922 9923
f 9870 9922 9921
f 9928 9922 9927
f 4407 4404 9825
f 4407 9825 9896
f 9825 4404 4403
f 4406 9825 4403
f 9824 4398 4402
f 9824 4402 4789
f 4788 9824 4789
f 4793 9823 4790
f 9823 9824 4790
f 10183 9824 9823
f 10183 9823 10184
f 10184 8517 10183
f 8517 10184 9818
f 9818 10184 9819
f 9818 9819 9817
f 9816 9818 9817
f 9817 9813 9816
f 9816 9813 8521
f 8521 9813 9814
f 9814 9813 9812
f 9814 9812 8525
f 9814 8525 9815
f 9815 8522 9814
f 9815 8525 8524
f 3479 9815 8524
f 8524 3417 3479
f 3476 3479 3417
f 3419 3476 3417
f 3476 7830 3479
f 3425 3417 8524
f 3425 3472 3417
f 7830 9815 3479
f 8524 8525 3425
f 3425 8525 8526
f 8526 8527 3425
f 3425 8527 8210
f 8156 3425 8210
f 8210 8211 8156
f 8156 8211 8132
f 7319 8132 8211
f 8211 8214 7319
f 7319 8214 7301
f 7319 7301 7318
f 7319 7318 8133
f 7318 7303 8133
f 7303 7302 8133
f 7302 8084 8133
f 8084 8142 8133
f 8142 8175 8133
f 8175 8171 8133
f 8160 8133 8171
f 8171 9157 8160
f 9157 8171 9675
f 9157 9675 9154
f 9157 9154 9156
f 3303 9157 9156
f 3303 9156 3093
f 3303 3093 3095
f 3303 3095 3302
f 3300 3303 3302
f 3300 3302 3301
f 3300 3301 3299
f 3092 3300 3299
f 3092 3299 3107
f 3107 3106 3092
f 3106 3110 3092
f 3109 3092 3110
f 3090 3111 3091
f 3221 3226 3227
f 3221 3220 3226
f 3038 3039 2993
f 2993 3041 3038
f 3041 3016 3038
f 3040 3038 3016
f 8208 3016 3041
f 8208 3041 8207
f 8209 8208 8207
f 8207 8206 8209
f 9520 8209 8206
f 9520 8206 9519
f 9518 9520 9519
f 9518 9519 9515
f 9517 9518 9515
f 9515 9516 9517
f 9521 9517 9516
f 9516 9623 9521
f 9522 9521 9623
f 9623 9622 9522
f 9522 9622 9523
f 9522 9523 8184
f 8184 8149 9522
f 8149 8147 9522
f 8149 378 8147
f 378 372 8147
f 362 8147 372
f 362 441 364
f 383 435 8143
f 8143 382 383
f 8145 364 381
f 8145 8147 364
f 8147 8145 9517
f 381 382 8145
f 8143 8145 382
f 8145 8143 9518
f 8143 8144 9518
f 8104 8144 8143
f 8144 8104 8108
f 8108 8074 8144
f 8144 8074 9520
f 8074 8108 8075
f 8074 8075 8076
f 8076 8109 8074
f 8074 8109 8208
f 8109 3017 8208
f 8109 3035 3017
f 8109 8076 3035
f 8112 8076 8075
f 8107 8075 8108
f 8103 8108 8104
f 8143 435 8104
f 8104 435 433
f 8104 433 384
f 8104 384 427
f 7309 8104 427
f 439 7309 427
f 440 376 72
f 440 72 74
f 431 440 74
f 148 431 74
f 76 431 148
f 181 76 45
f 219 181 45
f 147 219 45
f 149 219 147
f 44 8283 149
f 8283 44 75
f 75 73 8283
f 8283 73 71
f 71 48 8283
f 8283 48 10
f 87 8283 10
f 87 160 89
f 89 85 8283
f 85 83 8283
f 83 32 8283
f 82 8283 32
f 8283 82 150
f 8283 150 151
f 8287 8283 151
f 8287 151 155
f 8287 155 91
f 156 8287 91
f 8287 157 153
f 36 8287 153
f 152 8287 36
f 407 169 86
f 407 86 428
f 407 408 84
f 408 165 84
f 164 410 166
f 166 410 167
f 167 410 7
f 168 37 434
f 168 434 170
f 170 434 51
f 141 263 171
f 263 353 171
f 171 353 142
f 8320 6 35
f 6 8320 159
f 172 6 159
f 8320 8321 159
f 8321 139 159
f 143 8321 62
f 8321 20 62
f 8318 60 20
f 137 60 8318
f 137 8318 8317
f 137 8317 38
f 135 8312 133
f 64 133 8312
f 64 8312 8311
f 8311 67 64
f 8310 131 16
f 16 8311 8310
f 14 8310 8342
f 24 8342 8343
f 8343 127 24
f 52 8 8301
f 52 8301 8307
f 8307 123 52
f 121 8308 54
f 58 54 8308
f 58 8308 8348
f 8348 1 58
f 8303 46 12
f 12 8348 8303
f 119 8303 8302
f 119 8302 117
f 42 8305 30
f 40 30 8305
f 40 8305 8306
f 8306 69 40
f 113 69 8306
f 113 8306 8349
f 8349 111 113
f 107 8295 103
f 105 103 8295
f 105 8295 8296
f 105 8296 101
f 22 8296 8350
f 8350 99 22
f 145 99 8350
f 145 8350 8339
f 145 8339 95
f 97 8336 93
f 8336 26 93
f 26 8336 8287
f 8287 79 26
f 8293 8287 8336
f 8291 8287 8294
f 8292 8287 8291
f 8284 8287 8292
f 8286 8287 8285
f 8280 8283 8286
f 8278 8283 8280
f 8279 8283 8278
f 4127 8423 8279
f 4129 8423 4127
f 4128 8423 4129
f 8421 8423 4128
f 8420 8421 8419
f 8580 8423 8422
f 8423 8580 8579
f 4910 8423 8579
f 4909 8423 4910
f 3083 3082 3080
f 3080 8434 3083
f 8434 4800 3083
f 3083 4800 3086
f 3086 3085 3083
f 3085 3084 3083
f 4802 8432 4803
f 4803 8432 3863
f 3861 4804 4805
f 3861 8432 4804
f 4804 8432 8431
f 8431 8432 4908
f 4908 8432 8423
f 8432 8542 8423
f 8581 8423 8542
f 8581 8542 7858
f 7856 8581 7858
f 7856 7858 7857
f 7857 7852 7856
f 7848 7856 7852
f 7852 7849 7848
f 7847 7848 7849
f 7860 7847 7849
f 7860 8533 7847
f 8213 7847 8533
f 8533 7934 8213
f 8214 8213 7934
f 8540 7934 8533
f 8540 8533 8537
f 8537 8536 8540
f 7937 8540 8536
f 8536 8539 7937
f 7938 7937 8539
f 8539 8215 7938
f 7938 8215 7939
f 7938 7939 7935
f 7935 7923 7938
f 7923 7935 7936
f 7936 7924 7923
f 7922 7923 7924
f 7924 7934 7922
f 7922 7934 7933
f 7924 7301 7934
f 7317 7301 7924
f 7317 7924 7320
f 7317 7320 7312
f 7312 7302 7317
f 7314 7302 7312
f 7312 7313 7314
f 7316 7314 7313
f 7313 7299 7316
f 7316 7299 7315
f 7315 8158 7316
f 374 8158 7315
f 7315 402 374
f 183 347 247
f 183 247 178
f 190 344 196
f 344 190 348
f 436 306 307
f 51 436 307
f 330 27 307
f 27 330 94
f 330 98 94
f 352 98 330
f 352 29 98
f 229 146 96
f 229 329 146
f 329 100 146
f 254 55 59
f 254 59 323
f 321 53 322
f 322 53 124
f 322 124 122
f 320 78 126
f 321 320 126
f 319 130 320
f 319 128 130
f 319 25 128
f 317 65 68
f 316 65 317
f 315 136 316
f 316 136 134
f 138 39 315
f 314 138 315
f 314 61 138
f 314 21 61
f 251 144 63
f 242 144 251
f 266 140 242
f 266 5 140
f 263 5 266
f 263 34 5
f 41 239 324
f 324 31 41
f 239 70 114
f 114 112 325
f 325 112 110
f 326 325 110
f 326 110 19
f 326 19 108
f 326 108 328
f 327 328 106
f 327 106 102
f 23 327 102
f 327 23 329
f 328 104 106
f 328 108 104
f 324 43 31
f 243 4 43
f 243 116 4
f 237 13 47
f 13 237 323
f 323 2 13
f 237 47 120
f 237 120 259
f 259 120 118
f 259 118 116
f 243 259 116
f 243 43 324
f 239 41 70
f 239 114 325
f 242 140 144
f 21 251 63
f 251 21 314
f 315 39 136
f 317 17 318
f 318 17 132
f 15 318 132
f 318 15 257
f 257 15 57
f 25 257 57
f 316 134 65
f 17 317 68
f 25 319 257
f 320 130 78
f 321 126 9
f 321 9 53
f 322 122 254
f 59 2 323
f 122 55 254
f 329 23 100
f 29 229 96
f 229 29 352
f 8315 353 308
f 262 8315 308
f 8582 262 265
f 8719 8582 265
f 312 8719 265
f 312 313 8719
f 313 8716 8719
f 8716 8718 8719
f 8718 8721 8719
f 8721 8720 8719
f 8722 8720 8721
f 8721 8723 8722
f 8723 8724 8722
f 8722 8724 8725
f 8726 8722 8725
f 8727 8726 8725
f 8725 8728 8727
f 471 8727 8728
f 471 8728 531
f 477 9039 593
f 593 9039 571
f 481 8355 599
f 8355 8354 599
f 599 8354 604
f 604 8354 515
f 522 513 8351
f 522 8351 8358
f 522 8358 602
f 8358 594 602
f 594 8358 591
f 591 8358 521
f 8358 8411 521
f 8411 470 521
f 470 8411 525
f 8411 478 524
f 478 8411 527
f 8583 592 527
f 8583 526 592
f 8730 535 539
f 8730 539 443
f 8583 8730 443
f 8583 443 497
f 442 8583 497
f 8583 8732 8730
f 8730 8732 8726
f 8732 8733 8726
f 8732 8734 8733
f 8734 8735 8733
f 8720 8733 8735
f 8735 8582 8720
f 8735 8315 8582
f 8315 8735 8353
f 8325 8315 8353
f 8325 8353 8345
f 8314 8315 8316
f 142 8314 8320
f 3023 3031 3030
f 3030 8245 3023
f 3080 3023 8245
f 3080 3021 3023
f 3021 3022 3023
f 3080 3081 3021
f 3030 8244 8245
f 8244 8554 8245
f 8245 8554 8545
f 8245 8545 8434
f 8543 8434 8545
f 8543 8545 8544
f 8541 8543 8544
f 8541 8544 8216
f 8215 8541 8216
f 7858 8541 8215
f 8534 7858 8215
f 8534 8215 8538
f 8538 8536 8534
f 7866 8534 8536
f 8536 8535 7866
f 7860 7866 8535
f 7866 7860 7852
f 7852 7859 7866
f 8534 7866 7859
f 7859 7858 8534
f 8218 8216 8544
f 8218 8544 8546
f 8218 8546 8547
f 8219 8218 8547
f 8219 8547 7931
f 8219 7931 7308
f 7307 8219 7308
f 7307 7308 7309
f 7309 7298 7307
f 7300 7307 7298
f 7298 7299 7300
f 7321 7307 7300
f 7300 7320 7321
f 7321 7320 7322
f 7322 7939 7321
f 7936 7939 7322
f 7322 7320 7936
f 7320 7300 7313
f 7321 7939 7307
f 7939 8217 7307
f 8217 7939 8216
f 7298 7309 363
f 7298 363 386
f 7298 386 426
f 426 432 7298
f 432 8146 7298
f 8146 8148 7298
f 8148 8150 7298
f 8150 8151 7298
f 8151 8153 7298
f 8153 8154 7298
f 8154 7315 7298
f 400 7315 8154
f 400 8154 398
f 370 206 361
f 369 361 206
f 174 369 206
f 218 438 188
f 218 342 438
f 188 369 174
f 206 370 205
f 205 417 184
f 184 417 198
f 179 367 207
f 418 207 367
f 418 368 215
f 368 222 215
f 212 368 213
f 213 368 430
f 213 430 214
f 214 430 419
f 214 419 201
f 173 415 177
f 177 415 414
f 177 414 208
f 413 208 414
f 413 371 209
f 371 210 209
f 175 405 194
f 194 405 431
f 194 431 181
f 8146 380 373
f 8146 373 379
f 175 371 405
f 371 175 210
f 208 413 209
f 173 419 415
f 419 173 201
f 379 423 8148
f 423 412 8150
f 424 8150 412
f 8150 424 420
f 8150 420 392
f 8150 392 429
f 390 8150 429
f 394 396 8153
f 359 8153 396
f 390 394 8151
f 185 8402 224
f 8402 8406 224
f 224 8406 186
f 226 186 200
f 8400 223 200
f 223 8400 348
f 348 8400 345
f 248 8400 343
f 8400 341 343
f 8396 250 282
f 281 8396 282
f 227 8396 281
f 8396 227 261
f 8396 261 291
f 291 238 8396
f 238 8404 8396
f 8404 8697 8396
f 8698 8396 8697
f 8698 8697 8696
f 8696 8943 8698
f 283 8698 8943
f 283 8943 284
f 309 8716 357
f 8716 309 310
f 8716 310 8717
f 8717 310 311
f 311 355 8717
f 8717 355 269
f 8717 269 8715
f 9035 8717 8715
f 9035 8715 8714
f 9034 9035 8714
f 8714 9025 9034
f 9025 9026 9034
f 9033 9034 9026
f 9031 9033 9026
f 9027 9031 9026
f 9027 9026 9024
f 9028 9027 9024
f 9028 9024 9022
f 9124 9028 9022
f 9020 9124 9022
f 9020 9022 9021
f 9018 9020 9021
f 9021 8709 9018
f 9018 8709 9016
f 9018 9016 9017
f 9017 9019 9018
f 9089 9019 9017
f 9089 9017 9090
f 9089 9090 9087
f 9087 9092 9089
f 9093 9089 9092
f 9042 9093 9092
f 9042 9092 9043
f 9042 9043 9039
f 9039 9038 9042
f 9038 9121 9042
f 9038 9036 9121
f 9123 9121 9036
f 9036 8739 9123
f 9125 9123 8739
f 8731 9125 8739
f 546 8731 8739
f 8731 9029 9125
f 9125 9029 9028
f 8738 9029 8731
f 8738 8731 561
f 561 8731 563
f 8731 538 563
f 8738 9030 9029
f 9027 9029 9030
f 8729 9030 8738
f 445 8729 8738
f 503 8729 445
f 8729 503 529
f 8729 529 530
f 8729 530 558
f 8187 8729 558
f 494 8187 558
f 8187 9032 8729
f 8187 8725 9032
f 8729 9032 9030
f 9030 9032 9031
f 9032 8723 9031
f 9124 9123 9125
f 9124 9122 9123
f 8739 9036 565
f 9122 9121 9123
f 9093 9121 9122
f 9122 9019 9093
f 9122 9020 9019
f 9036 9038 578
f 469 9038 9039
f 9040 9039 9043
f 9040 9043 9044
f 9040 9044 9041
f 574 9040 9041
f 9041 9044 9120
f 9041 9120 9037
f 502 9041 9037
f 9037 9120 9045
f 9037 9045 8740
f 9037 8740 579
f 8740 9045 9046
f 8740 9046 8741
f 8740 8741 479
f 8741 9046 9047
f 8741 9047 8737
f 8741 8737 580
f 9048 8737 9047
f 9048 9047 9117
f 9117 9053 9048
f 9048 9053 9049
f 448 9048 9049
f 9049 9053 9050
f 9049 9050 8742
f 9049 8742 583
f 8742 446 583
f 446 8742 474
f 8742 9050 9051
f 8742 9051 8743
f 485 8742 8743
f 485 8743 552
f 462 8743 553
f 553 8743 495
f 8743 8744 495
f 495 8744 554
f 8744 556 557
f 556 8744 555
f 555 8744 8355
f 8355 486 555
f 554 8744 557
f 8743 8745 8744
f 8354 8744 8745
f 8745 8356 8354
f 8356 8357 8354
f 8362 8354 8357
f 8360 8354 8363
f 8361 8354 8360
f 8359 8354 8361
f 8235 8239 3067
f 3067 3069 8235
f 3044 8235 3069
f 3069 3066 3044
f 3043 3044 3066
f 3043 2998 3000
f 2998 2999 3000
f 3010 3000 2999
f 3011 3010 2999
f 3011 3065 3012
f 7908 3012 7898
f 7908 7898 7915
f 7908 7915 7914
f 7914 7899 7908
f 7899 7886 7908
f 7890 7908 7886
f 7908 7890 8228
f 8228 8236 7908
f 3010 7908 8236
f 8233 8236 8228
f 8233 8228 8229
f 8233 8229 8232
f 8232 8234 8233
f 8234 8235 8233
f 8235 8234 8240
f 8240 8234 8242
f 8244 8240 8242
f 4119 8240 8244
f 4119 8244 4120
f 4119 2985 2987
f 2985 2986 2987
f 3030 3029 3309
f 3309 8241 8244
f 8244 8241 4121
f 2985 2994 2986
f 8244 4121 4120
f 8240 4119 2987
f 8240 2987 8239
f 8242 8234 8550
f 8548 8242 8550
f 8548 8550 8549
f 8549 8547 8548
f 8549 8550 8551
f 8549 8551 7932
f 7931 8549 7932
f 7931 7932 7826
f 7931 7826 8078
f 8078 7826 8079
f 8078 8079 8080
f 7823 8079 7826
f 7826 7825 7823
f 7824 7823 7825
f 7824 7825 8220
f 8220 8221 7824
f 7829 7824 8221
f 8221 8222 7829
f 7829 8222 7828
f 8222 8221 8223
f 8223 8224 8222
f 8222 8224 7837
f 8223 8225 8224
f 8224 8225 7843
f 8225 8226 7843
f 8225 8227 8226
f 7890 8226 8227
f 7890 7875 8226
f 8230 8227 8225
f 8229 8227 8230
f 8230 8231 8229
f 8231 8230 8553
f 8552 8231 8553
f 8220 8552 8553
f 8552 8551 8231
f 8551 8232 8231
f 8223 8553 8230
f 8225 8223 8230
f 8553 8223 8221
f 7824 7829 7818
f 8220 8553 8221
f 8552 8220 7825
f 7932 8552 7825
f 7818 7823 7824
f 8079 7823 8082
f 7823 4072 8082
f 4283 4072 7823
f 7823 4073 4283
f 7823 4071 4073
f 7823 3776 4071
f 7932 7825 7826
f 7932 8551 8552
f 8550 8232 8551
f 8242 8548 8554
f 8546 8554 8548
f 8550 8234 8232
f 8231 8232 8229
f 8229 8228 8227
f 8235 8236 8233
f 3000 8236 8235
f 8228 7890 8227
f 3010 3012 7908
f 3010 3011 3012
f 3010 8236 3000
f 3044 3043 3000
f 3000 8235 3044
f 3067 3068 3069
f 8239 8235 8240
f 4916 8430 4813
f 4813 8430 4814
f 4814 8430 4812
f 8430 8433 4812
f 8433 4913 4812
f 3714 8433 3717
f 8433 8435 3717
f 3718 3717 8435
f 3718 8435 3716
f 3716 8435 4390
f 4393 10185 4778
f 4793 4778 10185
f 10185 4393 4392
f 4395 10185 4392
f 4798 10185 4395
f 9821 4798 4799
f 4797 9821 4799
f 4797 8435 9821
f 8435 9820 9821
f 9819 9821 9820
f 10185 9821 9819
f 9820 8435 9810
f 9811 9820 9810
f 9811 9810 9809
f 9811 9809 9812
f 9812 9809 8526
f 8526 9809 8528
f 8528 9809 9808
f 9808 8530 8528
f 8528 8530 8529
f 8529 8527 8528
f 8527 8529 8212
f 8529 8532 8212
f 8212 8532 8213
f 8212 8213 8211
f 8529 8531 8532
f 8531 7882 8532
f 8532 7882 7847
f 7881 7847 7882
f 7881 7882 7879
f 7879 7880 7881
f 7856 7881 7880
f 7856 7880 8599
f 7880 8402 8599
f 8599 8402 8581
f 8330 8581 8402
f 8402 180 8330
f 8330 180 202
f 8330 202 204
f 192 8330 204
f 8330 187 211
f 211 221 8330
f 221 176 8330
f 8330 176 195
f 8330 195 225
f 182 8330 225
f 8283 182 219
f 182 8283 8330
f 8330 8283 8423
f 187 8330 192
f 193 8402 220
f 8402 197 220
f 197 8402 191
f 199 191 8402
f 8402 193 180
f 8416 8402 7880
f 7879 8416 7880
f 7882 8416 7879
f 8416 7882 8374
f 8406 8416 8374
f 8374 8405 8406
f 8374 8407 8405
f 8601 8405 8407
f 8407 8818 8601
f 8818 8816 8601
f 8816 8817 8601
f 8601 8817 8822
f 8601 8822 8624
f 8624 8603 8601
f 8602 8601 8603
f 8602 8603 8607
f 8608 8602 8607
f 8607 8842 8608
f 8842 8609 8608
f 8608 8609 8610
f 8610 8606 8608
f 8606 8610 8611
f 8606 8611 8605
f 8606 8605 8602
f 8605 8604 8602
f 8604 8600 8602
f 8604 8621 8600
f 8621 8627 8600
f 8627 8628 8600
f 8628 8629 8600
f 8629 8630 8600
f 8400 8600 8630
f 8630 8401 8400
f 8401 8630 8633
f 8633 8403 8401
f 8401 8403 270
f 8401 270 244
f 8401 244 341
f 270 8403 271
f 271 8403 8332
f 272 271 8332
f 272 8332 273
f 273 8332 274
f 234 8331 289
f 8404 289 8331
f 8331 8634 8404
f 8634 8331 8635
f 8636 8634 8635
f 8635 8637 8636
f 8638 8636 8637
f 8639 8638 8637
f 8632 8639 8637
f 8637 8633 8632
f 8639 8632 8631
f 8642 8639 8631
f 8631 8643 8642
f 8642 8643 8644
f 8644 8645 8642
f 8641 8642 8645
f 8646 8641 8645
f 8646 8647 8641
f 8640 8641 8647
f 8647 8692 8640
f 8692 8691 8640
f 8640 8691 8638
f 8691 8693 8638
f 8693 8691 8690
f 8690 8694 8693
f 8694 8695 8693
f 8693 8695 8636
f 8695 8694 8696
f 8940 8696 8694
f 8938 8940 8694
f 8940 8938 8939
f 8939 8941 8940
f 8941 8942 8940
f 8940 8942 356
f 8940 356 286
f 8943 8940 286
f 285 356 8942
f 8942 287 285
f 292 288 8944
f 8944 256 292
f 256 8944 8947
f 293 256 8947
f 8947 249 293
f 8699 258 296
f 8699 8701 258
f 8701 252 258
f 232 252 8715
f 8715 252 8701
f 8713 8715 8701
f 8713 8701 8702
f 8711 8713 8702
f 8702 8705 8711
f 8707 8711 8705
f 8707 8705 8706
f 8707 8706 8708
f 8708 8709 8707
f 8709 8710 8707
f 9012 8708 8706
f 8706 9008 9012
f 9012 9008 8993
f 9012 8993 8992
f 9013 9012 8992
f 8992 9014 9013
f 9014 9015 9013
f 9013 9015 9016
f 9016 8708 9013
f 9015 9014 9091
f 9091 9090 9015
f 9085 9090 9091
f 9085 9091 9080
f 9085 9080 9086
f 9086 9087 9085
f 9087 9086 9088
f 9096 9088 9086
f 9096 9086 9100
f 9096 9100 9098
f 9098 9097 9096
f 9097 9095 9096
f 9097 9120 9095
f 9098 9115 9097
f 9045 9097 9115
f 9115 9098 9113
f 9113 9114 9115
f 9114 9046 9115
f 9113 9112 9114
f 9114 9112 9116
f 9047 9114 9116
f 9112 9119 9116
f 9118 9116 9119
f 9118 9119 9056
f 9054 9118 9056
f 9054 9056 9055
f 9055 9052 9054
f 9053 9054 9052
f 9055 9067 9052
f 8746 9052 9067
f 8746 9067 8747
f 8746 8747 8584
f 8584 8745 8746
f 8746 8745 9051
f 8585 8584 8747
f 8748 8585 8747
f 8748 8747 8749
f 8748 8749 8750
f 8750 8751 8748
f 8751 8586 8748
f 8586 8751 8587
f 8586 8587 8347
f 8585 8586 8347
f 8347 8366 8585
f 8366 8356 8585
f 8366 8365 8356
f 8365 8366 8364
f 8364 8347 8388
f 8388 8347 8391
f 8391 8347 8389
f 8390 8387 8381
f 8381 8387 8380
f 8380 8387 8386
f 8385 8387 8394
f 8394 8387 8393
f 8393 8387 8392
f 8384 8387 8383
f 8383 8387 8382
f 8346 8382 8387
f 8387 8347 8346
f 8341 8346 8347
f 8346 8341 8340
f 8340 8367 8346
f 8367 8340 8368
f 8377 8337 8378
f 8378 8337 8379
f 8334 8379 8337
f 8337 8335 8334
f 8333 8334 8335
f 8333 8335 8589
f 8589 8590 8333
f 8590 8591 8333
f 8375 8333 8591
f 8376 8375 8591
f 8591 8592 8376
f 8592 8593 8376
f 8395 8376 8593
f 8397 8395 8593
f 8593 8594 8397
f 8594 8595 8397
f 8398 8397 8595
f 8595 8596 8398
f 8399 8398 8596
f 8399 8596 8410
f 8374 8399 8410
f 8374 8410 8409
f 8374 8409 8408
f 8409 8821 8408
f 8819 8408 8821
f 8820 8819 8821
f 8821 8813 8820
f 8813 8814 8820
f 8818 8820 8814
f 8814 8813 8812
f 8815 8814 8812
f 8815 8812 8811
f 8815 8811 9795
f 9795 8817 8815
f 8817 9795 8830
f 8830 9795 8831
f 8830 8831 8829
f 8827 8830 8829
f 8829 8828 8827
f 8828 8826 8827
f 8625 8827 8826
f 8625 8826 8622
f 8625 8622 8624
f 8622 8623 8624
f 8823 8624 8623
f 8826 8823 8623
f 8826 8825 8823
f 8825 8824 8823
f 8824 8607 8823
f 8824 8825 8838
f 8824 8838 8841
f 8841 8842 8824
f 8843 8842 8841
f 8844 8843 8841
f 8840 8844 8841
f 8851 8844 8840
f 8840 8852 8851
f 8851 8852 8671
f 8671 8675 8851
f 8847 8851 8675
f 8674 8847 8675
f 8674 8675 8667
f 8669 8674 8667
f 8668 8669 8667
f 8666 8668 8667
f 8664 8666 8667
f 8664 8667 8676
f 8676 8677 8664
f 8661 8664 8677
f 8677 8678 8661
f 8661 8678 8679
f 8662 8661 8679
f 8679 8680 8662
f 8662 8680 8681
f 8681 8653 8662
f 8663 8662 8653
f 8665 8663 8653
f 8654 8665 8653
f 8654 8653 8651
f 8654 8651 8655
f 8656 8654 8655
f 8656 8655 8657
f 8656 8657 8658
f 8656 8658 8659
f 8659 8660 8656
f 8664 8660 8659
f 8664 8665 8660
f 8659 8658 8666
f 8666 8658 8849
f 8848 8666 8849
f 8849 8615 8848
f 8846 8848 8615
f 8846 8615 8845
f 8846 8845 8847
f 8844 8847 8845
f 8845 8615 8613
f 8843 8845 8613
f 8609 8843 8613
f 8614 8613 8615
f 8613 8614 8612
f 8612 8610 8613
f 8612 8617 8610
f 8616 8617 8612
f 8617 8616 8618
f 8617 8618 8619
f 8611 8617 8619
f 8619 8620 8611
f 8619 8626 8620
f 8621 8620 8626
f 8620 8621 8605
f 8619 9801 8626
f 9801 8627 8626
f 8627 9801 9803
f 9801 9802 9803
f 9802 8628 9803
f 9804 8628 9802
f 9805 9804 9802
f 9800 9805 9802
f 9799 9805 9800
f 9798 9799 9800
f 9798 9800 8618
f 8618 9800 9801
f 9798 8657 9799
f 8657 9798 8850
f 8850 9798 8616
f 8614 8850 8616
f 8614 8849 8850
f 8650 9805 9799
f 8650 9799 8655
f 8650 8649 9805
f 8648 8649 8650
f 8650 8651 8648
f 8651 8652 8648
f 8652 8647 8648
f 8648 8646 8649
f 8646 9807 8649
f 9806 8649 9807
f 9806 9807 8643
f 8629 9806 8643
f 8649 9806 9804
f 8646 8644 9807
f 9804 9805 8649
f 8628 9804 9806
f 9801 9800 9802
f 8619 8618 9801
f 8618 8616 9798
f 8614 8616 8612
f 8848 8846 8669
f 8615 8849 8614
f 8658 8850 8849
f 8657 8850 8658
f 8655 9799 8657
f 8656 8660 8654
f 8655 8651 8650
f 8653 8652 8651
f 8654 8660 8665
f 8664 8663 8665
f 8652 8653 8681
f 8681 8692 8652
f 8692 8681 8688
f 8681 8682 8688
f 8682 8687 8688
f 8687 8689 8688
f 8688 8689 8690
f 8690 8689 8938
f 8689 8935 8938
f 8935 8934 8938
f 8932 8934 8935
f 8932 8935 8936
f 8936 8937 8932
f 8930 8932 8937
f 8930 8937 8928
f 8930 8928 8929
f 8929 8931 8930
f 8931 8929 8933
f 8933 8932 8931
f 8957 8933 8929
f 8957 8929 9537
f 8961 8957 9537
f 8961 9537 9538
f 9539 8961 9538
f 9538 9540 9539
f 9541 9539 9540
f 9541 9540 9542
f 9542 9544 9541
f 9543 9541 9544
f 9544 9545 9543
f 9546 9543 9545
f 9545 9547 9546
f 9547 9511 9546
f 9511 9548 9546
f 9549 9546 9548
f 9548 9550 9549
f 9551 9549 9550
f 9550 9552 9551
f 8962 9551 9552
f 9552 9553 8962
f 8963 8962 9553
f 9553 9134 8963
f 8963 9134 8966
f 8963 8966 8964
f 8964 8958 8963
f 8958 8964 8965
f 8958 8965 9006
f 8958 9006 9011
f 8958 9011 8954
f 8958 8954 8953
f 8959 8958 8953
f 8959 8953 8951
f 9629 8959 8951
f 8951 8949 9629
f 8948 9629 8949
f 8948 8949 8703
f 8946 8948 8703
f 8703 8947 8946
f 8947 8703 8700
f 8700 8703 8702
f 9630 8948 8946
f 8946 8945 9630
f 9630 8945 9632
f 9632 9627 9630
f 9626 9630 9627
f 9626 9627 8961
f 8959 9626 8961
f 9628 8961 9627
f 8960 8961 9628
f 9628 9631 8960
f 9633 8960 9631
f 9631 8939 9633
f 9633 8939 9634
f 9635 9634 8939
f 9635 8939 8934
f 9635 8934 8956
f 8933 8956 8934
f 9635 8956 9634
f 8956 8955 9634
f 8960 9634 8955
f 8955 8956 8957
f 8939 9631 8945
f 9633 9634 8960
f 9631 9628 9632
f 8960 8955 8961
f 9632 9628 9627
f 9632 8945 9631
f 8945 8946 8944
f 8945 8944 8941
f 9630 9626 8948
f 8949 8950 8703
f 8704 8703 8950
f 8950 8952 8704
f 8952 9010 8704
f 9010 9009 8704
f 9009 9007 8704
f 9008 8704 9007
f 9008 9007 9001
f 8999 9008 9001
f 9000 8999 9001
f 9000 9001 8965
f 8999 9000 8998
f 8998 8995 8999
f 8995 8998 8968
f 8968 8994 8995
f 8994 8993 8995
f 8993 8994 8980
f 8994 8968 8980
f 8980 8968 8974
f 8974 8981 8980
f 8981 8992 8980
f 8983 8992 8981
f 8983 8981 8973
f 8973 8986 8983
f 9075 8983 8986
f 9076 9075 8986
f 9076 8986 8985
f 9077 9076 8985
f 8984 9077 8985
f 8973 8984 8985
f 8973 8977 8984
f 8984 8977 8987
f 8987 9078 8984
f 9109 9078 8987
f 9109 8987 8988
f 9108 9109 8988
f 8990 9108 8988
f 8988 8977 8990
f 8990 8977 8991
f 8990 8991 9107
f 9107 8991 9069
f 9068 9107 9069
f 9068 9069 9061
f 9059 9068 9061
f 9059 9061 9060
f 9060 9057 9059
f 9057 9058 9059
f 9106 9059 9058
f 9110 9106 9058
f 9119 9110 9058
f 9106 9110 9104
f 9106 9104 9105
f 9106 9105 9068
f 9104 9103 9105
f 9103 9108 9105
f 9107 9105 9108
f 9104 9102 9103
f 9102 9083 9103
f 9103 9083 9109
f 9101 9083 9102
f 9102 9099 9101
f 9099 9100 9101
f 9100 9084 9101
f 9082 9101 9084
f 9082 9084 9079
f 9079 9078 9082
f 9082 9078 9083
f 9078 9079 9077
f 9080 9079 9084
f 9079 9080 9081
f 9079 9081 9076
f 9099 9102 9111
f 9111 9113 9099
f 9083 9101 9082
f 9104 9111 9102
f 9110 9111 9104
f 9110 9112 9111
f 9056 9058 9057
f 9066 9057 9060
f 9063 9066 9060
f 9063 9060 9062
f 9062 9064 9063
f 8750 9063 9064
f 8752 8750 9064
f 8756 8752 9064
f 8759 8756 9064
f 8756 8759 8758
f 8758 8757 8756
f 8757 8755 8756
f 8755 8757 8785
f 8755 8785 9797
f 9797 8754 8755
f 8755 8754 8752
f 8753 8752 8754
f 8754 8588 8753
f 8588 8587 8753
f 8587 8588 8341
f 8338 8341 8588
f 8588 8589 8338
f 8589 8588 8754
f 8753 8751 8752
f 8754 9797 8589
f 9796 9797 8785
f 8785 8786 9796
f 8803 9796 8786
f 8786 8788 8803
f 8803 8788 8802
f 8803 8802 8801
f 8801 8592 8803
f 8799 8801 8802
f 8800 8801 8799
f 8799 8798 8800
f 9794 8800 8798
f 8798 9699 9794
f 9794 9699 8834
f 8834 8833 9794
f 8833 8805 9794
f 8807 8805 8833
f 8807 8833 8810
f 8807 8810 8809
f 8809 8808 8807
f 8806 8807 8808
f 8808 8595 8806
f 8597 8808 8809
f 8597 8809 8812
f 8597 8596 8808
f 8597 8598 8596
f 8813 8598 8597
f 8809 8810 8811
f 8810 8831 8811
f 8832 8831 8810
f 8810 8833 8832
f 8805 8807 8806
f 8806 8804 8805
f 8800 8805 8804
f 8806 8594 8804
f 8833 8834 8832
f 8834 8835 8832
f 8829 8832 8835
f 8835 8834 8836
f 8835 8836 8837
f 8835 8837 8828
f 8828 8837 8825
f 8836 8839 8837
f 8839 8838 8837
f 8839 8840 8838
f 8836 8684 8839
f 8684 8852 8839
f 8852 8684 8683
f 8683 8673 8852
f 8672 8673 8683
f 8683 8853 8672
f 8676 8672 8853
f 8676 8853 8854
f 8676 8854 8855
f 8858 8855 8854
f 8854 8859 8858
f 8859 8860 8858
f 8858 8860 8861
f 8861 8862 8858
f 8863 8862 8861
f 8864 8863 8861
f 8861 8865 8864
f 8864 8865 8866
f 8867 8864 8866
f 8866 8868 8867
f 8869 8867 8868
f 8868 8870 8869
f 8869 8870 8871
f 8873 8869 8871
f 8873 8871 8878
f 8878 8877 8873
f 8873 8877 8872
f 8875 8872 8877
f 8877 8876 8875
f 8874 8875 8876
f 8880 8874 8876
f 8879 8880 8876
f 8880 8879 8881
f 8882 8880 8881
f 8881 8883 8882
f 8883 8884 8882
f 8884 8885 8882
f 8884 8886 8885
f 8886 8887 8885
f 8887 8874 8885
f 8887 8889 8874
f 8889 8887 8890
f 8890 8863 8889
f 8888 8889 8863
f 8889 8888 8875
f 8863 8890 8892
f 8890 8891 8892
f 8893 8892 8891
f 8891 8894 8893
f 8895 8893 8894
f 8894 8897 8895
f 8896 8895 8897
f 8896 8897 8898
f 8899 8896 8898
f 8900 8899 8898
f 8900 8898 8901
f 8902 8900 8901
f 8901 8903 8902
f 8902 8903 8904
f 8905 8902 8904
f 8905 8904 8906
f 8906 8907 8905
f 8907 8917 8905
f 8917 8920 8905
f 8919 8920 8917
f 8917 8918 8919
f 8919 8918 9533
f 9533 8922 8919
f 8919 8922 8921
f 8921 8922 8923
f 8921 8923 8899
f 8899 8923 8924
f 8924 8923 8925
f 8925 8926 8924
f 8926 8927 8924
f 8924 8927 8896
f 8926 8678 8927
f 8927 8678 8856
f 8927 8856 8895
f 8928 8926 8925
f 8928 9793 8926
f 9793 8679 8926
f 8686 9793 8928
f 8686 8680 9793
f 8680 8686 8682
f 8925 8923 9536
f 8925 9536 8929
f 9536 8923 8922
f 9535 9536 8922
f 9535 9537 9536
f 8922 9533 9535
f 9534 9535 9533
f 9532 9534 9533
f 9625 9534 9532
f 9530 9625 9532
f 9530 9532 9531
f 9529 9530 9531
f 8915 9529 9531
f 9531 8916 8915
f 8915 8916 8914
f 8913 8915 8914
f 8913 8914 8912
f 8091 8913 8912
f 8912 8910 8091
f 8092 8091 8910
f 8910 8911 8092
f 8157 8092 8911
f 8911 8188 8157
f 8157 8188 7314
f 7314 8158 8157
f 8157 8158 375
f 8158 437 375
f 8188 8198 7314
f 8198 8188 9726
f 9726 9783 8198
f 8197 8198 9783
f 9783 8196 8197
f 7302 8197 8196
f 7302 8196 8195
f 7302 8195 8194
f 7302 8194 8193
f 7302 8193 8192
f 7302 8192 8191
f 7302 8191 8190
f 7302 8190 8189
f 7302 8189 8083
f 8189 9764 8083
f 9777 8083 9764
f 9764 9765 9777
f 9776 9777 9765
f 9765 9769 9776
f 9680 9776 9769
f 9769 9770 9680
f 9770 9682 9680
f 9681 9680 9682
f 9682 9684 9681
f 9683 9681 9684
f 9687 9683 9684
f 9684 9685 9687
f 9685 8775 9687
f 8777 9687 8775
f 8775 9688 8777
f 9688 8779 8777
f 8778 8777 8779
f 8778 8779 8780
f 8780 8782 8778
f 8782 8774 8778
f 8773 8778 8774
f 8772 8773 8774
f 8774 8783 8772
f 8768 8772 8783
f 8767 8768 8783
f 8783 8762 8767
f 8763 8767 8762
f 8763 8762 8761
f 8763 8761 8764
f 8764 8765 8763
f 8763 8765 8766
f 9073 8766 8765
f 9072 9073 8765
f 9072 8765 9071
f 9071 8996 9072
f 8979 9072 8996
f 8996 8997 8979
f 8997 8989 8979
f 8978 8979 8989
f 8989 8982 8978
f 8976 8978 8982
f 8982 8977 8976
f 8976 8977 8971
f 8971 8975 8976
f 8975 8971 9126
f 8975 9126 9074
f 9073 8975 9074
f 9074 9142 9073
f 9142 9074 9141
f 9141 9143 9142
f 9142 9143 9144
f 9142 9144 8766
f 9144 8777 8766
f 8766 8777 8772
f 8777 9144 9146
f 9146 9144 9145
f 9145 9147 9146
f 9148 9146 9147
f 9149 9148 9147
f 9147 9151 9149
f 9149 9151 9152
f 9153 9149 9152
f 9154 9153 9152
f 9153 9154 9155
f 9678 9153 9155
f 9678 9155 9677
f 9678 9677 9679
f 9679 9681 9678
f 9681 9150 9678
f 9775 9679 9677
f 9677 9779 9775
f 9778 9775 9779
f 9779 8142 9778
f 9676 8142 9779
f 9777 9775 9778
f 9778 8084 9777
f 9779 9677 9676
f 9679 9775 9680
f 9155 9676 9677
f 9676 9155 9675
f 9675 8175 9676
f 9150 9153 9678
f 9153 9150 9149
f 9791 9152 9151
f 9786 9791 9151
f 9788 9786 9151
f 9786 9788 9787
f 9786 9787 3103
f 9786 3103 3101
f 3101 3098 9786
f 3098 3101 3102
f 3098 3102 3099
f 3097 3098 3099
f 3096 3097 3099
f 3096 3099 3100
f 3096 3100 3094
f 3093 3096 3094
f 3100 9784 3094
f 3095 3094 9784
f 3095 9784 9138
f 9138 9784 9139
f 9138 9139 9135
f 9137 9138 9135
f 9135 9132 9137
f 9136 9137 9132
f 9136 9132 9131
f 9136 9131 9556
f 3182 9136 9556
f 3183 3182 9556
f 3186 3183 9556
f 9556 9555 3186
f 3187 3186 9555
f 3191 3187 9555
f 9555 9287 3191
f 3191 9287 3195
f 3192 3191 3195
f 3228 3195 9287
f 9287 9557 3228
f 3228 9557 3221
f 3244 3228 3221
f 3222 3221 9557
f 3222 9557 9607
f 3222 9607 3088
f 3232 3222 3088
f 3088 3234 3232
f 3089 3241 3087
f 3087 3088 3089
f 3089 3240 3241
f 3089 3172 3240
f 3180 3176 3233
f 3233 3223 3180
f 3223 9508 3180
f 3180 9508 3181
f 3179 3180 3181
f 3181 3171 3179
f 3054 3055 3056
f 3056 3164 3054
f 3164 8202 3054
f 8201 3054 8202
f 8201 8202 8203
f 8201 8203 8204
f 8205 8201 8204
f 8205 8204 8206
f 3049 8201 8205
f 3049 8205 3047
f 3046 3049 3047
f 3047 8205 2992
f 3042 3047 2992
f 8207 2992 8205
f 8207 2993 2992
f 2991 2992 2993
f 3049 3053 8201
f 3050 3053 3049
f 3048 3050 3049
f 3050 3052 3053
f 3053 3052 3055
f 8204 8203 9513
f 9519 8204 9513
f 9513 8203 9512
f 9512 9514 9513
f 9515 9513 9514
f 9514 9512 9547
f 9619 9514 9547
f 9514 9619 9516
f 9619 9621 9516
f 9621 9619 9544
f 9620 9621 9544
f 9621 9620 9622
f 9622 9620 9524
f 9524 9620 9624
f 9525 9524 9624
f 9624 9530 9525
f 9524 9525 9526
f 9526 9523 9524
f 9523 9526 8185
f 9526 9527 8185
f 8179 8185 9527
f 8179 9527 8152
f 8152 391 8179
f 391 393 8179
f 8152 397 395
f 8152 360 397
f 8155 399 360
f 401 399 8155
f 8096 401 8155
f 8096 8155 8913
f 9528 8913 8155
f 8155 8152 9528
f 401 8096 388
f 375 403 8092
f 403 366 8091
f 8091 366 8096
f 366 388 8096
f 421 425 8184
f 8185 421 8184
f 393 421 8185
f 425 411 8149
f 8149 411 422
f 8155 360 8152
f 8152 395 391
f 9527 9528 8152
f 9529 9528 9527
f 9525 9529 9527
f 8179 393 8185
f 9527 9526 9525
f 9624 9620 9542
f 9542 9625 9624
f 8203 9509 9512
f 9509 9511 9512
f 9509 9510 9511
f 9508 9510 9509
f 8202 9508 9509
f 9508 9606 9510
f 9608 9510 9606
f 9606 9607 9608
f 9607 9609 9608
f 9608 9609 9550
f 3089 9607 9606
f 3089 9606 3173
f 3223 3173 9606
f 3225 3173 3223
f 3225 3238 3173
f 3173 3238 3243
f 9608 9548 9510
f 8202 9509 8203
f 8201 3053 3054
f 8202 3164 3181
f 3164 3056 3170
f 3170 3171 3164
f 3055 3054 3053
f 3171 3181 3164
f 3180 3179 3177
f 8202 3181 9508
f 3223 9606 9508
f 3180 3177 3176
f 3223 3233 3224
f 3223 3224 3225
f 3173 3243 3242
f 3173 3242 3172
f 3172 3089 3173
f 3088 3087 3236
f 3088 3236 3234
f 3222 3232 3231
f 3222 3231 3220
f 3089 3088 9607
f 9607 9557 9609
f 9557 9554 9609
f 9609 9554 9552
f 9557 9287 9554
f 9287 9133 9554
f 9553 9554 9133
f 3230 3195 3228
f 9287 9555 9133
f 9130 9133 9555
f 9133 9130 9134
f 9129 9134 9130
f 9130 9131 9129
f 9128 9129 9131
f 9129 9128 8969
f 8966 9129 8969
f 8966 8969 8967
f 8972 8967 8969
f 8971 8972 8969
f 8969 8970 8971
f 8972 8971 8973
f 8967 8972 8973
f 8973 8974 8967
f 8970 8969 9128
f 9128 9127 8970
f 9127 9126 8970
f 9127 9140 9126
f 9140 9127 9135
f 9127 9128 9132
f 3189 3187 3191
f 3187 3188 3186
f 9555 9556 9130
f 3186 3184 3183
f 3058 3182 3183
f 3183 3059 3058
f 3182 3057 3166
f 3166 3108 3182
f 3108 3166 3217
f 3108 3217 3218
f 3108 3218 3219
f 3108 3219 3248
f 3108 3248 3246
f 3108 3246 3106
f 3246 3245 3106
f 3247 3248 3219
f 3183 3215 3059
f 3183 3214 3215
f 3183 3212 3213
f 3183 3211 3212
f 3183 3213 3214
f 3182 3058 3057
f 3182 3108 9136
f 3108 3107 9136
f 9131 9130 9556
f 9131 9132 9128
f 3299 9137 9136
f 9135 9127 9132
f 3301 9138 9137
f 9135 9139 9140
f 9140 9139 9141
f 9139 9790 9141
f 9784 9790 9139
f 9784 9785 9790
f 9785 9789 9790
f 9790 9789 9143
f 9143 9789 9145
f 9145 9789 9788
f 9785 9787 9789
f 3105 9787 9785
f 3105 9785 3099
f 3104 3105 3099
f 9787 3105 3104
f 9787 3104 3102
f 3100 9785 9784
f 3100 3099 9785
f 3096 9791 3097
f 3096 9156 9791
f 3098 3097 9791
f 3102 3104 3099
f 3101 3103 3102
f 3102 3103 9787
f 9787 9788 9789
f 3098 9791 9786
f 9791 9156 9152
f 9151 9147 9788
f 9148 9149 9150
f 9683 9148 9150
f 9146 9148 9687
f 9788 9147 9145
f 9143 9145 9144
f 9790 9143 9141
f 9140 9141 9074
f 8975 9073 8979
f 9126 9140 9074
f 8971 8970 9126
f 8978 8976 8975
f 8989 9069 8982
f 9070 9069 8989
f 9069 9070 9065
f 9065 9070 8760
f 9065 8760 8759
f 8759 9062 9065
f 9061 9065 9062
f 8760 9070 8996
f 8979 8978 8975
f 9070 8989 8997
f 8997 8996 9070
f 8996 9071 8760
f 8764 8760 9071
f 9072 8979 9073
f 8766 9073 9142
f 8764 9071 8765
f 8761 8760 8764
f 8760 8761 8758
f 8762 8758 8761
f 8763 8766 8767
f 8783 8758 8762
f 8768 8767 8766
f 8772 8768 8766
f 8774 8758 8783
f 8773 8772 8777
f 8782 8758 8774
f 8782 8780 8757
f 8780 8781 8757
f 8757 8781 8784
f 9692 8784 8781
f 9692 8781 9688
f 9691 9692 9688
f 9688 9689 9691
f 9690 9691 9689
f 9689 8792 9690
f 8790 9690 8792
f 8790 8792 8793
f 8791 8790 8793
f 8793 8794 8791
f 8791 8794 8789
f 8794 8796 8789
f 8789 8796 8797
f 8789 8797 8798
f 9696 8797 8796
f 8796 8795 9696
f 9695 9696 8795
f 8795 8769 9695
f 8769 9002 9695
f 9004 9695 9002
f 9002 9003 9004
f 9003 9697 9004
f 9697 9003 9698
f 9697 9698 8797
f 8797 9698 8684
f 8797 8684 9699
f 8685 8684 9698
f 9698 9005 8685
f 8685 9005 8683
f 9005 9700 8683
f 9700 9005 9002
f 9700 9002 8854
f 9005 9698 9003
f 9002 9005 9003
f 9004 9697 9695
f 8776 9002 8769
f 8769 8775 8776
f 8776 8775 9693
f 9693 9694 8776
f 8776 9694 8859
f 9694 9693 9701
f 9694 9701 9702
f 8860 9694 9702
f 8860 9702 8865
f 8865 9702 9703
f 9702 9704 9703
f 9703 9704 9705
f 9706 9703 9705
f 9707 9706 9705
f 9705 9708 9707
f 9709 9707 9708
f 9710 9709 9708
f 9708 9711 9710
f 9710 9711 9712
f 9710 9712 9713
f 9714 9710 9713
f 9713 9715 9714
f 9716 9714 9715
f 9716 9715 9717
f 9718 9716 9717
f 9717 9719 9718
f 9719 9720 9718
f 9722 9718 9720
f 9720 9723 9722
f 9725 9722 9723
f 9723 9726 9725
f 9727 9725 9726
f 8878 9727 9726
f 9728 8878 9726
f 8879 8878 9728
f 8878 9739 9727
f 9740 9727 9739
f 9741 9740 9739
f 9739 8870 9741
f 9742 9741 8870
f 9741 9742 9743
f 9744 9741 9743
f 9744 9743 9745
f 9744 9745 9746
f 9747 9744 9746
f 9747 9746 9722
f 9747 9740 9744
f 9746 9745 9716
f 9743 9709 9745
f 9745 9709 9714
f 9742 9707 9743
f 9741 9744 9740
f 9747 9727 9740
f 9747 9725 9727
f 9724 9726 9723
f 9723 9721 9724
f 9748 9724 9721
f 9748 9721 9749
f 9748 9749 9750
f 9751 9748 9750
f 9752 9751 9750
f 9750 9754 9752
f 8194 9752 9754
f 9754 9750 9755
f 9755 9756 9754
f 8193 9754 9756
f 9758 8193 9756
f 9756 9757 9758
f 9757 9759 9758
f 9759 9760 9758
f 9760 8191 9758
f 9761 8191 9760
f 9762 9761 9760
f 9761 9762 9763
f 9761 9763 9764
f 9762 9767 9763
f 9766 9763 9767
f 9712 9766 9767
f 9712 9768 9766
f 9766 9768 9769
f 9766 9765 9763
f 9780 9767 9762
f 9780 9762 9759
f 9780 9759 9781
f 9780 9781 9715
f 9767 9780 9713
f 9759 9762 9760
f 9757 9781 9759
f 9782 9781 9757
f 9757 9755 9782
f 9749 9782 9755
f 9719 9782 9749
f 9717 9781 9782
f 9756 9755 9757
f 9751 9752 9753
f 9753 9783 9751
f 9724 9751 9783
f 8195 9753 9752
f 9749 9755 9750
f 9749 9721 9719
f 9751 9724 9748
f 9747 9722 9725
f 9721 9723 9720
f 9746 9718 9722
f 9720 9719 9721
f 9782 9719 9717
f 9718 9746 9716
f 9717 9715 9781
f 9745 9714 9716
f 9715 9713 9780
f 9767 9713 9712
f 9712 9711 9768
f 9772 9768 9711
f 9774 9772 9711
f 9773 9772 9774
f 9773 9774 9704
f 9704 9701 9773
f 9773 9701 9686
f 9686 9771 9773
f 9686 9684 9771
f 9772 9773 9771
f 9771 9770 9772
f 9768 9772 9770
f 9708 9774 9711
f 9709 9710 9714
f 9743 9707 9709
f 9705 9774 9708
f 9706 9707 9742
f 9742 8868 9706
f 8866 9703 9706
f 9704 9774 9705
f 9701 9704 9702
f 9693 9686 9701
f 9693 9685 9686
f 8775 8769 8771
f 8793 8775 8771
f 8769 8770 8771
f 8796 8771 8770
f 9002 8776 8859
f 8795 8770 8769
f 9696 9695 9697
f 8770 8795 8796
f 9697 8797 9696
f 8771 8796 8794
f 8793 8771 8794
f 8791 8789 8790
f 8787 8790 8789
f 8789 8788 8787
f 8788 8789 8799
f 8792 8775 8793
f 8790 8787 9690
f 8775 8792 9689
f 9691 9690 8787
f 8784 9691 8787
f 8784 8787 8786
f 8784 9692 9691
f 8781 8780 8779
f 8778 8773 8777
f 8779 9688 8781
f 8775 9689 9688
f 9687 8777 9146
f 8775 9685 9693
f 9685 9684 9686
f 9683 9687 9148
f 9683 9150 9681
f 9771 9684 9682
f 9680 9681 9679
f 9682 9770 9771
f 9770 9769 9768
f 9776 9680 9775
f 9766 9769 9765
f 9775 9777 9776
f 9765 9764 9763
f 8083 9777 8084
f 9764 8189 9761
f 8190 9761 8189
f 8190 8191 9761
f 8192 9758 8191
f 8193 9758 8192
f 9754 8193 8194
f 9752 8194 8195
f 9753 8195 8196
f 8196 9783 9753
f 7302 8198 8197
f 9783 9726 9724
f 9728 9726 8188
f 8188 8911 9728
f 9729 9728 8911
f 9730 9729 8911
f 8911 8909 9730
f 8909 8906 9730
f 8908 8906 8909
f 8910 8908 8909
f 9729 9730 9731
f 9729 9731 9732
f 9732 9733 9729
f 9734 9733 9732
f 9732 9735 9734
f 9735 9736 9734
f 8883 9734 9736
f 9735 9737 9736
f 9737 9738 9736
f 9736 9738 8884
f 9737 8897 9738
f 8901 9737 9735
f 8903 9735 9732
f 9734 8883 9733
f 9731 8903 9732
f 9730 8904 9731
f 9733 9728 9729
f 8881 9728 9733
f 8157 375 8092
f 8909 8911 8910
f 8092 403 8091
f 8912 8908 8910
f 8913 8091 8096
f 8908 8912 8914
f 8914 8907 8908
f 9528 8915 8913
f 8914 8916 8907
f 9531 8918 8916
f 9528 9529 8915
f 9525 9530 9529
f 9531 9532 8918
f 9624 9625 9530
f 9540 9534 9625
f 9535 9534 9538
f 8918 9532 9533
f 8916 8918 8917
f 8919 8921 8920
f 8920 8921 8900
f 8916 8917 8907
f 8908 8907 8906
f 9730 8906 8904
f 8905 8920 8902
f 8904 8903 9731
f 8903 8901 9735
f 8920 8900 8902
f 9737 8901 8898
f 8900 8921 8899
f 8896 8899 8924
f 8898 8897 9737
f 8896 8927 8895
f 9738 8897 8894
f 8894 8886 9738
f 8895 8856 8893
f 8856 8857 8893
f 8857 8856 8677
f 8855 8857 8677
f 8857 8855 8892
f 8862 8892 8855
f 8894 8891 8886
f 8893 8857 8892
f 8891 8890 8887
f 8887 8886 8891
f 8884 9738 8886
f 9736 8884 8883
f 8883 8881 9733
f 8885 8880 8882
f 8881 8879 9728
f 8880 8885 8874
f 8875 8874 8889
f 8876 8877 8879
f 8872 8875 8888
f 8888 8867 8872
f 8878 8879 8877
f 8871 9739 8878
f 8872 8869 8873
f 9739 8871 8870
f 9742 8870 8868
f 8872 8867 8869
f 8866 9706 8868
f 8867 8888 8864
f 8865 9703 8866
f 8863 8864 8888
f 8892 8862 8863
f 8861 8860 8865
f 8859 9694 8860
f 8859 8854 9002
f 8855 8858 8862
f 8853 9700 8854
f 8670 8672 8676
f 8670 8671 8672
f 8671 8670 8667
f 8853 8683 9700
f 8673 8672 8671
f 8683 8684 8685
f 8836 9699 8684
f 8834 9699 8836
f 9699 8798 8797
f 8805 8800 9794
f 8799 8789 8798
f 8801 8800 8804
f 8801 8804 8593
f 8799 8802 8788
f 8788 8786 8787
f 9796 8803 8591
f 8786 8785 8784
f 9797 9796 8591
f 8757 8784 8785
f 8758 8782 8757
f 8758 8759 8760
f 8752 8756 8755
f 9064 9062 8759
f 8749 9066 9063
f 8749 9067 9066
f 9066 9055 9057
f 9060 9061 9062
f 9068 9059 9106
f 9065 9061 9069
f 9068 9105 9107
f 9069 8991 8982
f 8982 8991 8977
f 9107 9108 8990
f 9108 9103 9109
f 9083 9078 9109
f 8987 8977 8988
f 8977 8973 8971
f 9077 8984 9078
f 9079 9076 9077
f 9076 9081 9075
f 9014 9075 9081
f 8973 8985 8986
f 9075 8992 8983
f 8981 8974 8973
f 8967 8974 8968
f 8968 8964 8967
f 8968 8998 8964
f 9000 8964 8998
f 8999 8995 9008
f 9007 9006 9001
f 9009 9006 9007
f 9010 9011 9009
f 8952 8954 9010
f 8952 8950 8951
f 8703 8704 8705
f 9629 8948 9626
f 8949 8951 8950
f 8959 9629 9626
f 8951 8953 8952
f 8959 8962 8958
f 8954 8952 8953
f 9011 9010 8954
f 9006 9009 9011
f 9006 8965 9001
f 8964 9000 8965
f 8964 8966 8967
f 9134 9129 8966
f 9133 9134 9553
f 8958 8962 8963
f 9552 9554 9553
f 9551 8962 8959
f 9618 9551 8959
f 9618 8959 9539
f 9543 9618 9539
f 9618 9543 9549
f 9550 9609 9552
f 9549 9551 9618
f 9608 9550 9548
f 9548 9511 9510
f 9511 9547 9512
f 9547 9545 9619
f 9546 9549 9543
f 9545 9544 9619
f 9544 9542 9620
f 9625 9542 9540
f 9539 9541 9543
f 9540 9538 9534
f 8961 9539 8959
f 9538 9537 9535
f 8957 8961 8955
f 9537 8929 9536
f 8933 8957 8956
f 8928 8925 8929
f 8937 8686 8928
f 8687 8686 8937
f 8932 8930 8931
f 8937 8936 8687
f 8933 8934 8932
f 8936 8935 8689
f 8687 8936 8689
f 8686 8687 8682
f 8682 8681 8680
f 9793 8680 8679
f 8661 8662 8663
f 8678 8926 8679
f 8678 8677 8856
f 8663 8664 8661
f 8677 8676 8855
f 8667 8670 8676
f 8664 8659 8666
f 8666 8848 8668
f 8668 8848 8669
f 8674 8669 8846
f 8846 8847 8674
f 8671 8667 8675
f 8671 8852 8673
f 8852 8840 8839
f 8851 8847 8844
f 8844 8845 8843
f 8838 8840 8841
f 8825 8837 8838
f 8623 8622 8826
f 8625 8822 8827
f 8828 8825 8826
f 8828 8829 8835
f 8830 8827 8822
f 8832 8829 8831
f 8811 8831 9795
f 8811 8812 8809
f 8816 8814 8815
f 8813 8597 8812
f 8598 8813 8821
f 8410 8598 8821
f 8819 8820 8818
f 8408 8819 8407
f 8821 8409 8410
f 8598 8410 8596
f 8374 8398 8399
f 8595 8808 8596
f 8374 8397 8398
f 8594 8806 8595
f 8594 8593 8804
f 8374 8395 8397
f 8374 8376 8395
f 8592 8801 8593
f 8592 8591 8803
f 8374 8375 8376
f 8374 8333 8375
f 8374 8370 8333
f 8370 8374 8414
f 8414 4809 8370
f 8371 8370 4809
f 8373 8334 8369
f 8370 8369 8334
f 8372 8334 8373
f 4810 8414 4811
f 4811 8414 8415
f 8415 8414 4915
f 8414 8430 4915
f 8414 8530 8430
f 8530 8414 8531
f 8369 8370 8371
f 4809 8414 4810
f 8374 8531 8414
f 8591 8590 9797
f 8590 8589 9797
f 8335 8338 8589
f 8334 8333 8370
f 8335 8337 8338
f 8340 8338 8337
f 8379 8334 8372
f 8337 8377 8340
f 8368 8340 8377
f 8338 8340 8341
f 8382 8346 8367
f 8392 8387 8384
f 8386 8387 8385
f 8390 8347 8387
f 8389 8347 8390
f 8347 8364 8366
f 8341 8347 8587
f 8751 8753 8587
f 8751 8750 8752
f 9063 8750 8749
f 8585 8748 8586
f 8584 8585 8356
f 8747 9067 8749
f 8746 9051 9052
f 9066 9067 9055
f 9057 9055 9056
f 9054 9053 9118
f 9056 9119 9058
f 9118 9117 9116
f 9112 9110 9119
f 9112 9113 9111
f 9099 9113 9098
f 9099 9098 9100
f 9086 9084 9100
f 9095 9088 9096
f 9095 9094 9088
f 9092 9088 9094
f 9044 9094 9095
f 9084 9086 9080
f 9080 9091 9081
f 9081 9091 9014
f 8992 9075 9014
f 8980 8992 8993
f 9008 8995 8993
f 8706 8704 9008
f 8708 9012 9013
f 8705 8704 8706
f 8710 8711 8707
f 8710 8712 8711
f 9023 8712 8710
f 9023 8710 9021
f 8712 9023 9025
f 9025 9023 9024
f 8705 8702 8703
f 8713 8711 8712
f 8712 8714 8713
f 8702 8701 8700
f 8701 8699 8700
f 8700 8699 294
f 294 249 8700
f 295 294 8699
f 295 8699 296
f 249 8947 8700
f 8947 8944 8946
f 288 8941 8944
f 8942 288 287
f 8941 288 8942
f 8939 8945 8941
f 8938 8934 8939
f 8690 8938 8694
f 8690 8691 8688
f 8692 8688 8691
f 8647 8652 8692
f 8641 8640 8639
f 8648 8647 8646
f 8644 8646 8645
f 8644 8643 9807
f 8643 8631 8629
f 8642 8641 8639
f 8631 8632 8630
f 8640 8638 8639
f 8638 8693 8636
f 8637 8635 8633
f 8635 8332 8633
f 8695 8634 8636
f 8695 8697 8634
f 8332 8635 8331
f 240 8332 8331
f 290 289 8404
f 234 240 8331
f 8332 240 274
f 8403 8633 8332
f 8632 8633 8630
f 8600 8400 8405
f 186 8405 8400
f 8630 8629 8631
f 8629 8628 9806
f 8627 9803 8628
f 8621 8626 8627
f 8604 8605 8621
f 8605 8611 8620
f 8617 8611 8610
f 8609 8613 8610
f 8842 8843 8609
f 8607 8824 8842
f 8602 8608 8606
f 8823 8607 8603
f 8601 8602 8600
f 8603 8624 8823
f 8625 8624 8822
f 8822 8817 8830
f 8816 8815 8817
f 8814 8816 8818
f 8818 8407 8819
f 8405 8601 8600
f 8374 8408 8407
f 8531 8374 7882
f 8530 8531 8529
f 9808 8430 8530
f 9808 9809 9810
f 8433 9808 9810
f 9817 9820 9811
f 8435 4797 4391
f 9821 10185 4798
f 4390 8435 4391
f 9810 8435 8433
f 3713 8433 3714
f 4913 8433 3713
f 8430 9808 8433
f 4915 8430 4916
f 518 8354 8359
f 8363 8354 8362
f 8357 8356 8365
f 8356 8745 8584
f 8743 462 552
f 551 8742 485
f 8743 9051 8745
f 9052 9051 9050
f 9052 9050 9053
f 9117 9118 9053
f 9117 9047 9116
f 8737 9048 501
f 9046 9114 9047
f 9045 9115 9046
f 9120 9097 9045
f 9044 9095 9120
f 9043 9094 9044
f 9094 9043 9092
f 9042 9121 9093
f 9088 9092 9087
f 9085 9087 9090
f 9090 9017 9015
f 9093 9019 9089
f 9015 9017 9016
f 9016 8709 8708
f 8709 9021 8710
f 9018 9019 9020
f 9021 9022 9023
f 9020 9122 9124
f 9124 9125 9028
f 9022 9024 9023
f 9027 9028 9029
f 9027 9030 9031
f 8723 9033 9031
f 9034 9033 8718
f 9026 9025 9024
f 9025 8714 8712
f 8718 9035 9034
f 8714 8715 8713
f 8717 9035 8718
f 232 8715 269
f 284 8943 286
f 255 8698 283
f 8698 255 250
f 8696 8940 8943
f 8696 8697 8695
f 8697 8404 8634
f 8404 238 290
f 8396 8698 250
f 8400 8401 341
f 248 345 8400
f 200 186 8400
f 8406 8405 186
f 8402 8416 8406
f 8402 185 199
f 222 368 212
f 207 418 215
f 179 416 367
f 203 416 179
f 358 203 216
f 198 358 216
f 203 358 416
f 7315 387 365
f 205 370 417
f 358 198 417
f 359 398 8154
f 400 387 7315
f 359 8154 8153
f 394 8153 8151
f 390 8151 8150
f 423 8150 8148
f 379 8148 8146
f 380 8146 432
f 7309 385 363
f 7309 7308 8090
f 8217 8219 7307
f 8078 7308 7931
f 7308 8078 8087
f 8549 7931 8547
f 8218 8219 8217
f 8546 8548 8547
f 8217 8216 8218
f 8542 8543 8541
f 8544 8545 8546
f 8434 8543 8432
f 8554 8546 8545
f 8554 8244 8242
f 8244 3030 3309
f 3029 3030 3031
f 8345 8352 8344
f 8344 8352 8351
f 8345 8353 8352
f 8352 8353 8734
f 8734 8358 8352
f 8358 8734 8736
f 8316 8315 8325
f 8735 8734 8353
f 8736 8734 8732
f 8583 8736 8732
f 8411 8736 8583
f 8730 534 535
f 8727 532 533
f 523 8727 533
f 463 8727 523
f 8727 463 537
f 8727 537 536
f 8730 8727 536
f 534 8730 536
f 8583 442 526
f 8411 8583 527
f 8411 524 525
f 8736 8411 8358
f 8351 8352 8358
f 8354 518 520
f 515 8354 520
f 8744 8354 8355
f 8355 481 486
f 474 8742 551
f 453 9049 583
f 9049 453 491
f 9049 491 505
f 448 9049 505
f 582 9048 448
f 457 9048 582
f 9048 457 480
f 9048 480 501
f 472 8737 501
f 461 8737 472
f 8737 461 467
f 8737 467 540
f 464 8737 540
f 8737 464 580
f 581 8741 580
f 550 8741 581
f 549 8741 550
f 479 8741 549
f 496 8740 479
f 493 8740 496
f 8740 493 548
f 547 8740 548
f 490 8740 547
f 8740 490 545
f 8740 545 579
f 458 9037 579
f 9037 458 566
f 468 9037 566
f 9037 468 483
f 9037 483 502
f 577 9041 502
f 459 9041 577
f 9041 459 466
f 9041 466 498
f 465 9041 498
f 9041 465 575
f 574 9041 575
f 576 9040 574
f 451 9040 576
f 9040 451 573
f 500 9040 573
f 9040 500 572
f 571 9040 572
f 9039 9040 571
f 9039 477 570
f 455 9039 570
f 9039 455 559
f 504 9039 559
f 469 9039 504
f 569 9038 469
f 568 9038 569
f 489 9038 568
f 9038 489 578
f 444 9036 578
f 9036 444 567
f 499 9036 567
f 9036 499 565
f 564 8739 565
f 544 8739 564
f 543 8739 544
f 8739 543 546
f 588 8731 546
f 473 8731 588
f 8731 473 538
f 562 8738 561
f 542 8738 562
f 541 8738 542
f 452 8738 541
f 445 8738 452
f 8187 494 508
f 508 8728 8187
f 528 8728 508
f 8728 528 560
f 454 8728 560
f 8728 454 531
f 532 8727 471
f 8725 8187 8728
f 8730 8726 8727
f 8726 8733 8722
f 8724 9032 8725
f 8724 8723 9032
f 9033 8723 8721
f 8733 8720 8722
f 8721 8718 9033
f 8717 8718 8716
f 8716 313 357
f 8720 8582 8719
f 8315 262 8582
f 8314 353 8315
f 223 348 190
f 344 189 196
f 344 347 189
f 217 342 218
f 178 247 217
f 189 347 183
f 342 217 247
f 438 342 340
f 438 340 349
f 333 438 349
f 188 438 369
f 7315 365 402
f 8158 374 437
f 7298 7315 7299
f 7313 7300 7299
f 7314 7316 8158
f 7302 7314 8198
f 7313 7312 7320
f 7301 7317 7302
f 7933 7923 7922
f 7923 7933 7937
f 7936 7320 7924
f 7939 7936 7935
f 8215 8216 7939
f 8538 8215 8539
f 7937 7938 7923
f 8539 8536 8538
f 8540 7937 7933
f 8535 8536 8537
f 8537 8533 8535
f 7933 7934 8540
f 8532 7847 8213
f 8535 8533 7860
f 7848 7847 7881
f 7849 7852 7860
f 7848 7881 7856
f 7859 7852 7857
f 7857 7858 7859
f 8599 8581 7856
f 7858 8542 8541
f 8423 8581 8330
f 8542 8432 8543
f 3863 8432 3861
f 8434 8432 4802
f 4801 8434 4802
f 8434 4801 4800
f 3080 8245 8434
f 3082 3083 3084
f 8423 4909 4908
f 8422 8421 8420
f 8422 8423 8421
f 8279 8423 8283
f 109 8349 8288
f 109 8288 18
f 107 18 8288
f 8285 8287 8284
f 28 8339 8336
f 8294 8287 8293
f 79 8287 50
f 50 8287 158
f 8336 97 28
f 28 95 8339
f 107 8288 8295
f 22 101 8296
f 109 111 8349
f 42 8298 8305
f 42 3 8298
f 115 8298 3
f 115 8302 8298
f 115 117 8302
f 125 8299 8301
f 125 77 8299
f 129 8299 77
f 129 8343 8299
f 119 46 8303
f 12 1 8348
f 121 8307 8308
f 121 123 8307
f 125 8301 8
f 129 127 8343
f 8342 24 56
f 14 131 8310
f 8342 56 14
f 16 67 8311
f 135 8317 8312
f 135 38 8317
f 20 8321 8318
f 8321 143 139
f 35 142 8320
f 353 8314 142
f 34 263 141
f 307 27 80
f 51 307 80
f 434 436 51
f 409 404 81
f 66 409 81
f 33 409 66
f 33 408 409
f 404 92 81
f 410 92 404
f 7 434 37
f 7 410 434
f 410 164 92
f 165 408 33
f 11 377 389
f 389 88 11
f 406 90 88
f 162 72 49
f 377 11 49
f 49 376 377
f 389 406 88
f 406 428 90
f 428 163 90
f 169 407 84
f 428 86 163
f 8287 152 158
f 8287 156 157
f 151 154 155
f 8286 8283 8287
f 8283 87 89
f 73 161 71
f 8283 219 149
f 181 431 76
f 72 376 49
f 385 7309 439
f 8101 8104 7309
f 8147 362 364
f 8149 422 378
f 8184 425 8149
f 8185 8184 9523
f 9523 9622 9524
f 9623 9621 9622
f 9521 9522 8147
f 9623 9516 9621
f 9517 9521 8147
f 9515 9514 9516
f 9518 9517 8145
f 9519 9513 9515
f 9520 9518 8144
f 8204 9519 8206
f 8209 9520 8074
f 8207 8205 8206
f 8208 8209 8074
f 3016 8208 3017
f 3016 3017 3018
f 2993 8207 3041
f 3039 2991 2993
f 2991 3042 2992
f 3042 3045 3047
f 3045 3046 3047
f 3046 3048 3049
f 3220 3221 3222
f 3221 3227 3244
f 3228 3244 3229
f 3228 3229 3230
f 3195 3230 3196
f 3195 3196 3192
f 3191 3192 3193
f 3191 3193 3194
f 3191 3194 3189
f 3187 3189 3190
f 3187 3190 3197
f 3187 3197 3198
f 3187 3198 3188
f 3188 3199 3186
f 3200 3186 3199
f 3186 3200 3184
f 3184 3185 3183
f 3185 3201 3183
f 3201 3202 3183
f 3202 3203 3183
f 3203 3204 3183
f 3204 3205 3183
f 3205 3206 3183
f 3206 3207 3183
f 3207 3208 3183
f 3208 3209 3183
f 3209 3210 3183
f 3211 3183 3210
f 3109 3090 3092
f 3106 3107 3108
f 3299 9136 3107
f 3300 3092 9157
f 3301 9137 3299
f 3301 3302 9138
f 3095 9138 3302
f 3093 3094 3095
f 3096 3093 9156
f 9157 3303 3300
f 9154 9152 9156
f 9155 9154 9675
f 8175 9675 8171
f 8142 9676 8175
f 8084 9778 8142
f 7302 8083 8084
f 7301 7302 7303
f 7303 7318 7301
f 8214 7934 7301
f 8214 8211 8213
f 8210 8212 8211
f 8212 8210 8527
f 8526 8528 8527
f 8525 9812 8526
f 9813 9811 9812
f 9817 9811 9813
f 8518 9818 9816
f 9819 9820 9817
f 10184 10185 9819
f 10184 9823 10185
f 10183 9826 9824
f 9825 9824 9826
f 9826 7883 9825
f 7883 8492 9825
f 7883 8490 8492
f 8490 7883 7876
f 7883 7877 7876
f 7876 7877 7878
f 7877 7855 7878
f 8511 7878 7855
f 8494 8511 7855
f 8494 7855 8493
f 8494 8493 7940
f 8495 8494 7940
f 8510 8494 8495
f 8500 8510 8495
f 8501 8510 8500
f 8501 8509 8510
f 8510 8509 8508
f 8509 8506 8508
f 8506 8507 8508
f 8511 8508 8507
f 8506 8509 8504
f 8506 8504 8505
f 8505 8483 8506
f 8505 8481 8483
f 8508 8494 8510
f 7854 8493 7855
f 7853 7854 7855
f 7867 7854 7853
f 7853 7877 7867
f 7854 7867 8515
f 10186 7854 8515
f 8493 7854 10186
f 10186 7941 8493
f 8508 8511 8494
f 7855 7877 7853
f 7877 7883 7867
f 7867 7883 9826
f 9826 8516 7867
f 8516 9826 10183
f 10185 9823 4793
f 4790 9824 4788
f 9824 9825 4398
f 9825 4406 4398
f 4777 4770 9851
f 4782 4781 9851
f 9851 3074 4783
f 3074 9851 8467
f 8467 9851 8469
f 8469 8468 8467
f 8471 8468 8469
f 8480 8469 9851
f 3071 3072 3073
f 7987 7989 7990
f 7990 7983 7987
f 7983 7990 7800
f 7988 7986 7985
f 3024 3025 3317
f 3001 3003 3028
f 3027 3028 3003
f 3001 3002 3003
f 3003 10568 7980
f 3024 3306 7983
f 7980 10568 7982
f 3027 3003 7980
f 3004 3005 3006
f 3014 3013 3004
f 3013 3014 3015
f 3005 3004 3013
f 3007 3008 3009
f 2995 2996 2997
f 3318 7954 7956
f 7956 7954 7949
f 7956 7949 7913
f 2995 3020 7953
f 7952 7953 7981
f 7949 7954 7950
f 7948 7951 7947
f 7947 7951 7806
f 7919 7918 7842
f 7913 7949 7918
f 7913 3005 7956
f 7888 7889 7887
f 7906 3006 3005
f 7901 7888 7895
f 7884 7895 7888
f 7884 7912 7895
f 7884 7904 7912
f 7884 7902 7904
f 7886 7899 7897
f 7885 7884 7888
f 7887 7885 7888
f 7886 7875 7890
f 7874 7887 7889
f 8226 7875 7845
f 7851 7874 7850
f 7850 7846 7851
f 7844 7846 7920
f 8226 7845 7843
f 7921 7841 7844
f 7843 7838 8224
f 8224 7838 7837
f 8222 7837 7828
f 7828 7818 7829
f 7815 7817 7827
f 3563 7816 3561
f 3563 3561 3562
f 3563 3562 7821
f 3560 7821 3562
f 7821 3560 7822
f 7821 7822 3740
f 7821 3740 3742
f 7821 3742 3743
f 3743 3745 7821
f 3746 7821 3745
f 3734 3560 3729
f 3729 3560 3728
f 4919 3727 3560
f 4919 3560 3564
f 3564 3726 4919
f 3564 3724 3726
f 3675 7021 7019
f 7019 7021 7018
f 7018 7021 7013
f 7012 7021 7029
f 7029 7021 7031
f 7031 7021 7030
f 7030 7036 7033
f 7040 7033 7036
f 7040 7036 7296
f 7296 7295 7040
f 7295 7296 7297
f 7297 7305 7295
f 7304 7295 7305
f 7305 7311 7304
f 7305 7323 7311
f 7323 7324 7311
f 7311 7324 7310
f 7295 7304 7306
f 7305 7297 7323
f 7323 7297 7925
f 7297 7296 7944
f 8068 7944 7296
f 7036 8068 7296
f 8067 8068 7036
f 7036 7021 8067
f 7186 8067 7021
f 7021 7022 7186
f 7186 7022 7946
f 7945 7946 7022
f 7945 7022 8069
f 8070 7945 8069
f 8071 8070 8069
f 8071 8069 7820
f 8072 8071 7820
f 8072 7820 3564
f 8073 8072 3564
f 3559 8073 3564
f 7811 8073 3559
f 7816 7811 3559
f 8073 10563 8072
f 8073 7809 10563
f 7819 3564 7820
f 3564 7819 3665
f 3564 3665 3663
f 3564 3663 3659
f 3564 3659 3661
f 3564 3661 3662
f 3564 3662 3600
f 3665 7819 3671
f 3667 3671 7819
f 7819 3669 3667
f 7819 3672 3669
f 7819 7022 3672
f 3674 3672 7022
f 3674 7022 3675
f 10563 8071 8072
f 10563 10564 8071
f 10563 7807 10564
f 7819 7820 8069
f 8070 8071 10564
f 10564 10565 8070
f 10565 10566 8070
f 7801 10566 10565
f 7805 10565 10564
f 8070 10566 7945
f 7945 10566 10567
f 10566 7798 10567
f 7819 8069 7022
f 7946 7945 10567
f 10567 8066 7946
f 8067 7946 8066
f 8067 8066 8062
f 8066 8064 8062
f 7797 8064 8066
f 8066 10567 7797
f 7946 8067 7186
f 8067 8062 8068
f 7033 7040 7032
f 7032 7040 7035
f 7034 7040 7043
f 7043 7040 7044
f 7044 7045 7062
f 7062 7045 7061
f 7035 7040 7034
f 7036 7030 7021
f 7013 7021 7012
f 7021 3675 7022
f 3564 3600 3724
f 3560 3559 3564
f 3559 3560 3561
f 3728 3560 3727
f 3735 3560 3734
f 3732 3560 3735
f 3741 3560 3732
f 3741 3736 7822
f 3737 7822 3736
f 3738 7822 3737
f 3748 7821 3746
f 3740 7822 3738
f 7822 3560 3741
f 3562 3561 3560
f 3561 7816 3559
f 7827 7814 7815
f 7813 7814 7841
f 7840 7810 7813
f 7816 7812 7811
f 7811 7809 8073
f 7808 7810 7839
f 7809 7807 10563
f 7806 7808 7947
f 7807 7805 10564
f 7951 7804 7806
f 7802 10565 7805
f 7952 7803 7804
f 7800 7803 7983
f 10565 7802 7801
f 7990 7799 7800
f 7801 7798 10566
f 7799 3070 7796
f 10567 7798 7797
f 7795 8064 7797
f 3070 7363 7796
f 7329 7363 7354
f 7795 7548 8064
f 8064 7548 7862
f 7548 7550 7862
f 7468 7862 7550
f 7550 7469 7468
f 7467 7468 7469
f 7872 7468 7467
f 7872 7467 7549
f 7549 7367 7872
f 7549 7467 7546
f 7868 7468 7872
f 7868 7872 7865
f 7865 7861 7868
f 7863 7868 7861
f 7870 7865 7872
f 7872 7871 7870
f 7869 7865 7870
f 7868 7863 7468
f 7862 7468 7863
f 7550 7548 7469
f 7470 7329 7479
f 7461 7479 7329
f 7545 7461 7329
f 7482 7545 7329
f 7481 7482 7329
f 7330 7481 7329
f 7474 7537 7461
f 7537 7536 7461
f 7473 7474 7461
f 7540 7473 7461
f 7543 7540 7461
f 7466 7543 7461
f 7465 7466 7461
f 7545 7465 7461
f 7461 7451 7479
f 7544 7479 7451
f 7451 7456 7544
f 7456 7451 7457
f 7456 7457 7458
f 7491 7457 7451
f 7451 7461 7520
f 7544 7470 7479
f 7469 7547 7467
f 7547 7546 7467
f 7471 7544 7456
f 7366 7471 7456
f 7366 7456 7475
f 7367 7549 7546
f 7340 7366 7338
f 7872 7367 7871
f 8065 8052 8055
f 8055 8052 8054
f 7870 7871 7869
f 7865 7869 7864
f 7873 8061 8060
f 7929 8060 8061
f 7929 7928 8060
f 7864 7861 7865
f 8060 8059 7873
f 7861 7862 7863
f 8064 7862 8062
f 8068 8062 7944
f 8059 8060 7928
f 7297 7944 7925
f 7927 7928 7929
f 7323 7925 7926
f 7926 7324 7323
f 7929 8061 7927
f 8063 8057 8061
f 7324 8058 7310
f 8057 8055 8056
f 7310 8058 8475
f 8475 8473 8474
f 8473 8472 8474
f 8055 8054 8056
f 8470 8472 8473
f 8052 8053 8054
f 8470 8468 8471
f 8466 8467 8468
f 8051 8053 8052
f 4907 8464 8466
f 4387 8051 4912
f 3033 8051 2989
f 3034 3033 2989
f 3060 3034 2989
f 3032 3033 3034
f 3034 3060 3061
f 2988 3061 3060
f 2988 3060 2989
f 2989 7340 7429
f 7339 7429 7340
f 7338 7339 7340
f 7463 7338 7366
f 7464 7463 7366
f 7472 7464 7366
f 7446 7472 7366
f 7462 7446 7366
f 7475 7462 7366
f 7478 7475 7456
f 7458 7478 7456
f 7480 7458 7457
f 7483 7480 7457
f 7484 7483 7457
f 7423 7484 7457
f 7410 7423 7457
f 7452 7410 7457
f 7490 7452 7457
f 7427 7490 7457
f 7455 7427 7457
f 7491 7455 7457
f 7447 7491 7451
f 7450 7447 7451
f 7495 7450 7451
f 7496 7495 7451
f 7493 7496 7451
f 7492 7493 7451
f 7498 7492 7451
f 7499 7498 7451
f 7454 7499 7451
f 7453 7454 7451
f 7503 7453 7451
f 7504 7503 7451
f 7489 7504 7451
f 7488 7489 7451
f 7507 7488 7451
f 7510 7507 7451
f 7487 7510 7451
f 7424 7487 7451
f 7426 7424 7451
f 7514 7426 7451
f 7486 7514 7451
f 7485 7486 7451
f 7517 7485 7451
f 7519 7517 7451
f 7520 7519 7451
f 7521 7520 7461
f 7522 7521 7461
f 7477 7522 7461
f 7476 7477 7461
f 7526 7476 7461
f 7531 7526 7461
f 7460 7531 7461
f 7459 7460 7461
f 7536 7459 7461
f 7016 7015 7057
f 7350 7349 7329
f 7349 7348 7329
f 7348 7347 7329
f 7347 7346 7329
f 7346 7345 7329
f 7345 7344 7329
f 7344 7343 7329
f 7343 7342 7329
f 7342 7341 7329
f 7341 7334 7329
f 7334 7327 7329
f 7327 7328 7329
f 7328 7330 7329
f 7056 7027 7191
f 7173 7027 7157
f 7155 7027 7156
f 7197 7027 7136
f 7134 7052 7139
f 7037 7027 7015
f 7015 7046 7037
f 7178 7176 7052
f 7042 7178 7039
f 7039 7041 7042
f 7311 7310 7041
f 7038 7037 7046
f 7311 7306 7304
f 7306 7040 7295
f 7046 7015 7047
f 7044 7040 7045
f 7014 7015 7016
f 7061 7045 7020
f 3750 7821 3748
f 7821 3753 3563
f 3756 3563 3754
f 3758 3563 3756
f 3768 3563 3766
f 3762 7818 3768
f 3769 7818 3773
f 7823 7818 3776
f 7011 8082 4072
f 8082 8080 8079
f 8080 8085 8078
f 8085 8086 8078
f 8086 8089 8078
f 8089 8087 8078
f 8087 8088 7308
f 8088 8090 7308
f 8090 8093 7309
f 8093 8094 7309
f 8094 8095 7309
f 8095 8097 7309
f 8097 8098 7309
f 8098 8099 7309
f 8099 8100 7309
f 8100 8101 7309
f 8101 8102 8104
f 8102 8103 8104
f 8103 8106 8108
f 8106 8107 8108
f 8107 8111 8075
f 8111 8112 8075
f 8112 8113 8076
f 8113 8114 8076
f 8114 8116 8076
f 8116 8117 8076
f 8117 8119 8076
f 8119 8120 8076
f 8120 8121 8076
f 8121 8123 8076
f 8123 8124 8076
f 8124 8125 8076
f 8125 8127 8076
f 8127 8128 8076
f 8128 8129 8076
f 8129 8131 8076
f 8131 8134 8076
f 8134 8135 8076
f 8135 3035 8076
f 3017 3035 3036
f 3017 3036 3018
f 3016 3018 3037
f 3016 3037 3040
f 3090 3091 3092
f 8160 9157 3092
f 8133 8160 8141
f 8132 7319 8133
f 8156 8132 3425
f 3425 3427 3472
f 3472 3478 3417
f 3478 3477 3417
f 3477 3474 3417
f 3473 3417 3474
f 3417 3473 3418
f 3417 3418 3419
f 3419 7830 3476
f 3423 8513 8523
f 8522 9815 7830
f 8520 8523 8513
f 8522 8521 9814
f 8521 8519 9816
f 8519 8518 9816
f 8518 8517 9818
f 10183 8517 8516
f 7867 8516 8515
f 7943 8496 8497
f 8515 7941 10186
f 7941 7940 8493
f 7940 8498 8495
f 7943 8499 7942
f 8499 8520 8513
f 7834 7833 8514
f 7832 3557 3558
f 3462 3558 3416
f 3460 3462 3416
f 3416 3558 3404
f 7833 8498 8514
f 7836 8512 3450
f 8500 8495 8498
f 3450 3452 7836
f 3446 3452 3450
f 8501 8500 7835
f 8501 8502 8509
f 3443 7831 3447
f 3444 3443 3447
f 8509 8502 8504
f 8504 8478 8505
f 8478 8477 8505
f 3443 3408 8503
f 3409 3408 3443
f 7930 8477 8478
f 8474 8472 7662
f 8471 8472 8470
f 8479 8471 8469
f 8477 7930 8476
f 8481 8505 8477
f 8479 8469 8480
f 8480 9851 8484
f 8485 8484 4796
f 8481 8482 8483
f 8506 8483 8507
f 8507 8488 8511
f 8511 8488 7878
f 7876 7878 8490
f 9948 8489 9883
f 9948 9883 3403
f 3493 3403 9883
f 3494 3493 9883
f 9883 9882 3494
f 3492 3494 9882
f 9882 9880 3492
f 9880 9878 3492
f 3491 3492 9878
f 9878 9879 3491
f 3487 3491 9879
f 3486 3487 9879
f 9879 9955 3486
f 9955 3485 3486
f 3486 3485 3416
f 3485 3482 3416
f 3482 3481 3416
f 3481 3466 3416
f 3466 3467 3416
f 3416 3467 3480
f 3416 3480 3453
f 3461 3416 3453
f 3453 3480 9946
f 3480 3467 9873
f 3467 3466 9865
f 9872 9865 3466
f 3466 9871 9872
f 9871 8489 9872
f 9874 8489 9871
f 9874 9871 3482
f 9877 8489 9874
f 9877 9874 3485
f 9955 8489 9877
f 9871 3466 3481
f 3481 3482 9871
f 3482 3485 9874
f 3485 9955 9877
f 9879 8489 9955
f 3487 3486 3416
f 3491 3487 3416
f 9878 8489 9879
f 3492 3491 3416
f 9880 8489 9878
f 9882 8489 9880
f 3494 3492 3416
f 3493 3494 3416
f 3403 3493 3416
f 9883 8489 9882
f 8491 8492 8490
f 9825 8492 9894
f 9896 9825 9894
f 9862 9863 9864
f 9895 9897 9893
f 9898 9892 9899
f 9908 9898 9909
f 9905 9898 9890
f 9889 9901 9902
f 9901 3497 9910
f 3415 9898 9899
f 3495 3496 3497
f 3509 3412 3495
f 3412 3411 3495
f 3411 3510 3495
f 3510 3499 3495
f 3498 3495 3499
f 3495 3498 3505
f 3495 3505 3500
f 3495 3500 3501
f 3495 3501 3506
f 3506 3490 3489
f 3517 3488 3490
f 3488 3517 3518
f 3488 3518 3544
f 3544 3546 3545
f 3546 3542 3545
f 3542 3541 3525
f 3541 3530 3525
f 3529 3525 3530
f 3525 3529 3526
f 3525 3526 3527
f 3525 3527 3543
f 3525 3543 3540
f 3539 3540 3536
f 3536 3524 3539
f 3524 9943 3539
f 3524 3536 3522
f 3521 3535 3520
f 3519 3520 3537
f 3519 3537 3532
f 3519 3532 3531
f 3519 3531 3538
f 3519 3538 3465
f 3522 3523 3524
f 3523 9875 3524
f 3521 3528 3535
f 3520 3519 3521
f 9875 3523 9876
f 9943 3524 9875
f 9942 3539 9943
f 9926 3539 9942
f 9926 9944 9924
f 9881 9868 4408
f 4795 8485 4794
f 8485 8487 8486
f 9858 9859 9860
f 9861 8489 8487
f 9872 8489 9865
f 9865 9873 3467
f 9873 9946 3480
f 9945 9860 9867
f 9946 3470 3453
f 3469 3453 3470
f 3453 3469 3468
f 3519 9945 9930
f 3470 3471 3469
f 3519 3465 3464
f 3453 3468 3463
f 3453 3463 3438
f 3453 3438 3437
f 3453 3437 3461
f 3416 3461 3460
f 3462 3460 3440
f 3462 3440 3439
f 3450 3439 3459
f 3450 3459 3458
f 3450 3458 3442
f 3450 3442 3441
f 3450 3441 3455
f 3450 3455 3454
f 3450 3454 3436
f 3450 3436 3435
f 3450 3435 3451
f 3450 3451 3446
f 3452 3446 3445
f 3452 3445 3448
f 3447 3448 3449
f 3447 3449 3444
f 3443 3444 3409
f 3408 3409 3410
f 3408 3410 3432
f 3432 3433 3408
f 3433 3434 3408
f 7075 7662 3434
f 7188 7075 7185
f 7076 7075 7151
f 3316 3312 3311
f 3312 7990 7992
f 7990 3070 7799
f 3313 3314 3315
f 2984 7363 3070
f 2984 7360 7363
f 7360 7357 7363
f 7357 7578 7363
f 7578 7365 7363
f 7365 7364 7363
f 7364 7354 7363
f 7354 7353 7329
f 3422 3421 3423
f 3423 3557 8513
f 3557 3404 3558
f 3416 3404 3403
f 3403 3547 9948
f 3547 3548 9953
f 3548 3549 9953
f 3549 3550 9951
f 3550 3551 9950
f 3552 9949 3551
f 3553 9884 3552
f 9884 3553 3554
f 9885 3554 3555
f 9891 3555 3556
f 9863 3556 3399
f 3398 9899 3399
f 9899 3398 3415
f 3405 3414 3415
f 3400 3406 3397
f 3405 3402 3401

usemtl Default_0
f 6755 10297 10296
f 6755 10296 6741
f 6741 5691 6755
f 6754 6755 5691
f 6754 5691 10275
f 6754 10275 10551
f 10550 6754 10551
f 10550 10549 10339
f 6734 10550 10339
f 6734 10339 10341
f 5949 6734 10341
f 6734 5949 5948
f 5948 3852 6734
f 6734 3852 3854
f 4613 6734 3854
f 3854 4612 4613
f 4612 3855 4613
f 4613 3855 3845
f 3844 4613 3845
f 3843 10593 3842
f 10593 3896 3842
f 3896 4613 3850
f 10593 4613 3896
f 10594 4613 10593
f 10593 6757 10594
f 10594 6757 6723
f 6757 6724 6723
f 6722 6723 6724
f 5694 6722 6724
f 5694 6724 5692
f 5692 5693 5694
f 5728 5694 5693
f 5900 5901 5902
f 5906 5901 5900
f 5900 5908 5906
f 5908 5909 5906
f 5906 5909 6722
f 5908 6722 5909
f 5908 6733 6722
f 6733 4613 6722
f 5908 3823 6733
f 3822 6733 3823
f 3825 5904 5752
f 5752 6733 3825
f 5752 6766 6733
f 6766 6734 6733
f 6734 6766 6754
f 5742 6766 5752
f 5752 5741 5742
f 5743 5745 5744
f 5742 5743 5744
f 5744 10297 5742
f 5752 5753 5741
f 5742 6755 6766
f 5904 5905 5752
f 3822 3825 6733
f 5908 5900 3823
f 5740 5738 5737
f 5738 5746 5737
f 5735 5737 5746
f 5749 5735 5746
f 5749 5746 5751
f 5749 5751 5747
f 5903 5748 5735
f 5761 5898 5899
f 5761 5899 5751
f 5761 5751 5762
f 5761 5762 5760
f 9479 5765 9491
f 9491 6759 9479
f 9479 6759 9477
f 5763 9477 6759
f 5763 6759 6765
f 5763 6765 5769
f 5769 5768 5763
f 5763 5764 5765
f 5776 5670 5669
f 5668 5669 5670
f 5670 6735 5668
f 5680 5668 6735
f 5680 6735 6725
f 5680 6725 5704
f 5704 5698 5680
f 5698 5699 5680
f 5699 5707 5680
f 5680 5707 5681
f 5681 6094 5773
f 5681 5773 5668
f 5682 5683 5684
f 5682 5684 6677
f 5682 6677 6763
f 5682 6763 5724
f 5724 5725 5682
f 5725 5724 5726
f 5718 5717 5722
f 5910 5722 5717
f 5780 5910 5717
f 5779 5780 5717
f 5717 6693 5779
f 5587 5779 6693
f 5587 6693 6807
f 5587 6807 5585
f 5585 5586 5587
f 6571 5882 5779
f 5626 5627 5628
f 5782 5628 5627
f 5627 6806 5782
f 5784 5782 6806
f 5784 6806 6697
f 5784 6697 5795
f 5795 5794 5784
f 5794 5787 5784
f 5787 5786 5784
f 5784 5786 5785
f 5785 5783 5782
f 5852 5831 5830
f 5850 5852 5830
f 5850 5830 5851
f 10562 5853 6788
f 6788 10210 10562
f 10210 6788 4382
f 3793 6798 3791
f 6798 4381 3791
f 5575 4380 5573
f 5573 5574 5575
f 10212 6789 10211
f 6789 10214 10211
f 10214 5568 5842
f 5568 5567 5842
f 5841 5842 5567
f 5568 3949 5569
f 5568 6789 3949
f 6789 3950 3949
f 3950 6789 3948
f 6791 3948 6789
f 6789 6790 6791
f 6704 6791 6790
f 5616 6704 6790
f 6790 7614 5616
f 7614 7613 5616
f 7613 7615 5616
f 5983 5982 5981
f 5980 5981 5982
f 5637 5980 5982
f 5637 5982 6673
f 5637 6673 5545
f 5545 5636 5637
f 5533 5536 5531
f 5531 5532 5533
f 5388 5532 5531
f 5534 5388 5531
f 5531 6679 5534
f 5534 6679 6668
f 5534 6668 5539
f 5539 5535 5534
f 5389 5534 5535
f 6009 6011 6010
f 6009 6010 5539
f 6009 5539 6020
f 6009 6020 6019
f 5883 6019 6020
f 5883 6020 10506
f 6668 5883 10506
f 10505 6668 10506
f 5539 10505 10507
f 5539 10507 10508
f 5883 6668 6671
f 5883 6671 5443
f 5443 5530 5883
f 5529 5528 5546
f 5528 5592 5546
f 5591 5546 5592
f 5605 5998 5592
f 5592 6687 5605
f 5593 5605 6687
f 5602 5593 6687
f 5602 6687 10588
f 5602 10588 5594
f 5606 5594 10588
f 5606 10588 10589
f 5606 10589 5991
f 5991 5989 5606
f 5593 5594 5595
f 5603 5604 5605
f 5617 5629 5618
f 5616 5617 5618
f 5614 6704 5618
f 5614 5613 6704
f 5613 6703 6704
f 6703 5613 6775
f 6775 3968 6703
f 3972 6703 3968
f 6703 3963 3958
f 6703 3958 3956
f 3579 6703 3956
f 3979 6791 3978
f 3978 6791 3977
f 3977 6703 3581
f 6791 6703 3977
f 6791 3979 3980
f 6791 3980 3981
f 5640 5639 5727
f 5973 5727 5639
f 5974 5973 5639
f 5974 5639 5975
f 5974 5975 5976
f 5977 5978 5979
f 8018 5979 5978
f 8018 5978 8016
f 5982 8016 5978
f 5982 5978 6713
f 5982 6713 6712
f 6712 3789 5982
f 3789 6712 3787
f 3787 3790 3789
f 3788 3789 3790
f 6672 3577 4383
f 4022 6672 4383
f 6669 6672 4022
f 6669 6679 6672
f 6673 6672 6679
f 6672 6673 3789
f 3935 6672 3789
f 3789 3933 3935
f 3933 3789 3939
f 3789 3934 3939
f 6669 4022 3801
f 6669 3801 4379
f 6669 4379 4378
f 3947 6669 4378
f 3918 6667 3919
f 6667 6669 3919
f 6667 6668 6669
f 3918 3943 6667
f 3943 3942 6667
f 3942 3924 6667
f 6670 6667 3924
f 3924 3982 6670
f 6670 3982 3959
f 3955 6670 3959
f 3964 6702 3965
f 6702 3964 3966
f 6688 6702 3966
f 6688 3966 3971
f 3970 6688 3971
f 6688 3569 3568
f 4969 6688 3568
f 4969 3568 3685
f 3685 3684 4969
f 3684 4970 4969
f 4968 4969 4970
f 4970 10501 4968
f 10501 5829 4968
f 5471 4968 5829
f 10500 3951 5470
f 4969 5470 3951
f 4969 3951 3952
f 4969 3952 3592
f 3594 4969 3592
f 3967 6775 3594
f 6775 4969 3594
f 6775 10600 4969
f 10600 6775 6688
f 6775 6689 6688
f 6687 6688 6689
f 5854 5855 5856
f 5856 3951 5854
f 5854 3951 10500
f 4969 4968 5470
f 4969 10600 6688
f 6688 3970 3569
f 6688 6687 6702
f 6696 6702 6687
f 6702 6696 6670
f 6702 6670 3954
f 6671 6670 6696
f 6702 3680 3965
f 3680 6702 3954
f 6670 3955 3954
f 6670 6671 6667
f 3919 6669 3947
f 3577 6672 3935
f 6683 3975 3986
f 3988 6683 3986
f 3987 6683 3988
f 3987 6684 6683
f 5975 6683 6684
f 6684 6713 5975
f 6683 5975 6710
f 6710 6711 6683
f 3976 6683 6711
f 3976 6711 3974
f 6711 3995 3974
f 4002 6719 3932
f 3932 6719 3931
f 10557 6743 3870
f 3870 6743 3871
f 3872 6742 3873
f 6741 3873 6742
f 6742 5946 6741
f 6742 6622 5946
f 5943 5946 6622
f 5943 6622 5941
f 5943 5941 5940
f 10268 6621 4972
f 5691 4972 6621
f 6621 5689 5691
f 5689 5690 5691
f 5690 10269 5691
f 10342 10339 10558
f 3847 10593 3840
f 6757 3847 3848
f 6757 3848 4971
f 6757 4971 3879
f 3819 6757 3879
f 6731 3899 3878
f 6731 3878 10389
f 6731 10389 10541
f 6731 10541 3832
f 6731 3832 3834
f 6731 3834 3833
f 6731 3833 4098
f 6730 6731 4098
f 6730 4098 4097
f 4097 4096 6730
f 6760 6730 4096
f 6760 4096 4093
f 4093 4090 6760
f 6758 6760 4090
f 4090 4089 6758
f 3590 6758 4089
f 4092 4087 6772
f 4084 6772 4087
f 3604 6726 3989
f 6701 6726 3604
f 6701 3604 3657
f 4076 6701 3657
f 4064 4063 6678
f 4063 4061 6678
f 6676 6678 4061
f 4061 4057 6676
f 4057 4056 6676
f 6762 6676 4056
f 4056 3781 6762
f 3781 4055 6762
f 6762 4055 3903
f 3902 6762 3903
f 4047 6695 4048
f 6698 6695 4047
f 4046 6698 4047
f 10531 6698 4046
f 4024 10605 4027
f 4028 4027 10605
f 10605 6785 4028
f 6785 6780 4028
f 6780 4030 4028
f 4039 6706 4041
f 6706 6699 4041
f 4041 6699 4042
f 4042 6698 4044
f 6698 4043 4044
f 4042 6699 6698
f 6697 6698 6699
f 6699 6705 6697
f 6705 10595 6697
f 5788 6697 10595
f 5788 10595 5866
f 5866 5827 5788
f 5789 5788 5827
f 5789 5797 5790
f 5790 5797 5796
f 5790 5796 5795
f 5788 5789 5790
f 5864 5865 5866
f 5868 5867 5869
f 5798 5869 5867
f 5799 5798 5867
f 5799 5867 10597
f 5799 10597 6784
f 5799 6784 5803
f 5799 5803 5800
f 5802 5800 5803
f 5801 5802 5803
f 5801 5803 6784
f 5871 5801 6784
f 5871 6784 10598
f 5871 10598 5551
f 5551 5879 5871
f 5548 5552 5551
f 5551 5549 5548
f 5547 5548 5549
f 5547 5549 5550
f 6003 5559 6002
f 5558 6002 5559
f 5557 5558 5559
f 5557 5559 6692
f 5557 6692 6691
f 5557 6691 5555
f 5555 5560 5557
f 5556 5555 5554
f 5553 5554 5555
f 5562 5553 5555
f 5561 5562 5555
f 5562 5561 5563
f 5570 5571 5572
f 5577 5572 5571
f 5571 5576 5584
f 5579 5584 5576
f 5576 6803 5579
f 6803 5580 5579
f 5578 5579 5580
f 6803 10496 10497
f 6803 10499 10496
f 10499 6685 10498
f 5821 10498 6685
f 6685 3830 5821
f 5819 5821 3830
f 10604 3595 3596
f 6685 10604 3596
f 6685 6804 10604
f 10604 6804 5825
f 5845 10604 5825
f 5825 5844 5845
f 5826 5846 5825
f 5825 5810 5826
f 5810 5812 5826
f 5822 5823 5824
f 5828 5824 5823
f 5831 5828 5823
f 5823 5822 5811
f 5830 5823 5811
f 5830 5811 6788
f 5811 6787 6788
f 6800 6788 6787
f 6787 3914 6800
f 3914 3921 6800
f 4005 6800 3921
f 6800 4005 3913
f 4004 6800 3913
f 4004 3913 10515
f 10423 4004 3905
f 3648 10423 3905
f 4020 6782 4023
f 6782 4025 4023
f 6782 10605 4025
f 6782 4020 4001
f 6782 4001 6690
f 6692 6782 6690
f 6782 6692 6783
f 6783 6785 6782
f 6785 6783 6784
f 6783 6692 10598
f 4001 4015 6690
f 4014 6690 4015
f 6690 4019 4018
f 6690 4018 6781
f 6691 6690 6781
f 6781 6786 6691
f 5561 6691 6786
f 5561 6786 5570
f 5576 5570 6786
f 6786 6781 6802
f 6802 6803 6786
f 6803 6802 3571
f 3571 6685 6803
f 6685 3571 6686
f 6686 3571 3909
f 4003 6686 3909
f 6805 3916 3917
f 6805 3917 6787
f 3917 4009 6787
f 4007 6787 4009
f 10417 10516 3913
f 6805 6686 3916
f 3916 6686 3911
f 4010 3911 6686
f 6804 6686 6805
f 6805 5811 6804
f 5810 6804 5811
f 6802 3605 3588
f 3908 6802 3588
f 3570 3571 3572
f 3908 3572 3571
f 6802 3907 3605
f 6802 4012 3907
f 3925 6781 3926
f 10599 6781 3925
f 3925 4011 10599
f 4011 4012 10599
f 6802 10599 4012
f 4010 6686 4003
f 3909 3571 3570
f 3908 3571 6802
f 6802 6781 10599
f 6781 4018 3926
f 4019 6690 4014
f 5813 5814 5815
f 6776 5815 5814
f 6776 5814 10152
f 10602 6776 10152
f 10603 10602 10152
f 10603 10152 10480
f 10603 10480 10601
f 10480 10137 10601
f 3693 10601 10137
f 3693 10137 10482
f 6790 3693 3692
f 5806 5807 5808
f 10138 5806 5808
f 10137 10138 5808
f 10138 10137 10152
f 5806 10138 10152
f 5806 10152 10479
f 10155 5806 10479
f 3688 10152 3686
f 3686 10152 10430
f 3686 10430 10478
f 10514 10478 10430
f 10431 10514 10430
f 3785 10152 3688
f 10479 10152 3785
f 5808 10482 10137
f 6790 10601 3693
f 6790 6801 10601
f 6801 10602 10601
f 10480 10152 10137
f 10602 10603 10601
f 10602 6801 6776
f 6801 6798 6776
f 6777 6776 6798
f 6776 6777 6778
f 6778 10424 6776
f 10424 10423 6776
f 10445 6776 10423
f 10423 3922 10445
f 10419 10445 3922
f 10423 10424 10425
f 10425 6800 10423
f 10425 6778 6800
f 6778 6799 6800
f 10424 6778 10425
f 6799 6778 6777
f 6799 6777 3795
f 6799 3795 3794
f 6799 3794 3799
f 6799 3799 3585
f 3582 6799 3585
f 3582 3584 3993
f 6788 3582 3993
f 6788 3993 3584
f 3585 10560 10561
f 6788 6799 3582
f 10560 3585 3799
f 6777 3793 3795
f 6798 6801 6789
f 5814 10430 10152
f 10445 5815 6776
f 10420 10419 3922
f 10423 3650 3922
f 3650 10423 3648
f 10516 10515 3913
f 4004 10423 6800
f 6787 4007 3914
f 6788 6800 6799
f 6787 5811 6805
f 5822 5812 5811
f 5810 5811 5812
f 5825 5846 5844
f 5810 5825 6804
f 6686 6804 6685
f 10604 5845 3595
f 6685 3596 3831
f 5819 5820 5821
f 6685 3831 3830
f 6803 6685 10499
f 5580 6803 10497
f 5576 6786 6803
f 5579 5578 5584
f 5576 5571 5570
f 5570 5563 5561
f 5555 5556 5560
f 5561 5555 6691
f 6690 6691 6692
f 5559 5549 6692
f 5559 6003 5550
f 5559 5550 5549
f 5551 6692 5549
f 10598 6692 5551
f 10598 6784 6783
f 5871 5872 5801
f 6784 10597 10596
f 6784 10596 6779
f 6780 6784 6779
f 6779 6706 6780
f 6706 6779 6705
f 10595 6779 10596
f 10595 10596 10597
f 5864 10595 10597
f 5864 10597 5867
f 5798 5799 5800
f 5867 5868 5864
f 5864 5866 10595
f 5788 5790 6697
f 6779 10595 6705
f 6705 6699 6706
f 4037 6706 4039
f 6706 4037 4035
f 4035 4034 6706
f 4034 4032 6706
f 4032 4030 6706
f 6780 6706 4030
f 6784 6780 6785
f 6785 10605 6782
f 10605 4024 4025
f 4043 6698 10531
f 6806 6695 6698
f 6695 6806 6807
f 4048 6695 4050
f 4052 4050 6695
f 6695 6694 4052
f 6693 6694 6695
f 6694 6693 6761
f 6761 6762 6694
f 6694 6762 3904
f 6761 6763 6762
f 5632 6763 6761
f 5632 6761 5721
f 5721 5720 5632
f 5720 5721 5719
f 5717 5719 5721
f 5717 5721 6761
f 6694 4054 4052
f 4054 6694 3904
f 6762 3902 3904
f 6676 6762 6763
f 6676 6677 6678
f 6700 6678 6677
f 5710 6700 6677
f 5710 5716 6700
f 5714 6700 5716
f 5713 5714 5716
f 5710 5711 5712
f 5714 5713 5704
f 5714 6725 6700
f 6725 6701 6700
f 5710 5712 5716
f 6678 6700 6701
f 6678 6701 4075
f 4066 4064 6678
f 4066 6678 4070
f 4075 4070 6678
f 6701 4076 4075
f 6701 6725 6726
f 6726 3984 3989
f 3984 6726 4081
f 6726 6736 4081
f 6736 4082 4081
f 4082 6736 4080
f 4086 4080 6736
f 6736 6772 4086
f 6736 6773 6772
f 6765 6772 6773
f 5771 6765 6773
f 5771 6773 5774
f 5774 5775 5771
f 5670 5774 6773
f 6772 6765 6758
f 6772 6758 3589
f 6773 6736 6735
f 6726 6735 6736
f 4086 6772 4084
f 3589 4092 6772
f 6758 3590 3589
f 6758 6759 6760
f 5762 6760 6759
f 6760 5762 6730
f 6730 5751 6731
f 6731 6757 3899
f 6731 5746 6757
f 3819 3899 6757
f 10264 10263 10275
f 10269 10264 10275
f 5691 3860 4972
f 5691 3859 3860
f 3857 5946 3864
f 5945 3864 5946
f 5691 5946 3857
f 5691 3857 3859
f 3864 5945 10337
f 5945 5946 5947
f 5696 5700 5697
f 5695 5696 5697
f 5695 5697 6750
f 5695 6750 6749
f 5695 6749 5686
f 5687 5686 6749
f 6749 5706 5687
f 5705 5687 5706
f 5708 5927 5687
f 5927 5688 5687
f 5928 5696 5688
f 5688 5696 5686
f 5701 5702 5703
f 5709 5703 5702
f 5715 5924 5702
f 5702 6746 5715
f 5665 5715 6746
f 5665 6746 6739
f 5665 6739 5664
f 5665 5664 5663
f 5665 5663 5671
f 5926 5925 5671
f 5715 5671 5925
f 5647 5951 5685
f 5646 5647 5685
f 5685 6764 5646
f 5648 5646 6764
f 5648 6764 6710
f 5648 6710 5641
f 5641 5643 5648
f 5643 5966 5648
f 5648 5966 5649
f 5649 5644 5646
f 5644 5645 5646
f 5643 5641 5642
f 5640 5642 5641
f 5648 5649 5646
f 5685 6774 6764
f 6719 6764 6774
f 6719 6774 6717
f 6717 6718 6719
f 6718 6717 6732
f 6732 6729 6718
f 6718 6729 3710
f 6729 6732 6727
f 6727 6728 6729
f 6729 6728 3708
f 3708 3709 6729
f 6728 3806 3708
f 3806 6728 3805
f 6728 3808 3805
f 3807 3808 6737
f 6737 10461 3807
f 10460 3807 10461
f 10326 10461 3818
f 3818 10473 10326
f 3598 6745 3894
f 6745 3892 3894
f 3892 6745 3893
f 3877 6748 3835
f 3835 6748 3836
f 5892 5893 5894
f 5892 5894 10556
f 5894 6743 10556
f 5894 6744 6743
f 5937 6743 6744
f 6744 6750 5937
f 10267 5937 6750
f 6750 6744 6748
f 6622 6743 5937
f 6622 5937 5936
f 6744 5894 3875
f 3875 5894 10555
f 3827 6744 3875
f 3837 6744 3827
f 3836 6744 3837
f 3836 6748 6744
f 3877 6767 6748
f 6749 6748 6767
f 6767 6747 6749
f 6749 6747 3885
f 6749 3885 3887
f 6747 3884 3886
f 6747 5702 3884
f 3884 5702 10553
f 3885 6747 3886
f 6747 6767 6745
f 6745 6746 6747
f 6746 6745 6740
f 6740 6745 3597
f 3877 3882 6767
f 3883 6767 3882
f 3893 6767 3883
f 6745 6767 3893
f 6745 3598 3597
f 3575 6740 3597
f 6740 3575 3812
f 3817 6740 3812
f 3816 6740 3817
f 3816 6737 6740
f 6739 6740 6737
f 6737 6738 6739
f 5920 6739 6738
f 5920 6738 5673
f 5673 5672 5920
f 5919 5920 5672
f 5662 5664 5675
f 5919 5675 5664
f 5678 5674 5676
f 5661 5679 5677
f 5661 5677 6738
f 5661 6738 10592
f 5661 10592 5652
f 5652 5654 5661
f 5651 5653 5652
f 5650 5651 5652
f 5651 5650 5666
f 5667 5666 5650
f 5650 10590 5667
f 5434 5667 10590
f 6732 5434 10590
f 10590 10592 6732
f 5434 6732 5432
f 5917 5916 5432
f 5915 5916 5917
f 5918 5915 5917
f 5917 10591 5918
f 6774 5918 10591
f 5918 6774 5954
f 5954 5955 5918
f 5918 5955 5958
f 5959 5958 5955
f 5957 5956 5953
f 5954 5953 5956
f 5952 5953 5954
f 5952 5398 5953
f 5398 5952 5396
f 5955 5954 5956
f 5952 5954 6774
f 5917 6732 10591
f 5917 5432 6732
f 5650 10592 10590
f 5666 5667 5434
f 5652 5653 5654
f 5650 5652 10592
f 6727 10592 6738
f 5677 5679 5676
f 5677 5676 5673
f 5673 5676 5674
f 5920 5919 5664
f 5672 5673 5674
f 5677 5673 6738
f 6738 6737 6728
f 6737 3816 3818
f 10461 6737 3818
f 6728 6737 3808
f 6728 6727 6738
f 10592 6727 6732
f 10591 6732 6717
f 6774 10591 6717
f 6764 6719 6711
f 6711 6719 3998
f 5685 5952 6774
f 5646 5645 5647
f 5685 5951 5952
f 5951 5396 5952
f 5662 5663 5664
f 5920 5664 6739
f 6740 6739 6746
f 5665 5671 5715
f 5702 6747 6746
f 5924 5715 5925
f 10553 5702 5701
f 5687 5705 5708
f 5706 6749 3887
f 5686 5687 5688
f 6748 6749 6750
f 5695 5686 5696
f 10267 6750 5697
f 10267 5938 5937
f 5936 5937 5938
f 5936 6623 6622
f 5942 6622 6623
f 5941 5942 5939
f 5939 5940 5941
f 5942 5941 6622
f 5943 5947 5946
f 6622 6742 6743
f 6741 3874 3873
f 6741 10300 3874
f 10300 6741 10299
f 3871 6742 3872
f 6743 6742 3871
f 10556 6743 10557
f 6729 3709 3711
f 3705 6729 3711
f 6729 3705 3710
f 3712 6718 3710
f 3712 3930 6718
f 3930 3929 6718
f 3929 3931 6718
f 6719 6718 3931
f 3998 6719 4002
f 3996 6711 3998
f 3995 6711 3996
f 6711 6710 6764
f 5641 6710 5975
f 4385 6684 3987
f 4384 5501 6684
f 6712 6684 5501
f 5501 3786 6712
f 4385 4384 6684
f 3975 6683 3976
f 3788 3934 3789
f 3786 3787 6712
f 6684 6712 6713
f 6713 5978 5975
f 5977 5975 5978
f 5977 5976 5975
f 5641 5975 5639
f 5639 5640 5641
f 6703 3579 3581
f 6703 3972 3963
f 3968 6775 3967
f 6689 6775 5613
f 6689 5613 10589
f 10495 10589 5613
f 5613 10490 10495
f 5991 10493 5987
f 5614 5615 5608
f 5615 5622 5608
f 5608 5609 5610
f 5608 5610 5613
f 5612 5613 5610
f 10490 5612 10491
f 5987 5988 5989
f 5991 10495 10493
f 5612 10490 5613
f 5614 5608 5613
f 5987 5989 5991
f 5991 10589 10495
f 6689 10589 10588
f 5606 5607 5594
f 10588 6687 6689
f 5594 5593 5602
f 5593 5603 5605
f 5592 6696 6687
f 5592 5528 6696
f 5443 6696 5528
f 5528 5529 5443
f 5443 5445 5530
f 5443 6671 6696
f 6668 6667 6671
f 5883 6018 6019
f 10508 6020 5539
f 6010 5537 5539
f 5537 5538 5539
f 5389 5386 5534
f 5535 5539 5538
f 6668 10505 5539
f 6679 6669 6668
f 5531 6673 6679
f 5531 5543 6673
f 5388 5534 5386
f 5543 5531 5536
f 5543 5544 5545
f 5544 5638 5545
f 5636 5545 5638
f 5543 5545 6673
f 5982 3789 6673
f 8016 5982 5983
f 7614 6790 3692
f 5616 5618 6704
f 6791 6704 6703
f 6790 6789 6801
f 3948 6791 3981
f 5567 5568 5569
f 10214 6789 5568
f 6798 6789 10212
f 6798 10212 4380
f 10213 4380 10212
f 5573 4380 10213
f 4381 6798 4380
f 6798 3793 6777
f 6788 3584 4382
f 5830 6788 5853
f 5853 5851 5830
f 5823 5830 5831
f 5794 5795 5796
f 5790 5795 6697
f 6698 6697 6806
f 5784 5785 5782
f 5627 6807 6806
f 5628 5782 5783
f 5627 5626 5781
f 5627 5781 5585
f 5781 5611 5585
f 5586 5585 5611
f 5627 5585 6807
f 6695 6807 6693
f 5587 6571 5779
f 5717 6761 6693
f 5780 5779 5882
f 5717 5718 5719
f 5720 5630 5632
f 5630 5631 5632
f 5632 5631 5723
f 5632 5723 5724
f 5723 5726 5724
f 5632 5724 6763
f 6763 6677 6676
f 5710 6677 5684
f 5683 5682 5725
f 5684 5914 5710
f 5698 5704 5713
f 5714 5704 6725
f 6735 6726 6725
f 5680 5681 5668
f 5670 6773 6735
f 5669 5668 5773
f 5670 5776 5774
f 5775 5774 5776
f 5775 5888 5771
f 5771 5887 5772
f 5771 5772 5770
f 5771 5770 5769
f 5768 5769 5770
f 5771 5769 6765
f 6759 6758 6765
f 5763 5765 9477
f 9491 5762 6759
f 9491 10474 5762
f 10474 5760 5762
f 5751 6730 5762
f 5899 5747 5751
f 5746 6731 5751
f 5749 5903 5735
f 5735 5736 5737
f 5738 6724 5746
f 5738 5740 5739
f 5738 5739 5692
f 5692 5733 5734
f 5694 5729 5906
f 5694 5728 5729
f 5692 5734 5693
f 5738 5692 6724
f 5694 5906 6722
f 6723 6722 4613
f 6724 6757 5746
f 6757 10593 3847
f 6723 4613 10594
f 10593 3843 3840
f 4613 3844 3850
f 4613 6733 6734
f 3852 5948 3853
f 3853 5948 5949
f 10549 10558 10339
f 6734 6754 10550
f 10275 5691 10269
f 6755 6754 6766
f 5691 6741 5946
f 6755 5742 10297
f 10296 10299 6741

usemtl Default_0
f 6014 6030 6029
f 6014 6029 10165
f 6014 10165 4929
f 6012 6014 4929
f 5589 5588 5598
f 5589 5598 5597
f 5589 5597 10572
f 6664 5589 10572
f 10573 6664 10572
f 6664 10573 6665
f 6664 6665 4928
f 4928 6666 6664
f 6666 6674 6664
f 6820 6664 6674
f 6674 4926 6820
f 4924 6820 4926
f 5857 4923 6150
f 6149 5857 6150
f 5857 6149 5858
f 5857 5858 3677
f 3677 3676 5857
f 6820 5857 3676
f 3969 6820 3676
f 3678 6825 3969
f 6825 3678 7586
f 6606 6825 7586
f 6606 7586 7587
f 6606 6607 6608
f 6608 3683 6606
f 3682 6825 3683
f 3682 6827 6825
f 6827 6826 6825
f 6821 6825 6826
f 6032 6821 6826
f 6032 6826 5996
f 5996 5995 6032
f 6032 5590 5589
f 5599 5600 5601
f 6127 5599 5601
f 6127 5601 6826
f 6127 6826 6828
f 6828 7595 6127
f 7595 5992 6127
f 5992 5994 6127
f 5992 5993 5994
f 6037 6038 6039
f 7597 6037 6039
f 6039 7592 7597
f 7592 4279 7597
f 4278 7597 4279
f 4278 4277 6828
f 6828 7597 4278
f 7596 7597 6828
f 6815 7596 6828
f 6828 6816 6815
f 6814 6815 6816
f 5876 6814 6816
f 6816 4186 5876
f 10439 5876 4186
f 6132 6131 5876
f 5876 5878 10438
f 6814 10438 4245
f 4241 6814 4245
f 6814 4240 4239
f 6875 6814 4239
f 6875 4239 4237
f 6875 4237 4236
f 6875 4236 4244
f 4973 6875 4244
f 4248 6875 4957
f 4252 6875 4248
f 6875 4250 10432
f 6873 6875 10432
f 6873 10432 5565
f 5565 6889 6873
f 6889 6888 6873
f 6874 6873 6888
f 7611 6874 6888
f 7611 6888 4921
f 6250 6249 6251
f 6251 6910 6250
f 6197 6250 6910
f 6197 6910 6899
f 6197 6899 6193
f 6197 6193 6192
f 6192 6248 6197
f 6205 6191 6193
f 6196 6204 6205
f 6194 6196 6205
f 6205 10330 6194
f 10330 10331 6194
f 6194 10331 10134
f 6194 10134 10135
f 6194 10135 6195
f 6212 6213 6211
f 6212 6211 6210
f 10331 6212 6210
f 6909 6212 10331
f 6909 10331 10336
f 6909 10336 6908
f 6854 6909 6908
f 6908 6901 6854
f 6854 6901 4359
f 10146 6854 4359
f 4334 6855 4332
f 4332 6855 6854
f 6854 4333 4332
f 4333 6854 4331
f 6853 6854 6855
f 6855 6650 6853
f 6650 6649 6853
f 5655 6853 6649
f 5655 6649 6081
f 6081 6080 5655
f 6080 5656 5655
f 5655 5656 5657
f 5657 6216 6215
f 5657 6215 6909
f 5657 6909 6853
f 6214 6215 6216
f 6244 6200 6199
f 6245 6244 6199
f 6245 6199 6649
f 6244 6245 6246
f 5526 6246 6245
f 5526 6245 5986
f 5526 5986 5525
f 6085 5986 5985
f 5984 5985 5986
f 6612 5984 5986
f 6612 5986 6637
f 6612 6637 6610
f 6610 6611 6612
f 6610 6027 6026
f 6026 6027 6028
f 6033 6028 6027
f 5542 6033 6027
f 5542 6027 6655
f 5542 6655 6007
f 6007 6008 5542
f 5540 5541 5542
f 6034 5542 5541
f 6008 6007 6031
f 6609 6031 6007
f 6007 6655 10320
f 6007 10320 6029
f 6655 10164 10320
f 6655 6666 10164
f 10164 6666 4929
f 4929 6666 4930
f 6655 6675 6666
f 6675 6655 6817
f 6675 6817 3652
f 3651 6675 3652
f 3639 6675 3640
f 4925 6675 3639
f 6674 6675 4925
f 3641 6674 4925
f 6015 7006 7005
f 6015 6674 7006
f 6674 6015 4927
f 6017 4927 6015
f 6015 6016 6017
f 4368 4367 6893
f 4368 6893 4361
f 4362 4361 6893
f 6245 4362 6893
f 4362 6245 6650
f 4361 4362 4363
f 5950 6158 6159
f 5950 6159 6161
f 5755 5950 6161
f 5755 6161 6714
f 5755 6714 5766
f 5766 5767 5755
f 5767 5881 5755
f 5881 5756 5755
f 5754 5755 5756
f 5792 5791 5766
f 5766 6716 5792
f 5891 5792 6716
f 5891 6716 6707
f 5891 6707 6072
f 6072 5889 5891
f 5889 5890 5891
f 5809 5804 5792
f 5804 5805 5792
f 5805 5793 5792
f 4124 6852 4125
f 6771 6852 4124
f 4078 6771 4124
f 4077 6771 4078
f 4154 4140 6862
f 6823 6862 4140
f 6823 4140 4150
f 4159 6823 4150
f 3784 3783 6823
f 6824 6823 3783
f 3783 4146 6824
f 4163 6824 4146
f 4141 4143 6824
f 10061 6824 4143
f 10450 6869 10451
f 6869 10450 10393
f 6869 10393 4164
f 4166 6869 4164
f 4165 6865 4166
f 10394 6865 4165
f 4169 10394 4165
f 10394 4177 4168
f 4168 4174 10394
f 4174 4176 10394
f 6866 10394 4176
f 6866 4176 4172
f 4171 6866 4172
f 4178 6871 4171
f 6871 4178 4180
f 4179 6871 4180
f 6681 6871 4179
f 4281 6681 4179
f 6681 10396 10404
f 6682 6681 10404
f 4275 6682 10404
f 10405 4275 10404
f 6682 4274 4280
f 6796 6682 4280
f 4209 6796 4280
f 10400 4209 4280
f 10401 10400 4280
f 10401 4280 10403
f 10403 10402 10401
f 6147 10401 10402
f 10052 6147 10402
f 6147 10052 6148
f 6146 6147 6148
f 6884 3937 10416
f 6884 3938 3937
f 3938 6883 3936
f 6135 3936 6883
f 6140 6135 6883
f 6137 6140 6883
f 6137 6883 4263
f 6136 6141 6137
f 6135 6136 6137
f 5837 6143 6142
f 6130 6142 6143
f 6130 6143 6880
f 6130 6880 4160
f 6130 4160 6129
f 6138 6880 4184
f 6880 4185 4184
f 4183 6891 4225
f 6110 4225 6891
f 6891 6111 6110
f 6109 6110 6111
f 6112 4225 6109
f 6891 10434 10435
f 6891 4255 10434
f 4253 10412 4254
f 10412 4253 10411
f 6889 10411 4253
f 4255 6889 4253
f 6889 10413 10411
f 6105 10413 5565
f 5565 6104 6105
f 5566 5565 10433
f 5564 5565 5566
f 5565 5564 6106
f 5565 6106 6104
f 6891 6889 4255
f 6891 6890 6889
f 6890 6891 6879
f 6890 6879 10418
f 6890 10418 10426
f 4258 6890 10426
f 4201 6890 4199
f 6890 4201 4224
f 4226 6890 4224
f 4226 4224 4227
f 4204 7619 7626
f 7626 3940 4204
f 3690 4204 3940
f 3689 6888 3690
f 3690 6888 4204
f 6888 6890 4204
f 10429 10427 4224
f 10427 10428 4224
f 4227 4224 10428
f 6890 4226 4204
f 4199 6890 4258
f 10418 6879 3796
f 3796 6879 3797
f 3797 6881 4260
f 4259 4260 6881
f 6881 4257 4259
f 4221 4223 6881
f 6885 4221 6881
f 6881 6143 6885
f 6886 6885 6143
f 5836 6886 6143
f 6118 6886 5836
f 5836 6117 6118
f 6118 6116 6886
f 6877 6886 6116
f 6116 6876 6877
f 6877 6876 3945
f 4268 6877 3945
f 6877 4266 4265
f 6877 4265 4219
f 6877 4219 6885
f 6876 4189 4190
f 4189 6876 4198
f 10444 6887 10443
f 6887 6797 10443
f 7625 10443 6797
f 6126 7625 6797
f 6126 6797 6124
f 6125 6126 6124
f 4215 6796 4208
f 4215 4205 6796
f 4207 6796 4205
f 6797 4211 4206
f 4206 10447 6797
f 6122 6797 10447
f 6797 4207 4211
f 6797 6796 4207
f 6795 6796 6797
f 6797 6878 6795
f 10409 6795 6878
f 10409 6878 10410
f 6107 5583 5582
f 5581 5582 5583
f 5843 5581 5583
f 5583 6884 5843
f 5583 6878 6884
f 6887 6884 6878
f 6884 6887 6882
f 6882 6883 6884
f 6883 6882 6876
f 6882 6887 4202
f 4202 6887 4216
f 5583 6108 6878
f 5581 5843 6884
f 5583 6107 6108
f 10415 6144 6107
f 6144 6108 6107
f 6108 10414 6878
f 10408 4270 10409
f 6795 4269 4271
f 6102 6795 4271
f 10407 4230 6103
f 6819 6103 4230
f 6819 4230 4229
f 6819 4229 4249
f 6004 6819 4249
f 6004 6005 6006
f 6134 6004 6006
f 4273 6134 6006
f 4272 6819 4273
f 4243 6819 4272
f 6819 4243 4182
f 4182 9481 6819
f 9481 9480 6819
f 9497 6819 9480
f 4182 9497 9480
f 10397 4182 9480
f 6098 6099 6100
f 6098 6100 3961
f 9498 4182 4181
f 3962 9498 4181
f 6872 9498 3962
f 9498 6872 6680
f 6680 6819 9498
f 6682 6819 6680
f 6681 6680 6872
f 3961 6872 3962
f 6872 3961 6100
f 6097 6872 6100
f 6097 6096 6095
f 6090 6095 6096
f 6095 6090 5859
f 6095 5859 6870
f 6095 6870 6872
f 6871 6872 6870
f 6870 6866 6871
f 6866 6870 6864
f 6864 6865 6866
f 6865 6864 6868
f 6868 6869 6865
f 6869 6868 6867
f 6867 6824 6869
f 6824 6867 6863
f 6824 6863 6822
f 5884 6822 6863
f 5884 6863 5999
f 5999 6000 5884
f 6000 6128 5884
f 5885 5884 6128
f 6092 5886 5885
f 5886 6087 6822
f 5634 6822 6087
f 6087 5750 5634
f 5750 5635 5634
f 5633 5634 5635
f 6084 6036 5633
f 6036 6084 6024
f 6024 6861 6036
f 5634 6036 6861
f 6024 6811 6861
f 6861 6811 6862
f 6813 6862 6811
f 6811 6812 6813
f 6813 6812 6769
f 6813 6769 4133
f 6770 6769 6812
f 5960 6770 6812
f 5960 6812 5968
f 5960 5968 6079
f 5967 5968 5969
f 5971 5969 5968
f 5971 5970 5969
f 5970 5971 5972
f 6024 6023 5972
f 6023 6024 6025
f 6083 6025 6024
f 6086 6083 6024
f 5971 6811 5972
f 5960 5961 5962
f 5960 5962 5923
f 5921 5922 5923
f 5923 5922 6851
f 5923 6851 6770
f 6851 6771 6770
f 6078 6851 5922
f 5922 5990 6078
f 5778 5777 6078
f 6078 5777 6709
f 5777 5658 6709
f 5660 6709 5658
f 5658 5659 5660
f 5659 6074 5660
f 6074 6167 5660
f 6073 5660 6167
f 5660 6073 6072
f 5659 5658 5778
f 5660 6707 6709
f 6707 6708 6709
f 6852 6709 6708
f 6852 6708 3991
f 6852 3991 4126
f 3991 6708 3992
f 6860 4286 4308
f 4289 6860 4308
f 6860 4289 4285
f 6708 6860 4285
f 4286 6860 4287
f 4290 6715 4307
f 4307 6715 6162
f 6164 4307 6162
f 6162 6163 6164
f 10377 5965 6157
f 5965 6156 6157
f 5963 5964 5965
f 5965 10372 5963
f 10387 10291 10386
f 6751 10387 10384
f 6751 10384 6151
f 6151 6894 6751
f 6894 6844 6751
f 6752 6751 6844
f 4113 6752 6844
f 4113 6844 4112
f 10453 3890 10346
f 3890 6844 10346
f 10346 6844 4311
f 4311 6844 4312
f 3809 3810 3811
f 10348 3811 3810
f 6858 3810 3809
f 6858 3809 6844
f 3810 6858 3814
f 4303 6161 4304
f 4304 6161 6160
f 4303 6858 6161
f 6858 6859 6161
f 6857 6161 6859
f 4292 6857 6859
f 6859 4293 4292
f 4293 6859 4296
f 6859 4297 4296
f 6859 10379 4297
f 6859 5965 10379
f 5965 6859 6894
f 6894 10375 5965
f 6894 10380 10375
f 10381 6151 10373
f 10373 6151 6153
f 6894 10381 10380
f 6857 4292 4306
f 6857 4306 4305
f 6162 6857 4305
f 6859 6858 6894
f 6858 4303 3814
f 6844 3809 4312
f 3889 6844 3890
f 4112 6844 3889
f 6752 4113 3895
f 4340 6752 3895
f 5913 4340 3895
f 4342 6752 4340
f 6752 4342 4341
f 6752 4341 10292
f 6752 10292 6856
f 6856 6753 6752
f 6753 6856 6849
f 6753 6849 10289
f 6753 10289 4108
f 6753 4108 4103
f 6753 4103 4101
f 6753 4101 4100
f 6751 6753 4100
f 6751 4100 10290
f 6849 10285 10286
f 10288 6849 10286
f 10285 6849 10284
f 6849 4377 10284
f 6849 4375 4377
f 10344 10457 10283
f 10282 4374 10279
f 6810 10278 10279
f 6810 10276 10278
f 6810 6625 10276
f 10276 6625 10277
f 10277 6624 10265
f 10277 6625 6624
f 6624 6625 6626
f 10273 6626 6625
f 10274 10273 6625
f 10272 10274 6625
f 10272 6625 4369
f 4974 4315 6721
f 4974 6721 6076
f 4974 6076 6189
f 6076 6187 6189
f 6187 6188 6189
f 6190 6189 6188
f 6182 6252 6168
f 6168 6170 6182
f 6170 6183 6182
f 6186 6169 5935
f 5935 6169 6896
f 5935 6896 6846
f 5935 6846 6253
f 6253 5933 5935
f 5933 5934 5935
f 6228 6229 6230
f 6229 6225 6230
f 6232 6230 6225
f 6233 6225 6227
f 6223 6227 6225
f 6224 6223 6225
f 6225 4337 6224
f 6912 6224 4337
f 6912 4337 4336
f 4338 6912 4336
f 6846 4338 4339
f 5933 6846 4339
f 6846 6912 4338
f 6848 6912 6846
f 6846 6847 6848
f 6848 6847 4117
f 6848 4117 4116
f 4115 6848 4116
f 4346 6848 4345
f 4346 6903 6848
f 4347 6903 4346
f 6903 4347 3617
f 6903 3617 3616
f 6904 6903 3616
f 6904 3616 4350
f 4349 6904 4350
f 10325 6905 4349
f 6905 10325 6174
f 10327 6905 6174
f 6176 10327 6174
f 6174 6175 6176
f 6905 10322 6201
f 6203 6905 6201
f 6201 6202 6203
f 10321 3803 6203
f 3803 6911 6203
f 3802 6911 3803
f 6911 4351 4352
f 4354 6911 4352
f 4358 4357 6241
f 6241 6243 4358
f 4327 4326 6901
f 4327 6901 4358
f 6901 6900 4358
f 6899 6900 6901
f 6241 6242 6243
f 6900 4357 4358
f 6900 4356 4357
f 4356 6900 4353
f 4353 6900 4354
f 6900 6911 4354
f 6910 6911 6900
f 6911 6910 6906
f 6906 6905 6911
f 6905 6906 6907
f 6907 6904 6905
f 6904 6907 6902
f 6219 6902 6907
f 6219 6907 6231
f 6231 6217 6219
f 6217 6218 6219
f 6220 6219 6218
f 6226 6222 6220
f 6221 6220 6222
f 6221 6222 6224
f 6224 6902 6221
f 6240 6208 6239
f 6239 6906 6240
f 6240 6906 10323
f 6906 6251 10323
f 6906 6239 4329
f 4329 6239 9646
f 9646 6207 6238
f 6207 6206 6238
f 6238 6907 4330
f 6907 4328 4330
f 6907 4329 4328
f 6239 6207 9646
f 6239 6208 6207
f 6206 6207 6208
f 6219 6220 6221
f 6217 6231 6238
f 6907 6238 6231
f 6219 6221 6902
f 6907 6906 4329
f 4351 6911 3802
f 6203 6911 6905
f 6905 10327 10322
f 6905 6904 4349
f 6902 6903 6904
f 6903 6902 6912
f 10303 3867 4317
f 10303 4317 10301
f 10302 10303 10301
f 6720 10302 10301
f 6720 10301 6895
f 6895 6721 6720
f 6625 6720 6721
f 6625 6721 4314
f 6720 6625 6845
f 6895 6627 6721
f 6627 6895 6898
f 6627 6898 6631
f 6627 6631 10270
f 6631 6898 6897
f 6897 6896 6631
f 6168 6631 6896
f 6168 6185 6631
f 6896 6897 6847
f 6847 6897 4324
f 6847 4324 4323
f 10293 6847 4323
f 6237 10293 4323
f 4323 6235 6237
f 6235 6236 6237
f 4321 6898 4370
f 4370 6898 5896
f 6180 4370 5896
f 5896 5895 6180
f 6898 10305 10306
f 10305 6898 10304
f 6070 6069 6255
f 6255 6069 4371
f 10301 4319 4372
f 4371 6895 4372
f 6069 6895 4371
f 6069 6070 6071
f 6069 6071 6177
f 10304 6069 6177
f 6898 6069 10304
f 6254 5896 10306
f 6254 5897 5896
f 5895 5896 5897
f 5896 6898 10306
f 4320 6897 4321
f 4343 6847 10293
f 4324 6897 4320
f 6897 6898 4321
f 6069 6898 6895
f 10301 4372 6895
f 10302 6720 6845
f 10303 10302 6845
f 10301 4317 4319
f 6845 3867 10303
f 6845 3865 3867
f 4313 10295 5759
f 5759 6850 4313
f 4313 6850 4105
f 6066 6067 6068
f 6173 6066 6068
f 10292 6173 6068
f 6172 6068 6067
f 6171 6068 6172
f 6068 6171 6256
f 6256 6856 6068
f 6256 6850 6856
f 6256 4106 6850
f 6256 10294 4106
f 6850 4106 4105
f 5759 6809 6850
f 6809 6808 6850
f 6849 6850 6808
f 6849 6808 4373
f 4376 4373 6808
f 6808 6810 4376
f 4376 6810 4374
f 6808 6809 6810
f 6845 6810 6809
f 6845 6809 3868
f 5757 3868 6809
f 5757 6809 5758
f 5757 5758 5759
f 5759 5758 6809
f 5759 6178 5757
f 6178 6179 5757
f 6845 3868 3865
f 4345 6848 4115
f 6847 4343 4117
f 6912 6848 6903
f 10329 6225 6228
f 6224 6912 6902
f 4337 6225 10329
f 6223 6224 6222
f 6225 6233 6228
f 6233 6234 6228
f 6225 6229 6234
f 6229 6228 6234
f 6846 5933 6253
f 6847 6846 6896
f 6168 6896 6169
f 6186 6181 6169
f 6181 6170 6169
f 6168 6169 6170
f 6252 6184 6168
f 6184 6185 6168
f 6185 6629 6631
f 6629 6630 6631
f 6630 10270 6631
f 10270 6628 6627
f 6077 6627 6628
f 6076 6627 6077
f 10338 6075 6077
f 6075 6076 6077
f 6076 6721 6627
f 4314 6721 4315
f 6625 4314 4369
f 6810 6845 6625
f 6810 10279 4374
f 10456 10457 10344
f 10456 10455 10457
f 6849 4373 4375
f 4111 4109 4108
f 4103 4108 4109
f 6849 10288 10289
f 6850 6849 6856
f 6856 10292 6068
f 6751 6752 6753
f 6844 6894 6858
f 6894 6151 10381
f 10385 6151 10384
f 10383 6151 10385
f 6151 10383 6155
f 6751 10290 10387
f 10291 10387 10290
f 6155 6154 6151
f 6152 6151 6154
f 6151 6152 6153
f 10372 5965 10375
f 6156 5965 5964
f 10379 5965 10377
f 6162 6715 6857
f 6715 6714 6857
f 6714 6715 6716
f 6860 6716 6715
f 6715 4290 4287
f 6860 6715 4287
f 6708 4285 3992
f 6709 6852 6851
f 6708 6707 6860
f 5777 5778 5658
f 5921 6089 5990
f 6078 6709 6851
f 5922 5921 5990
f 5967 6079 5968
f 5971 5968 6812
f 5923 6770 5960
f 6769 6770 6771
f 6769 6771 4130
f 5971 6812 6811
f 6862 6813 4156
f 6024 5972 6811
f 6084 6086 6024
f 5634 5633 6036
f 5634 6861 6822
f 6823 6822 6861
f 5884 5885 5886
f 6165 6166 5621
f 5620 6165 5621
f 5619 5620 5621
f 5619 5621 6867
f 5999 6867 5621
f 5847 5620 5619
f 5880 5847 5619
f 5839 5880 5619
f 5619 6868 5839
f 5838 5839 6868
f 5818 5838 6868
f 5838 5818 5817
f 5816 5817 5818
f 5859 6091 5860
f 5859 5860 5861
f 5870 5861 5860
f 5861 5870 5862
f 5861 5862 6864
f 5818 6864 5862
f 5870 6088 5862
f 10078 10079 4174
f 6088 6093 5862
f 5862 6093 5863
f 5862 5863 5818
f 5838 5817 5839
f 5880 5839 5817
f 6040 5999 5621
f 5999 6040 6000
f 5884 5886 6822
f 5999 6863 6867
f 5619 6867 6868
f 5818 6868 6864
f 5861 6864 6870
f 5861 6870 5859
f 6090 6091 5859
f 6095 6872 6097
f 9497 4182 9498
f 6819 9497 9498
f 6134 4273 6819
f 6819 6004 6134
f 6103 6819 6795
f 6103 6795 6101
f 6101 6102 6103
f 6102 6145 6103
f 6795 6102 6101
f 6795 4270 4269
f 10414 10410 6878
f 6795 10409 4270
f 6796 6795 6819
f 6122 6123 6124
f 6122 6124 6797
f 6878 6797 6887
f 10442 6887 10444
f 4216 6887 10442
f 4198 6882 4202
f 6119 6120 6121
f 10441 6121 6120
f 6876 6882 4198
f 4190 3946 6876
f 6877 4268 4266
f 3945 6876 3946
f 6876 6116 6883
f 6883 6116 4194
f 6883 4194 4193
f 4194 6116 4217
f 4217 5832 4218
f 5832 4217 6116
f 5832 6116 5833
f 6118 5833 6116
f 6885 6886 6877
f 6885 4219 4221
f 4257 6881 4223
f 6879 6881 3797
f 6879 6880 6881
f 6880 6879 6891
f 6111 6891 10435
f 6110 6109 4225
f 6880 6891 4183
f 6880 4183 4185
f 6138 6115 6880
f 6115 6139 6880
f 6139 4191 6880
f 4192 6880 4191
f 6114 6113 4191
f 6113 6114 6115
f 6880 4192 4161
f 6139 6114 4191
f 6114 6139 6115
f 6115 6138 6113
f 6138 6139 6113
f 6880 4161 4160
f 6143 6881 6880
f 5836 6143 5837
f 5837 5834 5836
f 5834 5835 5836
f 5835 6117 5836
f 5832 5833 4218
f 6883 4193 4263
f 6140 6137 6141
f 6135 6140 6141
f 3936 6135 6141
f 6884 6883 3938
f 6884 10416 5581
f 4208 6796 4209
f 6819 6682 6796
f 4274 6682 4275
f 6680 6681 6682
f 10404 10406 10405
f 10396 6681 4281
f 6872 6871 6681
f 6866 4171 6871
f 4174 4168 10078
f 4177 10394 4169
f 6866 6865 10394
f 4166 6865 6869
f 10392 4164 10393
f 6869 10061 10451
f 10061 6869 6824
f 4141 6824 4142
f 6824 4163 4142
f 6822 6823 6824
f 6823 4159 3784
f 6861 6862 6823
f 6862 4153 4154
f 4155 4153 6862
f 4156 4155 6862
f 4137 4156 6813
f 4136 4137 6813
f 4133 4136 6813
f 4132 4133 6769
f 6769 4130 4132
f 6771 4077 4130
f 6771 6851 6852
f 6852 4126 4125
f 5889 6072 6073
f 5660 6072 6707
f 6716 6860 6707
f 5891 5809 5792
f 5791 5792 5793
f 5766 6714 6716
f 6161 6857 6714
f 5755 5754 5950
f 6160 6161 6159
f 3810 10349 10348
f 10347 10346 4311
f 3895 5911 5913
f 5911 5912 5913
f 4364 4362 4299
f 4299 4362 4300
f 4301 6855 4302
f 6855 4301 4300
f 4362 6855 4300
f 4364 4363 4362
f 4367 3655 6893
f 3655 3654 6893
f 6756 6893 3654
f 6893 6756 5986
f 3654 7008 6756
f 7008 4365 6756
f 4365 4366 6756
f 4366 7009 6756
f 6768 6756 7009
f 7009 4147 6768
f 6768 4147 4149
f 4148 6768 4149
f 6768 4148 4170
f 4170 6817 6768
f 6817 6027 6768
f 6637 6768 6027
f 4282 6817 4170
f 6756 6768 6637
f 6674 3641 7006
f 3640 6675 3651
f 3652 6817 4282
f 6027 6817 6655
f 6033 5542 6034
f 6027 6610 6637
f 6637 5986 6756
f 6085 5527 5986
f 5525 5986 5527
f 6893 5986 6245
f 6198 6199 6200
f 6199 6198 10333
f 10334 6199 10333
f 6081 10334 10335
f 6198 6081 10335
f 6198 6247 6081
f 6082 6081 6247
f 6081 6199 10334
f 6198 10335 10333
f 6215 6214 6212
f 6080 6081 6082
f 6081 6649 6199
f 5657 6853 5655
f 6245 6649 6650
f 6650 6855 4362
f 6855 4334 4302
f 6854 10146 4331
f 4326 4359 6901
f 6901 6908 6899
f 10330 6899 6908
f 6854 6853 6909
f 10336 10330 6908
f 6212 6909 6215
f 6214 6213 6212
f 6209 6210 6211
f 10134 10331 6210
f 10331 10330 10336
f 6205 6899 10330
f 6194 6195 6196
f 6191 6192 6193
f 6205 6193 6899
f 6900 6899 6910
f 6251 6906 6910
f 6197 6249 6250
f 6042 6043 5623
f 6042 5623 9492
f 6042 9492 9488
f 6042 9488 4234
f 6042 4234 7611
f 9490 4234 9488
f 4233 6874 4234
f 4233 6892 6874
f 6892 6875 6874
f 4233 4232 6892
f 5623 6892 4232
f 5623 4212 6892
f 6892 4212 4214
f 7597 6892 4214
f 7597 4214 4213
f 10437 6892 7597
f 10437 6815 6892
f 5625 7598 10436
f 5625 6037 7598
f 5625 6133 6037
f 5623 6044 5624
f 5623 5624 5625
f 4213 7598 6037
f 5625 10436 4212
f 5623 5625 4212
f 4232 9492 5623
f 6604 6605 6043
f 6605 5623 6043
f 7610 6042 7611
f 3689 4921 6888
f 4234 6874 7611
f 6888 6889 6890
f 6889 5565 10413
f 10433 5565 10432
f 6873 6874 6875
f 4251 4250 6875
f 4246 4251 6875
f 6875 4252 4246
f 4973 4957 6875
f 6875 6892 6814
f 4240 6814 4241
f 5876 5877 5878
f 5873 5874 5875
f 5875 4187 5873
f 6816 5873 4187
f 5873 6816 6827
f 5873 6827 10440
f 5873 10440 3973
f 6827 3681 10440
f 6132 5876 10439
f 6816 4187 4186
f 6814 5876 10438
f 6815 6814 6892
f 6816 6828 6827
f 7596 6815 10437
f 10437 7597 7596
f 6037 7597 4213
f 7595 6828 4277
f 5599 6127 5994
f 5600 6035 5601
f 6001 5601 6035
f 5601 6001 5996
f 6001 5997 5996
f 5995 5996 5997
f 5601 5996 6826
f 5589 6821 6032
f 6825 6821 6820
f 6826 6827 6828
f 3681 6827 3682
f 6825 6606 3683
f 6820 3969 6825
f 5857 6820 4923
f 6820 4924 4923
f 4926 6674 4927
f 6664 6820 6821
f 6674 6666 6675
f 4930 6666 4928
f 5596 6021 6022
f 5596 6022 6665
f 5596 6665 5597
f 10573 5597 6665
f 5589 6664 6821
f 5596 5597 5598
f 5588 5589 5590
f 6012 6013 6014
f 10164 4929 10165
f 6007 6029 6030
f 6030 6609 6007

usemtl Default_0
f 6485 6486 6487
f 6485 6487 6489
f 6647 6489 6487
f 6652 6647 6487
f 6652 6487 6653
f 6652 6653 6654
f 6939 6652 6654
f 6654 6938 6939
f 4737 6939 6938
f 6938 4482 4737
f 4742 4743 6952
f 4730 6952 4743
f 4743 4466 4730
f 4467 4730 4466
f 6937 4747 4478
f 4478 6932 6937
f 6932 6308 6937
f 6651 6937 6308
f 6308 6306 6651
f 6306 10172 6651
f 10172 6562 6651
f 6562 6305 6651
f 6305 6298 6651
f 6651 6298 4730
f 6305 6636 6298
f 6636 6488 6298
f 6488 6292 6298
f 6294 6298 6292
f 6369 6365 4755
f 6365 6364 4755
f 6364 10163 4755
f 10159 4755 10163
f 6928 10159 10166
f 10168 6928 10166
f 6310 10168 6362
f 6310 6362 6311
f 6309 6310 6311
f 6311 6594 6309
f 9990 6928 9991
f 9989 6928 9990
f 6308 6928 9989
f 9988 6308 9989
f 6544 6545 6546
f 6595 6546 6545
f 6595 6312 6308
f 6312 6302 6308
f 6304 6308 6302
f 6304 6370 6308
f 6595 6308 6546
f 6308 9988 6546
f 6928 6309 9991
f 6369 6364 6363
f 6363 6366 6369
f 6366 6363 6362
f 6364 6366 6362
f 6309 6928 6310
f 6311 6362 6363
f 6362 10167 10163
f 6310 6928 10168
f 10159 6928 6842
f 6928 6843 6842
f 6841 6842 6843
f 6357 6841 6843
f 6357 6843 6580
f 6580 6360 6357
f 6360 6361 6357
f 6358 6357 6361
f 6354 6355 6356
f 6355 6354 6346
f 6355 6346 6841
f 6348 6841 6346
f 6346 6345 6348
f 6341 6537 6334
f 6340 6341 6334
f 6340 6334 6837
f 6340 6837 6930
f 6340 6930 6348
f 6348 6349 6340
f 6349 6348 6581
f 6837 6931 6930
f 6929 6930 6931
f 4967 6929 6931
f 4967 6931 4472
f 4967 10160 4476
f 10161 10160 4967
f 4445 6929 4476
f 6929 4445 4681
f 6929 4681 4683
f 4682 6929 4683
f 4756 6929 4682
f 4755 6842 4756
f 6929 4756 6842
f 6585 6586 6587
f 6589 6587 6586
f 6588 6589 6586
f 6588 6836 6589
f 6589 6836 4934
f 4934 6836 4935
f 6563 6590 6564
f 6563 6564 6565
f 6565 7599 6563
f 7599 4462 6563
f 6833 6563 4462
f 4449 6833 4462
f 4451 9997 4449
f 4451 4752 9997
f 6836 9997 4752
f 9997 6836 10002
f 9997 10002 6833
f 10002 6924 6833
f 6924 6834 6833
f 6832 6833 6834
f 6574 6832 6834
f 6574 6834 6325
f 6574 6325 6582
f 6575 6574 6582
f 6583 6325 6584
f 6324 6323 6326
f 6329 6326 6323
f 6323 10003 6329
f 6327 6329 10003
f 6327 10003 6837
f 6835 6837 10003
f 6835 10003 6834
f 6835 6836 6837
f 6836 6835 6924
f 6327 6328 6329
f 6334 6335 6336
f 6334 6336 6327
f 6328 6327 6336
f 6323 6834 10003
f 6323 6324 6325
f 6324 6572 6325
f 6572 6616 6325
f 6063 6576 6575
f 6576 6063 6062
f 6576 6062 6832
f 6832 6062 3645
f 3644 6832 3645
f 6526 3643 6524
f 6524 6525 6526
f 6054 6055 6049
f 6054 6049 6794
f 6054 6794 6831
f 6794 6829 6831
f 6830 6831 6829
f 6830 6829 7668
f 6830 7668 7604
f 7604 7667 6830
f 7665 6830 7667
f 7666 6833 7665
f 6833 7666 10001
f 6833 6830 7665
f 6829 3627 4966
f 3627 6829 4920
f 4432 4413 4762
f 4762 4436 4432
f 4436 6818 4433
f 4433 6818 4423
f 6991 4707 4709
f 4707 6991 6990
f 4707 6990 10043
f 4679 4684 6994
f 4680 4679 6994
f 6994 6923 4680
f 4677 4680 6923
f 4673 4677 6923
f 4674 4673 6923
f 6923 6922 4674
f 4674 6922 4723
f 6940 4733 4732
f 6940 10041 4733
f 10041 10033 4733
f 10032 4733 10033
f 4634 6613 10019
f 6957 4634 10019
f 10019 10020 6957
f 4553 6957 10020
f 10020 4554 4553
f 4552 4553 4554
f 4552 4554 10157
f 10157 10030 4552
f 4548 4547 4553
f 4553 4547 4637
f 10091 4553 4637
f 4553 10091 10041
f 10157 10029 10030
f 4552 4548 4553
f 4553 6958 6957
f 6956 6957 6958
f 6555 6956 6958
f 6555 6958 10089
f 6555 10089 6557
f 6557 6556 6555
f 6554 6559 6555
f 6558 6555 6559
f 6559 6561 6558
f 6561 6956 6558
f 6956 6561 10090
f 4704 6956 10090
f 10014 4616 6577
f 6577 10015 10014
f 6577 6950 10015
f 6926 10015 6950
f 6950 6927 6926
f 6925 6926 6927
f 6925 6927 10018
f 6925 10018 4633
f 4635 6925 4633
f 10098 10096 10097
f 9662 10098 10097
f 9662 10097 10018
f 9663 6382 9662
f 10099 9663 9662
f 9662 6927 10099
f 6927 6382 10099
f 6378 6377 6383
f 6383 10103 6378
f 6378 10103 6927
f 6378 6927 6385
f 6378 6385 6384
f 6384 6379 6378
f 6384 6460 6379
f 10108 6386 6385
f 6385 10109 10108
f 6385 10110 10109
f 10110 6945 10111
f 6456 10111 6945
f 6456 6945 6947
f 6456 6947 6400
f 6456 6400 6516
f 6516 6455 6456
f 6455 6390 6456
f 6392 6456 6390
f 6390 6391 6392
f 6401 6515 6398
f 6402 6401 6398
f 6402 6398 6949
f 6949 6404 6402
f 6404 6405 6402
f 6406 6404 6514
f 6422 6423 6424
f 6417 6424 6423
f 6423 6418 6417
f 6416 6417 6418
f 6418 6428 6416
f 6428 6430 6416
f 6500 6416 6430
f 6413 6414 6415
f 6432 6415 6414
f 6434 6415 6432
f 6437 6434 6432
f 6437 6432 6427
f 6437 6427 6971
f 6437 6971 6435
f 6438 6437 6435
f 6496 6436 6411
f 6411 6410 6496
f 6410 6411 6412
f 6440 6439 6444
f 6440 6444 6412
f 6440 6412 6978
f 6440 6978 6975
f 6440 6975 6441
f 6441 6975 6979
f 6441 6979 6446
f 6445 6441 6446
f 6441 6445 6439
f 6447 6446 6979
f 6979 6451 6447
f 6451 6452 6447
f 6448 6447 6452
f 6449 6450 6447
f 6450 6495 6446
f 6459 6395 6394
f 6393 6394 6395
f 6393 6395 6967
f 6393 6967 6982
f 6393 6982 6374
f 6374 6376 6393
f 6374 6375 6376
f 6461 6466 6457
f 6461 6457 6374
f 6466 6461 6463
f 6462 6463 6461
f 6461 6955 6462
f 6467 6462 6955
f 6467 6955 10147
f 6467 10147 5731
f 6468 6467 5731
f 5731 5730 6468
f 6481 6480 6479
f 6482 6481 6479
f 6479 10151 6482
f 6985 6482 10151
f 10150 6985 10151
f 6371 10150 10151
f 6371 6373 10150
f 6472 10150 6373
f 6373 6474 6472
f 6473 6472 6474
f 6476 6477 6474
f 6476 6373 6372
f 6479 6478 6371
f 6473 6475 5731
f 6475 5732 5731
f 6472 6473 5731
f 6472 5731 10148
f 6373 6476 6474
f 6472 10148 10150
f 10148 6983 10150
f 6983 10148 10149
f 6983 10149 6954
f 6980 6983 6954
f 6954 6953 6980
f 4631 6980 6953
f 4599 4631 6953
f 4600 4599 6953
f 4600 6953 4602
f 6049 6051 5929
f 6049 6050 6051
f 6050 6049 6570
f 5930 5929 6263
f 5929 5930 5931
f 5929 5931 6792
f 5929 6792 6794
f 6792 6793 6794
f 6793 6792 6914
f 4759 6793 6914
f 4759 6914 4757
f 6914 4715 4761
f 6914 4762 4715
f 4715 4762 4716
f 4716 4762 4412
f 6914 6913 4762
f 6600 4762 6913
f 6278 6600 6913
f 6278 6913 6276
f 6276 6277 6278
f 6598 6278 6277
f 6291 6597 6277
f 5010 6291 6276
f 5931 5932 5011
f 5931 5011 5010
f 6278 6290 6289
f 6288 6289 6290
f 6288 6599 6289
f 6289 6599 6600
f 6287 6600 6599
f 6284 6285 6286
f 6285 6280 6286
f 6286 6280 6279
f 6287 6286 6279
f 6272 6279 6280
f 6271 6272 6273
f 6273 6282 6271
f 6281 6271 6282
f 6281 6282 6283
f 6283 6270 6281
f 6281 6270 6918
f 6281 6918 6917
f 6920 6917 6918
f 6918 6919 6920
f 6920 6919 4415
f 6919 6918 6992
f 6992 7004 6919
f 6919 7004 4440
f 6919 4440 4416
f 4440 7004 4439
f 7004 4441 4437
f 7004 7000 4441
f 4441 7000 4711
f 4711 7000 4710
f 7000 9966 4710
f 9966 6991 3700
f 3698 3700 6991
f 6991 3699 3698
f 6991 3701 3699
f 7000 6991 9966
f 6999 6991 7000
f 7000 7003 6999
f 5848 6999 7003
f 5848 7003 5008
f 5008 6045 5848
f 5849 5848 6045
f 6264 5005 5849
f 5004 5849 5005
f 5004 6052 6053
f 5004 6053 6999
f 6567 6999 6053
f 6053 6569 6567
f 6568 6567 6569
f 6057 6059 6532
f 6567 6532 6059
f 6059 6989 6567
f 6059 6998 6989
f 6990 6989 6998
f 6998 6915 6990
f 6990 6915 4666
f 4713 6990 4666
f 4694 6840 4692
f 6840 4712 4692
f 6840 4687 4712
f 6996 4685 4474
f 6996 6994 4685
f 6995 6994 6996
f 6996 6997 6995
f 6519 6995 6997
f 6519 6997 6517
f 6517 6518 6519
f 6518 6531 6519
f 6531 6566 6519
f 6519 6534 6533
f 6343 6533 6534
f 6533 6343 6342
f 6533 6342 6993
f 6533 6993 6995
f 6342 6388 6993
f 6352 6993 6388
f 6388 6387 6352
f 6540 6352 6387
f 6353 6536 6315
f 6352 6353 6315
f 6352 6315 6921
f 6317 6921 6315
f 6315 6316 6317
f 6317 6321 6313
f 6317 6313 6988
f 6257 6988 6313
f 6313 6314 6257
f 6258 6257 6314
f 6541 6259 6258
f 6259 6541 6367
f 6367 6933 6259
f 6257 6259 6933
f 6367 6935 6933
f 6934 6933 6935
f 6935 6936 6934
f 6934 6936 4464
f 6935 6296 6936
f 6987 6936 6296
f 6296 6986 6987
f 6987 6986 7002
f 6987 7002 4650
f 7001 7002 6986
f 6469 7001 6986
f 6469 6986 6260
f 6260 6262 6469
f 6469 6484 6470
f 6469 6470 6471
f 6520 6471 6470
f 6471 6520 6560
f 6560 7001 6471
f 6560 6941 7001
f 6941 6940 7001
f 6940 6941 4553
f 6560 4630 6941
f 4629 6941 4630
f 4628 6941 4626
f 6941 4628 4627
f 6503 6941 4627
f 4627 6501 6503
f 6501 6502 6503
f 10088 6958 10087
f 6958 6941 10087
f 6301 6549 6550
f 6301 6550 6296
f 6549 6301 6548
f 6547 6548 6301
f 6300 6547 6301
f 6299 6300 6301
f 6301 6935 6299
f 6300 6299 6368
f 6542 6543 6367
f 6367 6543 6368
f 6367 6368 6299
f 6550 6553 6296
f 6553 6297 6296
f 6295 6296 6297
f 6297 6551 6295
f 6295 6551 6552
f 6295 6552 6431
f 6295 6431 6260
f 6261 6260 6431
f 6503 10087 6941
f 4626 6941 4629
f 6560 10086 4630
f 6469 6483 6484
f 6260 6261 6262
f 6295 6260 6986
f 6469 6471 7001
f 7002 7001 6940
f 4644 7002 6940
f 6295 6986 6296
f 6936 6987 4661
f 6301 6296 6935
f 6933 6934 6922
f 6922 6988 6933
f 6922 6921 6988
f 6922 6934 4663
f 6367 6299 6935
f 6541 6542 6367
f 6257 6258 6259
f 6314 6313 6322
f 6257 6933 6988
f 6321 6322 6313
f 6535 6344 6343
f 6342 6344 6538
f 6538 6389 6388
f 6317 6988 6921
f 6316 6315 6536
f 6352 6540 6353
f 6387 6388 6389
f 6352 6921 6993
f 6923 6993 6921
f 6342 6538 6388
f 6342 6343 6344
f 6270 6275 6268
f 6268 6269 6270
f 6269 6268 6274
f 6269 6274 6267
f 6267 6992 6269
f 6267 7003 6992
f 6266 6267 6274
f 6266 6265 5008
f 5009 5008 6265
f 6267 6266 5008
f 6047 6046 6058
f 6046 6059 6058
f 6046 6047 6048
f 6046 6048 6060
f 6046 6060 6064
f 6046 6064 6065
f 6065 6998 6046
f 6065 10042 6998
f 10042 6838 6998
f 6839 6838 10042
f 6528 6839 10042
f 6528 10042 6530
f 6530 6529 6528
f 6527 6528 6529
f 6521 6522 6523
f 6521 6523 6332
f 6332 6839 6521
f 6332 6997 6839
f 6840 6839 6997
f 6839 6840 4453
f 6332 6337 6997
f 6332 6331 6337
f 6338 6337 6331
f 6337 6338 6339
f 6337 6339 6517
f 6331 6332 6333
f 6523 6333 6332
f 6522 6521 6527
f 6528 6527 6521
f 6530 6573 6529
f 6573 6530 6330
f 6065 6330 6530
f 6528 6521 6839
f 4453 6838 6839
f 6838 4453 6915
f 4697 6915 4453
f 6065 6530 10042
f 6330 6065 6064
f 6518 6517 6339
f 6337 6517 6997
f 6533 6995 6519
f 6997 6996 6840
f 6840 6996 4688
f 6994 6995 6993
f 6996 4474 4473
f 6996 4473 4690
f 4688 6996 4690
f 6840 4688 4687
f 4453 6840 4694
f 4694 4454 4453
f 4452 4453 4454
f 4697 4453 4452
f 6915 4697 4686
f 4686 4667 6915
f 6915 4667 4666
f 6915 6998 6838
f 6059 6046 6998
f 6057 6058 6059
f 6567 6568 6532
f 6569 6053 6056
f 6567 6989 6999
f 6052 6056 6053
f 5848 5849 5004
f 6267 5008 7003
f 5848 5004 6999
f 6991 6999 6989
f 7003 7000 7004
f 7004 4437 4439
f 7004 6992 7003
f 6269 6992 6918
f 6916 6917 6920
f 6920 4418 6916
f 6916 4418 4424
f 6916 4424 4430
f 6916 4430 4431
f 6916 4431 4421
f 6916 4421 6818
f 6818 6279 6916
f 6279 6818 6600
f 6920 4428 4429
f 6920 4425 4428
f 6920 4427 4425
f 6920 4429 4418
f 6917 6916 6279
f 6269 6918 6270
f 6283 6275 6270
f 6281 6917 6271
f 6272 6271 6917
f 6272 6917 6279
f 6286 6287 6284
f 6287 6279 6600
f 6291 6277 6276
f 5010 6276 6913
f 5010 6913 6792
f 6278 6289 6600
f 4762 6600 6818
f 6793 4758 3696
f 4920 6793 3696
f 6914 4761 4757
f 6793 4759 4758
f 6913 6914 6792
f 5010 6792 5931
f 5932 5931 5930
f 6938 4532 4531
f 6938 6980 4532
f 4532 6980 4592
f 6985 6980 6938
f 4483 6938 4531
f 4506 4507 10007
f 6968 4506 10007
f 10007 10008 6968
f 10008 6966 6968
f 6966 6420 6968
f 6969 6968 6420
f 6969 6420 6507
f 6507 6508 6969
f 6506 6969 6508
f 6506 6508 6504
f 6506 6511 6969
f 6511 6970 6969
f 6970 6511 6963
f 4578 6970 6963
f 4578 6963 4576
f 6968 4560 4559
f 4504 6968 4559
f 10009 4504 4559
f 6968 6970 4560
f 10009 4559 10010
f 4515 6959 4509
f 4509 6959 4516
f 6961 4520 4558
f 6961 4558 6959
f 6959 6960 6961
f 6949 6961 6960
f 6961 6949 6948
f 6948 10011 6961
f 4568 6961 10011
f 4568 10011 4523
f 4518 6961 4519
f 4740 6961 4518
f 10011 4739 4489
f 4522 10011 4489
f 4739 10011 4738
f 10011 10012 4738
f 10012 4530 4738
f 10012 4529 4530
f 4529 10012 4536
f 6577 6578 6579
f 6579 4736 6950
f 6951 6950 4736
f 4481 6951 4736
f 4735 6951 4481
f 4534 10012 4735
f 4534 4535 10012
f 4537 10012 4535
f 10012 6951 4735
f 10012 6946 6951
f 6946 6945 6951
f 6385 6951 6945
f 6951 6385 6950
f 4537 4536 10012
f 6946 10012 10011
f 6961 4740 4526
f 4523 10011 4522
f 6961 4568 4519
f 10011 6948 6946
f 6948 6947 6946
f 6947 6948 6949
f 6960 6959 6962
f 6407 6960 6962
f 6407 6962 6510
f 6510 6962 6511
f 6407 6409 6960
f 6407 6408 6409
f 6963 6962 6959
f 6963 6959 4508
f 6963 4508 4502
f 4577 6963 4502
f 4508 6959 4511
f 4520 6961 4526
f 6959 4558 4516
f 4511 6959 4515
f 4576 6963 4577
f 4560 6970 4578
f 6962 6963 6511
f 6506 6499 6511
f 6499 6498 6511
f 6497 6498 6499
f 6499 6506 6497
f 6507 6504 6508
f 6968 6969 6970
f 6420 6966 6965
f 6422 6420 6965
f 6964 6965 6966
f 10006 6964 6966
f 6964 10006 6974
f 6619 6964 6974
f 6619 6974 6427
f 6619 6427 9221
f 9221 6620 6619
f 6433 6619 6620
f 6429 6433 6428
f 6429 6619 6433
f 6429 6965 6619
f 6429 6418 6965
f 6425 6426 6427
f 6426 9221 6427
f 6427 6974 6972
f 6972 6974 4563
f 6972 4563 4585
f 4587 6972 4585
f 4590 6973 4575
f 6973 6972 4575
f 4575 6972 4573
f 6971 6972 6973
f 6973 6978 6971
f 6411 6971 6978
f 6978 6973 6976
f 6976 6973 4590
f 4591 6976 4590
f 4591 4569 6976
f 4571 6976 4569
f 4528 6977 4565
f 6977 4528 4496
f 6943 6977 4496
f 6943 4496 4492
f 4458 6943 4492
f 6943 4458 4457
f 4457 6944 6943
f 6942 6943 6944
f 6944 6967 6942
f 6453 6942 6967
f 6453 6967 6397
f 6453 6454 6451
f 6458 6396 6459
f 6396 6494 6397
f 6395 6396 6397
f 6451 6942 6453
f 6967 6944 6981
f 6981 6944 4619
f 6943 6942 6979
f 6944 4457 4487
f 6979 6977 6943
f 6977 4566 4565
f 6977 6976 4566
f 6975 6976 6977
f 6976 4571 4566
f 4573 6972 4589
f 4589 6972 4587
f 4579 4499 10006
f 4583 4579 10006
f 10007 4583 10006
f 4498 10006 4499
f 4498 4581 6974
f 4581 4564 6974
f 6974 4564 4563
f 6974 10006 4498
f 6964 6619 6965
f 6966 10008 10006
f 10008 10007 10006
f 6968 4504 4506
f 10007 4507 4583
f 4486 6944 4487
f 6944 4486 4618
f 4618 4619 6944
f 4619 4611 6981
f 4610 6981 4611
f 6981 4610 4624
f 6981 4624 4607
f 6984 6981 4607
f 6982 6981 6984
f 6984 6955 6982
f 6955 6984 6953
f 6953 6984 4603
f 6984 4607 4606
f 4606 4603 6984
f 4603 4602 6953
f 4631 4592 6980
f 6953 6954 6955
f 6980 6985 6983
f 10149 10147 6954
f 10148 10147 10149
f 6371 6372 6373
f 6985 10150 6983
f 6482 6985 6487
f 6482 6487 6492
f 6371 10151 6479
f 6478 6479 6480
f 6464 6462 6465
f 6468 6493 6465
f 5730 5731 5732
f 6467 6468 6465
f 10147 10148 5731
f 10147 6955 6954
f 6467 6465 6462
f 6461 6982 6955
f 6462 6464 6463
f 6375 6374 6457
f 6461 6374 6982
f 6981 6982 6967
f 6395 6397 6967
f 6394 6393 6376
f 6395 6459 6396
f 6447 6448 6449
f 6452 6451 6454
f 6451 6979 6942
f 6447 6450 6446
f 6977 6979 6975
f 6976 6975 6978
f 6439 6440 6441
f 6442 6443 6444
f 6412 6444 6443
f 6411 6978 6412
f 6435 6411 6436
f 6411 6435 6971
f 6972 6971 6427
f 6432 6425 6427
f 6437 6438 6434
f 6428 6418 6429
f 6418 6423 6965
f 6422 6965 6423
f 6422 6421 6420
f 6419 6420 6421
f 6419 6618 6420
f 6617 6420 6618
f 6507 6420 6617
f 6507 6509 6504
f 6504 6505 6506
f 6510 6511 6498
f 6407 6510 6513
f 6408 6407 6513
f 6512 6409 6408
f 6404 6960 6409
f 6404 6406 6405
f 6404 6949 6960
f 6400 6949 6398
f 6398 6399 6400
f 6401 6402 6403
f 6399 6398 6515
f 6456 6392 10112
f 6400 6947 6949
f 6945 6946 6947
f 10111 6456 10112
f 6385 6945 10110
f 6384 6385 6386
f 10154 6927 10103
f 10083 6382 10154
f 6377 6378 6379
f 6380 6382 10083
f 6380 6381 6382
f 6927 10154 6382
f 6957 6925 4635
f 6927 9662 10018
f 6926 6925 6956
f 6956 10016 6926
f 6956 10017 10016
f 10015 10016 10017
f 10015 10017 4703
f 4623 10015 4703
f 4698 10017 4699
f 4699 10017 4702
f 4702 10017 4705
f 4705 10017 4706
f 10013 10015 4623
f 4703 10017 4698
f 4706 10017 6956
f 6927 6950 6385
f 10015 6926 10016
f 6579 6950 6577
f 10014 10015 4614
f 4615 4614 10015
f 10013 4615 10015
f 4706 6956 4704
f 10089 6958 10088
f 6555 6558 6956
f 6957 6956 6925
f 6958 4553 6941
f 4635 4634 6957
f 10019 6613 10156
f 6613 6615 10156
f 6613 6614 6615
f 6615 10093 10156
f 6940 4553 10041
f 6940 4732 4731
f 4643 6940 4731
f 6940 4643 4644
f 4644 4652 7002
f 4652 4650 7002
f 4650 4649 6987
f 4649 4646 6987
f 4646 4645 6987
f 4645 4661 6987
f 4661 4655 6936
f 4655 4654 6936
f 6936 4654 4469
f 4469 4464 6936
f 4464 4463 6934
f 4463 4659 6934
f 6934 4659 4701
f 4701 4663 6934
f 6922 4663 4662
f 6922 4662 4668
f 6922 4668 4723
f 6921 6922 6923
f 6993 6923 6994
f 4685 6994 4684
f 10043 6990 4713
f 6989 6990 6991
f 3701 6991 4709
f 6919 4416 4415
f 6920 4415 4427
f 6818 4421 4423
f 4436 4762 6818
f 4412 4762 4413
f 6829 6793 4920
f 7669 7668 4966
f 7669 10169 7668
f 6829 4966 7668
f 6831 6830 6832
f 6829 6794 6793
f 5929 6794 6049
f 6055 6570 6049
f 6054 6831 6526
f 6526 6831 3643
f 7663 6603 6602
f 6602 6603 6061
f 7664 6061 6603
f 6062 6061 7664
f 6831 3644 3643
f 6832 3644 6831
f 3645 6062 7664
f 6061 6062 6063
f 6061 6601 6602
f 6574 6575 6576
f 6583 6582 6325
f 6323 6325 6834
f 6574 6576 6832
f 6833 6832 6830
f 6834 6924 6835
f 6924 10002 6836
f 4449 9997 6833
f 6563 6833 10001
f 4935 6836 4752
f 6836 6588 4720
f 4722 6836 4720
f 6591 6592 6593
f 6593 4470 4753
f 6931 4753 4470
f 6593 4753 6591
f 4753 6931 4722
f 6931 6836 4722
f 6589 4934 6587
f 4472 6931 4470
f 4476 6929 4967
f 6930 6929 6841
f 6931 6837 6836
f 6327 6837 6334
f 6341 6340 6349
f 6347 6346 6351
f 6350 6351 6346
f 6350 6346 6359
f 6539 4750 6318
f 6319 6318 4750
f 6932 6319 4750
f 6932 4750 4749
f 6932 4749 10004
f 6319 6932 10005
f 6319 10005 6320
f 6318 6319 6320
f 6580 6932 10004
f 6345 6346 6347
f 6348 6930 6841
f 6354 6359 6346
f 6358 6356 6355
f 6357 6358 6355
f 6580 6843 6932
f 6357 6355 6841
f 6842 6841 6929
f 6843 6928 6932
f 10159 6842 4755
f 6364 6362 10163
f 6364 6365 6366
f 6365 6369 6366
f 6596 6307 6306
f 6305 6306 6307
f 6294 6490 6491
f 6491 6298 6294
f 6491 6652 6298
f 6952 6298 6652
f 6305 6562 6306
f 6562 10172 6306
f 6306 6308 6370
f 4730 6937 6651
f 6937 4730 4734
f 6308 6932 6928
f 6932 4478 10005
f 4747 6937 4748
f 6937 7010 4748
f 7007 7010 6937
f 4734 7007 6937
f 4467 4734 4730
f 6952 4730 6298
f 4745 4742 6952
f 4745 6952 4746
f 6952 6939 4746
f 4746 6939 4744
f 6938 4483 4482
f 6939 4737 4744
f 6938 6654 6985
f 6652 6939 6952
f 6654 6653 6985
f 6487 6985 6653
f 6647 6652 6491
f 6492 6487 6486

usemtl Green_0
f 487 10608 589
f 589 10608 488
f 10608 506 488
f 10610 605 450
f 605 10610 476
f 476 10610 507
f 507 10610 597
f 10610 10608 597
f 10608 10610 600
f 586 10608 600
f 601 10608 586
f 584 10608 606
f 584 603 10608
f 10608 603 449
f 10608 449 475
f 592 471 531
f 592 531 454
f 592 454 528
f 592 528 508
f 592 508 494
f 592 494 445
f 592 445 452
f 592 452 541
f 592 541 542
f 592 542 562
f 592 562 561
f 592 561 538
f 592 538 473
f 592 473 588
f 592 588 546
f 592 546 543
f 592 543 544
f 592 544 564
f 592 564 565
f 592 565 499
f 592 499 567
f 592 567 444
f 592 444 578
f 592 578 489
f 592 489 568
f 592 568 569
f 592 569 469
f 592 469 504
f 592 504 559
f 592 559 455
f 592 455 570
f 592 570 477
f 593 592 477
f 470 593 571
f 470 571 572
f 470 572 500
f 470 500 573
f 470 573 451
f 470 451 576
f 470 576 574
f 470 574 575
f 470 575 498
f 470 498 466
f 470 466 459
f 470 459 577
f 470 577 502
f 470 502 483
f 470 483 468
f 470 468 566
f 470 566 458
f 470 458 579
f 470 579 545
f 470 545 490
f 470 490 547
f 470 547 548
f 470 548 493
f 470 493 496
f 470 496 479
f 470 479 549
f 470 549 550
f 470 550 581
f 470 581 580
f 10606 470 580
f 10606 580 464
f 10606 464 540
f 10606 540 461
f 10606 461 472
f 10606 472 501
f 10606 501 480
f 10606 480 457
f 10606 457 582
f 10606 582 448
f 10606 448 505
f 10606 505 491
f 10606 491 453
f 10606 453 583
f 10606 583 474
f 10606 474 551
f 10606 551 481
f 10611 10606 481
f 599 10611 481
f 10611 604 515
f 10611 515 520
f 10611 520 518
f 10611 518 598
f 10607 10611 598
f 10607 598 596
f 10609 10607 596
f 519 10609 596
f 484 509 590
f 509 10606 590
f 10606 10609 590
f 602 10606 509
f 513 602 509
f 514 513 509
f 594 591 10606
f 10606 591 521
f 470 525 524
f 470 524 478
f 478 527 592
f 592 526 442
f 592 442 539
f 592 539 535
f 442 497 443
f 494 558 530
f 494 530 529
f 494 529 503
f 551 485 552
f 462 551 552
f 553 551 462
f 554 551 495
f 557 551 554
f 556 551 557
f 486 551 555
f 555 551 556
f 518 447 516
f 518 516 456
f 516 512 456
f 516 492 512
f 518 517 447
f 495 551 553
f 510 511 484
f 482 509 511
f 535 534 536
f 535 536 523
f 535 523 533
f 535 533 471
f 533 532 471
f 536 537 463
f 536 463 523
f 442 443 539
f 460 513 514
f 522 602 513
f 594 10606 602
f 511 509 484
f 590 10609 519
f 10611 10607 10609
f 518 456 598
f 10611 599 604
f 10609 10606 10611
f 481 551 486
f 446 474 583
f 467 461 540
f 10606 521 470
f 575 465 498
f 470 478 593
f 593 478 592
f 561 563 538
f 494 503 445
f 454 560 528
f 592 535 471
f 10608 601 606
f 585 10610 450
f 587 10610 585
f 10610 587 600
f 10608 475 506
f 487 595 10608
f 10608 595 597

usemtl Green_0
f 372 441 362
f 228 364 441
f 228 441 245
f 383 264 233
f 233 435 383
f 364 383 382
f 364 382 381
f 440 439 427
f 427 376 440
f 407 428 427
f 427 408 407
f 374 402 369
f 374 369 438
f 437 374 438
f 437 438 235
f 346 437 235
f 339 438 337
f 337 438 335
f 438 333 335
f 246 435 305
f 435 304 305
f 304 350 305
f 435 253 303
f 435 241 253
f 241 435 302
f 435 300 301
f 435 299 300
f 435 231 299
f 297 435 298
f 435 230 298
f 230 435 260
f 231 435 297
f 435 301 302
f 435 303 304
f 435 246 354
f 435 354 351
f 351 306 435
f 306 436 435
f 400 398 358
f 400 358 417
f 387 400 417
f 387 417 370
f 365 387 370
f 365 370 361
f 402 365 361
f 418 367 368
f 413 414 379
f 413 379 371
f 432 431 405
f 380 432 405
f 380 405 371
f 373 380 371
f 371 379 373
f 414 415 379
f 415 419 379
f 419 430 379
f 379 430 423
f 430 412 423
f 367 390 429
f 430 367 429
f 416 390 367
f 394 390 416
f 416 396 394
f 416 359 396
f 416 398 359
f 429 392 430
f 430 392 420
f 430 420 424
f 430 424 412
f 397 393 391
f 397 391 395
f 399 397 360
f 375 401 388
f 375 388 366
f 375 366 403
f 375 399 401
f 375 397 399
f 236 397 375
f 346 236 375
f 378 338 336
f 336 441 378
f 336 334 441
f 332 441 334
f 276 441 331
f 275 441 276
f 441 275 277
f 441 277 278
f 441 278 279
f 441 279 280
f 268 441 280
f 267 441 268
f 331 441 332
f 338 378 397
f 397 378 422
f 397 422 425
f 397 425 421
f 425 422 411
f 236 338 397
f 397 421 393
f 368 367 430
f 358 398 416
f 432 426 431
f 426 363 431
f 363 439 431
f 385 439 363
f 386 363 426
f 375 437 346
f 438 339 235
f 402 361 369
f 433 436 434
f 434 410 433
f 433 410 404
f 404 409 433
f 409 408 384
f 428 406 427
f 427 406 389
f 427 389 377
f 427 377 376
f 431 439 440
f 384 408 427
f 409 384 433
f 435 436 433
f 233 260 435
f 264 383 364
f 245 441 267
f 228 264 364
f 378 441 372

usemtl Green_0
f 10623 10793 11691
f 10623 11691 11311
f 10623 11311 11140
f 10623 11140 11141
f 10623 11141 11222
f 10623 11222 11223
f 10623 11223 11768
f 10623 11768 11769
f 10623 11769 11494
f 10623 11494 11129
f 10623 11129 11056
f 10623 11056 11057
f 10623 11057 11237
f 10623 11237 11106
f 10623 11106 11107
f 10623 11107 11493
f 10623 11493 11321
f 10623 11321 11322
f 10623 11322 11328
f 10623 11328 11390
f 10623 11390 11492
f 10623 11492 11696
f 10623 11696 11732
f 10623 11732 11707
f 10623 11707 11705
f 10623 11705 11706
f 10623 11706 11708
f 10623 11708 11697
f 10623 11697 11698
f 10623 11698 11704
f 10623 11704 11702
f 10623 11702 11703
f 10623 11703 11231
f 10623 11231 11232
f 10623 11232 11731
f 10623 11731 11355
f 10623 11355 11356
f 10623 11356 11730
f 10623 11730 11360
f 10623 11360 11361
f 10623 11361 11699
f 10623 11699 11382
f 10623 11382 10867
f 10623 10867 10868
f 10623 10868 11700
f 10623 11700 11709
f 10623 11709 11710
f 10623 11710 11711
f 10623 11711 11701
f 10623 11701 10834
f 10623 10834 10835
f 10623 10835 11161
f 10623 11161 11162
f 10623 11162 11728
f 10623 11728 11729
f 10623 11729 11715
f 10623 11715 11692
f 10623 11692 11693
f 10623 11693 11712
f 10623 11712 11713
f 10623 11713 11089
f 10623 11089 11090
f 10623 11090 11714
f 10623 11714 11395
f 10623 11395 11396
f 10623 11396 11724
f 10623 11724 11725
f 10623 11725 11727
f 11726 10623 11727
f 11717 10623 11723
f 11716 10623 11717
f 11719 10623 11720
f 11718 10623 11719
f 11389 10786 11387
f 11387 11388 11389
f 10786 11749 10787
f 10786 10787 10788
f 10788 10623 10786
f 10623 10788 10821
f 10623 10821 10832
f 10623 10832 10847
f 10623 10847 10852
f 10623 10852 10855
f 10623 10855 10909
f 10623 10909 10916
f 10623 10916 10935
f 10623 10935 10946
f 10623 10946 10968
f 10623 10968 10977
f 10623 10977 10991
f 10623 10991 11003
f 10623 11003 10972
f 10623 10972 10971
f 10623 10971 11055
f 10623 11055 10669
f 10623 10669 10668
f 10623 10668 10781
f 10623 10781 10801
f 10623 10801 10778
f 10623 10778 10775
f 10623 10775 10776
f 10623 10776 11214
f 10623 11214 11167
f 10623 11167 11075
f 10623 11075 11170
f 10623 11170 11212
f 10623 11212 11028
f 10623 11028 11036
f 10623 11036 11053
f 10623 11053 11158
f 10623 11158 11166
f 10623 11166 11151
f 10623 11151 11150
f 10623 11150 11148
f 10623 11148 10926
f 10623 10926 11144
f 10623 11144 10621
f 10612 10623 10621
f 10621 10616 10612
f 10613 10612 10616
f 10616 10615 10613
f 10619 10613 10615
f 10615 10618 10619
f 10624 10619 10618
f 11773 10624 10618
f 10618 10635 11773
f 11773 10635 11774
f 11774 11782 11773
f 11782 11783 11773
f 11773 11783 12109
f 12109 12135 11773
f 12135 12117 11773
f 11773 12117 12069
f 11773 12069 12020
f 11773 12020 11962
f 11773 11962 11964
f 11773 11964 11954
f 11773 11954 11944
f 11773 11944 11943
f 11773 11943 11940
f 11773 11940 11928
f 11773 11928 11917
f 11773 11917 11912
f 11773 11912 11903
f 11773 11903 11887
f 11773 11887 11889
f 11773 11889 11876
f 11773 11876 11875
f 11773 11875 11874
f 11773 11874 11858
f 11773 11858 11851
f 11773 11851 11840
f 11773 11840 11839
f 11773 11839 11828
f 11773 11828 11822
f 11773 11822 11817
f 11773 11817 11794
f 11773 11794 11804
f 11804 12330 11773
f 12329 11773 12330
f 12239 12329 12330
f 12330 12331 12239
f 11804 12239 12331
f 12970 11804 12331
f 12320 12970 12331
f 12970 12320 12319
f 12318 12319 12320
f 12318 12320 11804
f 11812 12318 11804
f 11804 11796 11812
f 11799 11812 11796
f 11799 11796 11795
f 11795 11798 11799
f 11800 11799 11798
f 11800 11798 11791
f 11791 11790 11800
f 10650 10678 10648
f 10648 10649 10650
f 10653 10650 10649
f 10649 10697 10653
f 10651 10653 10697
f 10697 10698 10651
f 10635 10651 10698
f 10635 10698 10688
f 10635 10688 10714
f 10635 10714 10724
f 10635 10724 10738
f 10635 10738 10748
f 10635 10748 10750
f 10635 10750 10733
f 10635 10733 10777
f 10635 10777 10760
f 10635 10760 10802
f 10635 10802 10925
f 10930 10635 10925
f 10925 10820 10930
f 10929 10930 10820
f 10820 10818 10929
f 10814 10929 10818
f 10818 10815 10814
f 10814 10815 10645
f 10644 10645 10815
f 11472 10793 10644
f 10631 10644 10793
f 11776 10631 10793
f 11778 11776 10793
f 10793 11781 11778
f 11779 11778 11781
f 11779 11781 11787
f 11787 11789 11779
f 11780 11779 11789
f 11780 11789 11788
f 11788 12072 11780
f 11783 11780 12072
f 11788 12070 12072
f 12070 12071 12072
f 12108 12072 12071
f 12071 12073 12108
f 12062 12108 12073
f 12062 12073 11947
f 12062 11947 11946
f 11946 12107 12062
f 12117 12062 12107
f 12107 11946 11965
f 11965 11966 12107
f 12069 12107 11966
f 11966 11965 11927
f 11966 11927 11926
f 11926 11963 11966
f 12020 11966 11963
f 11963 11926 11949
f 11949 11948 11963
f 11962 11963 11948
f 11948 11949 11915
f 11948 11915 11914
f 11914 11950 11948
f 11964 11948 11950
f 11950 11914 11939
f 11950 11939 11936
f 11936 11919 11950
f 11954 11950 11919
f 11919 11936 11898
f 11919 11898 11897
f 11897 11937 11919
f 11944 11919 11937
f 11937 11897 11935
f 11937 11935 11933
f 11933 11932 11937
f 11943 11937 11932
f 11932 11933 11924
f 11932 11924 11918
f 11918 11916 11932
f 11940 11932 11916
f 11916 11918 11886
f 11916 11886 11885
f 11885 11905 11916
f 11928 11916 11905
f 11905 11885 11879
f 11905 11879 11878
f 11878 11906 11905
f 11917 11905 11906
f 11906 11878 11904
f 11906 11904 11895
f 11895 11893 11906
f 11912 11906 11893
f 11893 11895 11857
f 11893 11857 11856
f 11856 11888 11893
f 11903 11893 11888
f 11888 11856 11882
f 11882 11880 11888
f 11887 11888 11880
f 11880 11882 11849
f 11880 11849 11848
f 11848 11881 11880
f 11889 11880 11881
f 11881 11848 11868
f 11881 11868 11866
f 11866 11846 11881
f 11876 11881 11846
f 11876 11846 11845
f 11837 11845 11846
f 11846 11838 11837
f 11836 11837 11838
f 11836 11838 11866
f 11866 11867 11836
f 10759 10729 10720
f 10720 10722 10759
f 10757 10759 10722
f 10757 10722 10721
f 10757 10721 10737
f 10737 10769 10757
f 10777 10757 10769
f 10777 10769 10761
f 10770 10761 10769
f 10769 10747 10770
f 10746 10770 10747
f 10746 10747 10737
f 10737 10736 10746
f 12073 12122 11945
f 10973 10753 10950
f 10950 10751 10973
f 10751 10950 10818
f 10973 10751 10753
f 10751 10752 10753
f 10798 10753 10752
f 10817 10798 10752
f 10817 10752 10819
f 10817 10819 10820
f 10751 10820 10819
f 10817 10799 10798
f 10799 10817 10816
f 10816 10797 10799
f 10931 10799 10797
f 10796 10797 10816
f 10816 10802 10796
f 10802 10800 10796
f 10773 10796 10800
f 10800 10784 10773
f 10785 10773 10784
f 10784 10800 10762
f 10762 10767 10784
f 10766 10784 10767
f 10766 10767 10768
f 10762 10768 10767
f 10768 10762 10761
f 10760 10761 10762
f 10760 10762 10800
f 10796 10773 10772
f 10771 10772 10773
f 10771 10797 10772
f 10796 10772 10797
f 10925 10816 10817
f 10753 10798 10799
f 10819 10752 10751
f 11946 11945 12019
f 10799 10931 10753
f 11965 12019 11925
f 10797 10771 10931
f 11926 11925 11967
f 10773 10785 10771
f 11949 11967 11913
f 10784 10766 10785
f 11914 11913 11938
f 10768 10774 10766
f 10774 10768 10770
f 11936 11938 11896
f 11897 11896 11934
f 11933 11934 11923
f 10770 10746 10774
f 10761 10770 10768
f 10769 10737 10747
f 10736 10737 10721
f 10721 10720 10736
f 10759 10757 10735
f 10735 10730 10759
f 10735 10731 10730
f 10729 10730 10731
f 10731 10735 10734
f 10734 10717 10731
f 10716 10731 10717
f 10716 10717 10718
f 10734 10718 10717
f 10718 10734 10749
f 10749 10712 10718
f 10758 10718 10712
f 10712 10749 10728
f 10728 10711 10712
f 10710 10712 10711
f 10710 10711 10705
f 10728 10705 10711
f 10705 10728 10732
f 10705 10732 10715
f 10715 10706 10705
f 10704 10705 10706
f 10704 10706 10707
f 10715 10707 10706
f 10707 10715 10719
f 10719 10709 10707
f 10723 10707 10709
f 10709 10693 10723
f 10693 10709 10694
f 10693 10694 10658
f 10658 10657 10693
f 11863 11864 11853
f 11853 11854 11863
f 11862 11863 11854
f 11862 11854 11852
f 11852 11850 11862
f 11874 11862 11850
f 11850 11852 11827
f 11850 11827 11826
f 11826 11829 11850
f 11858 11850 11829
f 11829 11826 11803
f 11829 11803 11802
f 11802 11833 11829
f 11851 11829 11833
f 11833 11802 11832
f 11832 11824 11833
f 11840 11833 11824
f 11840 11824 11823
f 11786 11823 11824
f 11824 11835 11786
f 11834 11786 11835
f 11834 11835 11832
f 11832 11841 11834
f 10703 10654 10695
f 10695 10696 10703
f 10701 10703 10696
f 10701 10696 10659
f 10659 10713 10701
f 10688 10701 10713
f 10688 10690 10701
f 10688 10689 10690
f 10656 10690 10689
f 10689 10686 10656
f 10685 10656 10686
f 10685 10686 10687
f 10689 10687 10686
f 10687 10689 10697
f 10690 10656 10655
f 10690 10655 10703
f 10654 10655 10656
f 10713 10659 10658
f 10658 10708 10713
f 10714 10713 10708
f 10714 10708 10719
f 10703 10701 10690
f 10695 10659 10696
f 10659 10695 10657
f 10654 10703 10655
f 11852 11853 11825
f 11826 11825 11801
f 10656 10685 10654
f 11802 11801 11841
f 10687 10702 10685
f 10702 10687 10649
f 11823 11786 11785
f 11823 11785 11815
f 11815 11818 11823
f 11839 11823 11818
f 11818 11815 11814
f 11818 11814 11819
f 11819 11821 11818
f 11828 11818 11821
f 11821 11819 11820
f 11821 11820 11797
f 11797 11793 11821
f 11822 11821 11793
f 11793 11797 11792
f 11793 11792 11791
f 11791 11795 11793
f 11817 11793 11795
f 11790 11792 11797
f 11816 11797 11820
f 11816 11820 11819
f 11813 11819 11814
f 11813 11814 11815
f 11784 11815 11785
f 11784 11785 11786
f 11824 11832 11835
f 11841 11832 11802
f 11801 11802 11803
f 11801 11803 11826
f 11825 11826 11827
f 11825 11827 11852
f 11863 11862 11845
f 11845 11865 11863
f 11875 11845 11862
f 11853 11852 11854
f 11864 11863 11865
f 11864 11865 11837
f 10657 10658 10659
f 10708 10658 10694
f 10708 10694 10709
f 10709 10719 10708
f 10724 10719 10715
f 10724 10715 10732
f 10738 10732 10728
f 10748 10728 10749
f 10750 10749 10734
f 10733 10734 10735
f 10733 10735 10757
f 10720 10721 10722
f 10729 10759 10730
f 11918 11923 11884
f 11885 11884 11877
f 10731 10716 10729
f 11878 11877 11902
f 10718 10758 10716
f 11895 11902 11855
f 10712 10710 10758
f 11856 11855 11894
f 10705 10745 10710
f 11882 11894 11847
f 10705 10704 10745
f 11848 11847 11867
f 10707 10723 10704
f 11837 11836 11864
f 11845 11837 11865
f 11846 11866 11838
f 11867 11866 11868
f 11867 11868 11848
f 11847 11848 11849
f 11847 11849 11882
f 11894 11882 11856
f 11855 11856 11857
f 11855 11857 11895
f 11902 11895 11904
f 11902 11904 11878
f 11877 11878 11879
f 11877 11879 11885
f 11884 11885 11886
f 11884 11886 11918
f 11923 11918 11924
f 11923 11924 11933
f 11934 11933 11935
f 11934 11935 11897
f 11896 11897 11898
f 11896 11898 11936
f 11938 11936 11939
f 11938 11939 11914
f 11913 11914 11915
f 11913 11915 11949
f 11967 11949 11926
f 11925 11926 11927
f 11925 11927 11965
f 12019 11965 11946
f 11945 11946 11947
f 11945 11947 12073
f 12108 12062 12135
f 12073 12071 12122
f 12076 12122 12071
f 12072 12108 12109
f 12071 12070 12076
f 12070 11788 12076
f 11787 11788 11789
f 12958 11787 11781
f 11844 12958 11781
f 11842 11844 11781
f 12422 11842 11781
f 11831 12422 11781
f 11830 11831 11781
f 12959 11830 11781
f 12439 12959 11781
f 12437 12439 11781
f 12436 12437 11781
f 12435 12436 11781
f 12434 12435 11781
f 11910 12434 11781
f 11909 11910 11781
f 11911 11909 11781
f 12956 11911 11781
f 12960 12956 11781
f 12961 12960 11781
f 12963 12961 11781
f 12441 12963 11781
f 12421 12441 11781
f 12420 12421 11781
f 12395 12420 11781
f 12394 12395 11781
f 12402 12394 11781
f 12431 12402 11781
f 12432 12431 11781
f 12433 12432 11781
f 12476 12433 11781
f 12430 12476 11781
f 12429 12430 11781
f 12457 12429 11781
f 12456 12457 11781
f 12456 11781 12444
f 11108 10932 11109
f 11108 10793 10932
f 10932 10793 10933
f 10932 10933 11105
f 10933 10793 11295
f 11295 10793 11296
f 11296 10793 11771
f 11771 10793 11130
f 11130 10793 11131
f 11131 10793 11695
f 11695 10793 11694
f 11694 10793 11496
f 11481 10793 11482
f 11482 10793 11772
f 11772 10793 10920
f 10920 10793 10921
f 10920 10921 11099
f 10921 10793 11480
f 11480 10793 11242
f 11242 11218 11243
f 11242 10793 11218
f 11218 10793 11217
f 11217 10793 11097
f 11097 10793 10795
f 11097 10795 11098
f 10795 10793 10792
f 10792 10793 10794
f 11100 10793 11101
f 11101 10793 11765
f 11765 10793 11239
f 11239 10793 11095
f 11239 11095 11240
f 11095 10793 11092
f 11095 11092 11096
f 11092 11093 11094
f 11092 10793 11093
f 10794 10793 11100
f 11496 10793 11481
f 11185 10793 11108
f 12497 12443 11781
f 12442 12497 11781
f 12101 12442 11781
f 12100 12101 11781
f 12053 12100 11781
f 12012 12053 11781
f 12011 12012 11781
f 12012 12011 10626
f 10626 12964 12012
f 11690 10793 11121
f 11121 10793 11122
f 11121 11122 11123
f 11122 10793 11770
f 11770 10793 11184
f 10626 12143 12964
f 10626 11992 12142
f 10626 11990 11992
f 11990 11991 11992
f 10626 12006 12945
f 10626 12004 12006
f 12004 12005 12006
f 10626 12392 12004
f 10626 12391 12392
f 10626 12617 12391
f 10626 12152 12617
f 10626 12151 12152
f 10626 12360 12151
f 10626 12907 12360
f 10626 12354 12907
f 10626 12917 12353
f 10626 12918 12917
f 10626 12897 12918
f 10626 12896 12897
f 10626 12895 12896
f 10626 12901 12895
f 12901 12906 12895
f 10626 12315 12901
f 10626 12314 12315
f 10626 12916 12314
f 10626 12533 12916
f 12533 10626 12534
f 12615 12534 10626
f 10626 12919 12615
f 10626 12313 12919
f 10626 12312 12313
f 10626 12515 12312
f 10626 12527 12515
f 12527 12904 12515
f 10626 12920 12527
f 10626 12915 12920
f 10626 12914 12915
f 10626 12184 12914
f 10626 12183 12184
f 10626 12587 12183
f 12575 12586 12587
f 12573 12574 12575
f 10626 12573 12575
f 10626 12909 12573
f 10626 12902 12909
f 10626 12198 12902
f 12198 12903 12902
f 10626 12197 12198
f 10626 12196 12197
f 10626 12921 12196
f 10626 12309 12921
f 10626 12308 12309
f 10626 12908 12308
f 10626 12913 12908
f 10626 12594 12913
f 10626 12593 12594
f 10626 12911 12593
f 10626 12910 12911
f 10626 12900 12910
f 12898 12899 12900
f 10626 12912 12898
f 10626 12892 12912
f 12307 12891 12892
f 10626 12306 12307
f 10626 12922 12306
f 12923 12922 10626
f 10626 12307 12892
f 10626 12898 12900
f 10626 12575 12587
f 10626 12353 12354
f 10626 12945 11990
f 10626 12142 12143
f 11184 10793 11185
f 12443 12444 11781
f 12395 12962 12420
f 12956 12957 11911
f 12437 12438 12439
f 11830 12440 11831
f 11842 11843 11844
f 11778 11779 11780
f 11780 11775 11778
f 11775 11780 11782
f 11776 11778 11775
f 11775 10629 11776
f 10629 11775 11774
f 11774 10974 10629
f 10974 10929 10629
f 10645 10629 10929
f 10629 10645 10630
f 10629 10630 10631
f 10631 11776 10629
f 10644 10631 10630
f 11093 10793 11472
f 11787 12076 11788
f 10644 10630 10645
f 10815 10818 10950
f 10645 10929 10814
f 10818 10820 10751
f 10929 10974 10930
f 10820 10925 10817
f 10635 10930 10974
f 10816 10925 10802
f 10800 10802 10760
f 10761 10760 10777
f 10757 10777 10733
f 10734 10733 10750
f 10749 10750 10748
f 10728 10748 10738
f 10732 10738 10724
f 10719 10724 10714
f 10713 10714 10688
f 10689 10688 10698
f 10635 10681 10651
f 10652 10651 10681
f 10681 10682 10652
f 10634 10652 10682
f 10682 10683 10634
f 10684 10634 10683
f 10684 10683 10647
f 10682 10647 10683
f 10647 10682 10643
f 10643 10646 10647
f 10660 10647 10646
f 10660 10646 10661
f 10661 10666 10660
f 10666 10661 10662
f 10670 10666 10662
f 10662 10663 10670
f 10665 10670 10663
f 10663 10664 10665
f 10635 10665 10664
f 10635 10664 10641
f 10635 10641 10680
f 10643 10680 10641
f 10641 10642 10643
f 10661 10643 10642
f 10642 10641 10664
f 10665 10635 10948
f 10948 11043 10665
f 11043 10948 11087
f 12319 12321 11804
f 12321 12240 12239
f 12111 12239 12240
f 12240 12112 12111
f 12110 12111 12112
f 12110 12112 12344
f 12344 11941 12110
f 11773 12110 11941
f 11773 11941 11942
f 11773 11942 12281
f 11773 12281 12340
f 11773 12340 12324
f 11773 12324 12214
f 11773 12214 12347
f 11773 12347 12231
f 11773 12231 12278
f 11773 12278 12279
f 11773 12279 12176
f 11773 12176 12175
f 11773 12175 12364
f 11773 12364 12217
f 11773 12217 12202
f 11773 12202 12234
f 11773 12234 12251
f 11773 12251 12224
f 11773 12224 12223
f 11773 12223 12252
f 11773 12252 12268
f 11773 12268 12259
f 11773 12259 12258
f 11773 12258 12280
f 11773 12280 11873
f 11773 11873 11872
f 11773 11872 12350
f 11773 12350 12380
f 11773 12380 12387
f 11773 12387 12294
f 11773 12294 12293
f 11773 12293 12376
f 11773 12376 12371
f 11773 12371 12390
f 11773 12390 12298
f 11773 12298 12393
f 11773 12393 12310
f 11773 12310 12213
f 11773 12213 12193
f 11773 12193 12200
f 11773 12200 12033
f 11773 12033 12034
f 11773 12034 12399
f 11773 12399 12398
f 11773 12398 12316
f 11773 12316 12317
f 11773 12317 12187
f 11773 12187 12188
f 11773 12188 12225
f 11773 12225 12226
f 11773 12226 12285
f 11773 12285 12236
f 11773 12236 12289
f 11773 12289 12288
f 11773 12288 12301
f 11773 12301 12173
f 11773 12173 12172
f 11773 12172 12154
f 11773 12154 12146
f 11773 12146 12145
f 11773 12145 12158
f 11773 12158 12159
f 11773 12159 12149
f 11773 12149 12097
f 11773 12097 12096
f 11773 12096 12137
f 11773 12137 12131
f 11773 12131 12121
f 11773 12121 12104
f 11773 12104 12103
f 11773 12103 12093
f 11773 12093 12078
f 11773 12078 12079
f 11773 12079 11993
f 11773 11993 12094
f 11773 12094 12035
f 11773 12035 12075
f 11773 12075 12064
f 11773 12064 11961
f 11773 11961 11960
f 11773 11960 12050
f 11773 12050 12054
f 11773 12054 12047
f 11773 12047 12029
f 11773 12029 12030
f 11773 12030 12040
f 11773 12040 12026
f 11773 12026 12014
f 11773 12014 11982
f 11773 11982 11983
f 11773 11983 11809
f 11773 11809 11805
f 11773 11805 11808
f 11773 11808 11972
f 11773 11972 11973
f 11973 12010 11773
f 12010 12041 11773
f 12041 12699 11773
f 12699 12860 11773
f 12860 12718 11773
f 12718 12719 11773
f 12719 12859 11773
f 12859 12722 11773
f 12722 12723 11773
f 12723 12728 11773
f 12728 12729 11773
f 12729 12858 11773
f 12858 12857 11773
f 12857 12856 11773
f 12856 12855 11773
f 12855 12730 11773
f 11773 12730 12731
f 11773 12731 12854
f 11773 12854 12853
f 11773 12853 12726
f 11773 12726 12727
f 11773 12727 12732
f 11773 12732 12852
f 11773 12852 12724
f 11773 12724 12725
f 11773 12725 12851
f 11773 12851 12733
f 11773 12733 12734
f 11773 12734 12850
f 11773 12850 12720
f 11773 12720 12721
f 11773 12721 12849
f 11773 12849 12696
f 11773 12696 12691
f 11773 12691 12692
f 11773 12692 12735
f 11773 12735 12736
f 11773 12736 12848
f 11773 12848 12655
f 11773 12655 12656
f 11773 12656 12739
f 11773 12739 12663
f 11773 12663 12043
f 11773 12043 12044
f 11773 12044 12737
f 11773 12737 12738
f 11773 12738 12661
f 11773 12661 12662
f 11773 12662 12845
f 11773 12845 12687
f 11773 12687 12688
f 11773 12688 12674
f 11773 12674 12675
f 11773 12675 12672
f 11773 12672 12673
f 11773 12673 12844
f 11773 12844 12843
f 11773 12843 12741
f 11773 12741 12742
f 11773 12742 12513
f 11773 12513 12514
f 11773 12514 12743
f 11773 12743 12744
f 11773 12744 12839
f 11773 12839 12838
f 11773 12838 12098
f 11773 12098 12099
f 11773 12099 12837
f 11773 12837 12746
f 11773 12746 12747
f 11773 12747 12836
f 11773 12836 12748
f 11773 12748 12653
f 11773 12653 12654
f 11773 12654 11968
f 11773 11968 11969
f 11773 11969 12745
f 11773 12745 12543
f 11773 12543 12544
f 11773 12544 12042
f 10635 10876 11568
f 10635 11568 11565
f 10635 11565 11561
f 10635 11561 11562
f 10635 11562 11563
f 10635 11563 11564
f 10635 11564 11560
f 10635 11560 11559
f 10635 11559 11558
f 10635 11558 11557
f 10635 11557 11556
f 10635 11556 11555
f 10635 11555 11551
f 10635 11551 11552
f 10635 11552 11553
f 10635 11553 11554
f 10635 11554 11549
f 10635 11549 11541
f 10635 11541 11542
f 10635 11542 11550
f 10635 11550 11543
f 10635 11543 11544
f 10635 11544 11547
f 10635 11547 11548
f 10635 11548 11323
f 10635 11323 11324
f 10635 11324 11545
f 10635 11545 11546
f 10635 11546 11539
f 10635 11539 11540
f 10635 11540 11538
f 10635 11538 11531
f 10635 11531 11455
f 10635 11455 11456
f 10635 11456 11534
f 10635 11534 11537
f 10635 11537 11425
f 10635 11425 11426
f 10635 11426 11532
f 10635 11532 11533
f 10635 11533 11529
f 10635 11529 11530
f 10635 11530 11528
f 10635 11528 11527
f 10635 11527 11526
f 10635 11526 11525
f 10635 11525 11523
f 10635 11523 11524
f 10635 11524 11522
f 10635 11522 11521
f 10635 11521 11515
f 10635 11515 11508
f 10635 11508 11506
f 10635 11506 11507
f 10635 11507 11509
f 10635 11509 11520
f 10635 11520 11654
f 10635 11654 11516
f 10635 11516 11517
f 10635 11517 11518
f 10635 11518 11519
f 10635 11519 11513
f 10635 11513 11514
f 10635 11514 11657
f 11656 10635 11657
f 11512 10635 11656
f 11511 10635 11512
f 11655 10635 11511
f 11505 10635 11655
f 11504 10635 11505
f 11503 10635 11504
f 11510 10635 11503
f 11658 10635 11510
f 11502 10635 11658
f 11501 10635 11502
f 11500 10635 11501
f 11488 10635 11500
f 11238 10635 11488
f 10826 11238 10871
f 10871 10828 10826
f 10826 10828 10807
f 10807 10803 10826
f 10635 10826 10803
f 10635 10803 10675
f 10635 10675 10674
f 10635 10674 10673
f 10635 10673 10838
f 10635 10838 10839
f 10635 10839 10843
f 10635 10843 10845
f 10635 10845 10865
f 10635 10865 10869
f 10635 10869 10883
f 10635 10883 10885
f 10635 10885 10892
f 10635 10892 10898
f 10635 10898 10901
f 10635 10901 10903
f 10635 10903 10907
f 10635 10907 10917
f 10635 10917 10923
f 10635 10923 10937
f 10635 10937 10940
f 10635 10940 10951
f 10635 10951 10952
f 10635 10952 10959
f 10635 10959 10964
f 10635 10964 10955
f 10635 10955 10975
f 10635 10975 10981
f 10635 10981 10986
f 10635 10986 10992
f 10635 10992 11001
f 10635 11001 11013
f 10635 11013 11010
f 10635 11010 10988
f 10635 10988 11019
f 10635 11019 11020
f 10635 11020 11219
f 10635 11219 10638
f 10635 10638 10699
f 10635 10699 10700
f 10635 10700 11188
f 10635 11188 11187
f 10635 11187 11124
f 10635 11124 11125
f 10635 11125 11024
f 10635 11024 11168
f 10635 11168 11175
f 10635 11175 10861
f 10635 10861 10763
f 10635 10763 11044
f 10635 11044 11045
f 10635 11045 11033
f 10635 11033 11034
f 10635 11034 11202
f 10635 11202 11197
f 10635 11197 11198
f 10635 11198 11174
f 10635 11174 11173
f 10635 11173 11193
f 10635 11193 11083
f 10635 11083 11082
f 10635 11082 11078
f 10635 11078 11037
f 10635 11037 11038
f 10635 11038 11046
f 10635 11046 11047
f 10635 11047 11042
f 10635 11042 11041
f 10635 11041 11068
f 10635 11068 11069
f 10635 11069 11143
f 10635 11143 11156
f 10635 11156 11153
f 10635 11153 10862
f 10635 10862 10636
f 10635 10636 10637
f 10635 10637 10842
f 10635 10842 10725
f 10727 10635 10725
f 10725 10726 10727
f 10727 10726 10854
f 10854 11147 10727
f 11147 10854 11145
f 11145 11084 11147
f 10635 11147 11084
f 10635 11084 10739
f 10906 10635 10739
f 10739 10741 10906
f 10905 10906 10741
f 11088 10906 10905
f 10906 11088 10949
f 11087 10949 11088
f 10739 10740 10741
f 10949 10635 10906
f 10740 10739 11084
f 11084 11145 10740
f 11942 12332 12282
f 12281 12282 12283
f 12324 12325 12215
f 12214 12215 12216
f 12231 12232 12233
f 12278 12233 12355
f 12279 12355 12358
f 11156 11160 11157
f 12176 12359 12174
f 12364 12365 12370
f 11069 11484 11142
f 12217 12370 12203
f 12202 12203 12204
f 11042 11054 11040
f 12251 12235 12248
f 12224 12248 12222
f 12223 12222 12253
f 12252 12253 12254
f 12268 12254 12269
f 12259 12269 12257
f 12258 12257 12271
f 12280 12271 12415
f 11873 12415 12488
f 11873 12488 11871
f 11193 11192 11207
f 11193 11207 11208
f 11173 11172 11192
f 12350 12351 12352
f 11198 11224 11196
f 12387 12388 12389
f 12294 12389 12292
f 12293 12292 12408
f 12293 12408 12485
f 12376 12485 12486
f 12376 12486 12372
f 11033 11136 11213
f 11033 11213 11229
f 12390 12373 12299
f 12298 12299 12300
f 12298 12300 12379
f 12393 12379 12311
f 12193 12194 12195
f 11024 11025 11026
f 12033 12199 12704
f 12034 12704 12400
f 12399 12400 12397
f 12398 12397 12403
f 11188 11303 11186
f 12317 12711 12426
f 12187 12426 12705
f 12225 12703 12702
f 12226 12702 12290
f 12301 12701 12969
f 12173 12969 12171
f 12172 12171 12189
f 11001 10994 11002
f 12146 12153 12144
f 12145 12144 12165
f 12159 12164 12162
f 12159 12162 12150
f 12149 12150 12148
f 12097 12148 12095
f 12096 12095 12141
f 10959 10960 10962
f 10959 10958 10960
f 12104 12120 12968
f 12104 12968 12102
f 12103 12102 12116
f 10937 10938 10939
f 10937 10924 10938
f 11993 12090 11994
f 11993 11994 11995
f 12094 11995 12036
f 12035 12036 12037
f 12035 12037 12086
f 12030 12023 12024
f 12040 12966 12967
f 12026 12967 12025
f 12014 12025 12013
f 11982 12013 12965
f 11982 12965 12007
f 11983 12007 12003
f 11983 12003 11996
f 11809 11996 12000
f 11809 12000 11810
f 11809 11810 11811
f 11805 11806 11807
f 11972 11807 11981
f 10675 10676 10677
f 11805 11811 11806
f 10674 10677 10672
f 10673 10672 10829
f 10673 10829 10833
f 10673 10833 10836
f 10839 10836 10840
f 10843 10840 10844
f 10843 10844 10848
f 10845 10848 10853
f 12040 12024 12966
f 12047 12048 12046
f 12029 12046 12023
f 10845 10853 10860
f 10865 10860 10866
f 10869 10866 10870
f 10869 10870 10872
f 10883 10872 10884
f 10885 10884 10886
f 12054 12059 12048
f 12050 12049 12059
f 10885 10886 10888
f 11960 11959 12049
f 12064 12074 12063
f 11961 12063 11959
f 12075 12086 12074
f 10892 10888 10893
f 10898 10893 10899
f 10901 10899 10902
f 10903 10902 10904
f 10907 10904 10908
f 10907 10908 10918
f 10917 10918 10919
f 10923 10919 10924
f 12078 12092 12106
f 12079 12106 12090
f 12093 12115 12092
f 12093 12116 12115
f 12121 12129 12120
f 10940 10939 10941
f 10951 10941 10953
f 10952 10953 10954
f 10952 10954 10958
f 12131 12132 12129
f 12137 12141 12132
f 10964 10962 10965
f 10955 10965 10969
f 10955 10969 10956
f 10955 10956 10957
f 10975 10957 10976
f 12158 12165 12164
f 10981 10976 10982
f 10981 10982 10983
f 10986 10983 10987
f 10992 10987 10993
f 10992 10993 10994
f 12154 12189 12153
f 11013 11002 11011
f 11010 11011 11012
f 12301 12297 12701
f 12288 12287 12296
f 12288 12296 12297
f 11010 11012 11499
f 11010 11499 10989
f 12289 12238 12287
f 12285 12290 12237
f 12236 12237 12238
f 10988 10989 10990
f 11019 10990 11498
f 11020 11498 11301
f 12188 12705 12703
f 11219 11301 10639
f 10638 10639 10640
f 10699 10640 11495
f 10700 11495 11303
f 12316 12403 12711
f 11187 11186 11181
f 11124 11181 11182
f 11125 11182 11025
f 12200 12195 12199
f 11168 11026 11169
f 12213 12277 12194
f 11175 11169 11176
f 12310 12311 12277
f 10861 11176 10764
f 10763 10764 10765
f 11044 10765 11225
f 11044 11225 11135
f 11045 11135 11136
f 12371 12372 12373
f 11034 11229 11203
f 11202 11203 11204
f 11197 11204 11224
f 12380 12352 12388
f 11174 11196 11172
f 11872 11871 12351
f 11083 11208 11210
f 11082 11210 11211
f 11078 11211 11209
f 11037 11209 11081
f 11037 11081 11079
f 11038 11079 11050
f 11046 11050 11051
f 11047 11051 11054
f 12234 12204 12235
f 11041 11040 11062
f 11041 11062 11066
f 11068 11066 11484
f 12175 12174 12365
f 11143 11142 11163
f 11143 11163 11160
f 12176 12358 12359
f 11156 11157 11154
f 11153 11154 10863
f 10862 10863 10864
f 10636 10864 11164
f 12347 12216 12232
f 10637 11164 11165
f 10842 11165 10841
f 12340 12283 12325
f 10725 10841 10726
f 10635 10727 11147
f 10841 10725 10842
f 11165 10842 10637
f 11164 10637 10636
f 10864 10636 10862
f 10863 10862 11153
f 11154 11153 11156
f 11160 11156 11143
f 11142 11143 11069
f 11484 11069 11068
f 11066 11068 11041
f 11040 11041 11042
f 11054 11042 11047
f 11051 11047 11046
f 11050 11046 11038
f 11079 11038 11037
f 11209 11037 11078
f 11211 11078 11082
f 11210 11082 11083
f 11208 11083 11193
f 11192 11193 11173
f 11172 11173 11174
f 11196 11174 11198
f 11224 11198 11197
f 11204 11197 11202
f 11203 11202 11034
f 11229 11034 11033
f 11136 11033 11045
f 11135 11045 11044
f 10765 11044 10763
f 10764 10763 10861
f 11176 10861 11175
f 11169 11175 11168
f 11026 11168 11024
f 11025 11024 11125
f 11182 11125 11124
f 11181 11124 11187
f 11186 11187 11188
f 11303 11188 10700
f 11495 10700 10699
f 10640 10699 10638
f 10639 10638 11219
f 11301 11219 11020
f 11498 11020 11019
f 10990 11019 10988
f 10989 10988 11010
f 11011 11010 11013
f 11002 11013 11001
f 10994 11001 10992
f 10987 10992 10986
f 10983 10986 10981
f 10976 10981 10975
f 10957 10975 10955
f 10965 10955 10964
f 10962 10964 10959
f 10958 10959 10952
f 10953 10952 10951
f 10941 10951 10940
f 10939 10940 10937
f 10924 10937 10923
f 10919 10923 10917
f 10918 10917 10907
f 10904 10907 10903
f 10902 10903 10901
f 10899 10901 10898
f 10893 10898 10892
f 10888 10892 10885
f 10884 10885 10883
f 10872 10883 10869
f 10866 10869 10865
f 10860 10865 10845
f 10848 10845 10843
f 10840 10843 10839
f 10836 10839 10838
f 10836 10838 10673
f 10672 10673 10674
f 10677 10674 10675
f 10676 10675 10803
f 10803 10807 10676
f 11973 11981 12017
f 12010 12017 12657
f 12657 12659 12010
f 11460 10871 11468
f 11460 11468 11464
f 11460 11464 11462
f 11460 11462 11463
f 11460 11463 11466
f 11460 11466 11465
f 11460 11465 11458
f 11458 11459 11460
f 11459 11458 11452
f 11452 11451 11459
f 12697 12657 12863
f 12863 12866 12697
f 12863 12865 12866
f 12865 12863 12684
f 12684 12686 12865
f 11444 11453 11445
f 11444 11445 11446
f 11444 11446 11457
f 11457 11427 11444
f 12540 12539 12665
f 12665 12689 12540
f 11427 11428 11429
f 11429 11432 11427
f 11432 11429 11430
f 11430 11431 11432
f 12667 12666 12668
f 12668 12847 12667
f 11431 11535 11536
f 11431 11536 11660
f 11431 11660 11661
f 11661 10875 11431
f 10875 11661 11670
f 10875 11670 11653
f 11653 11261 10875
f 11260 10875 11261
f 12520 12681 12678
f 12520 12678 12679
f 12520 12679 12682
f 12682 12846 12520
f 12669 12520 12846
f 12668 12669 12867
f 12669 12668 12520
f 12520 12633 12834
f 12834 12637 12520
f 12636 12520 12637
f 11420 10875 11421
f 11421 10875 11619
f 11619 10875 11673
f 12801 12879 12520
f 12879 12629 12520
f 12629 12630 12520
f 12630 12883 12520
f 12883 12634 12520
f 12634 12635 12520
f 12635 12884 12520
f 12884 12631 12520
f 12631 12632 12520
f 12632 12878 12520
f 12878 12638 12520
f 12638 12639 12520
f 12639 12640 12520
f 12640 12641 12520
f 12641 12882 12520
f 12882 12880 12520
f 12880 12642 12520
f 12642 12643 12520
f 12643 12881 12520
f 12881 12644 12520
f 12644 12645 12520
f 12645 12875 12520
f 12875 12876 12520
f 12876 12646 12520
f 12646 12648 12520
f 12648 12877 12520
f 12877 12651 12520
f 12651 12652 12520
f 12652 12874 12520
f 12874 12833 12520
f 12832 12520 12833
f 10873 10874 10875
f 10875 11334 10873
f 12520 12650 12835
f 12520 12835 12872
f 12520 12872 12873
f 12520 12873 12749
f 12520 12749 12751
f 12520 12751 12871
f 12520 12871 12528
f 12520 12528 12529
f 12520 12529 12521
f 12520 12521 12522
f 12520 12522 12523
f 12520 12523 12840
f 12520 12840 12870
f 12520 12870 12869
f 12520 12869 12841
f 12520 12841 12842
f 12520 12842 12670
f 12520 12670 12671
f 12520 12671 12740
f 12520 12740 12680
f 12520 12680 12676
f 12520 12676 12677
f 12520 12677 12683
f 11435 11260 11436
f 11437 11435 11438
f 10875 11435 11437
f 10875 11437 11669
f 10875 11669 11440
f 10875 11440 11439
f 10875 11439 11442
f 10875 11442 11668
f 10875 11668 11667
f 10875 11667 11666
f 10875 11666 11665
f 10875 11665 11664
f 10875 11664 11652
f 10875 11652 11651
f 10875 11651 11448
f 10875 11448 11447
f 10875 11447 11662
f 10875 11662 11433
f 10875 11433 11434
f 10875 11434 11663
f 10875 11663 11333
f 11434 11433 11450
f 11447 11448 11449
f 11442 11439 11443
f 11439 11440 11441
f 12670 12868 12671
f 12749 12750 12751
f 12520 12649 12650
f 10875 11333 11334
f 11422 10875 10874
f 11606 10875 11422
f 11606 11422 11687
f 11605 10875 11606
f 11605 11606 11607
f 11409 10875 11605
f 11417 10875 11408
f 11416 10875 11417
f 11686 10875 11416
f 11685 10875 11686
f 11419 10875 11685
f 11418 10875 11419
f 11614 10875 11418
f 11684 10875 11614
f 11424 10875 11684
f 11423 10875 11424
f 11681 10875 11423
f 11683 10875 11681
f 11672 10875 11683
f 11671 10875 11672
f 11682 10875 11671
f 11679 10875 11682
f 11678 10875 11679
f 11678 11679 11680
f 11677 10875 11678
f 11676 10875 11677
f 11675 10875 11676
f 11674 10875 11675
f 11408 10875 11409
f 12520 12832 12649
f 12646 12647 12648
f 11673 10875 11674
f 11375 10875 11420
f 12636 12801 12520
f 11373 11374 11375
f 11374 11373 11414
f 11580 11414 11373
f 11688 11638 11580
f 11639 11638 11688
f 11413 11638 11639
f 12626 12566 12568
f 12568 12625 12626
f 12623 12626 12625
f 12621 12623 12625
f 12625 12604 12621
f 12624 12621 12604
f 12606 12624 12604
f 12604 12605 12606
f 12767 12606 12605
f 12765 12767 12605
f 12764 12765 12605
f 12766 12764 12605
f 12620 12766 12605
f 12619 12620 12605
f 12605 12588 12619
f 12759 12619 12588
f 12758 12759 12588
f 12008 12758 12588
f 12588 12016 12008
f 12016 12009 12008
f 10624 12008 12009
f 12009 11980 10624
f 11980 11970 10624
f 11970 11971 10624
f 11971 11976 10624
f 11976 11977 10624
f 11977 12045 10624
f 12045 12038 10624
f 12038 12039 10624
f 12039 12085 10624
f 12085 12091 10624
f 12091 12060 10624
f 12060 12061 10624
f 12061 12123 10624
f 12123 12133 10624
f 12133 12134 10624
f 12134 12118 10624
f 12118 12119 10624
f 12119 12170 10624
f 12170 12206 10624
f 12206 12180 10624
f 12180 12179 10624
f 12179 12284 10624
f 12284 12168 10624
f 12168 12208 10624
f 12208 12207 10624
f 12207 12156 10624
f 12156 12155 10624
f 12155 12267 10624
f 12267 12302 10624
f 12302 12021 10624
f 12021 11958 10624
f 11958 11883 10624
f 11883 11869 10624
f 11869 11870 10624
f 11870 12273 10624
f 12273 12243 10624
f 12243 12256 10624
f 12256 12247 10624
f 12247 12220 10624
f 12220 12221 10624
f 12221 12212 10624
f 12212 12363 10624
f 12363 12362 10624
f 12362 12357 10624
f 12357 12349 10624
f 12349 12335 10624
f 12335 12341 10624
f 12341 12338 10624
f 12338 12326 10624
f 12326 12327 10624
f 12327 12057 10624
f 12057 12177 10624
f 10624 12177 11920
f 10624 11920 11892
f 10624 11892 11891
f 10624 11891 12250
f 10622 10624 12250
f 10620 10622 12250
f 10620 12250 12255
f 10625 10620 12255
f 12255 12322 10625
f 10626 10625 12322
f 10626 12322 12323
f 10626 12323 12336
f 10626 12336 12337
f 10626 12337 12227
f 10626 12227 11859
f 10626 11859 12245
f 10626 12245 12228
f 10626 12228 12263
f 10626 12263 12272
f 10626 12272 12270
f 10626 12270 11907
f 10626 11907 11908
f 10626 11908 12369
f 10626 12369 12147
f 10626 12147 11899
f 10626 11899 12286
f 10626 12286 12190
f 10626 12190 12191
f 10626 12191 12178
f 10626 12178 11929
f 10626 11929 12127
f 10626 12127 12128
f 10626 12128 12126
f 10626 12126 12113
f 10626 12113 12082
f 10626 12082 12068
f 10626 12068 12052
f 10626 12052 12028
f 10626 12028 11953
f 10626 11953 11952
f 10626 11952 11985
f 10626 11985 11974
f 11974 11975 10626
f 11975 11974 11984
f 11975 11984 12602
f 10847 10846 10859
f 11952 11951 11986
f 10852 10859 10887
f 10855 10887 10897
f 10855 10897 10913
f 12052 12083 12058
f 10909 10913 10915
f 10935 10934 10945
f 12087 12082 12081
f 12080 12081 12082
f 12126 12136 12125
f 10977 10978 10979
f 12128 12161 12136
f 10991 10979 10999
f 10991 10999 11009
f 11930 12192 11931
f 11929 11930 11931
f 10972 11074 10970
f 11055 11183 11241
f 11055 11241 11391
f 10668 10667 10782
f 10801 10783 10779
f 10775 10780 11205
f 10776 11205 11206
f 11214 11206 11215
f 11075 11076 11077
f 11170 11077 11171
f 11170 11171 11236
f 11212 11236 11029
f 11028 11029 11030
f 11028 11030 11035
f 11036 11035 11052
f 11053 11052 11064
f 11053 11064 11065
f 11053 11065 11067
f 11158 11067 11159
f 11166 11159 11392
f 11151 11392 11152
f 12337 12343 12613
f 11148 11149 10927
f 12323 12345 12342
f 11144 10928 10822
f 10890 10889 10922
f 10922 10744 10890
f 10618 10890 10744
f 10618 10744 10743
f 10618 10743 10895
f 10894 10618 10895
f 10895 11393 10894
f 10914 10894 11393
f 10850 10849 10914
f 10849 10850 10851
f 10851 10618 10849
f 10831 10618 10851
f 10851 11091 10831
f 11394 10831 11091
f 11085 10830 11146
f 10830 11085 11086
f 11086 10618 10830
f 11048 10618 11086
f 11086 11049 11048
f 11039 11048 11049
f 11017 11016 11039
f 11016 11017 11018
f 11018 10618 11016
f 11032 10618 11018
f 11018 11031 11032
f 11061 11032 11031
f 11063 11060 11061
f 11060 11063 11022
f 11022 10618 11060
f 10825 10618 11022
f 11022 11021 10825
f 11059 10825 11021
f 12367 12378 11870
f 11233 10824 11058
f 10824 11233 11180
f 11180 10618 10824
f 10754 10618 11180
f 11180 11073 10754
f 10755 10754 11073
f 11201 10756 10755
f 10756 11201 11200
f 11200 10618 10756
f 11070 10618 11200
f 11200 11199 11070
f 11071 11070 11199
f 12157 12244 12155
f 11221 11072 11071
f 11072 11221 11194
f 11194 10618 11072
f 11080 10618 11194
f 11194 11195 11080
f 11220 11080 11195
f 11007 10692 11008
f 11080 11008 10692
f 10692 11007 10691
f 10691 10618 10692
f 11000 10618 10691
f 10691 11014 11000
f 11006 11000 11014
f 11004 11005 11006
f 11005 11004 11015
f 11015 10618 11005
f 10997 10618 11015
f 11015 10998 10997
f 10996 10997 10998
f 12169 12182 12119
f 10995 10985 10996
f 10985 10995 10984
f 10984 10618 10985
f 10961 10618 10984
f 10984 10963 10961
f 10944 10961 10963
f 10942 10943 10944
f 10943 10942 10966
f 10966 10618 10943
f 10936 10618 10966
f 10966 10967 10936
f 10912 10936 10967
f 12105 12114 12060
f 10911 10910 10912
f 10896 10910 10911
f 10858 10857 10896
f 10856 10857 10858
f 10813 10881 10856
f 10881 10813 10812
f 10812 10618 10881
f 10881 10618 10857
f 10857 10618 10910
f 10808 10618 10812
f 10812 10811 10808
f 10809 10808 10811
f 11979 12018 11976
f 10805 10804 10809
f 10804 10805 10806
f 10806 10618 10804
f 10810 10618 10806
f 10806 10827 10810
f 10880 10810 10827
f 10880 10879 10810
f 10878 10810 10879
f 10879 10882 11407
f 11407 10882 11400
f 11400 11401 11402
f 11402 11401 11571
f 11571 11401 11575
f 11575 11401 11578
f 11578 11401 11579
f 11579 11401 11405
f 11405 11401 11406
f 11635 11411 11636
f 11636 11411 11645
f 11410 11411 11412
f 11412 11411 11413
f 11645 11411 11410
f 11411 11635 11643
f 11406 11643 11635
f 11643 11406 11401
f 11401 11400 10882
f 10618 10878 11572
f 10618 11572 11573
f 10618 11573 11574
f 10618 11574 11581
f 10618 11581 11415
f 10618 11415 11343
f 10618 11343 11344
f 10618 11344 11335
f 10618 11335 11336
f 10618 11336 11582
f 10618 11582 11586
f 10618 11586 11587
f 10618 11587 11588
f 11589 10618 11588
f 12773 12772 10624
f 12774 12773 10624
f 12753 12774 10624
f 12752 12753 10624
f 12769 12752 10624
f 12776 12769 10624
f 12775 12776 10624
f 12777 12775 10624
f 12779 12777 10624
f 12778 12779 10624
f 12781 12778 10624
f 12780 12781 10624
f 12783 12780 10624
f 12782 12783 10624
f 12784 12782 10624
f 12785 12784 10624
f 12786 12785 10624
f 12788 12786 10624
f 12787 12788 10624
f 12789 12787 10624
f 12790 12789 10624
f 12793 12790 10624
f 12792 12793 10624
f 12791 12792 10624
f 12795 12791 10624
f 12794 12795 10624
f 12796 12794 10624
f 12797 12796 10624
f 12799 12797 10624
f 12798 12799 10624
f 12800 12798 10624
f 12802 12800 10624
f 12803 12802 10624
f 12804 12803 10624
f 12805 12804 10624
f 12806 12805 10624
f 12807 12806 10624
f 12808 12807 10624
f 12809 12808 10624
f 12810 12809 10624
f 12811 12810 10624
f 12812 12811 10624
f 12813 12812 10624
f 12814 12813 10624
f 12815 12814 10624
f 12816 12815 10624
f 12817 12816 10624
f 12818 12817 10624
f 12819 12818 10624
f 12820 12819 10624
f 12821 12820 10624
f 12822 12821 10624
f 12823 12822 10624
f 12824 12823 10624
f 12825 12824 10624
f 12826 12825 10624
f 12827 12826 10624
f 12828 12827 10624
f 12829 12828 10624
f 12830 12829 10624
f 12831 12830 10624
f 12042 12831 10624
f 10877 10618 11590
f 11590 10618 11599
f 11599 10618 11600
f 11600 10618 11601
f 11601 10618 11602
f 11602 10618 11603
f 11603 10618 11604
f 11604 10618 11608
f 11608 10618 11609
f 11609 10618 11610
f 11610 10618 11611
f 11611 10618 11612
f 11612 10618 11613
f 11613 10618 11615
f 11615 10618 11616
f 11616 10618 11617
f 11617 10618 11618
f 11618 10618 11620
f 11620 10618 11621
f 11621 10618 11622
f 11622 10618 11623
f 11623 10618 11624
f 11624 10618 11625
f 11625 10618 11626
f 11626 10618 11627
f 11627 10618 11628
f 11628 10618 11629
f 11629 10618 11630
f 11630 10618 11631
f 11631 10618 11632
f 11632 10618 11633
f 11633 10618 11634
f 11634 10618 11597
f 11597 10618 11598
f 11598 10618 11637
f 11637 10618 11640
f 11640 10618 11641
f 11641 10618 11642
f 11642 10618 11644
f 11644 10618 11646
f 11646 10618 11647
f 11647 10618 11566
f 11566 10618 11567
f 11567 10618 11648
f 11648 10618 11649
f 11649 10618 11569
f 11569 10618 11570
f 11570 10618 11650
f 11650 10618 11596
f 11596 10618 11576
f 11576 10618 11577
f 11577 10618 11591
f 11591 10618 11592
f 11592 10618 11593
f 11593 10618 11594
f 11594 10618 11595
f 11595 10618 11583
f 11583 10618 11584
f 11584 10618 11403
f 11403 10618 11404
f 11404 10618 11585
f 10876 10618 10877
f 12772 12771 10624
f 12771 12770 10624
f 10624 12770 12756
f 10624 12756 12754
f 10624 12754 12755
f 10624 12755 12757
f 10624 12757 12760
f 10624 12760 12761
f 10624 12761 12768
f 10624 12768 12762
f 10624 12762 12763
f 10624 12763 12595
f 10624 12595 12596
f 10624 12596 12597
f 10624 12597 12598
f 11585 10618 11589
f 10882 10879 10880
f 10618 10810 10878
f 10827 10806 10805
f 12015 11978 11980
f 11978 11979 11971
f 10808 10809 10804
f 10804 10618 10808
f 10811 10812 10813
f 12018 12027 11977
f 12027 12051 12045
f 10857 10856 10881
f 12051 12077 12038
f 12077 12084 12039
f 10910 10896 10857
f 12084 12089 12085
f 12089 12105 12091
f 10936 10912 10910
f 10910 10618 10936
f 10967 10966 10942
f 12114 12124 12061
f 12124 12130 12123
f 12130 12160 12133
f 10961 10944 10943
f 10943 10618 10961
f 10963 10984 10995
f 12160 12163 12134
f 12163 12169 12118
f 10997 10996 10985
f 10985 10618 10997
f 10998 11015 11004
f 12182 12401 12170
f 12401 12295 12206
f 12295 12181 12180
f 11000 11006 11005
f 11005 10618 11000
f 11014 10691 11007
f 12181 12618 12179
f 12618 12166 12284
f 12166 12167 12168
f 12167 12209 12208
f 11008 11080 11220
f 10692 10618 11080
f 11195 11194 11221
f 12209 12205 12207
f 12205 12157 12156
f 11070 11071 11072
f 11072 10618 11070
f 11199 11200 11201
f 12244 12384 12267
f 12384 12381 12302
f 12022 12375 11958
f 12375 12366 11883
f 12381 12022 12021
f 10754 10755 10756
f 11073 11180 11230
f 10756 10618 10754
f 11230 11180 11233
f 12366 12367 11869
f 11058 10824 11059
f 12378 12241 12273
f 12241 12242 12243
f 10825 11059 10824
f 11021 11022 11023
f 10824 10618 10825
f 11023 11022 11063
f 12242 12246 12256
f 12246 12218 12247
f 12218 12219 12220
f 11032 11061 11060
f 11060 10618 11032
f 11031 11018 11017
f 12219 12210 12221
f 12210 12211 12212
f 12361 12356 12362
f 12356 12348 12357
f 12211 12361 12363
f 11048 11039 11016
f 11049 11086 11155
f 11016 10618 11048
f 11155 11086 11085
f 12348 12333 12349
f 11146 10830 10837
f 10831 10837 10830
f 12333 12334 12335
f 12334 12614 12341
f 12614 12339 12338
f 10837 10831 11394
f 10830 10618 10831
f 11091 10851 10850
f 12339 12328 12326
f 12328 12055 12327
f 12055 12056 12057
f 12056 11921 12177
f 10743 10742 10900
f 11892 11922 11890
f 11920 11921 11922
f 10894 10914 10849
f 11393 10895 10900
f 10849 10618 10894
f 10900 10895 10743
f 10742 10743 10744
f 10618 10891 10890
f 10617 10891 10618
f 10616 10891 10617
f 10616 10822 10891
f 10744 10922 10742
f 10889 10890 10891
f 11891 11890 12249
f 10891 10822 10889
f 10926 10927 10928
f 11150 11152 11149
f 12342 12887 12343
f 12336 12342 12343
f 12337 12613 12346
f 12227 12346 11860
f 11859 11860 11861
f 12245 11861 12262
f 12245 12262 12229
f 12228 12229 12230
f 12263 12230 12382
f 12272 12382 12383
f 12272 12383 12368
f 12270 12368 12612
f 12270 12612 12374
f 11167 11215 11076
f 12374 12386 12385
f 11907 12374 12385
f 11908 12385 12377
f 12369 12377 12260
f 10778 10779 10780
f 12260 12261 11900
f 12147 12260 11900
f 10781 10782 10783
f 11900 12611 11901
f 11899 11900 11901
f 11901 12610 12286
f 10669 11391 10667
f 12396 12286 12610
f 12190 12396 12291
f 12191 12291 12201
f 12178 12201 12888
f 10971 10970 11183
f 12178 12888 11930
f 11003 11009 11074
f 12127 11931 12161
f 10968 10980 10978
f 12113 12125 12080
f 10968 10947 10980
f 10946 10945 10947
f 12068 12087 12088
f 10916 10915 10934
f 12068 12088 12083
f 12028 12058 12031
f 11953 12031 11951
f 11985 11986 12032
f 10832 10823 10846
f 11985 12032 11984
f 11984 11974 11985
f 11986 11985 11952
f 11951 11952 11953
f 12031 11953 12028
f 12058 12028 12052
f 12083 12052 12068
f 12087 12068 12082
f 12080 12082 12113
f 12125 12113 12126
f 12136 12126 12128
f 12161 12128 12127
f 11931 12127 11929
f 11930 11929 12178
f 12201 12178 12191
f 12291 12191 12190
f 12396 12190 12286
f 11901 12286 11899
f 11900 11899 12147
f 12260 12147 12369
f 12377 12369 11908
f 12385 11908 11907
f 12374 11907 12270
f 12368 12270 12272
f 12382 12272 12263
f 12230 12263 12228
f 12229 12228 12245
f 11861 12245 11859
f 11860 11859 12227
f 12346 12227 12337
f 12343 12337 12336
f 12342 12336 12323
f 12345 12323 12322
f 10625 10626 10614
f 12322 12255 12345
f 10614 10620 10625
f 10620 10614 10613
f 12250 12249 12255
f 10622 10620 10619
f 12249 12250 11891
f 11890 11891 11892
f 11922 11892 11920
f 11921 11920 12177
f 12177 12057 12056
f 12057 12327 12055
f 12327 12326 12328
f 12326 12338 12339
f 12338 12341 12614
f 12341 12335 12334
f 12335 12349 12333
f 12349 12357 12348
f 12357 12362 12356
f 12362 12363 12361
f 12363 12212 12211
f 12212 12221 12210
f 12221 12220 12219
f 12220 12247 12218
f 12247 12256 12246
f 12256 12243 12242
f 12243 12273 12241
f 12273 11870 12378
f 11870 11869 12367
f 11869 11883 12366
f 11883 11958 12375
f 11958 12021 12022
f 12021 12302 12381
f 12302 12267 12384
f 12267 12155 12244
f 12155 12156 12157
f 12156 12207 12205
f 12207 12208 12209
f 12208 12168 12167
f 12168 12284 12166
f 12284 12179 12618
f 12179 12180 12181
f 12180 12206 12295
f 12206 12170 12401
f 12170 12119 12182
f 12119 12118 12169
f 12118 12134 12163
f 12134 12133 12160
f 12133 12123 12130
f 12123 12061 12124
f 12061 12060 12114
f 12060 12091 12105
f 12091 12085 12089
f 12085 12039 12084
f 12039 12038 12077
f 12038 12045 12051
f 12045 11977 12027
f 11977 11976 12018
f 11976 11971 11979
f 11971 11970 11978
f 11970 11980 11978
f 11980 12009 12015
f 10624 12598 12008
f 12016 12015 12009
f 12621 12622 12623
f 12623 12627 12626
f 12633 12583 12628
f 12582 12628 12583
f 12583 12568 12567
f 12566 12567 12568
f 11638 11413 11411
f 12567 12582 12583
f 11414 11580 11638
f 12628 12834 12633
f 10875 11375 11374
f 12520 12683 12681
f 10875 11260 11435
f 12668 12867 12847
f 12666 12667 12695
f 12666 12695 12664
f 12664 12665 12666
f 11431 11430 11535
f 12664 12690 12689
f 11427 11454 11428
f 12539 12541 12693
f 12539 12693 12694
f 12539 12694 12685
f 12685 12684 12539
f 12665 12664 12689
f 12539 12540 12541
f 11427 11457 11454
f 11457 11446 11659
f 11446 11445 11461
f 11453 11444 11451
f 12684 12685 12686
f 12657 12697 12698
f 12657 12698 12861
f 12657 12861 12862
f 12657 12862 12864
f 12657 12864 12658
f 11451 11452 11453
f 11466 11463 11467
f 12657 12658 12659
f 10871 11460 10828
f 10826 10635 11238
f 12010 11973 12017
f 11981 11973 11972
f 11807 11972 11808
f 11807 11808 11805
f 11811 11805 11809
f 11996 11809 11983
f 12007 11983 11982
f 12013 11982 12014
f 12025 12014 12026
f 12967 12026 12040
f 12024 12040 12030
f 12023 12030 12029
f 12046 12029 12047
f 12048 12047 12054
f 12059 12054 12050
f 12049 12050 11960
f 11959 11960 11961
f 12063 11961 12064
f 12074 12064 12075
f 12086 12075 12035
f 12036 12035 12094
f 11995 12094 11993
f 12090 11993 12079
f 12106 12079 12078
f 12092 12078 12093
f 12116 12093 12103
f 12102 12103 12104
f 12120 12104 12121
f 12129 12121 12131
f 12132 12131 12137
f 12141 12137 12096
f 12095 12096 12097
f 12148 12097 12149
f 12150 12149 12159
f 12164 12159 12158
f 12165 12158 12145
f 12144 12145 12146
f 12153 12146 12154
f 12189 12154 12172
f 12171 12172 12173
f 12969 12173 12301
f 12297 12301 12288
f 12287 12288 12289
f 12238 12289 12236
f 12237 12236 12285
f 12290 12285 12226
f 12702 12226 12225
f 12703 12225 12188
f 12705 12188 12187
f 12426 12187 12317
f 12711 12317 12316
f 12403 12316 12398
f 12397 12398 12399
f 12400 12399 12034
f 12704 12034 12033
f 12199 12033 12200
f 12195 12200 12193
f 12194 12193 12213
f 12277 12213 12310
f 12311 12310 12393
f 12379 12393 12298
f 12299 12298 12390
f 12373 12390 12371
f 12372 12371 12376
f 12485 12376 12293
f 12292 12293 12294
f 12389 12294 12387
f 12388 12387 12380
f 12352 12380 12350
f 12351 12350 11872
f 11871 11872 11873
f 12415 11873 12280
f 12271 12280 12258
f 12257 12258 12259
f 12269 12259 12268
f 12254 12268 12252
f 12253 12252 12223
f 12222 12223 12224
f 12248 12224 12251
f 12235 12251 12234
f 12204 12234 12202
f 12203 12202 12217
f 12370 12217 12364
f 12365 12364 12175
f 12174 12175 12176
f 12358 12176 12279
f 12355 12279 12278
f 12233 12278 12231
f 12232 12231 12347
f 12216 12347 12214
f 12215 12214 12324
f 12325 12324 12340
f 12283 12340 12281
f 12282 12281 11942
f 12332 11942 11941
f 11941 12344 12332
f 12111 12110 11773
f 12239 12111 11773
f 10949 11087 10948
f 10948 10635 10949
f 10664 10663 10642
f 10670 10665 11043
f 10662 10642 10663
f 10670 11285 10666
f 11812 11800 12954
f 12954 12955 11812
f 11286 10670 11479
f 11470 11283 11471
f 11477 11489 11490
f 11477 11490 11491
f 11477 11491 11486
f 11486 11473 11477
f 12274 12708 12264
f 12264 12707 12274
f 11473 11476 11474
f 11473 11474 11475
f 11473 11475 11766
f 11473 11766 11190
f 11190 11189 11473
f 11189 11190 11191
f 11191 11287 11189
f 12475 12951 12428
f 12428 12474 12475
f 11287 11290 11288
f 11287 11288 11289
f 11287 11289 11235
f 11235 11234 11287
f 11234 11235 11102
f 11102 10791 11234
f 12409 12410 12411
f 12411 12487 12409
f 11103 10789 11291
f 10790 10789 11103
f 10790 11103 11104
f 11104 11257 10790
f 11957 12484 11955
f 11955 11956 11957
f 11257 11469 11487
f 11257 11487 11255
f 11255 11256 11257
f 11256 11255 11300
f 11300 11179 11256
f 12303 11955 12458
f 12458 12425 12303
f 12494 12495 12496
f 12495 12494 12706
f 12706 12492 12495
f 11497 11278 11277
f 11216 11277 11278
f 11110 11111 11112
f 11112 11265 11110
f 12469 12470 12471
f 12471 12500 12469
f 11274 11266 11306
f 11274 11306 11307
f 11274 11307 11310
f 11274 11310 11269
f 11269 11268 11274
f 12454 12453 12948
f 12948 12714 12454
f 11247 11270 11248
f 11247 11248 11249
f 11249 11258 11247
f 12503 12712 12504
f 12503 12504 12505
f 11267 11259 11263
f 11263 11262 11267
f 12491 12504 12947
f 12947 12490 12491
f 11262 11264 11308
f 11262 11308 11309
f 11309 11246 11262
f 12462 12463 12460
f 12460 12459 12462
f 11244 11314 11315
f 11226 11319 11227
f 11226 11227 11228
f 11228 11251 11226
f 12140 11999 12138
f 12138 12139 12140
f 11138 11292 11293
f 11137 11320 11764
f 11137 11764 11133
f 11133 11132 11137
f 12449 12506 12448
f 12448 11989 12449
f 11989 12448 11987
f 11987 11988 11989
f 11312 11134 11313
f 11313 11762 11312
f 11761 11759 11762
f 11762 11763 11761
f 11759 11760 11736
f 11736 11115 11759
f 12067 12512 12065
f 12065 12066 12067
f 11114 11113 11116
f 11114 11116 11737
f 11737 11120 11114
f 12451 12501 12413
f 12413 12412 12451
f 11734 11119 11757
f 11126 11128 11755
f 11755 11756 11126
f 12481 12516 12479
f 12479 12480 12481
f 11326 11329 11753
f 11753 11754 11326
f 12942 12538 12941
f 12941 12905 12942
f 11330 11331 11332
f 11753 11332 11331
f 11331 11330 11338
f 11338 11337 11331
f 12532 12885 12530
f 12530 12531 12532
f 11347 11751 11752
f 12556 12557 12558
f 12558 12938 12556
f 11347 11349 11346
f 11347 11348 11349
f 11348 11347 11353
f 11353 11354 11348
f 12563 12562 12940
f 12940 12561 12563
f 11350 11353 11351
f 11350 11351 11352
f 11350 11352 11358
f 11358 11357 11350
f 12936 12559 12935
f 12935 12550 12936
f 12550 12935 12548
f 12548 12549 12550
f 11385 11750 11383
f 11383 11384 11385
f 11362 11363 11364
f 11364 11383 11362
f 11362 11383 11386
f 12579 12580 12581
f 11743 11741 11744
f 11744 11745 11743
f 12607 12928 12930
f 12607 12930 12608
f 12607 12608 12609
f 11388 11746 11748
f 11388 11748 11747
f 11747 11744 11388
f 12929 12973 12928
f 12929 12933 12973
f 12932 12971 12933
f 12932 12931 12971
f 12599 12601 12931
f 12599 12600 12601
f 12927 12972 12600
f 12927 12592 12972
f 11397 11399 11363
f 11397 11398 11399
f 11738 11740 11398
f 11738 11739 11740
f 12600 12599 12927
f 11741 11742 11739
f 11744 11747 11745
f 11741 11743 11742
f 11739 11738 11741
f 11398 11397 11738
f 11363 11362 11397
f 12590 12591 12592
f 12591 12590 12580
f 12580 12579 12591
f 12581 12589 12579
f 12589 12581 12585
f 12585 12584 12589
f 11378 11385 11376
f 11377 11376 11379
f 11372 11379 11380
f 11372 11380 11381
f 11372 11381 11371
f 11370 11371 11369
f 11367 11369 11365
f 11365 11366 11367
f 11366 11365 11368
f 11366 11368 11689
f 11689 11359 11366
f 11359 11689 11357
f 12564 12616 12937
f 12937 12565 12564
f 12616 12564 12549
f 12565 12937 12578
f 12570 12578 12569
f 12553 12569 12551
f 12552 12551 12571
f 12572 12571 12576
f 12577 12576 12584
f 11383 11364 11384
f 12584 12585 12577
f 12576 12577 12572
f 12571 12572 12552
f 12551 12552 12553
f 12569 12553 12570
f 12578 12570 12565
f 11385 11378 11750
f 11376 11377 11378
f 11379 11372 11377
f 11371 11370 11372
f 11369 11367 11370
f 12549 12548 12616
f 12559 12936 12560
f 12559 12560 12561
f 11357 11358 11359
f 12561 12940 12559
f 12562 12563 12557
f 11353 11350 11354
f 11345 11346 11341
f 11340 11341 11342
f 12547 12545 12554
f 12555 12554 12938
f 12938 12558 12939
f 12557 12556 12562
f 11346 11751 11347
f 12938 12939 12555
f 12554 12555 12547
f 12547 12546 12545
f 11346 11345 11751
f 11341 11340 11345
f 11342 11339 11340
f 11339 11342 11337
f 12531 12545 12546
f 12531 12530 12545
f 12885 12532 12886
f 11337 11338 11339
f 12885 12886 12905
f 12905 12941 12885
f 12538 12942 12542
f 11325 11326 11327
f 12535 12479 12536
f 12537 12536 12538
f 11753 11331 11754
f 12538 12542 12537
f 12536 12537 12535
f 11326 11325 11329
f 11327 11733 11325
f 11733 11327 11756
f 12479 12535 12480
f 12516 12481 12517
f 11127 11126 11272
f 11271 11272 11273
f 11734 11273 11117
f 12509 12414 12510
f 12414 12509 12452
f 12526 12510 12524
f 12525 12524 12516
f 11756 11755 11733
f 12516 12517 12525
f 12524 12525 12526
f 12510 12526 12509
f 11126 11127 11128
f 11272 11271 11127
f 11273 11734 11271
f 11117 11119 11734
f 11117 11118 11119
f 11118 11117 11120
f 12501 12450 12519
f 12501 12519 12066
f 12414 12452 12412
f 12412 12413 12414
f 12501 12451 12450
f 11120 11737 11118
f 11737 11116 11758
f 11113 11114 11115
f 12066 12065 12501
f 12512 12067 12518
f 11115 11736 11113
f 12512 12518 12511
f 12511 12001 12512
f 12001 12511 12002
f 12001 12002 11988
f 11759 11761 11760
f 11134 11312 11132
f 11762 11313 11763
f 11988 11987 12001
f 12506 12449 12507
f 11138 11137 11294
f 11297 11294 11280
f 12943 12138 12446
f 12445 12446 12447
f 12660 12447 12506
f 12506 12944 12660
f 12447 12660 12478
f 11132 11133 11134
f 12506 12507 12508
f 12506 12508 12944
f 11137 11139 11320
f 11137 11138 11139
f 11294 11292 11138
f 12447 12478 12445
f 12446 12445 12943
f 12138 12943 12717
f 11294 11297 11292
f 11280 11253 11297
f 11253 11280 11251
f 11251 11252 11253
f 11251 11254 11252
f 12138 12717 12139
f 11999 12140 12716
f 11999 12716 12186
f 11999 12186 11997
f 11997 11998 11999
f 11998 11997 12185
f 12185 12700 11998
f 11318 11226 11317
f 11316 11317 11245
f 12715 12460 12700
f 11251 11228 11254
f 12700 12185 12715
f 12715 12461 12460
f 11226 11318 11319
f 11317 11316 11318
f 11245 11244 11316
f 11244 11245 11246
f 11246 11314 11244
f 12459 12460 12461
f 12463 12462 12464
f 12463 12464 12502
f 11246 11309 11314
f 12463 12502 12946
f 12946 12947 12463
f 12947 12946 12490
f 11262 11263 11264
f 11259 11267 11258
f 11264 11263 11279
f 12491 12505 12504
f 12712 12503 12713
f 12712 12713 12714
f 11258 11249 11259
f 11270 11247 11268
f 12714 12948 12712
f 12453 12454 12455
f 12453 12455 12498
f 12453 12498 12499
f 12453 12499 12500
f 11268 11269 11270
f 11266 11274 11265
f 12500 12471 12453
f 12470 12469 12493
f 11305 11277 11304
f 11304 11302 11305
f 11302 11304 11178
f 11178 11177 11302
f 11177 11178 11179
f 12423 12949 12494
f 12949 12423 12425
f 12468 12466 12470
f 11265 11112 11266
f 12470 12493 12468
f 12468 12467 12466
f 12465 12466 12467
f 11110 11216 11111
f 11216 11110 11277
f 12466 12465 12492
f 11277 11305 11497
f 12492 12706 12466
f 11179 11299 11177
f 12494 12496 12423
f 11179 11298 11299
f 12423 12424 12425
f 12425 12458 12949
f 11179 11300 11298
f 12303 12950 11956
f 12484 12710 12482
f 12482 12483 12484
f 11955 12303 11956
f 12484 11957 12710
f 11257 11104 11469
f 11104 11103 11250
f 10789 10790 10791
f 12487 12484 12483
f 12487 12411 12484
f 12410 12409 12477
f 12410 12477 12427
f 12427 12428 12410
f 12428 12427 12489
f 10791 11102 10789
f 12428 12489 12474
f 12951 12475 12265
f 12265 12264 12951
f 12264 12265 12266
f 12264 12266 12472
f 12264 12472 12473
f 11287 11191 11290
f 12274 12275 12276
f 12264 12473 12707
f 12708 12274 12276
f 12708 12276 12952
f 11470 11477 11478
f 11281 11478 11284
f 11284 11282 11281
f 11282 11284 11285
f 11285 11286 11282
f 11283 11478 11281
f 12404 12407 12953
f 12405 12404 12953
f 12953 12416 12405
f 12407 12404 12406
f 12416 12953 12708
f 11473 11486 11476
f 11477 11485 11489
f 12708 12952 12709
f 12708 12709 12416
f 11477 11470 11485
f 12416 12417 12405
f 11478 11283 11470
f 11281 11282 11283
f 12404 12405 12406
f 12407 12406 12418
f 11282 11286 11483
f 12407 12418 12419
f 12419 12954 12407
f 12954 12419 12955
f 11285 10670 11286
f 10642 10662 10661
f 10643 10661 10646
f 10680 10643 10682
f 10652 10634 10633
f 10652 10633 10671
f 10671 10653 10652
f 10653 10671 10679
f 10678 10679 10671
f 10632 10671 10633
f 10632 10633 10634
f 10682 10681 10680
f 10635 10680 10681
f 10698 10697 10689
f 10651 10652 10653
f 10697 10649 10687
f 10653 10679 10650
f 10649 10648 10702
f 10678 10650 10679
f 11786 11834 11784
f 11815 11784 11813
f 10671 10632 10678
f 11819 11813 11816
f 10634 10684 10632
f 11797 11816 11790
f 10647 10660 10684
f 11790 11791 11792
f 11795 11791 11798
f 11794 11795 11796
f 11812 11799 11800
f 11804 12970 12319
f 12239 11804 12321
f 12320 12331 12330
f 12329 12239 11773
f 12330 11804 12320
f 11796 11804 11794
f 11795 11794 11817
f 11793 11817 11822
f 11821 11822 11828
f 11818 11828 11839
f 11823 11839 11840
f 11833 11840 11851
f 11829 11851 11858
f 11850 11858 11874
f 11862 11874 11875
f 11845 11875 11876
f 11881 11876 11889
f 11880 11889 11887
f 11888 11887 11903
f 11893 11903 11912
f 11906 11912 11917
f 11905 11917 11928
f 11916 11928 11940
f 11932 11940 11943
f 11937 11943 11944
f 11919 11944 11954
f 11950 11954 11964
f 11948 11964 11962
f 11963 11962 12020
f 11966 12020 12069
f 12107 12069 12117
f 12117 12135 12062
f 12135 12109 12108
f 12072 12109 11783
f 11783 11782 11780
f 11782 11774 11775
f 10974 11774 10635
f 10635 10618 10876
f 11773 12042 10624
f 10619 10624 10622
f 10617 10618 10615
f 10613 10619 10620
f 10615 10616 10617
f 10612 10613 10614
f 10621 10822 10616
f 10614 10623 10612
f 10822 10621 11144
f 10928 11144 10926
f 10927 10926 11148
f 11149 11148 11150
f 11152 11150 11151
f 11392 11151 11166
f 11159 11166 11158
f 11067 11158 11053
f 11052 11053 11036
f 11035 11036 11028
f 11029 11028 11212
f 11236 11212 11170
f 11077 11170 11075
f 11076 11075 11167
f 11215 11167 11214
f 11206 11214 10776
f 11205 10776 10775
f 10780 10775 10778
f 10779 10778 10801
f 10783 10801 10781
f 10782 10781 10668
f 10667 10668 10669
f 11391 10669 11055
f 11183 11055 10971
f 10970 10971 10972
f 11074 10972 11003
f 11009 11003 10991
f 10979 10991 10977
f 10978 10977 10968
f 10947 10968 10946
f 10945 10946 10935
f 10934 10935 10916
f 10915 10916 10909
f 10913 10909 10855
f 10887 10855 10852
f 10859 10852 10847
f 10846 10847 10832
f 10823 10832 10821
f 10821 10787 10823
f 10787 10821 10788
f 11975 12602 12603
f 12609 12603 12607
f 12928 12607 12929
f 12933 12929 12932
f 12931 12932 12599
f 12599 12926 12927
f 12592 12927 12590
f 12590 12934 12580
f 11388 11387 11746
f 10786 11389 11749
f 12603 12609 11975
f 11975 12925 10626
f 12925 12924 10626
f 12924 12894 10626
f 10786 10623 11718
f 11720 10623 11721
f 12894 12889 10626
f 12889 12304 10626
f 12304 12305 10626
f 11721 11716 11722
f 12889 12890 12304
f 11721 10623 11716
f 12304 12893 12305
f 12305 12923 10626
f 11723 10623 11726
f 11493 11107 11735
f 11222 11141 11275
f 11141 11140 11276
f 11140 11311 11767
f 11691 10793 11690
f 10623 10614 10626

usemtl Green_0
f 245 11777 228
f 228 11777 264
f 264 11777 233
f 10628 346 235
f 339 10628 235
f 337 10628 339
f 333 10628 335
f 10626 10628 333
f 349 10626 333
f 10623 10626 349
f 10623 349 340
f 10623 340 342
f 10623 342 247
f 347 10623 247
f 348 10627 344
f 10627 10623 344
f 10627 10793 10623
f 12011 11781 11777
f 10626 12011 11777
f 11777 11781 307
f 307 306 11777
f 306 351 11777
f 351 354 11777
f 11777 354 246
f 305 11777 246
f 11777 350 304
f 303 11777 304
f 253 11777 303
f 302 11777 241
f 301 11777 302
f 300 11777 301
f 231 11777 299
f 297 11777 231
f 298 11777 297
f 260 11777 230
f 230 11777 298
f 299 11777 300
f 241 11777 253
f 350 11777 305
f 307 11781 330
f 323 324 254
f 254 324 321
f 322 254 321
f 320 321 319
f 317 257 316
f 316 257 315
f 251 314 242
f 242 314 266
f 266 314 263
f 314 257 263
f 257 11027 263
f 324 11027 257
f 325 11027 324
f 239 325 324
f 328 327 326
f 329 352 327
f 327 352 325
f 326 327 325
f 259 324 237
f 243 324 259
f 352 11027 325
f 11781 11027 352
f 315 257 314
f 318 257 317
f 319 321 257
f 321 324 257
f 237 324 323
f 229 352 329
f 330 11781 352
f 11781 10793 11027
f 10793 10627 11027
f 11027 10627 353
f 10627 308 353
f 357 262 308
f 357 265 262
f 348 345 343
f 345 248 343
f 343 341 271
f 10627 343 271
f 10627 271 261
f 10627 261 282
f 357 10627 282
f 250 357 282
f 261 227 281
f 283 284 357
f 283 357 255
f 284 309 357
f 341 244 270
f 273 274 240
f 273 240 234
f 273 234 289
f 271 273 289
f 271 289 291
f 286 356 311
f 286 311 284
f 287 269 285
f 269 287 288
f 232 269 288
f 292 232 288
f 293 249 258
f 249 295 258
f 295 296 258
f 258 252 256
f 232 256 252
f 346 11777 236
f 236 11777 338
f 338 11777 336
f 334 11777 332
f 332 11777 331
f 331 11777 276
f 280 11777 268
f 268 11777 267
f 279 11777 280
f 278 11777 279
f 277 11777 278
f 275 11777 277
f 276 11777 275
f 336 11777 334
f 249 294 295
f 293 258 256
f 292 256 232
f 285 269 356
f 289 290 238
f 271 272 273
f 269 355 356
f 356 355 311
f 311 310 284
f 284 310 309
f 289 238 291
f 255 357 250
f 261 281 282
f 271 291 261
f 341 270 271
f 357 313 312
f 357 312 265
f 10627 357 308
f 10627 348 343
f 10623 347 344
f 11777 10628 10626
f 335 10628 337
f 10628 11777 346
f 11027 353 263
f 233 11777 260
f 267 11777 245

usemtl Turquoise_0
f 11389 11388 12934
f 11749 11389 12934
f 11749 12934 12590
f 12590 12927 11749
f 12927 12926 11749
f 12926 12599 11749
f 12599 12932 11749
f 12932 12929 11749
f 12929 12607 11749
f 12607 12603 11749
f 12603 12602 11749
f 12602 10787 11749
f 11043 11087 12321
f 11043 12321 12319
f 11087 12240 12321
f 10905 10741 12112
f 11088 10905 12240
f 12344 10741 10740
f 12344 10740 12332
f 12332 10740 11145
f 11145 10854 12332
f 10854 12282 12332
f 10854 10726 12282
f 10726 12283 12282
f 10841 12283 10726
f 12325 12283 10841
f 10841 12215 12325
f 10841 11165 12215
f 11165 12216 12215
f 11165 11164 12216
f 12232 12216 11164
f 11164 10864 12232
f 10864 12233 12232
f 10864 10863 12233
f 10863 12355 12233
f 10863 11154 12355
f 12355 11154 12358
f 12358 11154 11157
f 11160 12358 11157
f 12359 12358 11160
f 12359 11160 12174
f 12174 11160 11163
f 11163 11142 12174
f 12365 12174 11142
f 11142 12370 12365
f 11484 12370 11142
f 12370 11484 12203
f 12203 11484 11066
f 11066 11062 12203
f 12203 11062 12204
f 12204 11062 11040
f 11054 12204 11040
f 12235 12204 11054
f 11054 12248 12235
f 11054 11051 12248
f 11051 12222 12248
f 12222 11051 11050
f 11050 12253 12222
f 11050 11079 12253
f 11079 12254 12253
f 11079 11081 12254
f 11081 12269 12254
f 11081 11209 12269
f 11209 12257 12269
f 11209 11211 12257
f 11211 12271 12257
f 11211 11210 12271
f 11210 12415 12271
f 11210 11208 12415
f 11208 12488 12415
f 11207 11871 12488
f 11192 11871 11207
f 11172 11871 11192
f 12351 11871 11172
f 12351 11172 12352
f 12352 11172 11196
f 11224 12352 11196
f 12388 12352 11224
f 11224 12389 12388
f 12389 11224 11204
f 11204 12292 12389
f 11204 11203 12292
f 11203 12408 12292
f 12485 12408 11229
f 12485 11229 12486
f 11213 12372 12486
f 11136 12372 11213
f 12373 12372 11136
f 11136 12299 12373
f 11136 11135 12299
f 11135 12300 12299
f 11225 12379 12300
f 11225 10765 12379
f 10765 12311 12379
f 10765 10764 12311
f 10764 11176 12311
f 12277 12311 11176
f 11176 11169 12277
f 12194 12277 11169
f 11169 12195 12194
f 12195 11169 11026
f 11025 12195 11026
f 12199 12195 11025
f 11025 12704 12199
f 11025 11182 12704
f 11182 12400 12704
f 11182 11181 12400
f 11181 12397 12400
f 11181 11186 12397
f 12397 11186 12403
f 11303 12403 11186
f 12711 12403 11303
f 11303 12426 12711
f 11303 11495 12426
f 12426 11495 10640
f 10640 12705 12426
f 10640 10639 12705
f 12705 10639 11301
f 12703 12705 11301
f 12703 11301 12702
f 12702 11301 12290
f 11301 11498 12290
f 12290 11498 10990
f 12290 10990 10989
f 12238 12290 10989
f 12287 12238 10989
f 10989 11499 12287
f 12287 11499 11012
f 12297 12287 11012
f 12701 12297 11012
f 12701 11012 11011
f 12701 11011 11002
f 12701 11002 12969
f 12969 11002 12171
f 12171 11002 12189
f 10994 12189 11002
f 12153 12189 10994
f 10994 10993 12153
f 12153 10993 10987
f 12153 10987 12144
f 12144 10987 12165
f 12165 10987 10983
f 12165 10983 10982
f 12165 10982 10976
f 12164 12165 10976
f 12164 10976 12162
f 12162 10976 12150
f 10976 10957 12150
f 12150 10957 10956
f 12150 10956 10969
f 12150 10969 10965
f 12150 10965 10962
f 12150 10962 12148
f 12148 10962 12095
f 12095 10962 12141
f 12132 12141 10962
f 10960 12132 10962
f 10960 10958 12129
f 12129 10958 10954
f 12129 10954 10953
f 12129 10953 10941
f 12129 10941 10939
f 12120 12129 10939
f 12120 10939 12968
f 12968 10939 12102
f 12102 10939 12116
f 12115 12116 10939
f 10938 12115 10939
f 10938 10924 12092
f 12090 12092 10924
f 10924 10919 12090
f 12090 10919 10918
f 12090 10918 10908
f 12090 10908 10904
f 12090 10904 11994
f 11994 10904 11995
f 11995 10904 12036
f 12036 10904 12037
f 12086 12037 10904
f 10904 10902 12086
f 12086 10902 10899
f 12086 10899 10893
f 12086 10893 10888
f 12074 12086 10888
f 11959 12074 10888
f 12049 11959 10888
f 12049 10888 10886
f 12059 12049 10886
f 12048 12059 10886
f 10886 10884 12048
f 12048 10884 10872
f 12048 10872 10870
f 12048 10870 10866
f 12048 10866 10860
f 12048 10860 10853
f 12023 12048 10853
f 12023 10853 12024
f 12966 12024 10853
f 12966 10853 12967
f 12967 10853 12025
f 10853 10848 12025
f 12025 10848 12013
f 10848 10844 12013
f 12013 10844 10840
f 12013 10840 10836
f 12013 10836 10833
f 12013 10833 10829
f 12013 10829 10672
f 12013 10672 10677
f 12013 10677 12965
f 12965 10677 12007
f 12007 10677 12003
f 12003 10677 11996
f 11996 10677 12000
f 11810 10677 11811
f 11806 11811 10677
f 11806 10677 10676
f 10676 11807 11806
f 11807 10676 10807
f 10807 11981 11807
f 12000 10677 11810
f 12023 12046 12048
f 11959 12063 12074
f 12090 12106 12092
f 12092 12115 10938
f 10960 12129 12132
f 12297 12296 12287
f 12238 12237 12290
f 12300 11135 11225
f 12486 11229 11213
f 11229 12408 11203
f 11208 11207 12488
f 10828 11981 10807
f 10828 12017 11981
f 12017 10828 11460
f 11460 12657 12017
f 11451 12863 11459
f 11459 12863 12657
f 12539 11444 11427
f 11427 12665 12539
f 12666 11432 11431
f 11431 12668 12666
f 10875 12520 12668
f 12520 10875 11374
f 11374 12633 12520
f 10823 12602 11984
f 11984 12032 10823
f 10846 10823 12032
f 12032 11986 10846
f 10846 11986 10859
f 11951 10859 11986
f 10859 11951 10887
f 11951 12031 10887
f 10887 12031 10897
f 10897 12058 10913
f 12083 10913 12058
f 10913 12083 10915
f 12083 12088 10915
f 10934 10915 12088
f 12088 12087 10934
f 10934 12087 10945
f 12081 10945 12087
f 12081 12080 10947
f 10980 10947 12080
f 12080 12125 10980
f 10978 10980 12125
f 12136 10978 12125
f 10978 12136 10979
f 12161 10979 12136
f 10979 12161 10999
f 10999 11931 11009
f 12192 11009 11931
f 11930 11074 12192
f 11074 11930 10970
f 11930 12888 10970
f 11183 10970 12888
f 12888 12201 11183
f 11183 12201 11241
f 11241 12291 11391
f 12291 12396 11391
f 11391 12396 12610
f 10667 11391 12610
f 10667 12610 10782
f 10782 12610 11901
f 10782 11901 12611
f 10783 10782 12611
f 10783 12611 10779
f 10779 12611 11900
f 10779 11900 12261
f 10780 10779 12261
f 10780 12261 11205
f 11205 12261 12260
f 12260 12377 11205
f 12377 11206 11205
f 12377 12385 11206
f 11206 12385 11215
f 11215 12385 12386
f 11076 11215 12386
f 11076 12386 11077
f 11077 12386 12374
f 11077 12374 12612
f 11077 12612 11171
f 12368 11236 11171
f 11236 12368 12383
f 12383 11029 11236
f 11029 12383 11030
f 11035 11030 12230
f 11035 12230 11052
f 11052 12230 12229
f 11052 12229 12262
f 11052 12262 11064
f 11067 11065 11860
f 11067 11860 11159
f 11159 11860 12346
f 11159 12346 12613
f 12613 11392 11159
f 11392 12613 11152
f 12343 11152 12613
f 11152 12343 12887
f 11149 11152 12887
f 11149 12887 10927
f 10927 12887 12342
f 12345 10927 12342
f 10928 10927 12345
f 10928 12345 10822
f 10822 12345 12255
f 10822 12255 12249
f 10889 10822 12249
f 10889 12249 10922
f 11393 12056 10914
f 10914 12056 12055
f 12055 12328 10914
f 12328 10850 10914
f 11394 11091 12614
f 11394 12614 10837
f 10837 12614 12334
f 10837 12334 12333
f 11146 10837 12333
f 11146 12333 11085
f 11049 12211 11039
f 12211 12210 11039
f 11039 12210 11017
f 11031 12219 11061
f 11061 12219 12218
f 12218 12246 11061
f 11061 12246 11063
f 11021 12241 11059
f 11059 12241 12378
f 12367 11059 12378
f 11058 11059 12367
f 11058 12367 11233
f 11073 12381 10755
f 12381 12384 10755
f 12384 11201 10755
f 12157 11071 11199
f 12244 12157 11199
f 12244 11199 11201
f 12157 12205 11071
f 11071 12205 11221
f 11220 11195 12167
f 11220 12167 11008
f 11008 12167 12166
f 11008 12166 12618
f 11008 12618 11007
f 11014 12295 11006
f 11006 12295 12401
f 11006 12401 11004
f 12169 10996 10998
f 10998 12182 12169
f 11004 12182 10998
f 10996 12169 12163
f 10996 12163 10995
f 10963 12130 10944
f 10944 12130 12124
f 12124 10942 10944
f 12105 10912 10967
f 10967 12114 12105
f 10942 12114 10967
f 10912 12105 12089
f 10912 12089 10911
f 12084 10896 10911
f 10896 12084 12077
f 10896 12077 10858
f 12051 10856 10858
f 10856 12051 12027
f 12027 10813 10856
f 11979 10809 10811
f 10811 12018 11979
f 10813 12018 10811
f 10809 11979 11978
f 11978 10805 10809
f 10827 12016 10880
f 10827 12015 12016
f 10805 12015 10827
f 12625 11411 11643
f 12604 11643 11401
f 10882 12605 11401
f 12588 10882 10880
f 10805 11978 12015
f 10813 12027 12018
f 10858 12077 12051
f 10911 12089 12084
f 10942 12124 12114
f 10963 12160 12130
f 12160 10963 10995
f 10995 12163 12160
f 11004 12401 12182
f 11014 12181 12295
f 12181 11014 11007
f 11007 12618 12181
f 11195 12209 12167
f 11221 12209 11195
f 12205 12209 11221
f 12384 12244 11201
f 12022 12381 11073
f 11073 12375 12022
f 11230 12375 11073
f 11230 11233 12375
f 12375 11233 12366
f 11233 12367 12366
f 11021 11023 12241
f 12241 11023 12242
f 12242 11023 11063
f 12246 12242 11063
f 11031 11017 12219
f 11017 12210 12219
f 12361 12211 11049
f 11049 12356 12361
f 11155 12356 11049
f 11155 11085 12356
f 11085 12348 12356
f 11085 12333 12348
f 11091 12339 12614
f 10850 12339 11091
f 12328 12339 10850
f 11393 10900 12056
f 10900 11921 12056
f 10742 11921 10900
f 11922 11921 10742
f 11922 10742 10922
f 11890 11922 10922
f 10922 12249 11890
f 11065 11861 11860
f 11861 11065 11064
f 11861 11064 12262
f 12230 11030 12382
f 12382 11030 12383
f 12368 11171 12612
f 12201 12291 11241
f 11009 12192 11074
f 12161 11931 10999
f 10945 12081 10947
f 12031 12058 10897
f 10880 12016 12588
f 10882 12588 12605
f 11401 12605 12604
f 11643 12604 12625
f 11411 12625 12568
f 11411 12568 11638
f 11638 12568 12583
f 12583 11414 11638
f 11414 12583 12633
f 12633 11374 11414
f 10875 12668 11431
f 11432 12666 12665
f 12665 11427 11432
f 11444 12539 12684
f 11444 12684 11451
f 12863 11451 12684
f 11459 12657 11460
f 10741 12344 12112
f 10905 12112 12240
f 11087 11088 12240
f 11043 12318 10670
f 11812 12955 11479
f 11479 10670 11812
f 11479 12419 11286
f 11286 12419 12418
f 11483 11286 12418
f 11483 12418 12406
f 11282 11483 12406
f 11282 12406 12405
f 11283 11282 12405
f 12405 11471 11283
f 11470 11471 12417
f 11470 12417 12416
f 11485 11470 12416
f 11485 12416 12709
f 12709 12952 11485
f 11489 11485 12952
f 12952 11490 11489
f 11476 12274 12707
f 12707 11474 11476
f 11290 12475 12474
f 12474 11288 11290
f 12487 10789 12409
f 12409 10789 11102
f 12487 12483 10789
f 10789 12483 11291
f 11469 11957 11956
f 11956 11487 11469
f 12425 11300 12303
f 12425 12424 11300
f 11298 11300 12424
f 12424 12423 11298
f 11299 11298 12423
f 11299 12423 12496
f 11177 11299 12496
f 12495 11177 12496
f 11305 12495 12492
f 11497 11305 12492
f 11497 12492 12465
f 11497 12465 11278
f 11216 11278 12467
f 11111 11216 12467
f 12467 12468 11111
f 12468 12493 11111
f 12493 11112 11111
f 12469 12500 11306
f 12493 12469 11306
f 11306 11266 12493
f 12454 12714 11248
f 12455 12454 11248
f 11248 11270 12455
f 11270 11269 12455
f 12503 12505 11279
f 12713 12503 11279
f 11279 11263 12713
f 11263 11259 12713
f 11259 11249 12713
f 12490 11279 12491
f 11279 12490 11264
f 12490 12946 11264
f 12946 12502 11264
f 11264 12502 11308
f 11314 12462 12459
f 11314 12459 11315
f 12461 11244 11315
f 11316 11244 12461
f 11318 11316 12461
f 11319 11318 12461
f 11319 12461 12715
f 11319 12715 12185
f 11319 12185 12186
f 11319 12186 11227
f 12140 12139 11254
f 12716 12140 11254
f 11254 11228 12716
f 11252 11254 12139
f 12139 12717 11252
f 11253 11252 12717
f 11297 11253 12717
f 11292 11297 12717
f 11292 12717 12943
f 11292 12943 12445
f 11292 12445 12478
f 11292 12478 11293
f 11138 11293 12944
f 11139 11138 12944
f 11320 11139 12944
f 12944 12508 11320
f 11320 12508 12507
f 11320 12507 11764
f 12449 11989 11764
f 11989 11988 11763
f 11763 11313 11989
f 11313 11134 11989
f 11134 11133 11989
f 12002 11761 11763
f 11760 11761 12002
f 11760 12002 12511
f 11760 12511 12518
f 12518 11736 11760
f 12067 12066 11116
f 12518 12067 11116
f 11116 11113 12518
f 12451 12412 12452
f 12450 12451 12452
f 11119 12450 12452
f 11119 12452 11757
f 11734 11757 12509
f 11271 11734 12509
f 11127 11271 12509
f 11128 11127 12509
f 12509 12526 11128
f 12526 12525 11128
f 12525 12517 11128
f 11128 12517 11755
f 12481 12480 11755
f 11733 11755 12480
f 11325 11733 12480
f 11329 11325 12480
f 11329 12480 12535
f 12535 12537 11329
f 12537 12542 11329
f 12542 11753 11329
f 12942 12905 11332
f 12542 12942 11332
f 12905 12886 11332
f 11332 12886 11330
f 12532 12531 11339
f 11339 11338 12532
f 12531 12546 11339
f 11340 11339 12546
f 11345 11340 12546
f 11751 11345 12546
f 12546 12547 11751
f 12547 12555 11751
f 12555 12939 11751
f 11751 12939 11752
f 12557 11347 11752
f 11752 12558 12557
f 12563 12561 11351
f 12557 12563 11351
f 11351 11353 12557
f 12936 12550 11352
f 12560 12936 11352
f 11367 12550 12549
f 11367 12549 12565
f 11370 11367 12565
f 11372 11370 12565
f 11377 11372 12565
f 11378 11377 12565
f 11750 11378 12565
f 11750 12565 12570
f 12570 12553 11750
f 12553 12552 11750
f 11750 12552 12572
f 11750 12572 12577
f 11750 12577 12585
f 11750 12585 11383
f 12934 11362 11386
f 11386 12580 12934
f 12581 12580 11386
f 11397 11362 12934
f 11738 11397 12934
f 11741 11738 12934
f 11744 11741 12934
f 11386 11383 12581
f 11366 11359 12550
f 11359 11358 12550
f 12585 12581 11383
f 12549 12564 12565
f 11367 11366 12550
f 12550 11358 11352
f 11351 12560 11352
f 12561 12560 11351
f 11353 11347 12557
f 11752 12939 12558
f 12532 11338 11330
f 11330 12886 12532
f 11332 11753 12542
f 12517 12481 11755
f 12452 12509 11757
f 11119 11118 12450
f 11118 11737 12450
f 12450 11737 11758
f 12519 12450 11758
f 11116 12519 11758
f 12066 12519 11116
f 11113 11736 12518
f 11988 12002 11763
f 11133 11764 11989
f 12507 12449 11764
f 12660 12944 11293
f 11293 12478 12660
f 12716 11228 11227
f 12716 11227 12186
f 12185 11997 12186
f 12459 12461 11315
f 11314 12464 12462
f 11314 11309 12464
f 12464 11309 11308
f 12464 11308 12502
f 12505 12491 11279
f 12713 11249 11248
f 11248 12714 12713
f 12499 12498 11307
f 12498 12455 11310
f 11269 11310 12455
f 11310 11307 12498
f 11307 11306 12499
f 12500 12499 11306
f 11266 11112 12493
f 12465 12467 11278
f 11305 11302 12495
f 11302 11177 12495
f 12303 11300 11255
f 11255 11487 12303
f 12303 11487 12950
f 11956 12950 11487
f 11957 11469 11104
f 11250 11957 11104
f 12710 11957 11250
f 11250 12482 12710
f 12482 11103 12483
f 11250 11103 12482
f 12483 11103 11291
f 12427 11288 12489
f 11289 12427 12477
f 11235 12477 12409
f 11102 11235 12409
f 11235 11289 12477
f 11289 11288 12427
f 12474 12489 11288
f 12475 11290 11191
f 12475 11191 12265
f 11475 12473 12472
f 12472 12266 11766
f 12265 11766 12266
f 12265 11191 11190
f 11190 11766 12265
f 12472 11766 11475
f 11475 11474 12473
f 12707 12473 11474
f 12274 11476 11486
f 11486 12275 12274
f 12276 12275 11491
f 11486 11491 12275
f 12276 11491 11490
f 11490 12952 12276
f 12405 12417 11471
f 12419 11479 12955
f 10670 12318 11812
f 12319 12318 11043
f 10823 10787 12602
f 11388 11744 12934

usemtl Turquoise_0
f 11726 11727 12923
f 11726 12923 11723
f 11723 12923 12305
f 12305 12893 11723
f 12893 11717 11723
f 11717 12304 11716
f 11716 12304 12890
f 11722 11716 12890
f 11722 12890 11721
f 11721 12890 12889
f 11721 12889 12894
f 11720 11721 12894
f 11720 12894 11719
f 11718 11719 12925
f 11718 12925 10786
f 10786 12925 11975
f 11975 12609 10786
f 10786 12609 11387
f 10660 11800 11790
f 10684 10660 11790
f 10684 11790 11816
f 10632 10684 11816
f 10632 11816 11813
f 10678 10632 11813
f 10678 11813 11784
f 11784 11834 10678
f 10678 11834 10648
f 10644 10815 12076
f 10644 12076 11787
f 11787 11472 10644
f 10723 11836 11867
f 10704 10723 11867
f 10704 11867 11847
f 10745 10704 11847
f 10745 11847 11894
f 10710 10745 11894
f 10710 11894 11855
f 10758 10710 11855
f 10758 11855 11902
f 10716 10758 11902
f 10716 11902 11877
f 10729 10716 11877
f 10729 11877 11884
f 11884 11923 10729
f 10729 11923 10720
f 10746 10736 11934
f 10746 11934 11896
f 10774 10746 11896
f 10774 11896 11938
f 10766 10774 11938
f 11938 11913 10766
f 10785 10766 11913
f 10785 11913 11967
f 10771 10785 11967
f 10771 11967 11925
f 10931 10771 11925
f 10931 11925 12019
f 10753 10931 12019
f 10753 12019 11945
f 10950 10753 11945
f 10950 11945 12122
f 10815 10950 12122
f 11934 10736 11923
f 10693 10657 11864
f 10693 11864 11836
f 11864 10657 11853
f 11841 10702 11834
f 10685 10702 11841
f 10685 11841 11801
f 10654 10685 11801
f 10654 11801 11825
f 11825 11853 10654
f 10654 11853 10695
f 11853 10657 10695
f 11923 10736 10720
f 10723 10693 11836
f 12456 12444 11109
f 10932 12456 11109
f 11105 12457 10932
f 10933 12429 11105
f 11295 12430 10933
f 11296 12476 11295
f 11296 11771 12433
f 11771 11130 12432
f 11130 11131 12431
f 11695 12402 11131
f 11695 11694 12394
f 11694 11496 12395
f 11496 12962 12395
f 11496 11481 12962
f 11481 12420 12962
f 11481 11482 12420
f 12421 11482 11772
f 11772 10920 12421
f 10920 11099 12963
f 11099 10921 12961
f 10921 11480 12960
f 11480 11242 12956
f 12956 11242 12957
f 12957 11242 11243
f 11218 12957 11243
f 11911 12957 11218
f 11218 11217 11909
f 11910 11217 11097
f 11097 11098 12434
f 11098 10795 12435
f 10795 10792 12436
f 12437 10792 10794
f 10794 12438 12437
f 10794 11100 12438
f 12439 12438 11100
f 12439 11100 11101
f 12959 11101 11765
f 11765 11239 12959
f 11239 11240 12440
f 11239 12440 11830
f 11240 11831 12440
f 11240 11095 11831
f 11095 11096 12422
f 11096 11092 11842
f 11092 11843 11842
f 11092 11094 11843
f 11094 11844 11843
f 11094 11093 11844
f 11108 12443 11185
f 12497 11185 12443
f 12012 12964 11690
f 11690 11121 12012
f 11123 12053 11121
f 11122 12100 11123
f 11122 11770 12101
f 11770 11184 12442
f 11691 11690 12964
f 12964 12143 11311
f 11311 12143 11767
f 12142 11767 12143
f 11767 12142 11140
f 11992 11140 12142
f 11992 11991 11276
f 11276 11991 11141
f 11990 11141 11991
f 11141 11990 11275
f 11990 12945 11275
f 11222 11275 12945
f 12006 11222 12945
f 12006 12005 11223
f 12004 11768 12005
f 12004 12392 11769
f 12392 12391 11494
f 12391 12617 11129
f 12617 12152 11056
f 12152 12151 11057
f 12360 11237 12151
f 12360 12907 11106
f 12354 11107 12907
f 11107 12354 11735
f 12354 12353 11735
f 11735 12353 11493
f 12917 11493 12353
f 12917 12918 11321
f 12897 11322 12918
f 12897 12896 11328
f 12896 12895 11390
f 12906 11492 12895
f 12906 12901 11696
f 12901 12315 11732
f 12314 11707 12315
f 12314 12916 11705
f 12916 12533 11706
f 12534 11708 12533
f 12615 12919 11698
f 12919 12313 11704
f 12312 11702 12313
f 12312 12515 11703
f 12904 11231 12515
f 12527 11232 12904
f 12527 12920 11731
f 12920 12915 11355
f 12915 12914 11356
f 12914 12184 11730
f 11730 12184 12183
f 11361 12183 12587
f 11361 12587 12586
f 11382 12586 12575
f 11382 12575 12574
f 12573 12909 10868
f 12909 12902 11700
f 11709 12902 12903
f 11711 12903 12198
f 11711 12198 12197
f 12196 11701 12197
f 10834 12196 12921
f 12309 11161 12921
f 12308 11161 12309
f 11728 12308 12908
f 11728 12908 12913
f 12594 11729 12913
f 11715 12594 12593
f 11693 12593 12911
f 11693 12911 12910
f 12900 11713 12910
f 11713 12900 12899
f 11090 12899 12898
f 12912 11090 12898
f 11395 12912 12892
f 11395 12892 12891
f 11724 12891 12307
f 12307 12306 11724
f 12306 12922 11725
f 10868 12574 12573
f 12534 12615 11697
f 11140 11992 11276
f 12053 12012 11121
f 12053 11123 12100
f 12101 12100 11122
f 12442 12101 11770
f 12442 11184 12497
f 11185 12497 11184
f 12443 11108 12444
f 11109 12444 11108
f 12456 10932 12457
f 12457 11105 12429
f 12429 10933 12430
f 12476 12430 11295
f 12476 11296 12433
f 12432 12433 11771
f 12431 12432 11130
f 12402 12431 11131
f 12402 11695 12394
f 12395 12394 11694
f 12420 11482 12421
f 12441 12421 10920
f 10920 12963 12441
f 11099 12961 12963
f 10921 12960 12961
f 11480 12956 12960
f 11218 11909 11911
f 11910 11909 11217
f 11097 12434 11910
f 12435 12434 11098
f 10795 12436 12435
f 12437 12436 10792
f 11101 12959 12439
f 11830 12959 11239
f 11095 12422 11831
f 11096 11842 12422
f 11093 12958 11844
f 11093 11472 12958
f 11787 12958 11472
f 10815 12122 12076
f 10666 11285 12954
f 10666 12954 11800
f 12708 11477 11473
f 11473 12264 12708
f 12951 11189 11287
f 11287 12428 12951
f 12410 11234 10791
f 10791 12411 12410
f 12484 10790 11257
f 11257 11955 12484
f 11179 12458 11256
f 11256 12458 11955
f 12470 11110 11265
f 11265 12471 12470
f 12453 11274 11268
f 11268 12948 12453
f 12712 11247 11258
f 11258 12504 12712
f 11262 12947 11267
f 11267 12947 12504
f 12463 11262 11246
f 11246 12460 12463
f 11999 11226 11251
f 11251 12138 11999
f 12506 11137 11132
f 11132 12448 12506
f 11987 11312 11762
f 11762 12001 11987
f 11759 12001 11762
f 12512 11759 11115
f 11115 12065 12512
f 11120 12501 11114
f 11114 12501 12065
f 11120 12413 12501
f 12516 11126 11756
f 11756 12479 12516
f 12538 11326 11754
f 11754 12941 12538
f 12885 11331 11337
f 11337 12530 12885
f 11349 12556 12938
f 12938 11346 11349
f 12562 11348 11354
f 11354 12940 12562
f 12559 11350 11357
f 11357 12935 12559
f 12589 11385 11384
f 12579 12589 11384
f 12579 11384 11364
f 12591 12579 11364
f 11363 12591 11364
f 12933 11743 11745
f 12973 12933 11745
f 11747 12973 11745
f 12928 12973 11747
f 11747 12930 12928
f 11746 12608 12930
f 11748 11746 12930
f 11387 12608 11746
f 11748 12930 11747
f 12971 11743 12933
f 11739 12971 12931
f 12601 11739 12931
f 11398 12601 12600
f 12972 11398 12600
f 11363 12972 12592
f 11399 12972 11363
f 11399 11398 12972
f 11740 12601 11398
f 11740 11739 12601
f 11742 12971 11739
f 11742 11743 12971
f 12592 12591 11363
f 12589 12584 11385
f 12584 11376 11385
f 12584 12576 11376
f 11376 12576 11379
f 12576 12571 11379
f 11379 12571 11380
f 11381 12551 11371
f 11371 12551 12569
f 11371 12569 12578
f 11371 12578 11369
f 11369 12578 12937
f 12937 11365 11369
f 11368 12548 11689
f 11368 12616 12548
f 11365 12616 11368
f 11365 12937 12616
f 11381 11380 12551
f 11380 12571 12551
f 11689 12548 12935
f 11689 12935 11357
f 11350 12559 12940
f 11350 12940 11354
f 11348 12562 12556
f 11346 12938 12554
f 11346 12554 11341
f 11341 12554 12545
f 12545 11342 11341
f 11342 12545 12530
f 11348 12556 11349
f 11342 12530 11337
f 11331 12885 12941
f 11331 12941 11754
f 11326 12538 12536
f 12536 11327 11326
f 11327 12536 12479
f 11327 12479 11756
f 11126 12516 12524
f 12524 11272 11126
f 11272 12524 12510
f 11272 12510 11273
f 11273 12510 12414
f 11273 12414 11117
f 11117 12414 12413
f 12413 11120 11117
f 12065 11115 11114
f 11759 12512 12001
f 11312 11987 12448
f 12448 11132 11312
f 11137 12506 12447
f 11137 12447 11294
f 11294 12447 12446
f 12446 11280 11294
f 11280 12446 12138
f 12700 11317 11998
f 11226 11998 11317
f 11317 12700 11245
f 11245 12700 12460
f 12138 11251 11280
f 11226 11999 11998
f 11245 12460 11246
f 11262 12463 12947
f 12504 11258 11267
f 11247 12712 12948
f 12948 11268 11247
f 11274 12453 12471
f 12471 11265 11274
f 11110 12470 12466
f 12466 11277 11110
f 11277 12466 12706
f 11277 12706 11304
f 11178 12949 11179
f 11178 12494 12949
f 12494 11178 11304
f 11304 12706 12494
f 11179 12949 12458
f 11256 11955 11257
f 10790 12484 12411
f 10790 12411 10791
f 11234 12410 12428
f 11234 12428 11287
f 11189 12951 12264
f 11189 12264 11473
f 11477 12708 12953
f 11477 12953 11478
f 11478 12953 12407
f 12407 11284 11478
f 11285 11284 12407
f 11285 12407 12954
f 11834 10702 10648
f 10660 10666 11800
f 12609 12608 11387
f 11719 12924 12925
f 11719 12894 12924
f 12893 12304 11717
f 11727 12922 12923
f 11725 12922 11727
f 12306 11725 11724
f 11396 12891 11724
f 11396 11395 12891
f 11714 12912 11395
f 11714 11090 12912
f 11089 12899 11090
f 11089 11713 12899
f 11712 12910 11713
f 12910 11712 11693
f 11692 12593 11693
f 11692 11715 12593
f 11729 12594 11715
f 11728 12913 11729
f 11162 12308 11728
f 11162 11161 12308
f 10835 12921 11161
f 12921 10835 10834
f 12196 10834 11701
f 11711 12197 11701
f 11710 12903 11711
f 11710 11709 12903
f 11700 12902 11709
f 12909 11700 10868
f 10867 12574 10868
f 10867 11382 12574
f 11699 12586 11382
f 11699 11361 12586
f 11360 12183 11361
f 11360 11730 12183
f 11356 12914 11730
f 11355 12915 11356
f 11355 11731 12920
f 11232 12527 11731
f 11231 12904 11232
f 11703 12515 11231
f 11702 12312 11703
f 11704 12313 11702
f 11704 11698 12919
f 11697 12615 11698
f 11708 12534 11697
f 11706 12533 11708
f 11706 11705 12916
f 11707 12314 11705
f 11732 12315 11707
f 11696 12901 11732
f 11492 12906 11696
f 11390 12895 11492
f 11390 11328 12896
f 11322 12897 11328
f 11321 12918 11322
f 11493 12917 11321
f 11106 12907 11107
f 11237 12360 11106
f 11057 12151 11237
f 11056 12152 11057
f 11056 11129 12617
f 11494 12391 11129
f 11494 11769 12392
f 11768 12004 11769
f 11223 12005 11768
f 11222 12006 11223
f 11311 11691 12964

usemtl Turquoise_0
f 10876 12042 12544
f 10876 12544 11568
f 11656 11657 12730
f 11512 11656 12855
f 12856 11511 11512
f 11655 11511 12857
f 11655 12729 11505
f 11504 11505 12728
f 11503 11504 12728
f 11510 11503 12723
f 11510 12722 11658
f 11502 11658 12859
f 11501 11502 12719
f 11500 11501 12718
f 11488 11500 12860
f 11238 11488 12041
f 12041 10871 11238
f 12010 12659 11468
f 12010 11468 10871
f 12866 11465 12697
f 12698 12697 11465
f 12866 12865 11458
f 12686 11445 12865
f 12865 11445 11453
f 12865 11453 11452
f 11454 12540 12689
f 11428 11454 12689
f 11428 12689 12690
f 12690 12664 11428
f 11428 12664 11429
f 12667 12847 11430
f 11430 12695 12667
f 11535 11430 12847
f 12847 11536 11535
f 11261 12678 11260
f 12681 11260 12678
f 12846 11660 12669
f 12867 12669 11660
f 11421 12636 12637
f 12637 11420 11421
f 11673 12879 11619
f 11619 12879 12801
f 11619 12801 12636
f 12832 12833 10874
f 10873 12832 10874
f 11334 12649 10873
f 12650 12649 11334
f 11333 12650 11334
f 12650 11333 12835
f 12677 11435 12683
f 11436 12683 11435
f 12681 12683 11436
f 11435 12677 11438
f 11438 12676 11437
f 11663 11434 12872
f 11434 11450 12873
f 11433 12749 11450
f 12749 11433 12750
f 11662 12750 11433
f 12751 12750 11662
f 11447 12751 11662
f 11447 11449 12871
f 11448 12528 11449
f 11448 11651 12529
f 11651 11652 12521
f 11652 11664 12522
f 11664 11665 12523
f 11666 12840 11665
f 11667 12870 11666
f 11668 12869 11667
f 11442 12841 11668
f 11442 11443 12842
f 11439 12670 11443
f 12670 11439 12868
f 11441 12868 11439
f 12868 11441 12671
f 11440 12671 11441
f 11669 12740 11440
f 11437 12680 11669
f 12677 12676 11438
f 12680 11437 12676
f 12680 12740 11669
f 12671 11440 12740
f 12670 12842 11443
f 12842 12841 11442
f 12869 11668 12841
f 12870 11667 12869
f 12870 12840 11666
f 12840 12523 11665
f 12523 12522 11664
f 12522 12521 11652
f 12521 12529 11651
f 12528 11448 12529
f 12528 12871 11449
f 12871 12751 11447
f 12749 12873 11450
f 12873 12872 11434
f 12872 12835 11663
f 11333 11663 12835
f 11687 12652 11606
f 11422 12874 11687
f 11607 12877 11605
f 11606 12651 11607
f 11605 12648 11409
f 12648 12647 11409
f 11409 12647 11408
f 12646 11408 12647
f 11408 12646 11417
f 11417 12876 11416
f 11686 11416 12875
f 11685 11686 12645
f 11685 12644 11419
f 11418 11419 12881
f 11418 12643 11614
f 11614 12642 11684
f 11684 12880 11424
f 11423 11424 12882
f 11423 12641 11681
f 11683 11681 12640
f 11683 12639 11672
f 11672 12638 11671
f 11682 11671 12878
f 11679 11682 12632
f 11678 11680 12884
f 11679 12631 11680
f 11678 12635 11677
f 11677 12634 11676
f 11676 12883 11675
f 11675 12630 11674
f 12832 10873 12649
f 10874 12833 11422
f 12874 11422 12833
f 12874 12652 11687
f 12651 11606 12652
f 12651 12877 11607
f 12648 11605 12877
f 12646 12876 11417
f 12875 11416 12876
f 12875 12645 11686
f 12645 12644 11685
f 12644 12881 11419
f 12881 12643 11418
f 12643 12642 11614
f 12880 11684 12642
f 12880 12882 11424
f 12882 12641 11423
f 12641 12640 11681
f 12640 12639 11683
f 12639 12638 11672
f 12878 11671 12638
f 12878 12632 11682
f 12632 12631 11679
f 12631 12884 11680
f 12884 12635 11678
f 12634 11677 12635
f 12883 11676 12634
f 12883 12630 11675
f 12630 12629 11674
f 11674 12629 12879
f 11673 11674 12879
f 11420 12637 11375
f 12636 11421 11619
f 11375 12637 12834
f 12834 12628 11375
f 12628 11373 11375
f 12582 11580 11373
f 11580 12582 12567
f 12567 11688 11580
f 12626 11413 11639
f 11639 12566 12626
f 12598 10878 10879
f 10879 12008 12598
f 12008 10879 11407
f 11400 12758 11407
f 12758 11400 11402
f 11571 12620 11402
f 11571 11575 12620
f 11578 12764 11575
f 12764 11578 11579
f 12765 11579 11405
f 11406 12606 11405
f 11406 11635 12606
f 11635 11636 12606
f 11645 12622 11636
f 11636 12622 12621
f 11645 11410 12622
f 11410 12623 12622
f 11412 12623 11410
f 12627 11412 11413
f 12627 12623 11412
f 10878 12598 11572
f 11589 11588 12771
f 11589 12771 11585
f 11585 12771 12772
f 12773 11585 12772
f 10877 12831 12042
f 12831 10877 11590
f 12830 11590 11599
f 11600 12829 11599
f 12828 11600 11601
f 12827 11601 11602
f 11603 12826 11602
f 12825 11603 11604
f 11608 12824 11604
f 11609 12823 11608
f 12822 11609 11610
f 12821 11610 11611
f 11612 12820 11611
f 12819 11612 11613
f 12818 11613 11615
f 11616 12817 11615
f 12816 11616 11617
f 11618 12815 11617
f 12814 11618 11620
f 11621 12813 11620
f 12812 11621 11622
f 11623 12811 11622
f 12810 11623 11624
f 11625 12809 11624
f 12808 11625 11626
f 11627 12807 11626
f 11628 12806 11627
f 11629 12805 11628
f 12804 11629 11630
f 11631 12803 11630
f 11632 12800 11631
f 11632 11633 12800
f 11634 12798 11633
f 11597 12799 11634
f 12797 11597 11598
f 12796 11598 11637
f 12794 11637 11640
f 11641 12795 11640
f 11642 12792 11641
f 11642 11644 12792
f 11646 12790 11644
f 11646 11647 12790
f 11566 12787 11647
f 11566 11567 12787
f 12788 11567 11648
f 11649 12786 11648
f 11569 12784 11649
f 11569 11570 12784
f 11650 12782 11570
f 11596 12783 11650
f 11576 12781 11596
f 11576 11577 12781
f 11591 12779 11577
f 11591 11592 12779
f 11593 12775 11592
f 11593 11594 12775
f 11595 12776 11594
f 11583 12752 11595
f 12752 11583 11584
f 11403 12774 11584
f 12773 11403 11404
f 11590 12830 12831
f 11599 12829 12830
f 11600 12828 12829
f 11601 12827 12828
f 11602 12826 12827
f 11603 12825 12826
f 11604 12824 12825
f 11608 12823 12824
f 11609 12822 12823
f 11610 12821 12822
f 11611 12820 12821
f 11612 12819 12820
f 11613 12818 12819
f 11615 12817 12818
f 11616 12816 12817
f 11617 12815 12816
f 11618 12814 12815
f 11620 12813 12814
f 11621 12812 12813
f 11622 12811 12812
f 11623 12810 12811
f 11624 12809 12810
f 11625 12808 12809
f 11626 12807 12808
f 11627 12806 12807
f 11628 12805 12806
f 11629 12804 12805
f 11630 12803 12804
f 11631 12802 12803
f 11631 12800 12802
f 11633 12798 12800
f 12799 12798 11634
f 12797 12799 11597
f 12796 12797 11598
f 12794 12796 11637
f 12795 12794 11640
f 12791 12795 11641
f 11641 12792 12791
f 12792 11644 12793
f 11644 12790 12793
f 12790 11647 12789
f 11647 12787 12789
f 12787 11567 12788
f 12786 12788 11648
f 12785 12786 11649
f 11649 12784 12785
f 11570 12782 12784
f 12783 12782 11650
f 12780 12783 11596
f 11596 12781 12780
f 11577 12778 12781
f 11577 12779 12778
f 11592 12777 12779
f 11592 12775 12777
f 11594 12776 12775
f 12769 12776 11595
f 11595 12752 12769
f 11584 12753 12752
f 11584 12774 12753
f 12773 12774 11403
f 11404 11585 12773
f 12596 11572 12597
f 11574 12596 12595
f 11574 12595 12763
f 11415 12763 12762
f 12768 11415 12762
f 11344 12768 12761
f 12760 11344 12761
f 11582 12760 12757
f 11582 12757 12755
f 11582 12755 12754
f 11587 12754 12756
f 12756 12770 11587
f 11588 12770 12771
f 11587 12770 11588
f 11586 12754 11587
f 12754 11586 11582
f 11336 12760 11582
f 11335 12760 11336
f 11335 11344 12760
f 11343 12768 11344
f 11343 11415 12768
f 11581 12763 11415
f 11581 11574 12763
f 11573 12596 11574
f 11573 11572 12596
f 11572 12598 12597
f 12008 11407 12758
f 11402 12759 12758
f 11402 12619 12759
f 12620 12619 11402
f 12620 11575 12766
f 12766 11575 12764
f 11579 12765 12764
f 12765 11405 12767
f 12606 12767 11405
f 11636 12624 12606
f 11636 12621 12624
f 11639 12567 12566
f 12626 12627 11413
f 11688 12567 11639
f 11373 12628 12582
f 11661 12846 12682
f 11653 12682 12679
f 11260 12681 11436
f 12679 12678 11261
f 11653 12679 11261
f 12682 11653 11670
f 11670 11661 12682
f 11661 11660 12846
f 12867 11660 11536
f 12867 11536 12847
f 12695 11430 11429
f 12695 11429 12664
f 12540 11454 11457
f 11659 12540 11457
f 12541 12540 11659
f 11659 12693 12541
f 12694 11445 12685
f 11461 11445 12694
f 12694 11446 11461
f 11446 12694 12693
f 11659 11446 12693
f 12686 12685 11445
f 12658 12864 11462
f 11463 12864 12862
f 11467 11463 12862
f 12862 12861 11467
f 11466 11467 12861
f 11466 12861 12698
f 11452 11458 12865
f 11458 11465 12866
f 12698 11465 11466
f 11463 11462 12864
f 12658 11462 11464
f 11464 12659 12658
f 11464 11468 12659
f 11657 11514 12731
f 11514 11513 12854
f 11513 11519 12853
f 11519 11518 12726
f 11518 11517 12727
f 11517 11516 12732
f 11516 11654 12852
f 11654 11520 12724
f 11520 11509 12725
f 11509 11507 12851
f 11507 11506 12733
f 11506 11508 12734
f 12850 11508 11515
f 11521 12850 11515
f 11521 11522 12721
f 11522 11524 12849
f 11524 11523 12696
f 11523 11525 12691
f 11525 11526 12692
f 11526 11527 12735
f 11527 11528 12736
f 11528 11530 12848
f 12655 11530 11529
f 11533 12655 11529
f 11533 11532 12739
f 11532 11426 12663
f 12043 11426 11425
f 11537 12043 11425
f 11537 11534 12737
f 11534 11456 12738
f 11456 11455 12661
f 11455 11531 12662
f 11531 11538 12845
f 11538 11540 12687
f 12687 11540 11539
f 11546 12688 11539
f 12674 11546 11545
f 11324 12675 11545
f 12672 11324 11323
f 11548 12673 11323
f 12844 11548 11547
f 11544 12843 11547
f 12741 11544 11543
f 11550 12742 11543
f 11542 12513 11550
f 11541 12514 11542
f 12743 11541 11549
f 11554 12744 11549
f 12839 11554 11553
f 12838 11553 11552
f 12098 11552 11551
f 12099 11551 11555
f 12837 11555 11556
f 12746 11556 11557
f 12747 11557 11558
f 11559 12836 11558
f 12748 11559 11560
f 11564 12653 11560
f 11563 12654 11564
f 11562 11968 11563
f 11969 11562 11561
f 12745 11561 11565
f 12543 11565 11568
f 12042 10876 10877
f 11568 12544 12543
f 11565 12543 12745
f 11561 12745 11969
f 11562 11969 11968
f 12654 11563 11968
f 11564 12654 12653
f 11560 12653 12748
f 11559 12748 12836
f 11558 12836 12747
f 11557 12747 12746
f 11556 12746 12837
f 11555 12837 12099
f 11551 12099 12098
f 11552 12098 12838
f 11553 12838 12839
f 11554 12839 12744
f 11549 12744 12743
f 11541 12743 12514
f 11542 12514 12513
f 11550 12513 12742
f 11543 12742 12741
f 11544 12741 12843
f 11547 12843 12844
f 11548 12844 12673
f 11323 12673 12672
f 11324 12672 12675
f 11545 12675 12674
f 11546 12674 12688
f 11539 12688 12687
f 11538 12687 12845
f 11531 12845 12662
f 11455 12662 12661
f 11456 12661 12738
f 11534 12738 12737
f 11537 12737 12044
f 12044 12043 11537
f 12663 11426 12043
f 11532 12663 12739
f 11533 12739 12656
f 12656 12655 11533
f 12848 11530 12655
f 11528 12848 12736
f 11527 12736 12735
f 11526 12735 12692
f 11525 12692 12691
f 11523 12691 12696
f 11524 12696 12849
f 11522 12849 12721
f 11521 12721 12720
f 12720 12850 11521
f 12734 11508 12850
f 11506 12734 12733
f 11507 12733 12851
f 12851 12725 11509
f 11520 12725 12724
f 11654 12724 12852
f 11516 12852 12732
f 11517 12732 12727
f 11518 12727 12726
f 11519 12726 12853
f 11513 12853 12854
f 11514 12854 12731
f 11657 12731 12730
f 11656 12730 12855
f 11512 12855 12856
f 11511 12856 12857
f 11655 12857 12858
f 12858 12729 11655
f 11505 12729 12728
f 11503 12728 12723
f 12723 12722 11510
f 11658 12722 12859
f 11502 12859 12719
f 11501 12719 12718
f 11500 12718 12860
f 11488 12860 12699
f 12699 12041 11488
f 12010 10871 12041

usemtl Green_0
f 178 217 183
f 217 218 183
f 183 218 189
f 218 184 189
f 184 12975 189
f 189 12975 190
f 196 189 190
f 174 206 188
f 188 206 218
f 205 184 206
f 198 179 184
f 179 207 184
f 215 222 207
f 222 12975 207
f 12976 12975 222
f 212 12976 222
f 213 12976 212
f 201 12976 214
f 173 12976 201
f 177 12976 173
f 210 12976 209
f 209 12976 208
f 175 12976 210
f 194 12976 175
f 181 12976 194
f 208 12976 177
f 214 12976 213
f 12977 12975 12976
f 12976 12974 12977
f 12977 12974 185
f 224 12977 185
f 224 186 226
f 12977 226 200
f 12977 200 223
f 12974 192 204
f 12974 187 192
f 12974 211 187
f 225 12974 182
f 182 12974 219
f 221 12974 225
f 195 221 225
f 176 221 195
f 12974 221 211
f 12974 204 202
f 12974 202 180
f 12974 180 193
f 220 12974 193
f 12974 197 191
f 12974 191 199
f 12974 220 197
f 12977 224 226
f 12974 199 185
f 219 12974 12976
f 12975 12977 223
f 203 179 216
f 216 179 198
f 12975 223 190
f 207 12975 184
f 206 184 218
f 219 12976 181

usemtl Green_0
f 148 12978 76
f 12978 12979 76
f 12979 45 76
f 147 12979 149
f 149 12979 44
f 87 10 160
f 12988 12978 12990
f 12978 12989 12990
f 12989 12978 163
f 49 11 88
f 162 49 88
f 12978 162 88
f 12978 88 90
f 148 72 162
f 12978 90 163
f 160 12979 12988
f 71 12979 160
f 161 12979 71
f 73 12979 161
f 10 71 160
f 48 71 10
f 75 44 73
f 44 12979 73
f 12979 147 45
f 12978 12988 12979
f 12978 148 162
f 148 74 72

usemtl Green_0
f 89 160 85
f 91 12981 156
f 12981 12986 156
f 156 12986 157
f 12986 153 157
f 12985 152 36
f 12986 12985 36
f 12986 12983 12985
f 12984 12985 12983
f 12983 13007 12984
f 12984 13007 12987
f 13000 12987 13007
f 13000 13007 13006
f 13000 13006 13001
f 12992 13000 13001
f 13001 12993 12992
f 12991 12992 12993
f 12993 13006 12991
f 12991 13006 12995
f 12994 12991 12995
f 12994 12995 12996
f 12996 13002 12994
f 12990 12994 13002
f 13002 13003 12990
f 12990 13003 12988
f 12989 163 86
f 169 12989 86
f 165 12997 84
f 12997 12989 84
f 12999 12989 12997
f 12997 12998 12999
f 12999 12998 12994
f 12997 164 12998
f 166 12998 164
f 12998 167 7
f 12998 7 37
f 12992 12998 37
f 168 12992 37
f 51 80 170
f 80 27 170
f 170 27 98
f 170 98 55
f 13000 170 55
f 13000 55 128
f 13000 128 134
f 13000 134 61
f 13000 61 140
f 13000 140 141
f 171 13000 141
f 171 142 35
f 171 35 6
f 159 13000 172
f 13000 6 172
f 12987 159 139
f 62 12987 139
f 143 62 139
f 20 133 62
f 60 133 20
f 38 133 137
f 135 133 38
f 67 56 64
f 14 56 67
f 16 14 67
f 131 14 16
f 24 127 56
f 127 8 56
f 56 8 133
f 8 12987 133
f 113 12987 8
f 52 113 8
f 123 54 52
f 121 54 123
f 1 119 58
f 46 119 1
f 12 46 1
f 117 42 119
f 42 113 119
f 119 113 54
f 30 113 42
f 111 107 113
f 107 145 113
f 22 145 107
f 101 22 107
f 103 101 107
f 95 28 145
f 28 97 145
f 97 158 145
f 158 12987 145
f 12985 12987 158
f 50 158 97
f 79 50 97
f 93 79 97
f 98 29 146
f 29 96 146
f 146 100 23
f 146 23 106
f 146 106 108
f 146 108 4
f 146 4 55
f 4 59 55
f 55 122 124
f 55 124 78
f 124 9 78
f 9 126 78
f 78 130 128
f 128 25 17
f 128 17 65
f 17 68 65
f 134 136 39
f 134 39 138
f 61 21 144
f 21 63 144
f 5 34 141
f 108 41 31
f 108 114 41
f 114 70 41
f 108 112 114
f 108 19 110
f 108 110 112
f 31 43 4
f 4 116 120
f 4 120 13
f 120 47 13
f 13 2 59
f 116 118 120
f 15 132 17
f 25 57 15
f 25 15 17
f 124 53 9
f 4 13 59
f 108 31 4
f 106 104 108
f 23 102 106
f 109 18 111
f 26 79 93
f 105 101 103
f 99 145 22
f 18 107 111
f 40 69 30
f 115 3 117
f 69 113 30
f 3 42 117
f 77 8 129
f 125 8 77
f 58 119 54
f 54 113 52
f 145 12987 113
f 129 8 127
f 64 56 133
f 137 133 60
f 133 12987 62
f 13000 171 6
f 140 5 141
f 61 144 140
f 134 138 61
f 128 65 134
f 55 78 128
f 98 146 55
f 27 94 98
f 12997 66 81
f 12997 81 92
f 12997 33 66
f 12992 168 170
f 12998 166 167
f 164 12997 92
f 12994 12989 12999
f 12997 165 33
f 12989 169 84
f 12982 12988 13003
f 12982 13003 13004
f 12982 13004 12980
f 12980 12981 12982
f 12982 12981 154
f 151 12982 154
f 154 12981 155
f 12981 12980 12983
f 12980 13004 12983
f 13005 12983 13004
f 13004 13003 13005
f 12995 13005 13003
f 12988 12982 151
f 12989 12994 12990
f 12996 13003 13002
f 12995 13003 12996
f 12991 12994 12998
f 13005 12995 13006
f 12998 12992 12991
f 13000 12992 170
f 13001 13006 12993
f 13006 13007 13005
f 12987 13000 159
f 12983 13005 13007
f 12985 12984 12987
f 152 12985 158
f 153 12986 36
f 12983 12986 12981
f 155 12981 91
f 12988 151 150
f 150 83 12988
f 160 12988 83
f 82 83 150
f 32 83 82
f 85 160 83

